Godot Engine v4.7.2.stable.mono.official.ed1daf0bf - https://godotengine.org
OpenGL API 3.3.0 NVIDIA 582.66 - Compatibility - Using Device: NVIDIA - NVIDIA GeForce GTX 1070

ERROR: No loader found for resource: res://assets/hud/Oil.svg (expected type: unknown)
   at: _load (core/io/resource_loader.cpp:332)
   C# backtrace (most recent call first):
       [0] Godot.GodotObject Godot.NativeCalls.godot_icall_3_1268(nint, nint, string, string, int) (/root/godot/modules/mono/glue/GodotSharp/GodotSharp/Generated/NativeCalls.cs:11611)
       [1] Godot.Resource Godot.ResourceLoader.Load(string, string, Godot.ResourceLoader+CacheMode) (/root/godot/modules/mono/glue/GodotSharp/GodotSharp/Generated/GodotObjects/ResourceLoader.cs:120)
       [2] T Godot.ResourceLoader.Load<T>(string, string, Godot.ResourceLoader+CacheMode) (/root/godot/modules/mono/glue/GodotSharp/GodotSharp/Core/Extensions/ResourceLoaderExtensions.cs:27)
       [3] T Godot.GD.Load<T>(string) (/root/godot/modules/mono/glue/GodotSharp/GodotSharp/Core/GD.cs:129)
       [4] void Trackstorm.Client.Hud.CombatHud._Ready() (C:\Users\orsin\OneDrive\Desktop\ThanTrick\Trackstorm\code\Client\Hud\CombatHud.cs:80)
       [5] bool Godot.Node.InvokeGodotClassMethod(Godot.NativeInterop.godot_string_name&, Godot.NativeInterop.NativeVariantPtrArgs, Godot.NativeInterop.godot_variant&) (/root/godot/modules/mono/glue/GodotSharp/GodotSharp/Generated/GodotObjects/Node.cs:2660)
       [6] bool Godot.CanvasLayer.InvokeGodotClassMethod(Godot.NativeInterop.godot_string_name&, Godot.NativeInterop.NativeVariantPtrArgs, Godot.NativeInterop.godot_variant&) (/root/godot/modules/mono/glue/GodotSharp/GodotSharp/Generated/GodotObjects/CanvasLayer.cs:417)
       [7] bool Trackstorm.Client.Hud.CombatHud.InvokeGodotClassMethod(Godot.NativeInterop.godot_string_name&, Godot.NativeInterop.NativeVariantPtrArgs, Godot.NativeInterop.godot_variant&) (C:\Users\orsin\OneDrive\Desktop\ThanTrick\Trackstorm\.godot\mono\temp\obj\Debug\Godot.SourceGenerators\Godot.SourceGenerators.ScriptMethodsGenerator\Trackstorm.Client.Hud.CombatHud_ScriptMethods.generated.cs:100)
       [8] Godot.NativeInterop.godot_bool Godot.Bridge.CSharpInstanceBridge.Call(nint, Godot.NativeInterop.godot_string_name*, Godot.NativeInterop.godot_variant**, int, Godot.NativeInterop.godot_variant_call_error*, Godot.NativeInterop.godot_variant*) (/root/godot/modules/mono/glue/GodotSharp/GodotSharp/Core/Bridge/CSharpInstanceBridge.cs:24)
       [9] void Godot.NativeInterop.NativeFuncs.godotsharp_method_bind_ptrcall(nint, nint, System.Void**, System.Void*) (/root/godot/modules/mono/glue/GodotSharp/GodotSharp/Godot.SourceGenerators.Internal/Godot.SourceGenerators.Internal.UnmanagedCallbacksGenerator/Godot.NativeInterop.NativeFuncs.generated.cs:380)
       [10] void Godot.NativeCalls.godot_icall_3_912(nint, nint, nint, Godot.NativeInterop.godot_bool, int) (/root/godot/modules/mono/glue/GodotSharp/GodotSharp/Generated/NativeCalls.cs:8061)
       [11] void Godot.Node.AddChild(Godot.Node, bool, Godot.Node+InternalMode) (/root/godot/modules/mono/glue/GodotSharp/GodotSharp/Generated/GodotObjects/Node.cs:848)
       [12] void Trackstorm.Client.Verification.ItemSpawnIntegrationChecks._Ready() (C:\Users\orsin\OneDrive\Desktop\ThanTrick\Trackstorm\code\Client\Verification\ItemSpawnIntegrationChecks.cs:79)
       [13] bool Godot.Node.InvokeGodotClassMethod(Godot.NativeInterop.godot_string_name&, Godot.NativeInterop.NativeVariantPtrArgs, Godot.NativeInterop.godot_variant&) (/root/godot/modules/mono/glue/GodotSharp/GodotSharp/Generated/GodotObjects/Node.cs:2660)
       [14] bool Trackstorm.Client.Verification.ItemSpawnIntegrationChecks.InvokeGodotClassMethod(Godot.NativeInterop.godot_string_name&, Godot.NativeInterop.NativeVariantPtrArgs, Godot.NativeInterop.godot_variant&) (C:\Users\orsin\OneDrive\Desktop\ThanTrick\Trackstorm\.godot\mono\temp\obj\Debug\Godot.SourceGenerators\Godot.SourceGenerators.ScriptMethodsGenerator\Trackstorm.Client.Verification.ItemSpawnIntegrationChecks_ScriptMethods.generated.cs:110)
       [15] Godot.NativeInterop.godot_bool Godot.Bridge.CSharpInstanceBridge.Call(nint, Godot.NativeInterop.godot_string_name*, Godot.NativeInterop.godot_variant**, int, Godot.NativeInterop.godot_variant_call_error*, Godot.NativeInterop.godot_variant*) (/root/godot/modules/mono/glue/GodotSharp/GodotSharp/Core/Bridge/CSharpInstanceBridge.cs:24)
ERROR: Error loading resource: 'res://assets/hud/Oil.svg'.
   at: load (core/core_bind.cpp:82)
   C# backtrace (most recent call first):
       [0] Godot.GodotObject Godot.NativeCalls.godot_icall_3_1268(nint, nint, string, string, int) (/root/godot/modules/mono/glue/GodotSharp/GodotSharp/Generated/NativeCalls.cs:11611)
       [1] Godot.Resource Godot.ResourceLoader.Load(string, string, Godot.ResourceLoader+CacheMode) (/root/godot/modules/mono/glue/GodotSharp/GodotSharp/Generated/GodotObjects/ResourceLoader.cs:120)
       [2] T Godot.ResourceLoader.Load<T>(string, string, Godot.ResourceLoader+CacheMode) (/root/godot/modules/mono/glue/GodotSharp/GodotSharp/Core/Extensions/ResourceLoaderExtensions.cs:27)
       [3] T Godot.GD.Load<T>(string) (/root/godot/modules/mono/glue/GodotSharp/GodotSharp/Core/GD.cs:129)
       [4] void Trackstorm.Client.Hud.CombatHud._Ready() (C:\Users\orsin\OneDrive\Desktop\ThanTrick\Trackstorm\code\Client\Hud\CombatHud.cs:80)
       [5] bool Godot.Node.InvokeGodotClassMethod(Godot.NativeInterop.godot_string_name&, Godot.NativeInterop.NativeVariantPtrArgs, Godot.NativeInterop.godot_variant&) (/root/godot/modules/mono/glue/GodotSharp/GodotSharp/Generated/GodotObjects/Node.cs:2660)
       [6] bool Godot.CanvasLayer.InvokeGodotClassMethod(Godot.NativeInterop.godot_string_name&, Godot.NativeInterop.NativeVariantPtrArgs, Godot.NativeInterop.godot_variant&) (/root/godot/modules/mono/glue/GodotSharp/GodotSharp/Generated/GodotObjects/CanvasLayer.cs:417)
       [7] bool Trackstorm.Client.Hud.CombatHud.InvokeGodotClassMethod(Godot.NativeInterop.godot_string_name&, Godot.NativeInterop.NativeVariantPtrArgs, Godot.NativeInterop.godot_variant&) (C:\Users\orsin\OneDrive\Desktop\ThanTrick\Trackstorm\.godot\mono\temp\obj\Debug\Godot.SourceGenerators\Godot.SourceGenerators.ScriptMethodsGenerator\Trackstorm.Client.Hud.CombatHud_ScriptMethods.generated.cs:100)
       [8] Godot.NativeInterop.godot_bool Godot.Bridge.CSharpInstanceBridge.Call(nint, Godot.NativeInterop.godot_string_name*, Godot.NativeInterop.godot_variant**, int, Godot.NativeInterop.godot_variant_call_error*, Godot.NativeInterop.godot_variant*) (/root/godot/modules/mono/glue/GodotSharp/GodotSharp/Core/Bridge/CSharpInstanceBridge.cs:24)
       [9] void Godot.NativeInterop.NativeFuncs.godotsharp_method_bind_ptrcall(nint, nint, System.Void**, System.Void*) (/root/godot/modules/mono/glue/GodotSharp/GodotSharp/Godot.SourceGenerators.Internal/Godot.SourceGenerators.Internal.UnmanagedCallbacksGenerator/Godot.NativeInterop.NativeFuncs.generated.cs:380)
       [10] void Godot.NativeCalls.godot_icall_3_912(nint, nint, nint, Godot.NativeInterop.godot_bool, int) (/root/godot/modules/mono/glue/GodotSharp/GodotSharp/Generated/NativeCalls.cs:8061)
       [11] void Godot.Node.AddChild(Godot.Node, bool, Godot.Node+InternalMode) (/root/godot/modules/mono/glue/GodotSharp/GodotSharp/Generated/GodotObjects/Node.cs:848)
       [12] void Trackstorm.Client.Verification.ItemSpawnIntegrationChecks._Ready() (C:\Users\orsin\OneDrive\Desktop\ThanTrick\Trackstorm\code\Client\Verification\ItemSpawnIntegrationChecks.cs:79)
       [13] bool Godot.Node.InvokeGodotClassMethod(Godot.NativeInterop.godot_string_name&, Godot.NativeInterop.NativeVariantPtrArgs, Godot.NativeInterop.godot_variant&) (/root/godot/modules/mono/glue/GodotSharp/GodotSharp/Generated/GodotObjects/Node.cs:2660)
       [14] bool Trackstorm.Client.Verification.ItemSpawnIntegrationChecks.InvokeGodotClassMethod(Godot.NativeInterop.godot_string_name&, Godot.NativeInterop.NativeVariantPtrArgs, Godot.NativeInterop.godot_variant&) (C:\Users\orsin\OneDrive\Desktop\ThanTrick\Trackstorm\.godot\mono\temp\obj\Debug\Godot.SourceGenerators\Godot.SourceGenerators.ScriptMethodsGenerator\Trackstorm.Client.Verification.ItemSpawnIntegrationChecks_ScriptMethods.generated.cs:110)
       [15] Godot.NativeInterop.godot_bool Godot.Bridge.CSharpInstanceBridge.Call(nint, Godot.NativeInterop.godot_string_name*, Godot.NativeInterop.godot_variant**, int, Godot.NativeInterop.godot_variant_call_error*, Godot.NativeInterop.godot_variant*) (/root/godot/modules/mono/glue/GodotSharp/GodotSharp/Core/Bridge/CSharpInstanceBridge.cs:24)
ERROR: No loader found for resource: res://assets/hud/Nitro.svg (expected type: unknown)
   at: _load (core/io/resource_loader.cpp:332)
   C# backtrace (most recent call first):
       [0] Godot.GodotObject Godot.NativeCalls.godot_icall_3_1268(nint, nint, string, string, int) (/root/godot/modules/mono/glue/GodotSharp/GodotSharp/Generated/NativeCalls.cs:11611)
       [1] Godot.Resource Godot.ResourceLoader.Load(string, string, Godot.ResourceLoader+CacheMode) (/root/godot/modules/mono/glue/GodotSharp/GodotSharp/Generated/GodotObjects/ResourceLoader.cs:120)
       [2] T Godot.ResourceLoader.Load<T>(string, string, Godot.ResourceLoader+CacheMode) (/root/godot/modules/mono/glue/GodotSharp/GodotSharp/Core/Extensions/ResourceLoaderExtensions.cs:27)
       [3] T Godot.GD.Load<T>(string) (/root/godot/modules/mono/glue/GodotSharp/GodotSharp/Core/GD.cs:129)
       [4] void Trackstorm.Client.Hud.CombatHud._Ready() (C:\Users\orsin\OneDrive\Desktop\ThanTrick\Trackstorm\code\Client\Hud\CombatHud.cs:80)
       [5] bool Godot.Node.InvokeGodotClassMethod(Godot.NativeInterop.godot_string_name&, Godot.NativeInterop.NativeVariantPtrArgs, Godot.NativeInterop.godot_variant&) (/root/godot/modules/mono/glue/GodotSharp/GodotSharp/Generated/GodotObjects/Node.cs:2660)
       [6] bool Godot.CanvasLayer.InvokeGodotClassMethod(Godot.NativeInterop.godot_string_name&, Godot.NativeInterop.NativeVariantPtrArgs, Godot.NativeInterop.godot_variant&) (/root/godot/modules/mono/glue/GodotSharp/GodotSharp/Generated/GodotObjects/CanvasLayer.cs:417)
       [7] bool Trackstorm.Client.Hud.CombatHud.InvokeGodotClassMethod(Godot.NativeInterop.godot_string_name&, Godot.NativeInterop.NativeVariantPtrArgs, Godot.NativeInterop.godot_variant&) (C:\Users\orsin\OneDrive\Desktop\ThanTrick\Trackstorm\.godot\mono\temp\obj\Debug\Godot.SourceGenerators\Godot.SourceGenerators.ScriptMethodsGenerator\Trackstorm.Client.Hud.CombatHud_ScriptMethods.generated.cs:100)
       [8] Godot.NativeInterop.godot_bool Godot.Bridge.CSharpInstanceBridge.Call(nint, Godot.NativeInterop.godot_string_name*, Godot.NativeInterop.godot_variant**, int, Godot.NativeInterop.godot_variant_call_error*, Godot.NativeInterop.godot_variant*) (/root/godot/modules/mono/glue/GodotSharp/GodotSharp/Core/Bridge/CSharpInstanceBridge.cs:24)
       [9] void Godot.NativeInterop.NativeFuncs.godotsharp_method_bind_ptrcall(nint, nint, System.Void**, System.Void*) (/root/godot/modules/mono/glue/GodotSharp/GodotSharp/Godot.SourceGenerators.Internal/Godot.SourceGenerators.Internal.UnmanagedCallbacksGenerator/Godot.NativeInterop.NativeFuncs.generated.cs:380)
       [10] void Godot.NativeCalls.godot_icall_3_912(nint, nint, nint, Godot.NativeInterop.godot_bool, int) (/root/godot/modules/mono/glue/GodotSharp/GodotSharp/Generated/NativeCalls.cs:8061)
       [11] void Godot.Node.AddChild(Godot.Node, bool, Godot.Node+InternalMode) (/root/godot/modules/mono/glue/GodotSharp/GodotSharp/Generated/GodotObjects/Node.cs:848)
       [12] void Trackstorm.Client.Verification.ItemSpawnIntegrationChecks._Ready() (C:\Users\orsin\OneDrive\Desktop\ThanTrick\Trackstorm\code\Client\Verification\ItemSpawnIntegrationChecks.cs:79)
       [13] bool Godot.Node.InvokeGodotClassMethod(Godot.NativeInterop.godot_string_name&, Godot.NativeInterop.NativeVariantPtrArgs, Godot.NativeInterop.godot_variant&) (/root/godot/modules/mono/glue/GodotSharp/GodotSharp/Generated/GodotObjects/Node.cs:2660)
       [14] bool Trackstorm.Client.Verification.ItemSpawnIntegrationChecks.InvokeGodotClassMethod(Godot.NativeInterop.godot_string_name&, Godot.NativeInterop.NativeVariantPtrArgs, Godot.NativeInterop.godot_variant&) (C:\Users\orsin\OneDrive\Desktop\ThanTrick\Trackstorm\.godot\mono\temp\obj\Debug\Godot.SourceGenerators\Godot.SourceGenerators.ScriptMethodsGenerator\Trackstorm.Client.Verification.ItemSpawnIntegrationChecks_ScriptMethods.generated.cs:110)
       [15] Godot.NativeInterop.godot_bool Godot.Bridge.CSharpInstanceBridge.Call(nint, Godot.NativeInterop.godot_string_name*, Godot.NativeInterop.godot_variant**, int, Godot.NativeInterop.godot_variant_call_error*, Godot.NativeInterop.godot_variant*) (/root/godot/modules/mono/glue/GodotSharp/GodotSharp/Core/Bridge/CSharpInstanceBridge.cs:24)
ERROR: Error loading resource: 'res://assets/hud/Nitro.svg'.
   at: load (core/core_bind.cpp:82)
   C# backtrace (most recent call first):
       [0] Godot.GodotObject Godot.NativeCalls.godot_icall_3_1268(nint, nint, string, string, int) (/root/godot/modules/mono/glue/GodotSharp/GodotSharp/Generated/NativeCalls.cs:11611)
       [1] Godot.Resource Godot.ResourceLoader.Load(string, string, Godot.ResourceLoader+CacheMode) (/root/godot/modules/mono/glue/GodotSharp/GodotSharp/Generated/GodotObjects/ResourceLoader.cs:120)
       [2] T Godot.ResourceLoader.Load<T>(string, string, Godot.ResourceLoader+CacheMode) (/root/godot/modules/mono/glue/GodotSharp/GodotSharp/Core/Extensions/ResourceLoaderExtensions.cs:27)
       [3] T Godot.GD.Load<T>(string) (/root/godot/modules/mono/glue/GodotSharp/GodotSharp/Core/GD.cs:129)
       [4] void Trackstorm.Client.Hud.CombatHud._Ready() (C:\Users\orsin\OneDrive\Desktop\ThanTrick\Trackstorm\code\Client\Hud\CombatHud.cs:80)
       [5] bool Godot.Node.InvokeGodotClassMethod(Godot.NativeInterop.godot_string_name&, Godot.NativeInterop.NativeVariantPtrArgs, Godot.NativeInterop.godot_variant&) (/root/godot/modules/mono/glue/GodotSharp/GodotSharp/Generated/GodotObjects/Node.cs:2660)
       [6] bool Godot.CanvasLayer.InvokeGodotClassMethod(Godot.NativeInterop.godot_string_name&, Godot.NativeInterop.NativeVariantPtrArgs, Godot.NativeInterop.godot_variant&) (/root/godot/modules/mono/glue/GodotSharp/GodotSharp/Generated/GodotObjects/CanvasLayer.cs:417)
       [7] bool Trackstorm.Client.Hud.CombatHud.InvokeGodotClassMethod(Godot.NativeInterop.godot_string_name&, Godot.NativeInterop.NativeVariantPtrArgs, Godot.NativeInterop.godot_variant&) (C:\Users\orsin\OneDrive\Desktop\ThanTrick\Trackstorm\.godot\mono\temp\obj\Debug\Godot.SourceGenerators\Godot.SourceGenerators.ScriptMethodsGenerator\Trackstorm.Client.Hud.CombatHud_ScriptMethods.generated.cs:100)
       [8] Godot.NativeInterop.godot_bool Godot.Bridge.CSharpInstanceBridge.Call(nint, Godot.NativeInterop.godot_string_name*, Godot.NativeInterop.godot_variant**, int, Godot.NativeInterop.godot_variant_call_error*, Godot.NativeInterop.godot_variant*) (/root/godot/modules/mono/glue/GodotSharp/GodotSharp/Core/Bridge/CSharpInstanceBridge.cs:24)
       [9] void Godot.NativeInterop.NativeFuncs.godotsharp_method_bind_ptrcall(nint, nint, System.Void**, System.Void*) (/root/godot/modules/mono/glue/GodotSharp/GodotSharp/Godot.SourceGenerators.Internal/Godot.SourceGenerators.Internal.UnmanagedCallbacksGenerator/Godot.NativeInterop.NativeFuncs.generated.cs:380)
       [10] void Godot.NativeCalls.godot_icall_3_912(nint, nint, nint, Godot.NativeInterop.godot_bool, int) (/root/godot/modules/mono/glue/GodotSharp/GodotSharp/Generated/NativeCalls.cs:8061)
       [11] void Godot.Node.AddChild(Godot.Node, bool, Godot.Node+InternalMode) (/root/godot/modules/mono/glue/GodotSharp/GodotSharp/Generated/GodotObjects/Node.cs:848)
       [12] void Trackstorm.Client.Verification.ItemSpawnIntegrationChecks._Ready() (C:\Users\orsin\OneDrive\Desktop\ThanTrick\Trackstorm\code\Client\Verification\ItemSpawnIntegrationChecks.cs:79)
       [13] bool Godot.Node.InvokeGodotClassMethod(Godot.NativeInterop.godot_string_name&, Godot.NativeInterop.NativeVariantPtrArgs, Godot.NativeInterop.godot_variant&) (/root/godot/modules/mono/glue/GodotSharp/GodotSharp/Generated/GodotObjects/Node.cs:2660)
       [14] bool Trackstorm.Client.Verification.ItemSpawnIntegrationChecks.InvokeGodotClassMethod(Godot.NativeInterop.godot_string_name&, Godot.NativeInterop.NativeVariantPtrArgs, Godot.NativeInterop.godot_variant&) (C:\Users\orsin\OneDrive\Desktop\ThanTrick\Trackstorm\.godot\mono\temp\obj\Debug\Godot.SourceGenerators\Godot.SourceGenerators.ScriptMethodsGenerator\Trackstorm.Client.Verification.ItemSpawnIntegrationChecks_ScriptMethods.generated.cs:110)
       [15] Godot.NativeInterop.godot_bool Godot.Bridge.CSharpInstanceBridge.Call(nint, Godot.NativeInterop.godot_string_name*, Godot.NativeInterop.godot_variant**, int, Godot.NativeInterop.godot_variant_call_error*, Godot.NativeInterop.godot_variant*) (/root/godot/modules/mono/glue/GodotSharp/GodotSharp/Core/Bridge/CSharpInstanceBridge.cs:24)
ERROR: No loader found for resource: res://assets/hud/Oil.svg (expected type: unknown)
   at: _load (core/io/resource_loader.cpp:332)
   C# backtrace (most recent call first):
       [0] Godot.GodotObject Godot.NativeCalls.godot_icall_3_1268(nint, nint, string, string, int) (/root/godot/modules/mono/glue/GodotSharp/GodotSharp/Generated/NativeCalls.cs:11611)
       [1] Godot.Resource Godot.ResourceLoader.Load(string, string, Godot.ResourceLoader+CacheMode) (/root/godot/modules/mono/glue/GodotSharp/GodotSharp/Generated/GodotObjects/ResourceLoader.cs:120)
       [2] T Godot.ResourceLoader.Load<T>(string, string, Godot.ResourceLoader+CacheMode) (/root/godot/modules/mono/glue/GodotSharp/GodotSharp/Core/Extensions/ResourceLoaderExtensions.cs:27)
       [3] T Godot.GD.Load<T>(string) (/root/godot/modules/mono/glue/GodotSharp/GodotSharp/Core/GD.cs:129)
       [4] void Trackstorm.Client.Hud.CombatHud._Ready() (C:\Users\orsin\OneDrive\Desktop\ThanTrick\Trackstorm\code\Client\Hud\CombatHud.cs:80)
       [5] bool Godot.Node.InvokeGodotClassMethod(Godot.NativeInterop.godot_string_name&, Godot.NativeInterop.NativeVariantPtrArgs, Godot.NativeInterop.godot_variant&) (/root/godot/modules/mono/glue/GodotSharp/GodotSharp/Generated/GodotObjects/Node.cs:2660)
       [6] bool Godot.CanvasLayer.InvokeGodotClassMethod(Godot.NativeInterop.godot_string_name&, Godot.NativeInterop.NativeVariantPtrArgs, Godot.NativeInterop.godot_variant&) (/root/godot/modules/mono/glue/GodotSharp/GodotSharp/Generated/GodotObjects/CanvasLayer.cs:417)
       [7] bool Trackstorm.Client.Hud.CombatHud.InvokeGodotClassMethod(Godot.NativeInterop.godot_string_name&, Godot.NativeInterop.NativeVariantPtrArgs, Godot.NativeInterop.godot_variant&) (C:\Users\orsin\OneDrive\Desktop\ThanTrick\Trackstorm\.godot\mono\temp\obj\Debug\Godot.SourceGenerators\Godot.SourceGenerators.ScriptMethodsGenerator\Trackstorm.Client.Hud.CombatHud_ScriptMethods.generated.cs:100)
       [8] Godot.NativeInterop.godot_bool Godot.Bridge.CSharpInstanceBridge.Call(nint, Godot.NativeInterop.godot_string_name*, Godot.NativeInterop.godot_variant**, int, Godot.NativeInterop.godot_variant_call_error*, Godot.NativeInterop.godot_variant*) (/root/godot/modules/mono/glue/GodotSharp/GodotSharp/Core/Bridge/CSharpInstanceBridge.cs:24)
       [9] void Godot.NativeInterop.NativeFuncs.godotsharp_method_bind_ptrcall(nint, nint, System.Void**, System.Void*) (/root/godot/modules/mono/glue/GodotSharp/GodotSharp/Godot.SourceGenerators.Internal/Godot.SourceGenerators.Internal.UnmanagedCallbacksGenerator/Godot.NativeInterop.NativeFuncs.generated.cs:380)
       [10] void Godot.NativeCalls.godot_icall_3_912(nint, nint, nint, Godot.NativeInterop.godot_bool, int) (/root/godot/modules/mono/glue/GodotSharp/GodotSharp/Generated/NativeCalls.cs:8061)
       [11] void Godot.Node.AddChild(Godot.Node, bool, Godot.Node+InternalMode) (/root/godot/modules/mono/glue/GodotSharp/GodotSharp/Generated/GodotObjects/Node.cs:848)
       [12] void Trackstorm.Client.Verification.ItemSpawnIntegrationChecks._Ready() (C:\Users\orsin\OneDrive\Desktop\ThanTrick\Trackstorm\code\Client\Verification\ItemSpawnIntegrationChecks.cs:79)
       [13] bool Godot.Node.InvokeGodotClassMethod(Godot.NativeInterop.godot_string_name&, Godot.NativeInterop.NativeVariantPtrArgs, Godot.NativeInterop.godot_variant&) (/root/godot/modules/mono/glue/GodotSharp/GodotSharp/Generated/GodotObjects/Node.cs:2660)
       [14] bool Trackstorm.Client.Verification.ItemSpawnIntegrationChecks.InvokeGodotClassMethod(Godot.NativeInterop.godot_string_name&, Godot.NativeInterop.NativeVariantPtrArgs, Godot.NativeInterop.godot_variant&) (C:\Users\orsin\OneDrive\Desktop\ThanTrick\Trackstorm\.godot\mono\temp\obj\Debug\Godot.SourceGenerators\Godot.SourceGenerators.ScriptMethodsGenerator\Trackstorm.Client.Verification.ItemSpawnIntegrationChecks_ScriptMethods.generated.cs:110)
       [15] Godot.NativeInterop.godot_bool Godot.Bridge.CSharpInstanceBridge.Call(nint, Godot.NativeInterop.godot_string_name*, Godot.NativeInterop.godot_variant**, int, Godot.NativeInterop.godot_variant_call_error*, Godot.NativeInterop.godot_variant*) (/root/godot/modules/mono/glue/GodotSharp/GodotSharp/Core/Bridge/CSharpInstanceBridge.cs:24)
ERROR: Error loading resource: 'res://assets/hud/Oil.svg'.
   at: load (core/core_bind.cpp:82)
   C# backtrace (most recent call first):
       [0] Godot.GodotObject Godot.NativeCalls.godot_icall_3_1268(nint, nint, string, string, int) (/root/godot/modules/mono/glue/GodotSharp/GodotSharp/Generated/NativeCalls.cs:11611)
       [1] Godot.Resource Godot.ResourceLoader.Load(string, string, Godot.ResourceLoader+CacheMode) (/root/godot/modules/mono/glue/GodotSharp/GodotSharp/Generated/GodotObjects/ResourceLoader.cs:120)
       [2] T Godot.ResourceLoader.Load<T>(string, string, Godot.ResourceLoader+CacheMode) (/root/godot/modules/mono/glue/GodotSharp/GodotSharp/Core/Extensions/ResourceLoaderExtensions.cs:27)
       [3] T Godot.GD.Load<T>(string) (/root/godot/modules/mono/glue/GodotSharp/GodotSharp/Core/GD.cs:129)
       [4] void Trackstorm.Client.Hud.CombatHud._Ready() (C:\Users\orsin\OneDrive\Desktop\ThanTrick\Trackstorm\code\Client\Hud\CombatHud.cs:80)
       [5] bool Godot.Node.InvokeGodotClassMethod(Godot.NativeInterop.godot_string_name&, Godot.NativeInterop.NativeVariantPtrArgs, Godot.NativeInterop.godot_variant&) (/root/godot/modules/mono/glue/GodotSharp/GodotSharp/Generated/GodotObjects/Node.cs:2660)
       [6] bool Godot.CanvasLayer.InvokeGodotClassMethod(Godot.NativeInterop.godot_string_name&, Godot.NativeInterop.NativeVariantPtrArgs, Godot.NativeInterop.godot_variant&) (/root/godot/modules/mono/glue/GodotSharp/GodotSharp/Generated/GodotObjects/CanvasLayer.cs:417)
       [7] bool Trackstorm.Client.Hud.CombatHud.InvokeGodotClassMethod(Godot.NativeInterop.godot_string_name&, Godot.NativeInterop.NativeVariantPtrArgs, Godot.NativeInterop.godot_variant&) (C:\Users\orsin\OneDrive\Desktop\ThanTrick\Trackstorm\.godot\mono\temp\obj\Debug\Godot.SourceGenerators\Godot.SourceGenerators.ScriptMethodsGenerator\Trackstorm.Client.Hud.CombatHud_ScriptMethods.generated.cs:100)
       [8] Godot.NativeInterop.godot_bool Godot.Bridge.CSharpInstanceBridge.Call(nint, Godot.NativeInterop.godot_string_name*, Godot.NativeInterop.godot_variant**, int, Godot.NativeInterop.godot_variant_call_error*, Godot.NativeInterop.godot_variant*) (/root/godot/modules/mono/glue/GodotSharp/GodotSharp/Core/Bridge/CSharpInstanceBridge.cs:24)
       [9] void Godot.NativeInterop.NativeFuncs.godotsharp_method_bind_ptrcall(nint, nint, System.Void**, System.Void*) (/root/godot/modules/mono/glue/GodotSharp/GodotSharp/Godot.SourceGenerators.Internal/Godot.SourceGenerators.Internal.UnmanagedCallbacksGenerator/Godot.NativeInterop.NativeFuncs.generated.cs:380)
       [10] void Godot.NativeCalls.godot_icall_3_912(nint, nint, nint, Godot.NativeInterop.godot_bool, int) (/root/godot/modules/mono/glue/GodotSharp/GodotSharp/Generated/NativeCalls.cs:8061)
       [11] void Godot.Node.AddChild(Godot.Node, bool, Godot.Node+InternalMode) (/root/godot/modules/mono/glue/GodotSharp/GodotSharp/Generated/GodotObjects/Node.cs:848)
       [12] void Trackstorm.Client.Verification.ItemSpawnIntegrationChecks._Ready() (C:\Users\orsin\OneDrive\Desktop\ThanTrick\Trackstorm\code\Client\Verification\ItemSpawnIntegrationChecks.cs:79)
       [13] bool Godot.Node.InvokeGodotClassMethod(Godot.NativeInterop.godot_string_name&, Godot.NativeInterop.NativeVariantPtrArgs, Godot.NativeInterop.godot_variant&) (/root/godot/modules/mono/glue/GodotSharp/GodotSharp/Generated/GodotObjects/Node.cs:2660)
       [14] bool Trackstorm.Client.Verification.ItemSpawnIntegrationChecks.InvokeGodotClassMethod(Godot.NativeInterop.godot_string_name&, Godot.NativeInterop.NativeVariantPtrArgs, Godot.NativeInterop.godot_variant&) (C:\Users\orsin\OneDrive\Desktop\ThanTrick\Trackstorm\.godot\mono\temp\obj\Debug\Godot.SourceGenerators\Godot.SourceGenerators.ScriptMethodsGenerator\Trackstorm.Client.Verification.ItemSpawnIntegrationChecks_ScriptMethods.generated.cs:110)
       [15] Godot.NativeInterop.godot_bool Godot.Bridge.CSharpInstanceBridge.Call(nint, Godot.NativeInterop.godot_string_name*, Godot.NativeInterop.godot_variant**, int, Godot.NativeInterop.godot_variant_call_error*, Godot.NativeInterop.godot_variant*) (/root/godot/modules/mono/glue/GodotSharp/GodotSharp/Core/Bridge/CSharpInstanceBridge.cs:24)
ERROR: No loader found for resource: res://assets/hud/Nitro.svg (expected type: unknown)
   at: _load (core/io/resource_loader.cpp:332)
   C# backtrace (most recent call first):
       [0] Godot.GodotObject Godot.NativeCalls.godot_icall_3_1268(nint, nint, string, string, int) (/root/godot/modules/mono/glue/GodotSharp/GodotSharp/Generated/NativeCalls.cs:11611)
       [1] Godot.Resource Godot.ResourceLoader.Load(string, string, Godot.ResourceLoader+CacheMode) (/root/godot/modules/mono/glue/GodotSharp/GodotSharp/Generated/GodotObjects/ResourceLoader.cs:120)
       [2] T Godot.ResourceLoader.Load<T>(string, string, Godot.ResourceLoader+CacheMode) (/root/godot/modules/mono/glue/GodotSharp/GodotSharp/Core/Extensions/ResourceLoaderExtensions.cs:27)
       [3] T Godot.GD.Load<T>(string) (/root/godot/modules/mono/glue/GodotSharp/GodotSharp/Core/GD.cs:129)
       [4] void Trackstorm.Client.Hud.CombatHud._Ready() (C:\Users\orsin\OneDrive\Desktop\ThanTrick\Trackstorm\code\Client\Hud\CombatHud.cs:80)
       [5] bool Godot.Node.InvokeGodotClassMethod(Godot.NativeInterop.godot_string_name&, Godot.NativeInterop.NativeVariantPtrArgs, Godot.NativeInterop.godot_variant&) (/root/godot/modules/mono/glue/GodotSharp/GodotSharp/Generated/GodotObjects/Node.cs:2660)
       [6] bool Godot.CanvasLayer.InvokeGodotClassMethod(Godot.NativeInterop.godot_string_name&, Godot.NativeInterop.NativeVariantPtrArgs, Godot.NativeInterop.godot_variant&) (/root/godot/modules/mono/glue/GodotSharp/GodotSharp/Generated/GodotObjects/CanvasLayer.cs:417)
       [7] bool Trackstorm.Client.Hud.CombatHud.InvokeGodotClassMethod(Godot.NativeInterop.godot_string_name&, Godot.NativeInterop.NativeVariantPtrArgs, Godot.NativeInterop.godot_variant&) (C:\Users\orsin\OneDrive\Desktop\ThanTrick\Trackstorm\.godot\mono\temp\obj\Debug\Godot.SourceGenerators\Godot.SourceGenerators.ScriptMethodsGenerator\Trackstorm.Client.Hud.CombatHud_ScriptMethods.generated.cs:100)
       [8] Godot.NativeInterop.godot_bool Godot.Bridge.CSharpInstanceBridge.Call(nint, Godot.NativeInterop.godot_string_name*, Godot.NativeInterop.godot_variant**, int, Godot.NativeInterop.godot_variant_call_error*, Godot.NativeInterop.godot_variant*) (/root/godot/modules/mono/glue/GodotSharp/GodotSharp/Core/Bridge/CSharpInstanceBridge.cs:24)
       [9] void Godot.NativeInterop.NativeFuncs.godotsharp_method_bind_ptrcall(nint, nint, System.Void**, System.Void*) (/root/godot/modules/mono/glue/GodotSharp/GodotSharp/Godot.SourceGenerators.Internal/Godot.SourceGenerators.Internal.UnmanagedCallbacksGenerator/Godot.NativeInterop.NativeFuncs.generated.cs:380)
       [10] void Godot.NativeCalls.godot_icall_3_912(nint, nint, nint, Godot.NativeInterop.godot_bool, int) (/root/godot/modules/mono/glue/GodotSharp/GodotSharp/Generated/NativeCalls.cs:8061)
       [11] void Godot.Node.AddChild(Godot.Node, bool, Godot.Node+InternalMode) (/root/godot/modules/mono/glue/GodotSharp/GodotSharp/Generated/GodotObjects/Node.cs:848)
       [12] void Trackstorm.Client.Verification.ItemSpawnIntegrationChecks._Ready() (C:\Users\orsin\OneDrive\Desktop\ThanTrick\Trackstorm\code\Client\Verification\ItemSpawnIntegrationChecks.cs:79)
       [13] bool Godot.Node.InvokeGodotClassMethod(Godot.NativeInterop.godot_string_name&, Godot.NativeInterop.NativeVariantPtrArgs, Godot.NativeInterop.godot_variant&) (/root/godot/modules/mono/glue/GodotSharp/GodotSharp/Generated/GodotObjects/Node.cs:2660)
       [14] bool Trackstorm.Client.Verification.ItemSpawnIntegrationChecks.InvokeGodotClassMethod(Godot.NativeInterop.godot_string_name&, Godot.NativeInterop.NativeVariantPtrArgs, Godot.NativeInterop.godot_variant&) (C:\Users\orsin\OneDrive\Desktop\ThanTrick\Trackstorm\.godot\mono\temp\obj\Debug\Godot.SourceGenerators\Godot.SourceGenerators.ScriptMethodsGenerator\Trackstorm.Client.Verification.ItemSpawnIntegrationChecks_ScriptMethods.generated.cs:110)
       [15] Godot.NativeInterop.godot_bool Godot.Bridge.CSharpInstanceBridge.Call(nint, Godot.NativeInterop.godot_string_name*, Godot.NativeInterop.godot_variant**, int, Godot.NativeInterop.godot_variant_call_error*, Godot.NativeInterop.godot_variant*) (/root/godot/modules/mono/glue/GodotSharp/GodotSharp/Core/Bridge/CSharpInstanceBridge.cs:24)
ERROR: Error loading resource: 'res://assets/hud/Nitro.svg'.
   at: load (core/core_bind.cpp:82)
   C# backtrace (most recent call first):
       [0] Godot.GodotObject Godot.NativeCalls.godot_icall_3_1268(nint, nint, string, string, int) (/root/godot/modules/mono/glue/GodotSharp/GodotSharp/Generated/NativeCalls.cs:11611)
       [1] Godot.Resource Godot.ResourceLoader.Load(string, string, Godot.ResourceLoader+CacheMode) (/root/godot/modules/mono/glue/GodotSharp/GodotSharp/Generated/GodotObjects/ResourceLoader.cs:120)
       [2] T Godot.ResourceLoader.Load<T>(string, string, Godot.ResourceLoader+CacheMode) (/root/godot/modules/mono/glue/GodotSharp/GodotSharp/Core/Extensions/ResourceLoaderExtensions.cs:27)
       [3] T Godot.GD.Load<T>(string) (/root/godot/modules/mono/glue/GodotSharp/GodotSharp/Core/GD.cs:129)
       [4] void Trackstorm.Client.Hud.CombatHud._Ready() (C:\Users\orsin\OneDrive\Desktop\ThanTrick\Trackstorm\code\Client\Hud\CombatHud.cs:80)
       [5] bool Godot.Node.InvokeGodotClassMethod(Godot.NativeInterop.godot_string_name&, Godot.NativeInterop.NativeVariantPtrArgs, Godot.NativeInterop.godot_variant&) (/root/godot/modules/mono/glue/GodotSharp/GodotSharp/Generated/GodotObjects/Node.cs:2660)
       [6] bool Godot.CanvasLayer.InvokeGodotClassMethod(Godot.NativeInterop.godot_string_name&, Godot.NativeInterop.NativeVariantPtrArgs, Godot.NativeInterop.godot_variant&) (/root/godot/modules/mono/glue/GodotSharp/GodotSharp/Generated/GodotObjects/CanvasLayer.cs:417)
       [7] bool Trackstorm.Client.Hud.CombatHud.InvokeGodotClassMethod(Godot.NativeInterop.godot_string_name&, Godot.NativeInterop.NativeVariantPtrArgs, Godot.NativeInterop.godot_variant&) (C:\Users\orsin\OneDrive\Desktop\ThanTrick\Trackstorm\.godot\mono\temp\obj\Debug\Godot.SourceGenerators\Godot.SourceGenerators.ScriptMethodsGenerator\Trackstorm.Client.Hud.CombatHud_ScriptMethods.generated.cs:100)
       [8] Godot.NativeInterop.godot_bool Godot.Bridge.CSharpInstanceBridge.Call(nint, Godot.NativeInterop.godot_string_name*, Godot.NativeInterop.godot_variant**, int, Godot.NativeInterop.godot_variant_call_error*, Godot.NativeInterop.godot_variant*) (/root/godot/modules/mono/glue/GodotSharp/GodotSharp/Core/Bridge/CSharpInstanceBridge.cs:24)
       [9] void Godot.NativeInterop.NativeFuncs.godotsharp_method_bind_ptrcall(nint, nint, System.Void**, System.Void*) (/root/godot/modules/mono/glue/GodotSharp/GodotSharp/Godot.SourceGenerators.Internal/Godot.SourceGenerators.Internal.UnmanagedCallbacksGenerator/Godot.NativeInterop.NativeFuncs.generated.cs:380)
       [10] void Godot.NativeCalls.godot_icall_3_912(nint, nint, nint, Godot.NativeInterop.godot_bool, int) (/root/godot/modules/mono/glue/GodotSharp/GodotSharp/Generated/NativeCalls.cs:8061)
       [11] void Godot.Node.AddChild(Godot.Node, bool, Godot.Node+InternalMode) (/root/godot/modules/mono/glue/GodotSharp/GodotSharp/Generated/GodotObjects/Node.cs:848)
       [12] void Trackstorm.Client.Verification.ItemSpawnIntegrationChecks._Ready() (C:\Users\orsin\OneDrive\Desktop\ThanTrick\Trackstorm\code\Client\Verification\ItemSpawnIntegrationChecks.cs:79)
       [13] bool Godot.Node.InvokeGodotClassMethod(Godot.NativeInterop.godot_string_name&, Godot.NativeInterop.NativeVariantPtrArgs, Godot.NativeInterop.godot_variant&) (/root/godot/modules/mono/glue/GodotSharp/GodotSharp/Generated/GodotObjects/Node.cs:2660)
       [14] bool Trackstorm.Client.Verification.ItemSpawnIntegrationChecks.InvokeGodotClassMethod(Godot.NativeInterop.godot_string_name&, Godot.NativeInterop.NativeVariantPtrArgs, Godot.NativeInterop.godot_variant&) (C:\Users\orsin\OneDrive\Desktop\ThanTrick\Trackstorm\.godot\mono\temp\obj\Debug\Godot.SourceGenerators\Godot.SourceGenerators.ScriptMethodsGenerator\Trackstorm.Client.Verification.ItemSpawnIntegrationChecks_ScriptMethods.generated.cs:110)
       [15] Godot.NativeInterop.godot_bool Godot.Bridge.CSharpInstanceBridge.Call(nint, Godot.NativeInterop.godot_string_name*, Godot.NativeInterop.godot_variant**, int, Godot.NativeInterop.godot_variant_call_error*, Godot.NativeInterop.godot_variant*) (/root/godot/modules/mono/glue/GodotSharp/GodotSharp/Core/Bridge/CSharpInstanceBridge.cs:24)
ERROR: No loader found for resource: res://assets/hud/Oil.svg (expected type: unknown)
   at: _load (core/io/resource_loader.cpp:332)
   C# backtrace (most recent call first):
       [0] Godot.GodotObject Godot.NativeCalls.godot_icall_3_1268(nint, nint, string, string, int) (/root/godot/modules/mono/glue/GodotSharp/GodotSharp/Generated/NativeCalls.cs:11611)
       [1] Godot.Resource Godot.ResourceLoader.Load(string, string, Godot.ResourceLoader+CacheMode) (/root/godot/modules/mono/glue/GodotSharp/GodotSharp/Generated/GodotObjects/ResourceLoader.cs:120)
       [2] T Godot.ResourceLoader.Load<T>(string, string, Godot.ResourceLoader+CacheMode) (/root/godot/modules/mono/glue/GodotSharp/GodotSharp/Core/Extensions/ResourceLoaderExtensions.cs:27)
       [3] T Godot.GD.Load<T>(string) (/root/godot/modules/mono/glue/GodotSharp/GodotSharp/Core/GD.cs:129)
       [4] void Trackstorm.Client.Hud.CombatHud._Ready() (C:\Users\orsin\OneDrive\Desktop\ThanTrick\Trackstorm\code\Client\Hud\CombatHud.cs:80)
       [5] bool Godot.Node.InvokeGodotClassMethod(Godot.NativeInterop.godot_string_name&, Godot.NativeInterop.NativeVariantPtrArgs, Godot.NativeInterop.godot_variant&) (/root/godot/modules/mono/glue/GodotSharp/GodotSharp/Generated/GodotObjects/Node.cs:2660)
       [6] bool Godot.CanvasLayer.InvokeGodotClassMethod(Godot.NativeInterop.godot_string_name&, Godot.NativeInterop.NativeVariantPtrArgs, Godot.NativeInterop.godot_variant&) (/root/godot/modules/mono/glue/GodotSharp/GodotSharp/Generated/GodotObjects/CanvasLayer.cs:417)
       [7] bool Trackstorm.Client.Hud.CombatHud.InvokeGodotClassMethod(Godot.NativeInterop.godot_string_name&, Godot.NativeInterop.NativeVariantPtrArgs, Godot.NativeInterop.godot_variant&) (C:\Users\orsin\OneDrive\Desktop\ThanTrick\Trackstorm\.godot\mono\temp\obj\Debug\Godot.SourceGenerators\Godot.SourceGenerators.ScriptMethodsGenerator\Trackstorm.Client.Hud.CombatHud_ScriptMethods.generated.cs:100)
       [8] Godot.NativeInterop.godot_bool Godot.Bridge.CSharpInstanceBridge.Call(nint, Godot.NativeInterop.godot_string_name*, Godot.NativeInterop.godot_variant**, int, Godot.NativeInterop.godot_variant_call_error*, Godot.NativeInterop.godot_variant*) (/root/godot/modules/mono/glue/GodotSharp/GodotSharp/Core/Bridge/CSharpInstanceBridge.cs:24)
       [9] void Godot.NativeInterop.NativeFuncs.godotsharp_method_bind_ptrcall(nint, nint, System.Void**, System.Void*) (/root/godot/modules/mono/glue/GodotSharp/GodotSharp/Godot.SourceGenerators.Internal/Godot.SourceGenerators.Internal.UnmanagedCallbacksGenerator/Godot.NativeInterop.NativeFuncs.generated.cs:380)
       [10] void Godot.NativeCalls.godot_icall_3_912(nint, nint, nint, Godot.NativeInterop.godot_bool, int) (/root/godot/modules/mono/glue/GodotSharp/GodotSharp/Generated/NativeCalls.cs:8061)
       [11] void Godot.Node.AddChild(Godot.Node, bool, Godot.Node+InternalMode) (/root/godot/modules/mono/glue/GodotSharp/GodotSharp/Generated/GodotObjects/Node.cs:848)
       [12] void Trackstorm.Client.Verification.ItemSpawnIntegrationChecks._Ready() (C:\Users\orsin\OneDrive\Desktop\ThanTrick\Trackstorm\code\Client\Verification\ItemSpawnIntegrationChecks.cs:79)
       [13] bool Godot.Node.InvokeGodotClassMethod(Godot.NativeInterop.godot_string_name&, Godot.NativeInterop.NativeVariantPtrArgs, Godot.NativeInterop.godot_variant&) (/root/godot/modules/mono/glue/GodotSharp/GodotSharp/Generated/GodotObjects/Node.cs:2660)
       [14] bool Trackstorm.Client.Verification.ItemSpawnIntegrationChecks.InvokeGodotClassMethod(Godot.NativeInterop.godot_string_name&, Godot.NativeInterop.NativeVariantPtrArgs, Godot.NativeInterop.godot_variant&) (C:\Users\orsin\OneDrive\Desktop\ThanTrick\Trackstorm\.godot\mono\temp\obj\Debug\Godot.SourceGenerators\Godot.SourceGenerators.ScriptMethodsGenerator\Trackstorm.Client.Verification.ItemSpawnIntegrationChecks_ScriptMethods.generated.cs:110)
       [15] Godot.NativeInterop.godot_bool Godot.Bridge.CSharpInstanceBridge.Call(nint, Godot.NativeInterop.godot_string_name*, Godot.NativeInterop.godot_variant**, int, Godot.NativeInterop.godot_variant_call_error*, Godot.NativeInterop.godot_variant*) (/root/godot/modules/mono/glue/GodotSharp/GodotSharp/Core/Bridge/CSharpInstanceBridge.cs:24)
ERROR: Error loading resource: 'res://assets/hud/Oil.svg'.
   at: load (core/core_bind.cpp:82)
   C# backtrace (most recent call first):
       [0] Godot.GodotObject Godot.NativeCalls.godot_icall_3_1268(nint, nint, string, string, int) (/root/godot/modules/mono/glue/GodotSharp/GodotSharp/Generated/NativeCalls.cs:11611)
       [1] Godot.Resource Godot.ResourceLoader.Load(string, string, Godot.ResourceLoader+CacheMode) (/root/godot/modules/mono/glue/GodotSharp/GodotSharp/Generated/GodotObjects/ResourceLoader.cs:120)
       [2] T Godot.ResourceLoader.Load<T>(string, string, Godot.ResourceLoader+CacheMode) (/root/godot/modules/mono/glue/GodotSharp/GodotSharp/Core/Extensions/ResourceLoaderExtensions.cs:27)
       [3] T Godot.GD.Load<T>(string) (/root/godot/modules/mono/glue/GodotSharp/GodotSharp/Core/GD.cs:129)
       [4] void Trackstorm.Client.Hud.CombatHud._Ready() (C:\Users\orsin\OneDrive\Desktop\ThanTrick\Trackstorm\code\Client\Hud\CombatHud.cs:80)
       [5] bool Godot.Node.InvokeGodotClassMethod(Godot.NativeInterop.godot_string_name&, Godot.NativeInterop.NativeVariantPtrArgs, Godot.NativeInterop.godot_variant&) (/root/godot/modules/mono/glue/GodotSharp/GodotSharp/Generated/GodotObjects/Node.cs:2660)
       [6] bool Godot.CanvasLayer.InvokeGodotClassMethod(Godot.NativeInterop.godot_string_name&, Godot.NativeInterop.NativeVariantPtrArgs, Godot.NativeInterop.godot_variant&) (/root/godot/modules/mono/glue/GodotSharp/GodotSharp/Generated/GodotObjects/CanvasLayer.cs:417)
       [7] bool Trackstorm.Client.Hud.CombatHud.InvokeGodotClassMethod(Godot.NativeInterop.godot_string_name&, Godot.NativeInterop.NativeVariantPtrArgs, Godot.NativeInterop.godot_variant&) (C:\Users\orsin\OneDrive\Desktop\ThanTrick\Trackstorm\.godot\mono\temp\obj\Debug\Godot.SourceGenerators\Godot.SourceGenerators.ScriptMethodsGenerator\Trackstorm.Client.Hud.CombatHud_ScriptMethods.generated.cs:100)
       [8] Godot.NativeInterop.godot_bool Godot.Bridge.CSharpInstanceBridge.Call(nint, Godot.NativeInterop.godot_string_name*, Godot.NativeInterop.godot_variant**, int, Godot.NativeInterop.godot_variant_call_error*, Godot.NativeInterop.godot_variant*) (/root/godot/modules/mono/glue/GodotSharp/GodotSharp/Core/Bridge/CSharpInstanceBridge.cs:24)
       [9] void Godot.NativeInterop.NativeFuncs.godotsharp_method_bind_ptrcall(nint, nint, System.Void**, System.Void*) (/root/godot/modules/mono/glue/GodotSharp/GodotSharp/Godot.SourceGenerators.Internal/Godot.SourceGenerators.Internal.UnmanagedCallbacksGenerator/Godot.NativeInterop.NativeFuncs.generated.cs:380)
       [10] void Godot.NativeCalls.godot_icall_3_912(nint, nint, nint, Godot.NativeInterop.godot_bool, int) (/root/godot/modules/mono/glue/GodotSharp/GodotSharp/Generated/NativeCalls.cs:8061)
       [11] void Godot.Node.AddChild(Godot.Node, bool, Godot.Node+InternalMode) (/root/godot/modules/mono/glue/GodotSharp/GodotSharp/Generated/GodotObjects/Node.cs:848)
       [12] void Trackstorm.Client.Verification.ItemSpawnIntegrationChecks._Ready() (C:\Users\orsin\OneDrive\Desktop\ThanTrick\Trackstorm\code\Client\Verification\ItemSpawnIntegrationChecks.cs:79)
       [13] bool Godot.Node.InvokeGodotClassMethod(Godot.NativeInterop.godot_string_name&, Godot.NativeInterop.NativeVariantPtrArgs, Godot.NativeInterop.godot_variant&) (/root/godot/modules/mono/glue/GodotSharp/GodotSharp/Generated/GodotObjects/Node.cs:2660)
       [14] bool Trackstorm.Client.Verification.ItemSpawnIntegrationChecks.InvokeGodotClassMethod(Godot.NativeInterop.godot_string_name&, Godot.NativeInterop.NativeVariantPtrArgs, Godot.NativeInterop.godot_variant&) (C:\Users\orsin\OneDrive\Desktop\ThanTrick\Trackstorm\.godot\mono\temp\obj\Debug\Godot.SourceGenerators\Godot.SourceGenerators.ScriptMethodsGenerator\Trackstorm.Client.Verification.ItemSpawnIntegrationChecks_ScriptMethods.generated.cs:110)
       [15] Godot.NativeInterop.godot_bool Godot.Bridge.CSharpInstanceBridge.Call(nint, Godot.NativeInterop.godot_string_name*, Godot.NativeInterop.godot_variant**, int, Godot.NativeInterop.godot_variant_call_error*, Godot.NativeInterop.godot_variant*) (/root/godot/modules/mono/glue/GodotSharp/GodotSharp/Core/Bridge/CSharpInstanceBridge.cs:24)
ERROR: No loader found for resource: res://assets/hud/Nitro.svg (expected type: unknown)
   at: _load (core/io/resource_loader.cpp:332)
   C# backtrace (most recent call first):
       [0] Godot.GodotObject Godot.NativeCalls.godot_icall_3_1268(nint, nint, string, string, int) (/root/godot/modules/mono/glue/GodotSharp/GodotSharp/Generated/NativeCalls.cs:11611)
       [1] Godot.Resource Godot.ResourceLoader.Load(string, string, Godot.ResourceLoader+CacheMode) (/root/godot/modules/mono/glue/GodotSharp/GodotSharp/Generated/GodotObjects/ResourceLoader.cs:120)
       [2] T Godot.ResourceLoader.Load<T>(string, string, Godot.ResourceLoader+CacheMode) (/root/godot/modules/mono/glue/GodotSharp/GodotSharp/Core/Extensions/ResourceLoaderExtensions.cs:27)
       [3] T Godot.GD.Load<T>(string) (/root/godot/modules/mono/glue/GodotSharp/GodotSharp/Core/GD.cs:129)
       [4] void Trackstorm.Client.Hud.CombatHud._Ready() (C:\Users\orsin\OneDrive\Desktop\ThanTrick\Trackstorm\code\Client\Hud\CombatHud.cs:80)
       [5] bool Godot.Node.InvokeGodotClassMethod(Godot.NativeInterop.godot_string_name&, Godot.NativeInterop.NativeVariantPtrArgs, Godot.NativeInterop.godot_variant&) (/root/godot/modules/mono/glue/GodotSharp/GodotSharp/Generated/GodotObjects/Node.cs:2660)
       [6] bool Godot.CanvasLayer.InvokeGodotClassMethod(Godot.NativeInterop.godot_string_name&, Godot.NativeInterop.NativeVariantPtrArgs, Godot.NativeInterop.godot_variant&) (/root/godot/modules/mono/glue/GodotSharp/GodotSharp/Generated/GodotObjects/CanvasLayer.cs:417)
       [7] bool Trackstorm.Client.Hud.CombatHud.InvokeGodotClassMethod(Godot.NativeInterop.godot_string_name&, Godot.NativeInterop.NativeVariantPtrArgs, Godot.NativeInterop.godot_variant&) (C:\Users\orsin\OneDrive\Desktop\ThanTrick\Trackstorm\.godot\mono\temp\obj\Debug\Godot.SourceGenerators\Godot.SourceGenerators.ScriptMethodsGenerator\Trackstorm.Client.Hud.CombatHud_ScriptMethods.generated.cs:100)
       [8] Godot.NativeInterop.godot_bool Godot.Bridge.CSharpInstanceBridge.Call(nint, Godot.NativeInterop.godot_string_name*, Godot.NativeInterop.godot_variant**, int, Godot.NativeInterop.godot_variant_call_error*, Godot.NativeInterop.godot_variant*) (/root/godot/modules/mono/glue/GodotSharp/GodotSharp/Core/Bridge/CSharpInstanceBridge.cs:24)
       [9] void Godot.NativeInterop.NativeFuncs.godotsharp_method_bind_ptrcall(nint, nint, System.Void**, System.Void*) (/root/godot/modules/mono/glue/GodotSharp/GodotSharp/Godot.SourceGenerators.Internal/Godot.SourceGenerators.Internal.UnmanagedCallbacksGenerator/Godot.NativeInterop.NativeFuncs.generated.cs:380)
       [10] void Godot.NativeCalls.godot_icall_3_912(nint, nint, nint, Godot.NativeInterop.godot_bool, int) (/root/godot/modules/mono/glue/GodotSharp/GodotSharp/Generated/NativeCalls.cs:8061)
       [11] void Godot.Node.AddChild(Godot.Node, bool, Godot.Node+InternalMode) (/root/godot/modules/mono/glue/GodotSharp/GodotSharp/Generated/GodotObjects/Node.cs:848)
       [12] void Trackstorm.Client.Verification.ItemSpawnIntegrationChecks._Ready() (C:\Users\orsin\OneDrive\Desktop\ThanTrick\Trackstorm\code\Client\Verification\ItemSpawnIntegrationChecks.cs:79)
       [13] bool Godot.Node.InvokeGodotClassMethod(Godot.NativeInterop.godot_string_name&, Godot.NativeInterop.NativeVariantPtrArgs, Godot.NativeInterop.godot_variant&) (/root/godot/modules/mono/glue/GodotSharp/GodotSharp/Generated/GodotObjects/Node.cs:2660)
       [14] bool Trackstorm.Client.Verification.ItemSpawnIntegrationChecks.InvokeGodotClassMethod(Godot.NativeInterop.godot_string_name&, Godot.NativeInterop.NativeVariantPtrArgs, Godot.NativeInterop.godot_variant&) (C:\Users\orsin\OneDrive\Desktop\ThanTrick\Trackstorm\.godot\mono\temp\obj\Debug\Godot.SourceGenerators\Godot.SourceGenerators.ScriptMethodsGenerator\Trackstorm.Client.Verification.ItemSpawnIntegrationChecks_ScriptMethods.generated.cs:110)
       [15] Godot.NativeInterop.godot_bool Godot.Bridge.CSharpInstanceBridge.Call(nint, Godot.NativeInterop.godot_string_name*, Godot.NativeInterop.godot_variant**, int, Godot.NativeInterop.godot_variant_call_error*, Godot.NativeInterop.godot_variant*) (/root/godot/modules/mono/glue/GodotSharp/GodotSharp/Core/Bridge/CSharpInstanceBridge.cs:24)
ERROR: Error loading resource: 'res://assets/hud/Nitro.svg'.
   at: load (core/core_bind.cpp:82)
   C# backtrace (most recent call first):
       [0] Godot.GodotObject Godot.NativeCalls.godot_icall_3_1268(nint, nint, string, string, int) (/root/godot/modules/mono/glue/GodotSharp/GodotSharp/Generated/NativeCalls.cs:11611)
       [1] Godot.Resource Godot.ResourceLoader.Load(string, string, Godot.ResourceLoader+CacheMode) (/root/godot/modules/mono/glue/GodotSharp/GodotSharp/Generated/GodotObjects/ResourceLoader.cs:120)
       [2] T Godot.ResourceLoader.Load<T>(string, string, Godot.ResourceLoader+CacheMode) (/root/godot/modules/mono/glue/GodotSharp/GodotSharp/Core/Extensions/ResourceLoaderExtensions.cs:27)
       [3] T Godot.GD.Load<T>(string) (/root/godot/modules/mono/glue/GodotSharp/GodotSharp/Core/GD.cs:129)
       [4] void Trackstorm.Client.Hud.CombatHud._Ready() (C:\Users\orsin\OneDrive\Desktop\ThanTrick\Trackstorm\code\Client\Hud\CombatHud.cs:80)
       [5] bool Godot.Node.InvokeGodotClassMethod(Godot.NativeInterop.godot_string_name&, Godot.NativeInterop.NativeVariantPtrArgs, Godot.NativeInterop.godot_variant&) (/root/godot/modules/mono/glue/GodotSharp/GodotSharp/Generated/GodotObjects/Node.cs:2660)
       [6] bool Godot.CanvasLayer.InvokeGodotClassMethod(Godot.NativeInterop.godot_string_name&, Godot.NativeInterop.NativeVariantPtrArgs, Godot.NativeInterop.godot_variant&) (/root/godot/modules/mono/glue/GodotSharp/GodotSharp/Generated/GodotObjects/CanvasLayer.cs:417)
       [7] bool Trackstorm.Client.Hud.CombatHud.InvokeGodotClassMethod(Godot.NativeInterop.godot_string_name&, Godot.NativeInterop.NativeVariantPtrArgs, Godot.NativeInterop.godot_variant&) (C:\Users\orsin\OneDrive\Desktop\ThanTrick\Trackstorm\.godot\mono\temp\obj\Debug\Godot.SourceGenerators\Godot.SourceGenerators.ScriptMethodsGenerator\Trackstorm.Client.Hud.CombatHud_ScriptMethods.generated.cs:100)
       [8] Godot.NativeInterop.godot_bool Godot.Bridge.CSharpInstanceBridge.Call(nint, Godot.NativeInterop.godot_string_name*, Godot.NativeInterop.godot_variant**, int, Godot.NativeInterop.godot_variant_call_error*, Godot.NativeInterop.godot_variant*) (/root/godot/modules/mono/glue/GodotSharp/GodotSharp/Core/Bridge/CSharpInstanceBridge.cs:24)
       [9] void Godot.NativeInterop.NativeFuncs.godotsharp_method_bind_ptrcall(nint, nint, System.Void**, System.Void*) (/root/godot/modules/mono/glue/GodotSharp/GodotSharp/Godot.SourceGenerators.Internal/Godot.SourceGenerators.Internal.UnmanagedCallbacksGenerator/Godot.NativeInterop.NativeFuncs.generated.cs:380)
       [10] void Godot.NativeCalls.godot_icall_3_912(nint, nint, nint, Godot.NativeInterop.godot_bool, int) (/root/godot/modules/mono/glue/GodotSharp/GodotSharp/Generated/NativeCalls.cs:8061)
       [11] void Godot.Node.AddChild(Godot.Node, bool, Godot.Node+InternalMode) (/root/godot/modules/mono/glue/GodotSharp/GodotSharp/Generated/GodotObjects/Node.cs:848)
       [12] void Trackstorm.Client.Verification.ItemSpawnIntegrationChecks._Ready() (C:\Users\orsin\OneDrive\Desktop\ThanTrick\Trackstorm\code\Client\Verification\ItemSpawnIntegrationChecks.cs:79)
       [13] bool Godot.Node.InvokeGodotClassMethod(Godot.NativeInterop.godot_string_name&, Godot.NativeInterop.NativeVariantPtrArgs, Godot.NativeInterop.godot_variant&) (/root/godot/modules/mono/glue/GodotSharp/GodotSharp/Generated/GodotObjects/Node.cs:2660)
       [14] bool Trackstorm.Client.Verification.ItemSpawnIntegrationChecks.InvokeGodotClassMethod(Godot.NativeInterop.godot_string_name&, Godot.NativeInterop.NativeVariantPtrArgs, Godot.NativeInterop.godot_variant&) (C:\Users\orsin\OneDrive\Desktop\ThanTrick\Trackstorm\.godot\mono\temp\obj\Debug\Godot.SourceGenerators\Godot.SourceGenerators.ScriptMethodsGenerator\Trackstorm.Client.Verification.ItemSpawnIntegrationChecks_ScriptMethods.generated.cs:110)
       [15] Godot.NativeInterop.godot_bool Godot.Bridge.CSharpInstanceBridge.Call(nint, Godot.NativeInterop.godot_string_name*, Godot.NativeInterop.godot_variant**, int, Godot.NativeInterop.godot_variant_call_error*, Godot.NativeInterop.godot_variant*) (/root/godot/modules/mono/glue/GodotSharp/GodotSharp/Core/Bridge/CSharpInstanceBridge.cs:24)
ERROR: No loader found for resource: res://assets/hud/Oil.svg (expected type: unknown)
   at: _load (core/io/resource_loader.cpp:332)
   C# backtrace (most recent call first):
       [0] Godot.GodotObject Godot.NativeCalls.godot_icall_3_1268(nint, nint, string, string, int) (/root/godot/modules/mono/glue/GodotSharp/GodotSharp/Generated/NativeCalls.cs:11611)
       [1] Godot.Resource Godot.ResourceLoader.Load(string, string, Godot.ResourceLoader+CacheMode) (/root/godot/modules/mono/glue/GodotSharp/GodotSharp/Generated/GodotObjects/ResourceLoader.cs:120)
       [2] T Godot.ResourceLoader.Load<T>(string, string, Godot.ResourceLoader+CacheMode) (/root/godot/modules/mono/glue/GodotSharp/GodotSharp/Core/Extensions/ResourceLoaderExtensions.cs:27)
       [3] T Godot.GD.Load<T>(string) (/root/godot/modules/mono/glue/GodotSharp/GodotSharp/Core/GD.cs:129)
       [4] void Trackstorm.Client.Hud.CombatHud._Ready() (C:\Users\orsin\OneDrive\Desktop\ThanTrick\Trackstorm\code\Client\Hud\CombatHud.cs:80)
       [5] bool Godot.Node.InvokeGodotClassMethod(Godot.NativeInterop.godot_string_name&, Godot.NativeInterop.NativeVariantPtrArgs, Godot.NativeInterop.godot_variant&) (/root/godot/modules/mono/glue/GodotSharp/GodotSharp/Generated/GodotObjects/Node.cs:2660)
       [6] bool Godot.CanvasLayer.InvokeGodotClassMethod(Godot.NativeInterop.godot_string_name&, Godot.NativeInterop.NativeVariantPtrArgs, Godot.NativeInterop.godot_variant&) (/root/godot/modules/mono/glue/GodotSharp/GodotSharp/Generated/GodotObjects/CanvasLayer.cs:417)
       [7] bool Trackstorm.Client.Hud.CombatHud.InvokeGodotClassMethod(Godot.NativeInterop.godot_string_name&, Godot.NativeInterop.NativeVariantPtrArgs, Godot.NativeInterop.godot_variant&) (C:\Users\orsin\OneDrive\Desktop\ThanTrick\Trackstorm\.godot\mono\temp\obj\Debug\Godot.SourceGenerators\Godot.SourceGenerators.ScriptMethodsGenerator\Trackstorm.Client.Hud.CombatHud_ScriptMethods.generated.cs:100)
       [8] Godot.NativeInterop.godot_bool Godot.Bridge.CSharpInstanceBridge.Call(nint, Godot.NativeInterop.godot_string_name*, Godot.NativeInterop.godot_variant**, int, Godot.NativeInterop.godot_variant_call_error*, Godot.NativeInterop.godot_variant*) (/root/godot/modules/mono/glue/GodotSharp/GodotSharp/Core/Bridge/CSharpInstanceBridge.cs:24)
       [9] void Godot.NativeInterop.NativeFuncs.godotsharp_method_bind_ptrcall(nint, nint, System.Void**, System.Void*) (/root/godot/modules/mono/glue/GodotSharp/GodotSharp/Godot.SourceGenerators.Internal/Godot.SourceGenerators.Internal.UnmanagedCallbacksGenerator/Godot.NativeInterop.NativeFuncs.generated.cs:380)
       [10] void Godot.NativeCalls.godot_icall_3_912(nint, nint, nint, Godot.NativeInterop.godot_bool, int) (/root/godot/modules/mono/glue/GodotSharp/GodotSharp/Generated/NativeCalls.cs:8061)
       [11] void Godot.Node.AddChild(Godot.Node, bool, Godot.Node+InternalMode) (/root/godot/modules/mono/glue/GodotSharp/GodotSharp/Generated/GodotObjects/Node.cs:848)
       [12] void Trackstorm.Client.Verification.ItemSpawnIntegrationChecks._Ready() (C:\Users\orsin\OneDrive\Desktop\ThanTrick\Trackstorm\code\Client\Verification\ItemSpawnIntegrationChecks.cs:79)
       [13] bool Godot.Node.InvokeGodotClassMethod(Godot.NativeInterop.godot_string_name&, Godot.NativeInterop.NativeVariantPtrArgs, Godot.NativeInterop.godot_variant&) (/root/godot/modules/mono/glue/GodotSharp/GodotSharp/Generated/GodotObjects/Node.cs:2660)
       [14] bool Trackstorm.Client.Verification.ItemSpawnIntegrationChecks.InvokeGodotClassMethod(Godot.NativeInterop.godot_string_name&, Godot.NativeInterop.NativeVariantPtrArgs, Godot.NativeInterop.godot_variant&) (C:\Users\orsin\OneDrive\Desktop\ThanTrick\Trackstorm\.godot\mono\temp\obj\Debug\Godot.SourceGenerators\Godot.SourceGenerators.ScriptMethodsGenerator\Trackstorm.Client.Verification.ItemSpawnIntegrationChecks_ScriptMethods.generated.cs:110)
       [15] Godot.NativeInterop.godot_bool Godot.Bridge.CSharpInstanceBridge.Call(nint, Godot.NativeInterop.godot_string_name*, Godot.NativeInterop.godot_variant**, int, Godot.NativeInterop.godot_variant_call_error*, Godot.NativeInterop.godot_variant*) (/root/godot/modules/mono/glue/GodotSharp/GodotSharp/Core/Bridge/CSharpInstanceBridge.cs:24)
ERROR: Error loading resource: 'res://assets/hud/Oil.svg'.
   at: load (core/core_bind.cpp:82)
   C# backtrace (most recent call first):
       [0] Godot.GodotObject Godot.NativeCalls.godot_icall_3_1268(nint, nint, string, string, int) (/root/godot/modules/mono/glue/GodotSharp/GodotSharp/Generated/NativeCalls.cs:11611)
       [1] Godot.Resource Godot.ResourceLoader.Load(string, string, Godot.ResourceLoader+CacheMode) (/root/godot/modules/mono/glue/GodotSharp/GodotSharp/Generated/GodotObjects/ResourceLoader.cs:120)
       [2] T Godot.ResourceLoader.Load<T>(string, string, Godot.ResourceLoader+CacheMode) (/root/godot/modules/mono/glue/GodotSharp/GodotSharp/Core/Extensions/ResourceLoaderExtensions.cs:27)
       [3] T Godot.GD.Load<T>(string) (/root/godot/modules/mono/glue/GodotSharp/GodotSharp/Core/GD.cs:129)
       [4] void Trackstorm.Client.Hud.CombatHud._Ready() (C:\Users\orsin\OneDrive\Desktop\ThanTrick\Trackstorm\code\Client\Hud\CombatHud.cs:80)
       [5] bool Godot.Node.InvokeGodotClassMethod(Godot.NativeInterop.godot_string_name&, Godot.NativeInterop.NativeVariantPtrArgs, Godot.NativeInterop.godot_variant&) (/root/godot/modules/mono/glue/GodotSharp/GodotSharp/Generated/GodotObjects/Node.cs:2660)
       [6] bool Godot.CanvasLayer.InvokeGodotClassMethod(Godot.NativeInterop.godot_string_name&, Godot.NativeInterop.NativeVariantPtrArgs, Godot.NativeInterop.godot_variant&) (/root/godot/modules/mono/glue/GodotSharp/GodotSharp/Generated/GodotObjects/CanvasLayer.cs:417)
       [7] bool Trackstorm.Client.Hud.CombatHud.InvokeGodotClassMethod(Godot.NativeInterop.godot_string_name&, Godot.NativeInterop.NativeVariantPtrArgs, Godot.NativeInterop.godot_variant&) (C:\Users\orsin\OneDrive\Desktop\ThanTrick\Trackstorm\.godot\mono\temp\obj\Debug\Godot.SourceGenerators\Godot.SourceGenerators.ScriptMethodsGenerator\Trackstorm.Client.Hud.CombatHud_ScriptMethods.generated.cs:100)
       [8] Godot.NativeInterop.godot_bool Godot.Bridge.CSharpInstanceBridge.Call(nint, Godot.NativeInterop.godot_string_name*, Godot.NativeInterop.godot_variant**, int, Godot.NativeInterop.godot_variant_call_error*, Godot.NativeInterop.godot_variant*) (/root/godot/modules/mono/glue/GodotSharp/GodotSharp/Core/Bridge/CSharpInstanceBridge.cs:24)
       [9] void Godot.NativeInterop.NativeFuncs.godotsharp_method_bind_ptrcall(nint, nint, System.Void**, System.Void*) (/root/godot/modules/mono/glue/GodotSharp/GodotSharp/Godot.SourceGenerators.Internal/Godot.SourceGenerators.Internal.UnmanagedCallbacksGenerator/Godot.NativeInterop.NativeFuncs.generated.cs:380)
       [10] void Godot.NativeCalls.godot_icall_3_912(nint, nint, nint, Godot.NativeInterop.godot_bool, int) (/root/godot/modules/mono/glue/GodotSharp/GodotSharp/Generated/NativeCalls.cs:8061)
       [11] void Godot.Node.AddChild(Godot.Node, bool, Godot.Node+InternalMode) (/root/godot/modules/mono/glue/GodotSharp/GodotSharp/Generated/GodotObjects/Node.cs:848)
       [12] void Trackstorm.Client.Verification.ItemSpawnIntegrationChecks._Ready() (C:\Users\orsin\OneDrive\Desktop\ThanTrick\Trackstorm\code\Client\Verification\ItemSpawnIntegrationChecks.cs:79)
       [13] bool Godot.Node.InvokeGodotClassMethod(Godot.NativeInterop.godot_string_name&, Godot.NativeInterop.NativeVariantPtrArgs, Godot.NativeInterop.godot_variant&) (/root/godot/modules/mono/glue/GodotSharp/GodotSharp/Generated/GodotObjects/Node.cs:2660)
       [14] bool Trackstorm.Client.Verification.ItemSpawnIntegrationChecks.InvokeGodotClassMethod(Godot.NativeInterop.godot_string_name&, Godot.NativeInterop.NativeVariantPtrArgs, Godot.NativeInterop.godot_variant&) (C:\Users\orsin\OneDrive\Desktop\ThanTrick\Trackstorm\.godot\mono\temp\obj\Debug\Godot.SourceGenerators\Godot.SourceGenerators.ScriptMethodsGenerator\Trackstorm.Client.Verification.ItemSpawnIntegrationChecks_ScriptMethods.generated.cs:110)
       [15] Godot.NativeInterop.godot_bool Godot.Bridge.CSharpInstanceBridge.Call(nint, Godot.NativeInterop.godot_string_name*, Godot.NativeInterop.godot_variant**, int, Godot.NativeInterop.godot_variant_call_error*, Godot.NativeInterop.godot_variant*) (/root/godot/modules/mono/glue/GodotSharp/GodotSharp/Core/Bridge/CSharpInstanceBridge.cs:24)
ERROR: No loader found for resource: res://assets/hud/Nitro.svg (expected type: unknown)
   at: _load (core/io/resource_loader.cpp:332)
   C# backtrace (most recent call first):
       [0] Godot.GodotObject Godot.NativeCalls.godot_icall_3_1268(nint, nint, string, string, int) (/root/godot/modules/mono/glue/GodotSharp/GodotSharp/Generated/NativeCalls.cs:11611)
       [1] Godot.Resource Godot.ResourceLoader.Load(string, string, Godot.ResourceLoader+CacheMode) (/root/godot/modules/mono/glue/GodotSharp/GodotSharp/Generated/GodotObjects/ResourceLoader.cs:120)
       [2] T Godot.ResourceLoader.Load<T>(string, string, Godot.ResourceLoader+CacheMode) (/root/godot/modules/mono/glue/GodotSharp/GodotSharp/Core/Extensions/ResourceLoaderExtensions.cs:27)
       [3] T Godot.GD.Load<T>(string) (/root/godot/modules/mono/glue/GodotSharp/GodotSharp/Core/GD.cs:129)
       [4] void Trackstorm.Client.Hud.CombatHud._Ready() (C:\Users\orsin\OneDrive\Desktop\ThanTrick\Trackstorm\code\Client\Hud\CombatHud.cs:80)
       [5] bool Godot.Node.InvokeGodotClassMethod(Godot.NativeInterop.godot_string_name&, Godot.NativeInterop.NativeVariantPtrArgs, Godot.NativeInterop.godot_variant&) (/root/godot/modules/mono/glue/GodotSharp/GodotSharp/Generated/GodotObjects/Node.cs:2660)
       [6] bool Godot.CanvasLayer.InvokeGodotClassMethod(Godot.NativeInterop.godot_string_name&, Godot.NativeInterop.NativeVariantPtrArgs, Godot.NativeInterop.godot_variant&) (/root/godot/modules/mono/glue/GodotSharp/GodotSharp/Generated/GodotObjects/CanvasLayer.cs:417)
       [7] bool Trackstorm.Client.Hud.CombatHud.InvokeGodotClassMethod(Godot.NativeInterop.godot_string_name&, Godot.NativeInterop.NativeVariantPtrArgs, Godot.NativeInterop.godot_variant&) (C:\Users\orsin\OneDrive\Desktop\ThanTrick\Trackstorm\.godot\mono\temp\obj\Debug\Godot.SourceGenerators\Godot.SourceGenerators.ScriptMethodsGenerator\Trackstorm.Client.Hud.CombatHud_ScriptMethods.generated.cs:100)
       [8] Godot.NativeInterop.godot_bool Godot.Bridge.CSharpInstanceBridge.Call(nint, Godot.NativeInterop.godot_string_name*, Godot.NativeInterop.godot_variant**, int, Godot.NativeInterop.godot_variant_call_error*, Godot.NativeInterop.godot_variant*) (/root/godot/modules/mono/glue/GodotSharp/GodotSharp/Core/Bridge/CSharpInstanceBridge.cs:24)
       [9] void Godot.NativeInterop.NativeFuncs.godotsharp_method_bind_ptrcall(nint, nint, System.Void**, System.Void*) (/root/godot/modules/mono/glue/GodotSharp/GodotSharp/Godot.SourceGenerators.Internal/Godot.SourceGenerators.Internal.UnmanagedCallbacksGenerator/Godot.NativeInterop.NativeFuncs.generated.cs:380)
       [10] void Godot.NativeCalls.godot_icall_3_912(nint, nint, nint, Godot.NativeInterop.godot_bool, int) (/root/godot/modules/mono/glue/GodotSharp/GodotSharp/Generated/NativeCalls.cs:8061)
       [11] void Godot.Node.AddChild(Godot.Node, bool, Godot.Node+InternalMode) (/root/godot/modules/mono/glue/GodotSharp/GodotSharp/Generated/GodotObjects/Node.cs:848)
       [12] void Trackstorm.Client.Verification.ItemSpawnIntegrationChecks._Ready() (C:\Users\orsin\OneDrive\Desktop\ThanTrick\Trackstorm\code\Client\Verification\ItemSpawnIntegrationChecks.cs:79)
       [13] bool Godot.Node.InvokeGodotClassMethod(Godot.NativeInterop.godot_string_name&, Godot.NativeInterop.NativeVariantPtrArgs, Godot.NativeInterop.godot_variant&) (/root/godot/modules/mono/glue/GodotSharp/GodotSharp/Generated/GodotObjects/Node.cs:2660)
       [14] bool Trackstorm.Client.Verification.ItemSpawnIntegrationChecks.InvokeGodotClassMethod(Godot.NativeInterop.godot_string_name&, Godot.NativeInterop.NativeVariantPtrArgs, Godot.NativeInterop.godot_variant&) (C:\Users\orsin\OneDrive\Desktop\ThanTrick\Trackstorm\.godot\mono\temp\obj\Debug\Godot.SourceGenerators\Godot.SourceGenerators.ScriptMethodsGenerator\Trackstorm.Client.Verification.ItemSpawnIntegrationChecks_ScriptMethods.generated.cs:110)
       [15] Godot.NativeInterop.godot_bool Godot.Bridge.CSharpInstanceBridge.Call(nint, Godot.NativeInterop.godot_string_name*, Godot.NativeInterop.godot_variant**, int, Godot.NativeInterop.godot_variant_call_error*, Godot.NativeInterop.godot_variant*) (/root/godot/modules/mono/glue/GodotSharp/GodotSharp/Core/Bridge/CSharpInstanceBridge.cs:24)
ERROR: Error loading resource: 'res://assets/hud/Nitro.svg'.
   at: load (core/core_bind.cpp:82)
   C# backtrace (most recent call first):
       [0] Godot.GodotObject Godot.NativeCalls.godot_icall_3_1268(nint, nint, string, string, int) (/root/godot/modules/mono/glue/GodotSharp/GodotSharp/Generated/NativeCalls.cs:11611)
       [1] Godot.Resource Godot.ResourceLoader.Load(string, string, Godot.ResourceLoader+CacheMode) (/root/godot/modules/mono/glue/GodotSharp/GodotSharp/Generated/GodotObjects/ResourceLoader.cs:120)
       [2] T Godot.ResourceLoader.Load<T>(string, string, Godot.ResourceLoader+CacheMode) (/root/godot/modules/mono/glue/GodotSharp/GodotSharp/Core/Extensions/ResourceLoaderExtensions.cs:27)
       [3] T Godot.GD.Load<T>(string) (/root/godot/modules/mono/glue/GodotSharp/GodotSharp/Core/GD.cs:129)
       [4] void Trackstorm.Client.Hud.CombatHud._Ready() (C:\Users\orsin\OneDrive\Desktop\ThanTrick\Trackstorm\code\Client\Hud\CombatHud.cs:80)
       [5] bool Godot.Node.InvokeGodotClassMethod(Godot.NativeInterop.godot_string_name&, Godot.NativeInterop.NativeVariantPtrArgs, Godot.NativeInterop.godot_variant&) (/root/godot/modules/mono/glue/GodotSharp/GodotSharp/Generated/GodotObjects/Node.cs:2660)
       [6] bool Godot.CanvasLayer.InvokeGodotClassMethod(Godot.NativeInterop.godot_string_name&, Godot.NativeInterop.NativeVariantPtrArgs, Godot.NativeInterop.godot_variant&) (/root/godot/modules/mono/glue/GodotSharp/GodotSharp/Generated/GodotObjects/CanvasLayer.cs:417)
       [7] bool Trackstorm.Client.Hud.CombatHud.InvokeGodotClassMethod(Godot.NativeInterop.godot_string_name&, Godot.NativeInterop.NativeVariantPtrArgs, Godot.NativeInterop.godot_variant&) (C:\Users\orsin\OneDrive\Desktop\ThanTrick\Trackstorm\.godot\mono\temp\obj\Debug\Godot.SourceGenerators\Godot.SourceGenerators.ScriptMethodsGenerator\Trackstorm.Client.Hud.CombatHud_ScriptMethods.generated.cs:100)
       [8] Godot.NativeInterop.godot_bool Godot.Bridge.CSharpInstanceBridge.Call(nint, Godot.NativeInterop.godot_string_name*, Godot.NativeInterop.godot_variant**, int, Godot.NativeInterop.godot_variant_call_error*, Godot.NativeInterop.godot_variant*) (/root/godot/modules/mono/glue/GodotSharp/GodotSharp/Core/Bridge/CSharpInstanceBridge.cs:24)
       [9] void Godot.NativeInterop.NativeFuncs.godotsharp_method_bind_ptrcall(nint, nint, System.Void**, System.Void*) (/root/godot/modules/mono/glue/GodotSharp/GodotSharp/Godot.SourceGenerators.Internal/Godot.SourceGenerators.Internal.UnmanagedCallbacksGenerator/Godot.NativeInterop.NativeFuncs.generated.cs:380)
       [10] void Godot.NativeCalls.godot_icall_3_912(nint, nint, nint, Godot.NativeInterop.godot_bool, int) (/root/godot/modules/mono/glue/GodotSharp/GodotSharp/Generated/NativeCalls.cs:8061)
       [11] void Godot.Node.AddChild(Godot.Node, bool, Godot.Node+InternalMode) (/root/godot/modules/mono/glue/GodotSharp/GodotSharp/Generated/GodotObjects/Node.cs:848)
       [12] void Trackstorm.Client.Verification.ItemSpawnIntegrationChecks._Ready() (C:\Users\orsin\OneDrive\Desktop\ThanTrick\Trackstorm\code\Client\Verification\ItemSpawnIntegrationChecks.cs:79)
       [13] bool Godot.Node.InvokeGodotClassMethod(Godot.NativeInterop.godot_string_name&, Godot.NativeInterop.NativeVariantPtrArgs, Godot.NativeInterop.godot_variant&) (/root/godot/modules/mono/glue/GodotSharp/GodotSharp/Generated/GodotObjects/Node.cs:2660)
       [14] bool Trackstorm.Client.Verification.ItemSpawnIntegrationChecks.InvokeGodotClassMethod(Godot.NativeInterop.godot_string_name&, Godot.NativeInterop.NativeVariantPtrArgs, Godot.NativeInterop.godot_variant&) (C:\Users\orsin\OneDrive\Desktop\ThanTrick\Trackstorm\.godot\mono\temp\obj\Debug\Godot.SourceGenerators\Godot.SourceGenerators.ScriptMethodsGenerator\Trackstorm.Client.Verification.ItemSpawnIntegrationChecks_ScriptMethods.generated.cs:110)
       [15] Godot.NativeInterop.godot_bool Godot.Bridge.CSharpInstanceBridge.Call(nint, Godot.NativeInterop.godot_string_name*, Godot.NativeInterop.godot_variant**, int, Godot.NativeInterop.godot_variant_call_error*, Godot.NativeInterop.godot_variant*) (/root/godot/modules/mono/glue/GodotSharp/GodotSharp/Core/Bridge/CSharpInstanceBridge.cs:24)
ERROR: No loader found for resource: res://assets/hud/Oil.svg (expected type: unknown)
   at: _load (core/io/resource_loader.cpp:332)
   C# backtrace (most recent call first):
       [0] Godot.GodotObject Godot.NativeCalls.godot_icall_3_1268(nint, nint, string, string, int) (/root/godot/modules/mono/glue/GodotSharp/GodotSharp/Generated/NativeCalls.cs:11611)
       [1] Godot.Resource Godot.ResourceLoader.Load(string, string, Godot.ResourceLoader+CacheMode) (/root/godot/modules/mono/glue/GodotSharp/GodotSharp/Generated/GodotObjects/ResourceLoader.cs:120)
       [2] T Godot.ResourceLoader.Load<T>(string, string, Godot.ResourceLoader+CacheMode) (/root/godot/modules/mono/glue/GodotSharp/GodotSharp/Core/Extensions/ResourceLoaderExtensions.cs:27)
       [3] T Godot.GD.Load<T>(string) (/root/godot/modules/mono/glue/GodotSharp/GodotSharp/Core/GD.cs:129)
       [4] void Trackstorm.Client.Hud.CombatHud._Ready() (C:\Users\orsin\OneDrive\Desktop\ThanTrick\Trackstorm\code\Client\Hud\CombatHud.cs:80)
       [5] bool Godot.Node.InvokeGodotClassMethod(Godot.NativeInterop.godot_string_name&, Godot.NativeInterop.NativeVariantPtrArgs, Godot.NativeInterop.godot_variant&) (/root/godot/modules/mono/glue/GodotSharp/GodotSharp/Generated/GodotObjects/Node.cs:2660)
       [6] bool Godot.CanvasLayer.InvokeGodotClassMethod(Godot.NativeInterop.godot_string_name&, Godot.NativeInterop.NativeVariantPtrArgs, Godot.NativeInterop.godot_variant&) (/root/godot/modules/mono/glue/GodotSharp/GodotSharp/Generated/GodotObjects/CanvasLayer.cs:417)
       [7] bool Trackstorm.Client.Hud.CombatHud.InvokeGodotClassMethod(Godot.NativeInterop.godot_string_name&, Godot.NativeInterop.NativeVariantPtrArgs, Godot.NativeInterop.godot_variant&) (C:\Users\orsin\OneDrive\Desktop\ThanTrick\Trackstorm\.godot\mono\temp\obj\Debug\Godot.SourceGenerators\Godot.SourceGenerators.ScriptMethodsGenerator\Trackstorm.Client.Hud.CombatHud_ScriptMethods.generated.cs:100)
       [8] Godot.NativeInterop.godot_bool Godot.Bridge.CSharpInstanceBridge.Call(nint, Godot.NativeInterop.godot_string_name*, Godot.NativeInterop.godot_variant**, int, Godot.NativeInterop.godot_variant_call_error*, Godot.NativeInterop.godot_variant*) (/root/godot/modules/mono/glue/GodotSharp/GodotSharp/Core/Bridge/CSharpInstanceBridge.cs:24)
       [9] void Godot.NativeInterop.NativeFuncs.godotsharp_method_bind_ptrcall(nint, nint, System.Void**, System.Void*) (/root/godot/modules/mono/glue/GodotSharp/GodotSharp/Godot.SourceGenerators.Internal/Godot.SourceGenerators.Internal.UnmanagedCallbacksGenerator/Godot.NativeInterop.NativeFuncs.generated.cs:380)
       [10] void Godot.NativeCalls.godot_icall_3_912(nint, nint, nint, Godot.NativeInterop.godot_bool, int) (/root/godot/modules/mono/glue/GodotSharp/GodotSharp/Generated/NativeCalls.cs:8061)
       [11] void Godot.Node.AddChild(Godot.Node, bool, Godot.Node+InternalMode) (/root/godot/modules/mono/glue/GodotSharp/GodotSharp/Generated/GodotObjects/Node.cs:848)
       [12] void Trackstorm.Client.Verification.ItemSpawnIntegrationChecks._Ready() (C:\Users\orsin\OneDrive\Desktop\ThanTrick\Trackstorm\code\Client\Verification\ItemSpawnIntegrationChecks.cs:79)
       [13] bool Godot.Node.InvokeGodotClassMethod(Godot.NativeInterop.godot_string_name&, Godot.NativeInterop.NativeVariantPtrArgs, Godot.NativeInterop.godot_variant&) (/root/godot/modules/mono/glue/GodotSharp/GodotSharp/Generated/GodotObjects/Node.cs:2660)
       [14] bool Trackstorm.Client.Verification.ItemSpawnIntegrationChecks.InvokeGodotClassMethod(Godot.NativeInterop.godot_string_name&, Godot.NativeInterop.NativeVariantPtrArgs, Godot.NativeInterop.godot_variant&) (C:\Users\orsin\OneDrive\Desktop\ThanTrick\Trackstorm\.godot\mono\temp\obj\Debug\Godot.SourceGenerators\Godot.SourceGenerators.ScriptMethodsGenerator\Trackstorm.Client.Verification.ItemSpawnIntegrationChecks_ScriptMethods.generated.cs:110)
       [15] Godot.NativeInterop.godot_bool Godot.Bridge.CSharpInstanceBridge.Call(nint, Godot.NativeInterop.godot_string_name*, Godot.NativeInterop.godot_variant**, int, Godot.NativeInterop.godot_variant_call_error*, Godot.NativeInterop.godot_variant*) (/root/godot/modules/mono/glue/GodotSharp/GodotSharp/Core/Bridge/CSharpInstanceBridge.cs:24)
ERROR: Error loading resource: 'res://assets/hud/Oil.svg'.
   at: load (core/core_bind.cpp:82)
   C# backtrace (most recent call first):
       [0] Godot.GodotObject Godot.NativeCalls.godot_icall_3_1268(nint, nint, string, string, int) (/root/godot/modules/mono/glue/GodotSharp/GodotSharp/Generated/NativeCalls.cs:11611)
       [1] Godot.Resource Godot.ResourceLoader.Load(string, string, Godot.ResourceLoader+CacheMode) (/root/godot/modules/mono/glue/GodotSharp/GodotSharp/Generated/GodotObjects/ResourceLoader.cs:120)
       [2] T Godot.ResourceLoader.Load<T>(string, string, Godot.ResourceLoader+CacheMode) (/root/godot/modules/mono/glue/GodotSharp/GodotSharp/Core/Extensions/ResourceLoaderExtensions.cs:27)
       [3] T Godot.GD.Load<T>(string) (/root/godot/modules/mono/glue/GodotSharp/GodotSharp/Core/GD.cs:129)
       [4] void Trackstorm.Client.Hud.CombatHud._Ready() (C:\Users\orsin\OneDrive\Desktop\ThanTrick\Trackstorm\code\Client\Hud\CombatHud.cs:80)
       [5] bool Godot.Node.InvokeGodotClassMethod(Godot.NativeInterop.godot_string_name&, Godot.NativeInterop.NativeVariantPtrArgs, Godot.NativeInterop.godot_variant&) (/root/godot/modules/mono/glue/GodotSharp/GodotSharp/Generated/GodotObjects/Node.cs:2660)
       [6] bool Godot.CanvasLayer.InvokeGodotClassMethod(Godot.NativeInterop.godot_string_name&, Godot.NativeInterop.NativeVariantPtrArgs, Godot.NativeInterop.godot_variant&) (/root/godot/modules/mono/glue/GodotSharp/GodotSharp/Generated/GodotObjects/CanvasLayer.cs:417)
       [7] bool Trackstorm.Client.Hud.CombatHud.InvokeGodotClassMethod(Godot.NativeInterop.godot_string_name&, Godot.NativeInterop.NativeVariantPtrArgs, Godot.NativeInterop.godot_variant&) (C:\Users\orsin\OneDrive\Desktop\ThanTrick\Trackstorm\.godot\mono\temp\obj\Debug\Godot.SourceGenerators\Godot.SourceGenerators.ScriptMethodsGenerator\Trackstorm.Client.Hud.CombatHud_ScriptMethods.generated.cs:100)
       [8] Godot.NativeInterop.godot_bool Godot.Bridge.CSharpInstanceBridge.Call(nint, Godot.NativeInterop.godot_string_name*, Godot.NativeInterop.godot_variant**, int, Godot.NativeInterop.godot_variant_call_error*, Godot.NativeInterop.godot_variant*) (/root/godot/modules/mono/glue/GodotSharp/GodotSharp/Core/Bridge/CSharpInstanceBridge.cs:24)
       [9] void Godot.NativeInterop.NativeFuncs.godotsharp_method_bind_ptrcall(nint, nint, System.Void**, System.Void*) (/root/godot/modules/mono/glue/GodotSharp/GodotSharp/Godot.SourceGenerators.Internal/Godot.SourceGenerators.Internal.UnmanagedCallbacksGenerator/Godot.NativeInterop.NativeFuncs.generated.cs:380)
       [10] void Godot.NativeCalls.godot_icall_3_912(nint, nint, nint, Godot.NativeInterop.godot_bool, int) (/root/godot/modules/mono/glue/GodotSharp/GodotSharp/Generated/NativeCalls.cs:8061)
       [11] void Godot.Node.AddChild(Godot.Node, bool, Godot.Node+InternalMode) (/root/godot/modules/mono/glue/GodotSharp/GodotSharp/Generated/GodotObjects/Node.cs:848)
       [12] void Trackstorm.Client.Verification.ItemSpawnIntegrationChecks._Ready() (C:\Users\orsin\OneDrive\Desktop\ThanTrick\Trackstorm\code\Client\Verification\ItemSpawnIntegrationChecks.cs:79)
       [13] bool Godot.Node.InvokeGodotClassMethod(Godot.NativeInterop.godot_string_name&, Godot.NativeInterop.NativeVariantPtrArgs, Godot.NativeInterop.godot_variant&) (/root/godot/modules/mono/glue/GodotSharp/GodotSharp/Generated/GodotObjects/Node.cs:2660)
       [14] bool Trackstorm.Client.Verification.ItemSpawnIntegrationChecks.InvokeGodotClassMethod(Godot.NativeInterop.godot_string_name&, Godot.NativeInterop.NativeVariantPtrArgs, Godot.NativeInterop.godot_variant&) (C:\Users\orsin\OneDrive\Desktop\ThanTrick\Trackstorm\.godot\mono\temp\obj\Debug\Godot.SourceGenerators\Godot.SourceGenerators.ScriptMethodsGenerator\Trackstorm.Client.Verification.ItemSpawnIntegrationChecks_ScriptMethods.generated.cs:110)
       [15] Godot.NativeInterop.godot_bool Godot.Bridge.CSharpInstanceBridge.Call(nint, Godot.NativeInterop.godot_string_name*, Godot.NativeInterop.godot_variant**, int, Godot.NativeInterop.godot_variant_call_error*, Godot.NativeInterop.godot_variant*) (/root/godot/modules/mono/glue/GodotSharp/GodotSharp/Core/Bridge/CSharpInstanceBridge.cs:24)
ERROR: No loader found for resource: res://assets/hud/Nitro.svg (expected type: unknown)
   at: _load (core/io/resource_loader.cpp:332)
   C# backtrace (most recent call first):
       [0] Godot.GodotObject Godot.NativeCalls.godot_icall_3_1268(nint, nint, string, string, int) (/root/godot/modules/mono/glue/GodotSharp/GodotSharp/Generated/NativeCalls.cs:11611)
       [1] Godot.Resource Godot.ResourceLoader.Load(string, string, Godot.ResourceLoader+CacheMode) (/root/godot/modules/mono/glue/GodotSharp/GodotSharp/Generated/GodotObjects/ResourceLoader.cs:120)
       [2] T Godot.ResourceLoader.Load<T>(string, string, Godot.ResourceLoader+CacheMode) (/root/godot/modules/mono/glue/GodotSharp/GodotSharp/Core/Extensions/ResourceLoaderExtensions.cs:27)
       [3] T Godot.GD.Load<T>(string) (/root/godot/modules/mono/glue/GodotSharp/GodotSharp/Core/GD.cs:129)
       [4] void Trackstorm.Client.Hud.CombatHud._Ready() (C:\Users\orsin\OneDrive\Desktop\ThanTrick\Trackstorm\code\Client\Hud\CombatHud.cs:80)
       [5] bool Godot.Node.InvokeGodotClassMethod(Godot.NativeInterop.godot_string_name&, Godot.NativeInterop.NativeVariantPtrArgs, Godot.NativeInterop.godot_variant&) (/root/godot/modules/mono/glue/GodotSharp/GodotSharp/Generated/GodotObjects/Node.cs:2660)
       [6] bool Godot.CanvasLayer.InvokeGodotClassMethod(Godot.NativeInterop.godot_string_name&, Godot.NativeInterop.NativeVariantPtrArgs, Godot.NativeInterop.godot_variant&) (/root/godot/modules/mono/glue/GodotSharp/GodotSharp/Generated/GodotObjects/CanvasLayer.cs:417)
       [7] bool Trackstorm.Client.Hud.CombatHud.InvokeGodotClassMethod(Godot.NativeInterop.godot_string_name&, Godot.NativeInterop.NativeVariantPtrArgs, Godot.NativeInterop.godot_variant&) (C:\Users\orsin\OneDrive\Desktop\ThanTrick\Trackstorm\.godot\mono\temp\obj\Debug\Godot.SourceGenerators\Godot.SourceGenerators.ScriptMethodsGenerator\Trackstorm.Client.Hud.CombatHud_ScriptMethods.generated.cs:100)
       [8] Godot.NativeInterop.godot_bool Godot.Bridge.CSharpInstanceBridge.Call(nint, Godot.NativeInterop.godot_string_name*, Godot.NativeInterop.godot_variant**, int, Godot.NativeInterop.godot_variant_call_error*, Godot.NativeInterop.godot_variant*) (/root/godot/modules/mono/glue/GodotSharp/GodotSharp/Core/Bridge/CSharpInstanceBridge.cs:24)
       [9] void Godot.NativeInterop.NativeFuncs.godotsharp_method_bind_ptrcall(nint, nint, System.Void**, System.Void*) (/root/godot/modules/mono/glue/GodotSharp/GodotSharp/Godot.SourceGenerators.Internal/Godot.SourceGenerators.Internal.UnmanagedCallbacksGenerator/Godot.NativeInterop.NativeFuncs.generated.cs:380)
       [10] void Godot.NativeCalls.godot_icall_3_912(nint, nint, nint, Godot.NativeInterop.godot_bool, int) (/root/godot/modules/mono/glue/GodotSharp/GodotSharp/Generated/NativeCalls.cs:8061)
       [11] void Godot.Node.AddChild(Godot.Node, bool, Godot.Node+InternalMode) (/root/godot/modules/mono/glue/GodotSharp/GodotSharp/Generated/GodotObjects/Node.cs:848)
       [12] void Trackstorm.Client.Verification.ItemSpawnIntegrationChecks._Ready() (C:\Users\orsin\OneDrive\Desktop\ThanTrick\Trackstorm\code\Client\Verification\ItemSpawnIntegrationChecks.cs:79)
       [13] bool Godot.Node.InvokeGodotClassMethod(Godot.NativeInterop.godot_string_name&, Godot.NativeInterop.NativeVariantPtrArgs, Godot.NativeInterop.godot_variant&) (/root/godot/modules/mono/glue/GodotSharp/GodotSharp/Generated/GodotObjects/Node.cs:2660)
       [14] bool Trackstorm.Client.Verification.ItemSpawnIntegrationChecks.InvokeGodotClassMethod(Godot.NativeInterop.godot_string_name&, Godot.NativeInterop.NativeVariantPtrArgs, Godot.NativeInterop.godot_variant&) (C:\Users\orsin\OneDrive\Desktop\ThanTrick\Trackstorm\.godot\mono\temp\obj\Debug\Godot.SourceGenerators\Godot.SourceGenerators.ScriptMethodsGenerator\Trackstorm.Client.Verification.ItemSpawnIntegrationChecks_ScriptMethods.generated.cs:110)
       [15] Godot.NativeInterop.godot_bool Godot.Bridge.CSharpInstanceBridge.Call(nint, Godot.NativeInterop.godot_string_name*, Godot.NativeInterop.godot_variant**, int, Godot.NativeInterop.godot_variant_call_error*, Godot.NativeInterop.godot_variant*) (/root/godot/modules/mono/glue/GodotSharp/GodotSharp/Core/Bridge/CSharpInstanceBridge.cs:24)
ERROR: Error loading resource: 'res://assets/hud/Nitro.svg'.
   at: load (core/core_bind.cpp:82)
   C# backtrace (most recent call first):
       [0] Godot.GodotObject Godot.NativeCalls.godot_icall_3_1268(nint, nint, string, string, int) (/root/godot/modules/mono/glue/GodotSharp/GodotSharp/Generated/NativeCalls.cs:11611)
       [1] Godot.Resource Godot.ResourceLoader.Load(string, string, Godot.ResourceLoader+CacheMode) (/root/godot/modules/mono/glue/GodotSharp/GodotSharp/Generated/GodotObjects/ResourceLoader.cs:120)
       [2] T Godot.ResourceLoader.Load<T>(string, string, Godot.ResourceLoader+CacheMode) (/root/godot/modules/mono/glue/GodotSharp/GodotSharp/Core/Extensions/ResourceLoaderExtensions.cs:27)
       [3] T Godot.GD.Load<T>(string) (/root/godot/modules/mono/glue/GodotSharp/GodotSharp/Core/GD.cs:129)
       [4] void Trackstorm.Client.Hud.CombatHud._Ready() (C:\Users\orsin\OneDrive\Desktop\ThanTrick\Trackstorm\code\Client\Hud\CombatHud.cs:80)
       [5] bool Godot.Node.InvokeGodotClassMethod(Godot.NativeInterop.godot_string_name&, Godot.NativeInterop.NativeVariantPtrArgs, Godot.NativeInterop.godot_variant&) (/root/godot/modules/mono/glue/GodotSharp/GodotSharp/Generated/GodotObjects/Node.cs:2660)
       [6] bool Godot.CanvasLayer.InvokeGodotClassMethod(Godot.NativeInterop.godot_string_name&, Godot.NativeInterop.NativeVariantPtrArgs, Godot.NativeInterop.godot_variant&) (/root/godot/modules/mono/glue/GodotSharp/GodotSharp/Generated/GodotObjects/CanvasLayer.cs:417)
       [7] bool Trackstorm.Client.Hud.CombatHud.InvokeGodotClassMethod(Godot.NativeInterop.godot_string_name&, Godot.NativeInterop.NativeVariantPtrArgs, Godot.NativeInterop.godot_variant&) (C:\Users\orsin\OneDrive\Desktop\ThanTrick\Trackstorm\.godot\mono\temp\obj\Debug\Godot.SourceGenerators\Godot.SourceGenerators.ScriptMethodsGenerator\Trackstorm.Client.Hud.CombatHud_ScriptMethods.generated.cs:100)
       [8] Godot.NativeInterop.godot_bool Godot.Bridge.CSharpInstanceBridge.Call(nint, Godot.NativeInterop.godot_string_name*, Godot.NativeInterop.godot_variant**, int, Godot.NativeInterop.godot_variant_call_error*, Godot.NativeInterop.godot_variant*) (/root/godot/modules/mono/glue/GodotSharp/GodotSharp/Core/Bridge/CSharpInstanceBridge.cs:24)
       [9] void Godot.NativeInterop.NativeFuncs.godotsharp_method_bind_ptrcall(nint, nint, System.Void**, System.Void*) (/root/godot/modules/mono/glue/GodotSharp/GodotSharp/Godot.SourceGenerators.Internal/Godot.SourceGenerators.Internal.UnmanagedCallbacksGenerator/Godot.NativeInterop.NativeFuncs.generated.cs:380)
       [10] void Godot.NativeCalls.godot_icall_3_912(nint, nint, nint, Godot.NativeInterop.godot_bool, int) (/root/godot/modules/mono/glue/GodotSharp/GodotSharp/Generated/NativeCalls.cs:8061)
       [11] void Godot.Node.AddChild(Godot.Node, bool, Godot.Node+InternalMode) (/root/godot/modules/mono/glue/GodotSharp/GodotSharp/Generated/GodotObjects/Node.cs:848)
       [12] void Trackstorm.Client.Verification.ItemSpawnIntegrationChecks._Ready() (C:\Users\orsin\OneDrive\Desktop\ThanTrick\Trackstorm\code\Client\Verification\ItemSpawnIntegrationChecks.cs:79)
       [13] bool Godot.Node.InvokeGodotClassMethod(Godot.NativeInterop.godot_string_name&, Godot.NativeInterop.NativeVariantPtrArgs, Godot.NativeInterop.godot_variant&) (/root/godot/modules/mono/glue/GodotSharp/GodotSharp/Generated/GodotObjects/Node.cs:2660)
       [14] bool Trackstorm.Client.Verification.ItemSpawnIntegrationChecks.InvokeGodotClassMethod(Godot.NativeInterop.godot_string_name&, Godot.NativeInterop.NativeVariantPtrArgs, Godot.NativeInterop.godot_variant&) (C:\Users\orsin\OneDrive\Desktop\ThanTrick\Trackstorm\.godot\mono\temp\obj\Debug\Godot.SourceGenerators\Godot.SourceGenerators.ScriptMethodsGenerator\Trackstorm.Client.Verification.ItemSpawnIntegrationChecks_ScriptMethods.generated.cs:110)
       [15] Godot.NativeInterop.godot_bool Godot.Bridge.CSharpInstanceBridge.Call(nint, Godot.NativeInterop.godot_string_name*, Godot.NativeInterop.godot_variant**, int, Godot.NativeInterop.godot_variant_call_error*, Godot.NativeInterop.godot_variant*) (/root/godot/modules/mono/glue/GodotSharp/GodotSharp/Core/Bridge/CSharpInstanceBridge.cs:24)
ERROR: No loader found for resource: res://assets/hud/Oil.svg (expected type: unknown)
   at: _load (core/io/resource_loader.cpp:332)
   C# backtrace (most recent call first):
       [0] Godot.GodotObject Godot.NativeCalls.godot_icall_3_1268(nint, nint, string, string, int) (/root/godot/modules/mono/glue/GodotSharp/GodotSharp/Generated/NativeCalls.cs:11611)
       [1] Godot.Resource Godot.ResourceLoader.Load(string, string, Godot.ResourceLoader+CacheMode) (/root/godot/modules/mono/glue/GodotSharp/GodotSharp/Generated/GodotObjects/ResourceLoader.cs:120)
       [2] T Godot.ResourceLoader.Load<T>(string, string, Godot.ResourceLoader+CacheMode) (/root/godot/modules/mono/glue/GodotSharp/GodotSharp/Core/Extensions/ResourceLoaderExtensions.cs:27)
       [3] T Godot.GD.Load<T>(string) (/root/godot/modules/mono/glue/GodotSharp/GodotSharp/Core/GD.cs:129)
       [4] void Trackstorm.Client.Hud.CombatHud._Ready() (C:\Users\orsin\OneDrive\Desktop\ThanTrick\Trackstorm\code\Client\Hud\CombatHud.cs:80)
       [5] bool Godot.Node.InvokeGodotClassMethod(Godot.NativeInterop.godot_string_name&, Godot.NativeInterop.NativeVariantPtrArgs, Godot.NativeInterop.godot_variant&) (/root/godot/modules/mono/glue/GodotSharp/GodotSharp/Generated/GodotObjects/Node.cs:2660)
       [6] bool Godot.CanvasLayer.InvokeGodotClassMethod(Godot.NativeInterop.godot_string_name&, Godot.NativeInterop.NativeVariantPtrArgs, Godot.NativeInterop.godot_variant&) (/root/godot/modules/mono/glue/GodotSharp/GodotSharp/Generated/GodotObjects/CanvasLayer.cs:417)
       [7] bool Trackstorm.Client.Hud.CombatHud.InvokeGodotClassMethod(Godot.NativeInterop.godot_string_name&, Godot.NativeInterop.NativeVariantPtrArgs, Godot.NativeInterop.godot_variant&) (C:\Users\orsin\OneDrive\Desktop\ThanTrick\Trackstorm\.godot\mono\temp\obj\Debug\Godot.SourceGenerators\Godot.SourceGenerators.ScriptMethodsGenerator\Trackstorm.Client.Hud.CombatHud_ScriptMethods.generated.cs:100)
       [8] Godot.NativeInterop.godot_bool Godot.Bridge.CSharpInstanceBridge.Call(nint, Godot.NativeInterop.godot_string_name*, Godot.NativeInterop.godot_variant**, int, Godot.NativeInterop.godot_variant_call_error*, Godot.NativeInterop.godot_variant*) (/root/godot/modules/mono/glue/GodotSharp/GodotSharp/Core/Bridge/CSharpInstanceBridge.cs:24)
       [9] void Godot.NativeInterop.NativeFuncs.godotsharp_method_bind_ptrcall(nint, nint, System.Void**, System.Void*) (/root/godot/modules/mono/glue/GodotSharp/GodotSharp/Godot.SourceGenerators.Internal/Godot.SourceGenerators.Internal.UnmanagedCallbacksGenerator/Godot.NativeInterop.NativeFuncs.generated.cs:380)
       [10] void Godot.NativeCalls.godot_icall_3_912(nint, nint, nint, Godot.NativeInterop.godot_bool, int) (/root/godot/modules/mono/glue/GodotSharp/GodotSharp/Generated/NativeCalls.cs:8061)
       [11] void Godot.Node.AddChild(Godot.Node, bool, Godot.Node+InternalMode) (/root/godot/modules/mono/glue/GodotSharp/GodotSharp/Generated/GodotObjects/Node.cs:848)
       [12] void Trackstorm.Client.Verification.ItemSpawnIntegrationChecks._Ready() (C:\Users\orsin\OneDrive\Desktop\ThanTrick\Trackstorm\code\Client\Verification\ItemSpawnIntegrationChecks.cs:79)
       [13] bool Godot.Node.InvokeGodotClassMethod(Godot.NativeInterop.godot_string_name&, Godot.NativeInterop.NativeVariantPtrArgs, Godot.NativeInterop.godot_variant&) (/root/godot/modules/mono/glue/GodotSharp/GodotSharp/Generated/GodotObjects/Node.cs:2660)
       [14] bool Trackstorm.Client.Verification.ItemSpawnIntegrationChecks.InvokeGodotClassMethod(Godot.NativeInterop.godot_string_name&, Godot.NativeInterop.NativeVariantPtrArgs, Godot.NativeInterop.godot_variant&) (C:\Users\orsin\OneDrive\Desktop\ThanTrick\Trackstorm\.godot\mono\temp\obj\Debug\Godot.SourceGenerators\Godot.SourceGenerators.ScriptMethodsGenerator\Trackstorm.Client.Verification.ItemSpawnIntegrationChecks_ScriptMethods.generated.cs:110)
       [15] Godot.NativeInterop.godot_bool Godot.Bridge.CSharpInstanceBridge.Call(nint, Godot.NativeInterop.godot_string_name*, Godot.NativeInterop.godot_variant**, int, Godot.NativeInterop.godot_variant_call_error*, Godot.NativeInterop.godot_variant*) (/root/godot/modules/mono/glue/GodotSharp/GodotSharp/Core/Bridge/CSharpInstanceBridge.cs:24)
ERROR: Error loading resource: 'res://assets/hud/Oil.svg'.
   at: load (core/core_bind.cpp:82)
   C# backtrace (most recent call first):
       [0] Godot.GodotObject Godot.NativeCalls.godot_icall_3_1268(nint, nint, string, string, int) (/root/godot/modules/mono/glue/GodotSharp/GodotSharp/Generated/NativeCalls.cs:11611)
       [1] Godot.Resource Godot.ResourceLoader.Load(string, string, Godot.ResourceLoader+CacheMode) (/root/godot/modules/mono/glue/GodotSharp/GodotSharp/Generated/GodotObjects/ResourceLoader.cs:120)
       [2] T Godot.ResourceLoader.Load<T>(string, string, Godot.ResourceLoader+CacheMode) (/root/godot/modules/mono/glue/GodotSharp/GodotSharp/Core/Extensions/ResourceLoaderExtensions.cs:27)
       [3] T Godot.GD.Load<T>(string) (/root/godot/modules/mono/glue/GodotSharp/GodotSharp/Core/GD.cs:129)
       [4] void Trackstorm.Client.Hud.CombatHud._Ready() (C:\Users\orsin\OneDrive\Desktop\ThanTrick\Trackstorm\code\Client\Hud\CombatHud.cs:80)
       [5] bool Godot.Node.InvokeGodotClassMethod(Godot.NativeInterop.godot_string_name&, Godot.NativeInterop.NativeVariantPtrArgs, Godot.NativeInterop.godot_variant&) (/root/godot/modules/mono/glue/GodotSharp/GodotSharp/Generated/GodotObjects/Node.cs:2660)
       [6] bool Godot.CanvasLayer.InvokeGodotClassMethod(Godot.NativeInterop.godot_string_name&, Godot.NativeInterop.NativeVariantPtrArgs, Godot.NativeInterop.godot_variant&) (/root/godot/modules/mono/glue/GodotSharp/GodotSharp/Generated/GodotObjects/CanvasLayer.cs:417)
       [7] bool Trackstorm.Client.Hud.CombatHud.InvokeGodotClassMethod(Godot.NativeInterop.godot_string_name&, Godot.NativeInterop.NativeVariantPtrArgs, Godot.NativeInterop.godot_variant&) (C:\Users\orsin\OneDrive\Desktop\ThanTrick\Trackstorm\.godot\mono\temp\obj\Debug\Godot.SourceGenerators\Godot.SourceGenerators.ScriptMethodsGenerator\Trackstorm.Client.Hud.CombatHud_ScriptMethods.generated.cs:100)
       [8] Godot.NativeInterop.godot_bool Godot.Bridge.CSharpInstanceBridge.Call(nint, Godot.NativeInterop.godot_string_name*, Godot.NativeInterop.godot_variant**, int, Godot.NativeInterop.godot_variant_call_error*, Godot.NativeInterop.godot_variant*) (/root/godot/modules/mono/glue/GodotSharp/GodotSharp/Core/Bridge/CSharpInstanceBridge.cs:24)
       [9] void Godot.NativeInterop.NativeFuncs.godotsharp_method_bind_ptrcall(nint, nint, System.Void**, System.Void*) (/root/godot/modules/mono/glue/GodotSharp/GodotSharp/Godot.SourceGenerators.Internal/Godot.SourceGenerators.Internal.UnmanagedCallbacksGenerator/Godot.NativeInterop.NativeFuncs.generated.cs:380)
       [10] void Godot.NativeCalls.godot_icall_3_912(nint, nint, nint, Godot.NativeInterop.godot_bool, int) (/root/godot/modules/mono/glue/GodotSharp/GodotSharp/Generated/NativeCalls.cs:8061)
       [11] void Godot.Node.AddChild(Godot.Node, bool, Godot.Node+InternalMode) (/root/godot/modules/mono/glue/GodotSharp/GodotSharp/Generated/GodotObjects/Node.cs:848)
       [12] void Trackstorm.Client.Verification.ItemSpawnIntegrationChecks._Ready() (C:\Users\orsin\OneDrive\Desktop\ThanTrick\Trackstorm\code\Client\Verification\ItemSpawnIntegrationChecks.cs:79)
       [13] bool Godot.Node.InvokeGodotClassMethod(Godot.NativeInterop.godot_string_name&, Godot.NativeInterop.NativeVariantPtrArgs, Godot.NativeInterop.godot_variant&) (/root/godot/modules/mono/glue/GodotSharp/GodotSharp/Generated/GodotObjects/Node.cs:2660)
       [14] bool Trackstorm.Client.Verification.ItemSpawnIntegrationChecks.InvokeGodotClassMethod(Godot.NativeInterop.godot_string_name&, Godot.NativeInterop.NativeVariantPtrArgs, Godot.NativeInterop.godot_variant&) (C:\Users\orsin\OneDrive\Desktop\ThanTrick\Trackstorm\.godot\mono\temp\obj\Debug\Godot.SourceGenerators\Godot.SourceGenerators.ScriptMethodsGenerator\Trackstorm.Client.Verification.ItemSpawnIntegrationChecks_ScriptMethods.generated.cs:110)
       [15] Godot.NativeInterop.godot_bool Godot.Bridge.CSharpInstanceBridge.Call(nint, Godot.NativeInterop.godot_string_name*, Godot.NativeInterop.godot_variant**, int, Godot.NativeInterop.godot_variant_call_error*, Godot.NativeInterop.godot_variant*) (/root/godot/modules/mono/glue/GodotSharp/GodotSharp/Core/Bridge/CSharpInstanceBridge.cs:24)
ERROR: No loader found for resource: res://assets/hud/Nitro.svg (expected type: unknown)
   at: _load (core/io/resource_loader.cpp:332)
   C# backtrace (most recent call first):
       [0] Godot.GodotObject Godot.NativeCalls.godot_icall_3_1268(nint, nint, string, string, int) (/root/godot/modules/mono/glue/GodotSharp/GodotSharp/Generated/NativeCalls.cs:11611)
       [1] Godot.Resource Godot.ResourceLoader.Load(string, string, Godot.ResourceLoader+CacheMode) (/root/godot/modules/mono/glue/GodotSharp/GodotSharp/Generated/GodotObjects/ResourceLoader.cs:120)
       [2] T Godot.ResourceLoader.Load<T>(string, string, Godot.ResourceLoader+CacheMode) (/root/godot/modules/mono/glue/GodotSharp/GodotSharp/Core/Extensions/ResourceLoaderExtensions.cs:27)
       [3] T Godot.GD.Load<T>(string) (/root/godot/modules/mono/glue/GodotSharp/GodotSharp/Core/GD.cs:129)
       [4] void Trackstorm.Client.Hud.CombatHud._Ready() (C:\Users\orsin\OneDrive\Desktop\ThanTrick\Trackstorm\code\Client\Hud\CombatHud.cs:80)
       [5] bool Godot.Node.InvokeGodotClassMethod(Godot.NativeInterop.godot_string_name&, Godot.NativeInterop.NativeVariantPtrArgs, Godot.NativeInterop.godot_variant&) (/root/godot/modules/mono/glue/GodotSharp/GodotSharp/Generated/GodotObjects/Node.cs:2660)
       [6] bool Godot.CanvasLayer.InvokeGodotClassMethod(Godot.NativeInterop.godot_string_name&, Godot.NativeInterop.NativeVariantPtrArgs, Godot.NativeInterop.godot_variant&) (/root/godot/modules/mono/glue/GodotSharp/GodotSharp/Generated/GodotObjects/CanvasLayer.cs:417)
       [7] bool Trackstorm.Client.Hud.CombatHud.InvokeGodotClassMethod(Godot.NativeInterop.godot_string_name&, Godot.NativeInterop.NativeVariantPtrArgs, Godot.NativeInterop.godot_variant&) (C:\Users\orsin\OneDrive\Desktop\ThanTrick\Trackstorm\.godot\mono\temp\obj\Debug\Godot.SourceGenerators\Godot.SourceGenerators.ScriptMethodsGenerator\Trackstorm.Client.Hud.CombatHud_ScriptMethods.generated.cs:100)
       [8] Godot.NativeInterop.godot_bool Godot.Bridge.CSharpInstanceBridge.Call(nint, Godot.NativeInterop.godot_string_name*, Godot.NativeInterop.godot_variant**, int, Godot.NativeInterop.godot_variant_call_error*, Godot.NativeInterop.godot_variant*) (/root/godot/modules/mono/glue/GodotSharp/GodotSharp/Core/Bridge/CSharpInstanceBridge.cs:24)
       [9] void Godot.NativeInterop.NativeFuncs.godotsharp_method_bind_ptrcall(nint, nint, System.Void**, System.Void*) (/root/godot/modules/mono/glue/GodotSharp/GodotSharp/Godot.SourceGenerators.Internal/Godot.SourceGenerators.Internal.UnmanagedCallbacksGenerator/Godot.NativeInterop.NativeFuncs.generated.cs:380)
       [10] void Godot.NativeCalls.godot_icall_3_912(nint, nint, nint, Godot.NativeInterop.godot_bool, int) (/root/godot/modules/mono/glue/GodotSharp/GodotSharp/Generated/NativeCalls.cs:8061)
       [11] void Godot.Node.AddChild(Godot.Node, bool, Godot.Node+InternalMode) (/root/godot/modules/mono/glue/GodotSharp/GodotSharp/Generated/GodotObjects/Node.cs:848)
       [12] void Trackstorm.Client.Verification.ItemSpawnIntegrationChecks._Ready() (C:\Users\orsin\OneDrive\Desktop\ThanTrick\Trackstorm\code\Client\Verification\ItemSpawnIntegrationChecks.cs:79)
       [13] bool Godot.Node.InvokeGodotClassMethod(Godot.NativeInterop.godot_string_name&, Godot.NativeInterop.NativeVariantPtrArgs, Godot.NativeInterop.godot_variant&) (/root/godot/modules/mono/glue/GodotSharp/GodotSharp/Generated/GodotObjects/Node.cs:2660)
       [14] bool Trackstorm.Client.Verification.ItemSpawnIntegrationChecks.InvokeGodotClassMethod(Godot.NativeInterop.godot_string_name&, Godot.NativeInterop.NativeVariantPtrArgs, Godot.NativeInterop.godot_variant&) (C:\Users\orsin\OneDrive\Desktop\ThanTrick\Trackstorm\.godot\mono\temp\obj\Debug\Godot.SourceGenerators\Godot.SourceGenerators.ScriptMethodsGenerator\Trackstorm.Client.Verification.ItemSpawnIntegrationChecks_ScriptMethods.generated.cs:110)
       [15] Godot.NativeInterop.godot_bool Godot.Bridge.CSharpInstanceBridge.Call(nint, Godot.NativeInterop.godot_string_name*, Godot.NativeInterop.godot_variant**, int, Godot.NativeInterop.godot_variant_call_error*, Godot.NativeInterop.godot_variant*) (/root/godot/modules/mono/glue/GodotSharp/GodotSharp/Core/Bridge/CSharpInstanceBridge.cs:24)
ERROR: Error loading resource: 'res://assets/hud/Nitro.svg'.
   at: load (core/core_bind.cpp:82)
   C# backtrace (most recent call first):
       [0] Godot.GodotObject Godot.NativeCalls.godot_icall_3_1268(nint, nint, string, string, int) (/root/godot/modules/mono/glue/GodotSharp/GodotSharp/Generated/NativeCalls.cs:11611)
       [1] Godot.Resource Godot.ResourceLoader.Load(string, string, Godot.ResourceLoader+CacheMode) (/root/godot/modules/mono/glue/GodotSharp/GodotSharp/Generated/GodotObjects/ResourceLoader.cs:120)
       [2] T Godot.ResourceLoader.Load<T>(string, string, Godot.ResourceLoader+CacheMode) (/root/godot/modules/mono/glue/GodotSharp/GodotSharp/Core/Extensions/ResourceLoaderExtensions.cs:27)
       [3] T Godot.GD.Load<T>(string) (/root/godot/modules/mono/glue/GodotSharp/GodotSharp/Core/GD.cs:129)
       [4] void Trackstorm.Client.Hud.CombatHud._Ready() (C:\Users\orsin\OneDrive\Desktop\ThanTrick\Trackstorm\code\Client\Hud\CombatHud.cs:80)
       [5] bool Godot.Node.InvokeGodotClassMethod(Godot.NativeInterop.godot_string_name&, Godot.NativeInterop.NativeVariantPtrArgs, Godot.NativeInterop.godot_variant&) (/root/godot/modules/mono/glue/GodotSharp/GodotSharp/Generated/GodotObjects/Node.cs:2660)
       [6] bool Godot.CanvasLayer.InvokeGodotClassMethod(Godot.NativeInterop.godot_string_name&, Godot.NativeInterop.NativeVariantPtrArgs, Godot.NativeInterop.godot_variant&) (/root/godot/modules/mono/glue/GodotSharp/GodotSharp/Generated/GodotObjects/CanvasLayer.cs:417)
       [7] bool Trackstorm.Client.Hud.CombatHud.InvokeGodotClassMethod(Godot.NativeInterop.godot_string_name&, Godot.NativeInterop.NativeVariantPtrArgs, Godot.NativeInterop.godot_variant&) (C:\Users\orsin\OneDrive\Desktop\ThanTrick\Trackstorm\.godot\mono\temp\obj\Debug\Godot.SourceGenerators\Godot.SourceGenerators.ScriptMethodsGenerator\Trackstorm.Client.Hud.CombatHud_ScriptMethods.generated.cs:100)
       [8] Godot.NativeInterop.godot_bool Godot.Bridge.CSharpInstanceBridge.Call(nint, Godot.NativeInterop.godot_string_name*, Godot.NativeInterop.godot_variant**, int, Godot.NativeInterop.godot_variant_call_error*, Godot.NativeInterop.godot_variant*) (/root/godot/modules/mono/glue/GodotSharp/GodotSharp/Core/Bridge/CSharpInstanceBridge.cs:24)
       [9] void Godot.NativeInterop.NativeFuncs.godotsharp_method_bind_ptrcall(nint, nint, System.Void**, System.Void*) (/root/godot/modules/mono/glue/GodotSharp/GodotSharp/Godot.SourceGenerators.Internal/Godot.SourceGenerators.Internal.UnmanagedCallbacksGenerator/Godot.NativeInterop.NativeFuncs.generated.cs:380)
       [10] void Godot.NativeCalls.godot_icall_3_912(nint, nint, nint, Godot.NativeInterop.godot_bool, int) (/root/godot/modules/mono/glue/GodotSharp/GodotSharp/Generated/NativeCalls.cs:8061)
       [11] void Godot.Node.AddChild(Godot.Node, bool, Godot.Node+InternalMode) (/root/godot/modules/mono/glue/GodotSharp/GodotSharp/Generated/GodotObjects/Node.cs:848)
       [12] void Trackstorm.Client.Verification.ItemSpawnIntegrationChecks._Ready() (C:\Users\orsin\OneDrive\Desktop\ThanTrick\Trackstorm\code\Client\Verification\ItemSpawnIntegrationChecks.cs:79)
       [13] bool Godot.Node.InvokeGodotClassMethod(Godot.NativeInterop.godot_string_name&, Godot.NativeInterop.NativeVariantPtrArgs, Godot.NativeInterop.godot_variant&) (/root/godot/modules/mono/glue/GodotSharp/GodotSharp/Generated/GodotObjects/Node.cs:2660)
       [14] bool Trackstorm.Client.Verification.ItemSpawnIntegrationChecks.InvokeGodotClassMethod(Godot.NativeInterop.godot_string_name&, Godot.NativeInterop.NativeVariantPtrArgs, Godot.NativeInterop.godot_variant&) (C:\Users\orsin\OneDrive\Desktop\ThanTrick\Trackstorm\.godot\mono\temp\obj\Debug\Godot.SourceGenerators\Godot.SourceGenerators.ScriptMethodsGenerator\Trackstorm.Client.Verification.ItemSpawnIntegrationChecks_ScriptMethods.generated.cs:110)
       [15] Godot.NativeInterop.godot_bool Godot.Bridge.CSharpInstanceBridge.Call(nint, Godot.NativeInterop.godot_string_name*, Godot.NativeInterop.godot_variant**, int, Godot.NativeInterop.godot_variant_call_error*, Godot.NativeInterop.godot_variant*) (/root/godot/modules/mono/glue/GodotSharp/GodotSharp/Core/Bridge/CSharpInstanceBridge.cs:24)
ERROR: No loader found for resource: res://assets/hud/Oil.svg (expected type: unknown)
   at: _load (core/io/resource_loader.cpp:332)
   C# backtrace (most recent call first):
       [0] Godot.GodotObject Godot.NativeCalls.godot_icall_3_1268(nint, nint, string, string, int) (/root/godot/modules/mono/glue/GodotSharp/GodotSharp/Generated/NativeCalls.cs:11611)
       [1] Godot.Resource Godot.ResourceLoader.Load(string, string, Godot.ResourceLoader+CacheMode) (/root/godot/modules/mono/glue/GodotSharp/GodotSharp/Generated/GodotObjects/ResourceLoader.cs:120)
       [2] T Godot.ResourceLoader.Load<T>(string, string, Godot.ResourceLoader+CacheMode) (/root/godot/modules/mono/glue/GodotSharp/GodotSharp/Core/Extensions/ResourceLoaderExtensions.cs:27)
       [3] T Godot.GD.Load<T>(string) (/root/godot/modules/mono/glue/GodotSharp/GodotSharp/Core/GD.cs:129)
       [4] void Trackstorm.Client.Hud.CombatHud._Ready() (C:\Users\orsin\OneDrive\Desktop\ThanTrick\Trackstorm\code\Client\Hud\CombatHud.cs:80)
       [5] bool Godot.Node.InvokeGodotClassMethod(Godot.NativeInterop.godot_string_name&, Godot.NativeInterop.NativeVariantPtrArgs, Godot.NativeInterop.godot_variant&) (/root/godot/modules/mono/glue/GodotSharp/GodotSharp/Generated/GodotObjects/Node.cs:2660)
       [6] bool Godot.CanvasLayer.InvokeGodotClassMethod(Godot.NativeInterop.godot_string_name&, Godot.NativeInterop.NativeVariantPtrArgs, Godot.NativeInterop.godot_variant&) (/root/godot/modules/mono/glue/GodotSharp/GodotSharp/Generated/GodotObjects/CanvasLayer.cs:417)
       [7] bool Trackstorm.Client.Hud.CombatHud.InvokeGodotClassMethod(Godot.NativeInterop.godot_string_name&, Godot.NativeInterop.NativeVariantPtrArgs, Godot.NativeInterop.godot_variant&) (C:\Users\orsin\OneDrive\Desktop\ThanTrick\Trackstorm\.godot\mono\temp\obj\Debug\Godot.SourceGenerators\Godot.SourceGenerators.ScriptMethodsGenerator\Trackstorm.Client.Hud.CombatHud_ScriptMethods.generated.cs:100)
       [8] Godot.NativeInterop.godot_bool Godot.Bridge.CSharpInstanceBridge.Call(nint, Godot.NativeInterop.godot_string_name*, Godot.NativeInterop.godot_variant**, int, Godot.NativeInterop.godot_variant_call_error*, Godot.NativeInterop.godot_variant*) (/root/godot/modules/mono/glue/GodotSharp/GodotSharp/Core/Bridge/CSharpInstanceBridge.cs:24)
       [9] void Godot.NativeInterop.NativeFuncs.godotsharp_method_bind_ptrcall(nint, nint, System.Void**, System.Void*) (/root/godot/modules/mono/glue/GodotSharp/GodotSharp/Godot.SourceGenerators.Internal/Godot.SourceGenerators.Internal.UnmanagedCallbacksGenerator/Godot.NativeInterop.NativeFuncs.generated.cs:380)
       [10] void Godot.NativeCalls.godot_icall_3_912(nint, nint, nint, Godot.NativeInterop.godot_bool, int) (/root/godot/modules/mono/glue/GodotSharp/GodotSharp/Generated/NativeCalls.cs:8061)
       [11] void Godot.Node.AddChild(Godot.Node, bool, Godot.Node+InternalMode) (/root/godot/modules/mono/glue/GodotSharp/GodotSharp/Generated/GodotObjects/Node.cs:848)
       [12] void Trackstorm.Client.Verification.ItemSpawnIntegrationChecks._Ready() (C:\Users\orsin\OneDrive\Desktop\ThanTrick\Trackstorm\code\Client\Verification\ItemSpawnIntegrationChecks.cs:79)
       [13] bool Godot.Node.InvokeGodotClassMethod(Godot.NativeInterop.godot_string_name&, Godot.NativeInterop.NativeVariantPtrArgs, Godot.NativeInterop.godot_variant&) (/root/godot/modules/mono/glue/GodotSharp/GodotSharp/Generated/GodotObjects/Node.cs:2660)
       [14] bool Trackstorm.Client.Verification.ItemSpawnIntegrationChecks.InvokeGodotClassMethod(Godot.NativeInterop.godot_string_name&, Godot.NativeInterop.NativeVariantPtrArgs, Godot.NativeInterop.godot_variant&) (C:\Users\orsin\OneDrive\Desktop\ThanTrick\Trackstorm\.godot\mono\temp\obj\Debug\Godot.SourceGenerators\Godot.SourceGenerators.ScriptMethodsGenerator\Trackstorm.Client.Verification.ItemSpawnIntegrationChecks_ScriptMethods.generated.cs:110)
       [15] Godot.NativeInterop.godot_bool Godot.Bridge.CSharpInstanceBridge.Call(nint, Godot.NativeInterop.godot_string_name*, Godot.NativeInterop.godot_variant**, int, Godot.NativeInterop.godot_variant_call_error*, Godot.NativeInterop.godot_variant*) (/root/godot/modules/mono/glue/GodotSharp/GodotSharp/Core/Bridge/CSharpInstanceBridge.cs:24)
ERROR: Error loading resource: 'res://assets/hud/Oil.svg'.
   at: load (core/core_bind.cpp:82)
   C# backtrace (most recent call first):
       [0] Godot.GodotObject Godot.NativeCalls.godot_icall_3_1268(nint, nint, string, string, int) (/root/godot/modules/mono/glue/GodotSharp/GodotSharp/Generated/NativeCalls.cs:11611)
       [1] Godot.Resource Godot.ResourceLoader.Load(string, string, Godot.ResourceLoader+CacheMode) (/root/godot/modules/mono/glue/GodotSharp/GodotSharp/Generated/GodotObjects/ResourceLoader.cs:120)
       [2] T Godot.ResourceLoader.Load<T>(string, string, Godot.ResourceLoader+CacheMode) (/root/godot/modules/mono/glue/GodotSharp/GodotSharp/Core/Extensions/ResourceLoaderExtensions.cs:27)
       [3] T Godot.GD.Load<T>(string) (/root/godot/modules/mono/glue/GodotSharp/GodotSharp/Core/GD.cs:129)
       [4] void Trackstorm.Client.Hud.CombatHud._Ready() (C:\Users\orsin\OneDrive\Desktop\ThanTrick\Trackstorm\code\Client\Hud\CombatHud.cs:80)
       [5] bool Godot.Node.InvokeGodotClassMethod(Godot.NativeInterop.godot_string_name&, Godot.NativeInterop.NativeVariantPtrArgs, Godot.NativeInterop.godot_variant&) (/root/godot/modules/mono/glue/GodotSharp/GodotSharp/Generated/GodotObjects/Node.cs:2660)
       [6] bool Godot.CanvasLayer.InvokeGodotClassMethod(Godot.NativeInterop.godot_string_name&, Godot.NativeInterop.NativeVariantPtrArgs, Godot.NativeInterop.godot_variant&) (/root/godot/modules/mono/glue/GodotSharp/GodotSharp/Generated/GodotObjects/CanvasLayer.cs:417)
       [7] bool Trackstorm.Client.Hud.CombatHud.InvokeGodotClassMethod(Godot.NativeInterop.godot_string_name&, Godot.NativeInterop.NativeVariantPtrArgs, Godot.NativeInterop.godot_variant&) (C:\Users\orsin\OneDrive\Desktop\ThanTrick\Trackstorm\.godot\mono\temp\obj\Debug\Godot.SourceGenerators\Godot.SourceGenerators.ScriptMethodsGenerator\Trackstorm.Client.Hud.CombatHud_ScriptMethods.generated.cs:100)
       [8] Godot.NativeInterop.godot_bool Godot.Bridge.CSharpInstanceBridge.Call(nint, Godot.NativeInterop.godot_string_name*, Godot.NativeInterop.godot_variant**, int, Godot.NativeInterop.godot_variant_call_error*, Godot.NativeInterop.godot_variant*) (/root/godot/modules/mono/glue/GodotSharp/GodotSharp/Core/Bridge/CSharpInstanceBridge.cs:24)
       [9] void Godot.NativeInterop.NativeFuncs.godotsharp_method_bind_ptrcall(nint, nint, System.Void**, System.Void*) (/root/godot/modules/mono/glue/GodotSharp/GodotSharp/Godot.SourceGenerators.Internal/Godot.SourceGenerators.Internal.UnmanagedCallbacksGenerator/Godot.NativeInterop.NativeFuncs.generated.cs:380)
       [10] void Godot.NativeCalls.godot_icall_3_912(nint, nint, nint, Godot.NativeInterop.godot_bool, int) (/root/godot/modules/mono/glue/GodotSharp/GodotSharp/Generated/NativeCalls.cs:8061)
       [11] void Godot.Node.AddChild(Godot.Node, bool, Godot.Node+InternalMode) (/root/godot/modules/mono/glue/GodotSharp/GodotSharp/Generated/GodotObjects/Node.cs:848)
       [12] void Trackstorm.Client.Verification.ItemSpawnIntegrationChecks._Ready() (C:\Users\orsin\OneDrive\Desktop\ThanTrick\Trackstorm\code\Client\Verification\ItemSpawnIntegrationChecks.cs:79)
       [13] bool Godot.Node.InvokeGodotClassMethod(Godot.NativeInterop.godot_string_name&, Godot.NativeInterop.NativeVariantPtrArgs, Godot.NativeInterop.godot_variant&) (/root/godot/modules/mono/glue/GodotSharp/GodotSharp/Generated/GodotObjects/Node.cs:2660)
       [14] bool Trackstorm.Client.Verification.ItemSpawnIntegrationChecks.InvokeGodotClassMethod(Godot.NativeInterop.godot_string_name&, Godot.NativeInterop.NativeVariantPtrArgs, Godot.NativeInterop.godot_variant&) (C:\Users\orsin\OneDrive\Desktop\ThanTrick\Trackstorm\.godot\mono\temp\obj\Debug\Godot.SourceGenerators\Godot.SourceGenerators.ScriptMethodsGenerator\Trackstorm.Client.Verification.ItemSpawnIntegrationChecks_ScriptMethods.generated.cs:110)
       [15] Godot.NativeInterop.godot_bool Godot.Bridge.CSharpInstanceBridge.Call(nint, Godot.NativeInterop.godot_string_name*, Godot.NativeInterop.godot_variant**, int, Godot.NativeInterop.godot_variant_call_error*, Godot.NativeInterop.godot_variant*) (/root/godot/modules/mono/glue/GodotSharp/GodotSharp/Core/Bridge/CSharpInstanceBridge.cs:24)
ERROR: No loader found for resource: res://assets/hud/Nitro.svg (expected type: unknown)
   at: _load (core/io/resource_loader.cpp:332)
   C# backtrace (most recent call first):
       [0] Godot.GodotObject Godot.NativeCalls.godot_icall_3_1268(nint, nint, string, string, int) (/root/godot/modules/mono/glue/GodotSharp/GodotSharp/Generated/NativeCalls.cs:11611)
       [1] Godot.Resource Godot.ResourceLoader.Load(string, string, Godot.ResourceLoader+CacheMode) (/root/godot/modules/mono/glue/GodotSharp/GodotSharp/Generated/GodotObjects/ResourceLoader.cs:120)
       [2] T Godot.ResourceLoader.Load<T>(string, string, Godot.ResourceLoader+CacheMode) (/root/godot/modules/mono/glue/GodotSharp/GodotSharp/Core/Extensions/ResourceLoaderExtensions.cs:27)
       [3] T Godot.GD.Load<T>(string) (/root/godot/modules/mono/glue/GodotSharp/GodotSharp/Core/GD.cs:129)
       [4] void Trackstorm.Client.Hud.CombatHud._Ready() (C:\Users\orsin\OneDrive\Desktop\ThanTrick\Trackstorm\code\Client\Hud\CombatHud.cs:80)
       [5] bool Godot.Node.InvokeGodotClassMethod(Godot.NativeInterop.godot_string_name&, Godot.NativeInterop.NativeVariantPtrArgs, Godot.NativeInterop.godot_variant&) (/root/godot/modules/mono/glue/GodotSharp/GodotSharp/Generated/GodotObjects/Node.cs:2660)
       [6] bool Godot.CanvasLayer.InvokeGodotClassMethod(Godot.NativeInterop.godot_string_name&, Godot.NativeInterop.NativeVariantPtrArgs, Godot.NativeInterop.godot_variant&) (/root/godot/modules/mono/glue/GodotSharp/GodotSharp/Generated/GodotObjects/CanvasLayer.cs:417)
       [7] bool Trackstorm.Client.Hud.CombatHud.InvokeGodotClassMethod(Godot.NativeInterop.godot_string_name&, Godot.NativeInterop.NativeVariantPtrArgs, Godot.NativeInterop.godot_variant&) (C:\Users\orsin\OneDrive\Desktop\ThanTrick\Trackstorm\.godot\mono\temp\obj\Debug\Godot.SourceGenerators\Godot.SourceGenerators.ScriptMethodsGenerator\Trackstorm.Client.Hud.CombatHud_ScriptMethods.generated.cs:100)
       [8] Godot.NativeInterop.godot_bool Godot.Bridge.CSharpInstanceBridge.Call(nint, Godot.NativeInterop.godot_string_name*, Godot.NativeInterop.godot_variant**, int, Godot.NativeInterop.godot_variant_call_error*, Godot.NativeInterop.godot_variant*) (/root/godot/modules/mono/glue/GodotSharp/GodotSharp/Core/Bridge/CSharpInstanceBridge.cs:24)
       [9] void Godot.NativeInterop.NativeFuncs.godotsharp_method_bind_ptrcall(nint, nint, System.Void**, System.Void*) (/root/godot/modules/mono/glue/GodotSharp/GodotSharp/Godot.SourceGenerators.Internal/Godot.SourceGenerators.Internal.UnmanagedCallbacksGenerator/Godot.NativeInterop.NativeFuncs.generated.cs:380)
       [10] void Godot.NativeCalls.godot_icall_3_912(nint, nint, nint, Godot.NativeInterop.godot_bool, int) (/root/godot/modules/mono/glue/GodotSharp/GodotSharp/Generated/NativeCalls.cs:8061)
       [11] void Godot.Node.AddChild(Godot.Node, bool, Godot.Node+InternalMode) (/root/godot/modules/mono/glue/GodotSharp/GodotSharp/Generated/GodotObjects/Node.cs:848)
       [12] void Trackstorm.Client.Verification.ItemSpawnIntegrationChecks._Ready() (C:\Users\orsin\OneDrive\Desktop\ThanTrick\Trackstorm\code\Client\Verification\ItemSpawnIntegrationChecks.cs:79)
       [13] bool Godot.Node.InvokeGodotClassMethod(Godot.NativeInterop.godot_string_name&, Godot.NativeInterop.NativeVariantPtrArgs, Godot.NativeInterop.godot_variant&) (/root/godot/modules/mono/glue/GodotSharp/GodotSharp/Generated/GodotObjects/Node.cs:2660)
       [14] bool Trackstorm.Client.Verification.ItemSpawnIntegrationChecks.InvokeGodotClassMethod(Godot.NativeInterop.godot_string_name&, Godot.NativeInterop.NativeVariantPtrArgs, Godot.NativeInterop.godot_variant&) (C:\Users\orsin\OneDrive\Desktop\ThanTrick\Trackstorm\.godot\mono\temp\obj\Debug\Godot.SourceGenerators\Godot.SourceGenerators.ScriptMethodsGenerator\Trackstorm.Client.Verification.ItemSpawnIntegrationChecks_ScriptMethods.generated.cs:110)
       [15] Godot.NativeInterop.godot_bool Godot.Bridge.CSharpInstanceBridge.Call(nint, Godot.NativeInterop.godot_string_name*, Godot.NativeInterop.godot_variant**, int, Godot.NativeInterop.godot_variant_call_error*, Godot.NativeInterop.godot_variant*) (/root/godot/modules/mono/glue/GodotSharp/GodotSharp/Core/Bridge/CSharpInstanceBridge.cs:24)
ERROR: Error loading resource: 'res://assets/hud/Nitro.svg'.
   at: load (core/core_bind.cpp:82)
   C# backtrace (most recent call first):
       [0] Godot.GodotObject Godot.NativeCalls.godot_icall_3_1268(nint, nint, string, string, int) (/root/godot/modules/mono/glue/GodotSharp/GodotSharp/Generated/NativeCalls.cs:11611)
       [1] Godot.Resource Godot.ResourceLoader.Load(string, string, Godot.ResourceLoader+CacheMode) (/root/godot/modules/mono/glue/GodotSharp/GodotSharp/Generated/GodotObjects/ResourceLoader.cs:120)
       [2] T Godot.ResourceLoader.Load<T>(string, string, Godot.ResourceLoader+CacheMode) (/root/godot/modules/mono/glue/GodotSharp/GodotSharp/Core/Extensions/ResourceLoaderExtensions.cs:27)
       [3] T Godot.GD.Load<T>(string) (/root/godot/modules/mono/glue/GodotSharp/GodotSharp/Core/GD.cs:129)
       [4] void Trackstorm.Client.Hud.CombatHud._Ready() (C:\Users\orsin\OneDrive\Desktop\ThanTrick\Trackstorm\code\Client\Hud\CombatHud.cs:80)
       [5] bool Godot.Node.InvokeGodotClassMethod(Godot.NativeInterop.godot_string_name&, Godot.NativeInterop.NativeVariantPtrArgs, Godot.NativeInterop.godot_variant&) (/root/godot/modules/mono/glue/GodotSharp/GodotSharp/Generated/GodotObjects/Node.cs:2660)
       [6] bool Godot.CanvasLayer.InvokeGodotClassMethod(Godot.NativeInterop.godot_string_name&, Godot.NativeInterop.NativeVariantPtrArgs, Godot.NativeInterop.godot_variant&) (/root/godot/modules/mono/glue/GodotSharp/GodotSharp/Generated/GodotObjects/CanvasLayer.cs:417)
       [7] bool Trackstorm.Client.Hud.CombatHud.InvokeGodotClassMethod(Godot.NativeInterop.godot_string_name&, Godot.NativeInterop.NativeVariantPtrArgs, Godot.NativeInterop.godot_variant&) (C:\Users\orsin\OneDrive\Desktop\ThanTrick\Trackstorm\.godot\mono\temp\obj\Debug\Godot.SourceGenerators\Godot.SourceGenerators.ScriptMethodsGenerator\Trackstorm.Client.Hud.CombatHud_ScriptMethods.generated.cs:100)
       [8] Godot.NativeInterop.godot_bool Godot.Bridge.CSharpInstanceBridge.Call(nint, Godot.NativeInterop.godot_string_name*, Godot.NativeInterop.godot_variant**, int, Godot.NativeInterop.godot_variant_call_error*, Godot.NativeInterop.godot_variant*) (/root/godot/modules/mono/glue/GodotSharp/GodotSharp/Core/Bridge/CSharpInstanceBridge.cs:24)
       [9] void Godot.NativeInterop.NativeFuncs.godotsharp_method_bind_ptrcall(nint, nint, System.Void**, System.Void*) (/root/godot/modules/mono/glue/GodotSharp/GodotSharp/Godot.SourceGenerators.Internal/Godot.SourceGenerators.Internal.UnmanagedCallbacksGenerator/Godot.NativeInterop.NativeFuncs.generated.cs:380)
       [10] void Godot.NativeCalls.godot_icall_3_912(nint, nint, nint, Godot.NativeInterop.godot_bool, int) (/root/godot/modules/mono/glue/GodotSharp/GodotSharp/Generated/NativeCalls.cs:8061)
       [11] void Godot.Node.AddChild(Godot.Node, bool, Godot.Node+InternalMode) (/root/godot/modules/mono/glue/GodotSharp/GodotSharp/Generated/GodotObjects/Node.cs:848)
       [12] void Trackstorm.Client.Verification.ItemSpawnIntegrationChecks._Ready() (C:\Users\orsin\OneDrive\Desktop\ThanTrick\Trackstorm\code\Client\Verification\ItemSpawnIntegrationChecks.cs:79)
       [13] bool Godot.Node.InvokeGodotClassMethod(Godot.NativeInterop.godot_string_name&, Godot.NativeInterop.NativeVariantPtrArgs, Godot.NativeInterop.godot_variant&) (/root/godot/modules/mono/glue/GodotSharp/GodotSharp/Generated/GodotObjects/Node.cs:2660)
       [14] bool Trackstorm.Client.Verification.ItemSpawnIntegrationChecks.InvokeGodotClassMethod(Godot.NativeInterop.godot_string_name&, Godot.NativeInterop.NativeVariantPtrArgs, Godot.NativeInterop.godot_variant&) (C:\Users\orsin\OneDrive\Desktop\ThanTrick\Trackstorm\.godot\mono\temp\obj\Debug\Godot.SourceGenerators\Godot.SourceGenerators.ScriptMethodsGenerator\Trackstorm.Client.Verification.ItemSpawnIntegrationChecks_ScriptMethods.generated.cs:110)
       [15] Godot.NativeInterop.godot_bool Godot.Bridge.CSharpInstanceBridge.Call(nint, Godot.NativeInterop.godot_string_name*, Godot.NativeInterop.godot_variant**, int, Godot.NativeInterop.godot_variant_call_error*, Godot.NativeInterop.godot_variant*) (/root/godot/modules/mono/glue/GodotSharp/GodotSharp/Core/Bridge/CSharpInstanceBridge.cs:24)
ERROR: No loader found for resource: res://assets/hud/Oil.svg (expected type: unknown)
   at: _load (core/io/resource_loader.cpp:332)
   C# backtrace (most recent call first):
       [0] Godot.GodotObject Godot.NativeCalls.godot_icall_3_1268(nint, nint, string, string, int) (/root/godot/modules/mono/glue/GodotSharp/GodotSharp/Generated/NativeCalls.cs:11611)
       [1] Godot.Resource Godot.ResourceLoader.Load(string, string, Godot.ResourceLoader+CacheMode) (/root/godot/modules/mono/glue/GodotSharp/GodotSharp/Generated/GodotObjects/ResourceLoader.cs:120)
       [2] T Godot.ResourceLoader.Load<T>(string, string, Godot.ResourceLoader+CacheMode) (/root/godot/modules/mono/glue/GodotSharp/GodotSharp/Core/Extensions/ResourceLoaderExtensions.cs:27)
       [3] T Godot.GD.Load<T>(string) (/root/godot/modules/mono/glue/GodotSharp/GodotSharp/Core/GD.cs:129)
       [4] void Trackstorm.Client.Hud.CombatHud._Ready() (C:\Users\orsin\OneDrive\Desktop\ThanTrick\Trackstorm\code\Client\Hud\CombatHud.cs:80)
       [5] bool Godot.Node.InvokeGodotClassMethod(Godot.NativeInterop.godot_string_name&, Godot.NativeInterop.NativeVariantPtrArgs, Godot.NativeInterop.godot_variant&) (/root/godot/modules/mono/glue/GodotSharp/GodotSharp/Generated/GodotObjects/Node.cs:2660)
       [6] bool Godot.CanvasLayer.InvokeGodotClassMethod(Godot.NativeInterop.godot_string_name&, Godot.NativeInterop.NativeVariantPtrArgs, Godot.NativeInterop.godot_variant&) (/root/godot/modules/mono/glue/GodotSharp/GodotSharp/Generated/GodotObjects/CanvasLayer.cs:417)
       [7] bool Trackstorm.Client.Hud.CombatHud.InvokeGodotClassMethod(Godot.NativeInterop.godot_string_name&, Godot.NativeInterop.NativeVariantPtrArgs, Godot.NativeInterop.godot_variant&) (C:\Users\orsin\OneDrive\Desktop\ThanTrick\Trackstorm\.godot\mono\temp\obj\Debug\Godot.SourceGenerators\Godot.SourceGenerators.ScriptMethodsGenerator\Trackstorm.Client.Hud.CombatHud_ScriptMethods.generated.cs:100)
       [8] Godot.NativeInterop.godot_bool Godot.Bridge.CSharpInstanceBridge.Call(nint, Godot.NativeInterop.godot_string_name*, Godot.NativeInterop.godot_variant**, int, Godot.NativeInterop.godot_variant_call_error*, Godot.NativeInterop.godot_variant*) (/root/godot/modules/mono/glue/GodotSharp/GodotSharp/Core/Bridge/CSharpInstanceBridge.cs:24)
       [9] void Godot.NativeInterop.NativeFuncs.godotsharp_method_bind_ptrcall(nint, nint, System.Void**, System.Void*) (/root/godot/modules/mono/glue/GodotSharp/GodotSharp/Godot.SourceGenerators.Internal/Godot.SourceGenerators.Internal.UnmanagedCallbacksGenerator/Godot.NativeInterop.NativeFuncs.generated.cs:380)
       [10] void Godot.NativeCalls.godot_icall_3_912(nint, nint, nint, Godot.NativeInterop.godot_bool, int) (/root/godot/modules/mono/glue/GodotSharp/GodotSharp/Generated/NativeCalls.cs:8061)
       [11] void Godot.Node.AddChild(Godot.Node, bool, Godot.Node+InternalMode) (/root/godot/modules/mono/glue/GodotSharp/GodotSharp/Generated/GodotObjects/Node.cs:848)
       [12] void Trackstorm.Client.Verification.ItemSpawnIntegrationChecks._Ready() (C:\Users\orsin\OneDrive\Desktop\ThanTrick\Trackstorm\code\Client\Verification\ItemSpawnIntegrationChecks.cs:79)
       [13] bool Godot.Node.InvokeGodotClassMethod(Godot.NativeInterop.godot_string_name&, Godot.NativeInterop.NativeVariantPtrArgs, Godot.NativeInterop.godot_variant&) (/root/godot/modules/mono/glue/GodotSharp/GodotSharp/Generated/GodotObjects/Node.cs:2660)
       [14] bool Trackstorm.Client.Verification.ItemSpawnIntegrationChecks.InvokeGodotClassMethod(Godot.NativeInterop.godot_string_name&, Godot.NativeInterop.NativeVariantPtrArgs, Godot.NativeInterop.godot_variant&) (C:\Users\orsin\OneDrive\Desktop\ThanTrick\Trackstorm\.godot\mono\temp\obj\Debug\Godot.SourceGenerators\Godot.SourceGenerators.ScriptMethodsGenerator\Trackstorm.Client.Verification.ItemSpawnIntegrationChecks_ScriptMethods.generated.cs:110)
       [15] Godot.NativeInterop.godot_bool Godot.Bridge.CSharpInstanceBridge.Call(nint, Godot.NativeInterop.godot_string_name*, Godot.NativeInterop.godot_variant**, int, Godot.NativeInterop.godot_variant_call_error*, Godot.NativeInterop.godot_variant*) (/root/godot/modules/mono/glue/GodotSharp/GodotSharp/Core/Bridge/CSharpInstanceBridge.cs:24)
ERROR: Error loading resource: 'res://assets/hud/Oil.svg'.
   at: load (core/core_bind.cpp:82)
   C# backtrace (most recent call first):
       [0] Godot.GodotObject Godot.NativeCalls.godot_icall_3_1268(nint, nint, string, string, int) (/root/godot/modules/mono/glue/GodotSharp/GodotSharp/Generated/NativeCalls.cs:11611)
       [1] Godot.Resource Godot.ResourceLoader.Load(string, string, Godot.ResourceLoader+CacheMode) (/root/godot/modules/mono/glue/GodotSharp/GodotSharp/Generated/GodotObjects/ResourceLoader.cs:120)
       [2] T Godot.ResourceLoader.Load<T>(string, string, Godot.ResourceLoader+CacheMode) (/root/godot/modules/mono/glue/GodotSharp/GodotSharp/Core/Extensions/ResourceLoaderExtensions.cs:27)
       [3] T Godot.GD.Load<T>(string) (/root/godot/modules/mono/glue/GodotSharp/GodotSharp/Core/GD.cs:129)
       [4] void Trackstorm.Client.Hud.CombatHud._Ready() (C:\Users\orsin\OneDrive\Desktop\ThanTrick\Trackstorm\code\Client\Hud\CombatHud.cs:80)
       [5] bool Godot.Node.InvokeGodotClassMethod(Godot.NativeInterop.godot_string_name&, Godot.NativeInterop.NativeVariantPtrArgs, Godot.NativeInterop.godot_variant&) (/root/godot/modules/mono/glue/GodotSharp/GodotSharp/Generated/GodotObjects/Node.cs:2660)
       [6] bool Godot.CanvasLayer.InvokeGodotClassMethod(Godot.NativeInterop.godot_string_name&, Godot.NativeInterop.NativeVariantPtrArgs, Godot.NativeInterop.godot_variant&) (/root/godot/modules/mono/glue/GodotSharp/GodotSharp/Generated/GodotObjects/CanvasLayer.cs:417)
       [7] bool Trackstorm.Client.Hud.CombatHud.InvokeGodotClassMethod(Godot.NativeInterop.godot_string_name&, Godot.NativeInterop.NativeVariantPtrArgs, Godot.NativeInterop.godot_variant&) (C:\Users\orsin\OneDrive\Desktop\ThanTrick\Trackstorm\.godot\mono\temp\obj\Debug\Godot.SourceGenerators\Godot.SourceGenerators.ScriptMethodsGenerator\Trackstorm.Client.Hud.CombatHud_ScriptMethods.generated.cs:100)
       [8] Godot.NativeInterop.godot_bool Godot.Bridge.CSharpInstanceBridge.Call(nint, Godot.NativeInterop.godot_string_name*, Godot.NativeInterop.godot_variant**, int, Godot.NativeInterop.godot_variant_call_error*, Godot.NativeInterop.godot_variant*) (/root/godot/modules/mono/glue/GodotSharp/GodotSharp/Core/Bridge/CSharpInstanceBridge.cs:24)
       [9] void Godot.NativeInterop.NativeFuncs.godotsharp_method_bind_ptrcall(nint, nint, System.Void**, System.Void*) (/root/godot/modules/mono/glue/GodotSharp/GodotSharp/Godot.SourceGenerators.Internal/Godot.SourceGenerators.Internal.UnmanagedCallbacksGenerator/Godot.NativeInterop.NativeFuncs.generated.cs:380)
       [10] void Godot.NativeCalls.godot_icall_3_912(nint, nint, nint, Godot.NativeInterop.godot_bool, int) (/root/godot/modules/mono/glue/GodotSharp/GodotSharp/Generated/NativeCalls.cs:8061)
       [11] void Godot.Node.AddChild(Godot.Node, bool, Godot.Node+InternalMode) (/root/godot/modules/mono/glue/GodotSharp/GodotSharp/Generated/GodotObjects/Node.cs:848)
       [12] void Trackstorm.Client.Verification.ItemSpawnIntegrationChecks._Ready() (C:\Users\orsin\OneDrive\Desktop\ThanTrick\Trackstorm\code\Client\Verification\ItemSpawnIntegrationChecks.cs:79)
       [13] bool Godot.Node.InvokeGodotClassMethod(Godot.NativeInterop.godot_string_name&, Godot.NativeInterop.NativeVariantPtrArgs, Godot.NativeInterop.godot_variant&) (/root/godot/modules/mono/glue/GodotSharp/GodotSharp/Generated/GodotObjects/Node.cs:2660)
       [14] bool Trackstorm.Client.Verification.ItemSpawnIntegrationChecks.InvokeGodotClassMethod(Godot.NativeInterop.godot_string_name&, Godot.NativeInterop.NativeVariantPtrArgs, Godot.NativeInterop.godot_variant&) (C:\Users\orsin\OneDrive\Desktop\ThanTrick\Trackstorm\.godot\mono\temp\obj\Debug\Godot.SourceGenerators\Godot.SourceGenerators.ScriptMethodsGenerator\Trackstorm.Client.Verification.ItemSpawnIntegrationChecks_ScriptMethods.generated.cs:110)
       [15] Godot.NativeInterop.godot_bool Godot.Bridge.CSharpInstanceBridge.Call(nint, Godot.NativeInterop.godot_string_name*, Godot.NativeInterop.godot_variant**, int, Godot.NativeInterop.godot_variant_call_error*, Godot.NativeInterop.godot_variant*) (/root/godot/modules/mono/glue/GodotSharp/GodotSharp/Core/Bridge/CSharpInstanceBridge.cs:24)
ERROR: No loader found for resource: res://assets/hud/Nitro.svg (expected type: unknown)
   at: _load (core/io/resource_loader.cpp:332)
   C# backtrace (most recent call first):
       [0] Godot.GodotObject Godot.NativeCalls.godot_icall_3_1268(nint, nint, string, string, int) (/root/godot/modules/mono/glue/GodotSharp/GodotSharp/Generated/NativeCalls.cs:11611)
       [1] Godot.Resource Godot.ResourceLoader.Load(string, string, Godot.ResourceLoader+CacheMode) (/root/godot/modules/mono/glue/GodotSharp/GodotSharp/Generated/GodotObjects/ResourceLoader.cs:120)
       [2] T Godot.ResourceLoader.Load<T>(string, string, Godot.ResourceLoader+CacheMode) (/root/godot/modules/mono/glue/GodotSharp/GodotSharp/Core/Extensions/ResourceLoaderExtensions.cs:27)
       [3] T Godot.GD.Load<T>(string) (/root/godot/modules/mono/glue/GodotSharp/GodotSharp/Core/GD.cs:129)
       [4] void Trackstorm.Client.Hud.CombatHud._Ready() (C:\Users\orsin\OneDrive\Desktop\ThanTrick\Trackstorm\code\Client\Hud\CombatHud.cs:80)
       [5] bool Godot.Node.InvokeGodotClassMethod(Godot.NativeInterop.godot_string_name&, Godot.NativeInterop.NativeVariantPtrArgs, Godot.NativeInterop.godot_variant&) (/root/godot/modules/mono/glue/GodotSharp/GodotSharp/Generated/GodotObjects/Node.cs:2660)
       [6] bool Godot.CanvasLayer.InvokeGodotClassMethod(Godot.NativeInterop.godot_string_name&, Godot.NativeInterop.NativeVariantPtrArgs, Godot.NativeInterop.godot_variant&) (/root/godot/modules/mono/glue/GodotSharp/GodotSharp/Generated/GodotObjects/CanvasLayer.cs:417)
       [7] bool Trackstorm.Client.Hud.CombatHud.InvokeGodotClassMethod(Godot.NativeInterop.godot_string_name&, Godot.NativeInterop.NativeVariantPtrArgs, Godot.NativeInterop.godot_variant&) (C:\Users\orsin\OneDrive\Desktop\ThanTrick\Trackstorm\.godot\mono\temp\obj\Debug\Godot.SourceGenerators\Godot.SourceGenerators.ScriptMethodsGenerator\Trackstorm.Client.Hud.CombatHud_ScriptMethods.generated.cs:100)
       [8] Godot.NativeInterop.godot_bool Godot.Bridge.CSharpInstanceBridge.Call(nint, Godot.NativeInterop.godot_string_name*, Godot.NativeInterop.godot_variant**, int, Godot.NativeInterop.godot_variant_call_error*, Godot.NativeInterop.godot_variant*) (/root/godot/modules/mono/glue/GodotSharp/GodotSharp/Core/Bridge/CSharpInstanceBridge.cs:24)
       [9] void Godot.NativeInterop.NativeFuncs.godotsharp_method_bind_ptrcall(nint, nint, System.Void**, System.Void*) (/root/godot/modules/mono/glue/GodotSharp/GodotSharp/Godot.SourceGenerators.Internal/Godot.SourceGenerators.Internal.UnmanagedCallbacksGenerator/Godot.NativeInterop.NativeFuncs.generated.cs:380)
       [10] void Godot.NativeCalls.godot_icall_3_912(nint, nint, nint, Godot.NativeInterop.godot_bool, int) (/root/godot/modules/mono/glue/GodotSharp/GodotSharp/Generated/NativeCalls.cs:8061)
       [11] void Godot.Node.AddChild(Godot.Node, bool, Godot.Node+InternalMode) (/root/godot/modules/mono/glue/GodotSharp/GodotSharp/Generated/GodotObjects/Node.cs:848)
       [12] void Trackstorm.Client.Verification.ItemSpawnIntegrationChecks._Ready() (C:\Users\orsin\OneDrive\Desktop\ThanTrick\Trackstorm\code\Client\Verification\ItemSpawnIntegrationChecks.cs:79)
       [13] bool Godot.Node.InvokeGodotClassMethod(Godot.NativeInterop.godot_string_name&, Godot.NativeInterop.NativeVariantPtrArgs, Godot.NativeInterop.godot_variant&) (/root/godot/modules/mono/glue/GodotSharp/GodotSharp/Generated/GodotObjects/Node.cs:2660)
       [14] bool Trackstorm.Client.Verification.ItemSpawnIntegrationChecks.InvokeGodotClassMethod(Godot.NativeInterop.godot_string_name&, Godot.NativeInterop.NativeVariantPtrArgs, Godot.NativeInterop.godot_variant&) (C:\Users\orsin\OneDrive\Desktop\ThanTrick\Trackstorm\.godot\mono\temp\obj\Debug\Godot.SourceGenerators\Godot.SourceGenerators.ScriptMethodsGenerator\Trackstorm.Client.Verification.ItemSpawnIntegrationChecks_ScriptMethods.generated.cs:110)
       [15] Godot.NativeInterop.godot_bool Godot.Bridge.CSharpInstanceBridge.Call(nint, Godot.NativeInterop.godot_string_name*, Godot.NativeInterop.godot_variant**, int, Godot.NativeInterop.godot_variant_call_error*, Godot.NativeInterop.godot_variant*) (/root/godot/modules/mono/glue/GodotSharp/GodotSharp/Core/Bridge/CSharpInstanceBridge.cs:24)
ERROR: Error loading resource: 'res://assets/hud/Nitro.svg'.
   at: load (core/core_bind.cpp:82)
   C# backtrace (most recent call first):
       [0] Godot.GodotObject Godot.NativeCalls.godot_icall_3_1268(nint, nint, string, string, int) (/root/godot/modules/mono/glue/GodotSharp/GodotSharp/Generated/NativeCalls.cs:11611)
       [1] Godot.Resource Godot.ResourceLoader.Load(string, string, Godot.ResourceLoader+CacheMode) (/root/godot/modules/mono/glue/GodotSharp/GodotSharp/Generated/GodotObjects/ResourceLoader.cs:120)
       [2] T Godot.ResourceLoader.Load<T>(string, string, Godot.ResourceLoader+CacheMode) (/root/godot/modules/mono/glue/GodotSharp/GodotSharp/Core/Extensions/ResourceLoaderExtensions.cs:27)
       [3] T Godot.GD.Load<T>(string) (/root/godot/modules/mono/glue/GodotSharp/GodotSharp/Core/GD.cs:129)
       [4] void Trackstorm.Client.Hud.CombatHud._Ready() (C:\Users\orsin\OneDrive\Desktop\ThanTrick\Trackstorm\code\Client\Hud\CombatHud.cs:80)
       [5] bool Godot.Node.InvokeGodotClassMethod(Godot.NativeInterop.godot_string_name&, Godot.NativeInterop.NativeVariantPtrArgs, Godot.NativeInterop.godot_variant&) (/root/godot/modules/mono/glue/GodotSharp/GodotSharp/Generated/GodotObjects/Node.cs:2660)
       [6] bool Godot.CanvasLayer.InvokeGodotClassMethod(Godot.NativeInterop.godot_string_name&, Godot.NativeInterop.NativeVariantPtrArgs, Godot.NativeInterop.godot_variant&) (/root/godot/modules/mono/glue/GodotSharp/GodotSharp/Generated/GodotObjects/CanvasLayer.cs:417)
       [7] bool Trackstorm.Client.Hud.CombatHud.InvokeGodotClassMethod(Godot.NativeInterop.godot_string_name&, Godot.NativeInterop.NativeVariantPtrArgs, Godot.NativeInterop.godot_variant&) (C:\Users\orsin\OneDrive\Desktop\ThanTrick\Trackstorm\.godot\mono\temp\obj\Debug\Godot.SourceGenerators\Godot.SourceGenerators.ScriptMethodsGenerator\Trackstorm.Client.Hud.CombatHud_ScriptMethods.generated.cs:100)
       [8] Godot.NativeInterop.godot_bool Godot.Bridge.CSharpInstanceBridge.Call(nint, Godot.NativeInterop.godot_string_name*, Godot.NativeInterop.godot_variant**, int, Godot.NativeInterop.godot_variant_call_error*, Godot.NativeInterop.godot_variant*) (/root/godot/modules/mono/glue/GodotSharp/GodotSharp/Core/Bridge/CSharpInstanceBridge.cs:24)
       [9] void Godot.NativeInterop.NativeFuncs.godotsharp_method_bind_ptrcall(nint, nint, System.Void**, System.Void*) (/root/godot/modules/mono/glue/GodotSharp/GodotSharp/Godot.SourceGenerators.Internal/Godot.SourceGenerators.Internal.UnmanagedCallbacksGenerator/Godot.NativeInterop.NativeFuncs.generated.cs:380)
       [10] void Godot.NativeCalls.godot_icall_3_912(nint, nint, nint, Godot.NativeInterop.godot_bool, int) (/root/godot/modules/mono/glue/GodotSharp/GodotSharp/Generated/NativeCalls.cs:8061)
       [11] void Godot.Node.AddChild(Godot.Node, bool, Godot.Node+InternalMode) (/root/godot/modules/mono/glue/GodotSharp/GodotSharp/Generated/GodotObjects/Node.cs:848)
       [12] void Trackstorm.Client.Verification.ItemSpawnIntegrationChecks._Ready() (C:\Users\orsin\OneDrive\Desktop\ThanTrick\Trackstorm\code\Client\Verification\ItemSpawnIntegrationChecks.cs:79)
       [13] bool Godot.Node.InvokeGodotClassMethod(Godot.NativeInterop.godot_string_name&, Godot.NativeInterop.NativeVariantPtrArgs, Godot.NativeInterop.godot_variant&) (/root/godot/modules/mono/glue/GodotSharp/GodotSharp/Generated/GodotObjects/Node.cs:2660)
       [14] bool Trackstorm.Client.Verification.ItemSpawnIntegrationChecks.InvokeGodotClassMethod(Godot.NativeInterop.godot_string_name&, Godot.NativeInterop.NativeVariantPtrArgs, Godot.NativeInterop.godot_variant&) (C:\Users\orsin\OneDrive\Desktop\ThanTrick\Trackstorm\.godot\mono\temp\obj\Debug\Godot.SourceGenerators\Godot.SourceGenerators.ScriptMethodsGenerator\Trackstorm.Client.Verification.ItemSpawnIntegrationChecks_ScriptMethods.generated.cs:110)
       [15] Godot.NativeInterop.godot_bool Godot.Bridge.CSharpInstanceBridge.Call(nint, Godot.NativeInterop.godot_string_name*, Godot.NativeInterop.godot_variant**, int, Godot.NativeInterop.godot_variant_call_error*, Godot.NativeInterop.godot_variant*) (/root/godot/modules/mono/glue/GodotSharp/GodotSharp/Core/Bridge/CSharpInstanceBridge.cs:24)
Eight peers see exactly 20 configured active pickups; two remote vehicles enter one pickup together.
Exactly one remote contestant won; all eight peers show matching inactive spawn, cooldown and item token.
Authoritative cooldown reactivates on every peer; all eight vehicles approach separate pickups.
All eight spawn locations awarded once, with all four item types replicated normally.
Item spawn integration passed: Eight peers see exactly 20 configured active pickups; two remote vehicles enter one pickup together.
Exactly one remote contestant won; all eight peers show matching inactive spawn, cooldown and item token.
Authoritative cooldown reactivates on every peer; all eight vehicles approach separate pickups.
All eight spawn locations awarded once, with all four item types replicated normally.
All 20 pickups are available after cooldown, including under occupied vehicles. No duplicate awards or overwritten grants.
