Godot Engine v4.7.2.stable.mono.official.ed1daf0bf - https://godotengine.org

Three UDP peers initialized
Host tuning applied
AIM_AT requested=(0, 2.25, 0) firstTargetDrift=(0, 0, 0) requestedScreen=(640, 400)
AIM_GEOMETRY forward: lens=(0, 4.2050014, 44.205) rotation=(-0.044196993, 0, 0) targetDisplayed=(0, 1.65, 0) targetNative=(0, 1.65, 0) targetScreen=(640, 395.74594) center=(640, 400) bounds=(617.3711, 389.08017), (45.257812, 32.200226)
Machine Gun forward accepted ready
MG_GEOMETRY forward: aim=WeaponAimSolution { Vehicle = 2, Life = 1, Token = 1, Tick = 368, Yaw = 0, Pitch = -0.027269702, Origin = <0, 2.9550014, 36.845>, Direction = <0, -0.027266325, -0.99962825>, Clear = True, Ready = True } target=<0, 1.65, 0> cameraDesired=<0, -0.027266324, -0.99962825>
MG_TARGET_LOADOUT forward: active=Wrench; attached shields=0
Camera shooter submits ordinary held-use request
MG_DAMAGE forward: hp=1000->950.4724 damage=2.25 range=225 shields=0 phase=Active
Machine Gun forward: native hit/damage, 26 rounds, 26 target hits
AIM_REMOTE firing-forward: acceptedYaw=0 renderedYaw=0 acceptedPitch=-0.027269702 renderedPitch=-0.027269702
Remote mount yaw and payload pitch settle to accepted firing-forward aim on actual presentation nodes
forward: fixed rack, full payload scale and shared pivot origin align on observer
AIM_AT requested=(20, 2.25, 35) firstTargetDrift=(0, 0, 0) requestedScreen=(639.99615, 400.0003)
AIM_GEOMETRY side: lens=(-7.3111024, 4.305964, 37.519386) rotation=(-0.07482073, -1.4788156, 0) targetDisplayed=(20, 1.65, 35) targetNative=(20, 1.65, 35) targetScreen=(639.99585, 393.16537) center=(640, 400) bounds=(574.6501, 382.19336), (125.17529, 52.40851)
Machine Gun side accepted ready
MG_GEOMETRY side: aim=WeaponAimSolution { Vehicle = 2, Life = 1, Token = 1, Tick = 613, Yaw = -1.4788066, Pitch = -0.049995907, Origin = <0, 2.9550014, 36.845>, Direction = <0.9945277, -0.049975082, -0.09174524>, Clear = True, Ready = True } target=<20, 1.65, 35> cameraDesired=<0.9945277, -0.049975082, -0.09174524>
MG_TARGET_LOADOUT side: active=; attached shields=0
Camera shooter submits ordinary held-use request
MG_DAMAGE side: hp=950.4724->892.59644 damage=2.25 range=225 shields=0 phase=Active
Machine Gun side: native hit/damage, 27 rounds, 27 target hits
AIM_REMOTE firing-side: acceptedYaw=-1.4788066 renderedYaw=-1.4788066 acceptedPitch=-0.049995907 renderedPitch=-0.049995907
Remote mount yaw and payload pitch settle to accepted firing-side aim on actual presentation nodes
side: fixed rack, full payload scale and shared pivot origin align on observer
AIM_AT requested=(0, 2.2425952, 45) firstTargetDrift=(0, 0.00061774254, 0) requestedScreen=(639.99994, 398.50296)
AIM_GEOMETRY rear: lens=(6.241455E-07, 5.137014, 29.705608) rotation=(-0.18949716, 3.1415925, 0) targetDisplayed=(0, 1.6432133, 45) targetNative=(0, 1.65, 45) targetScreen=(639.99994, 386.49615) center=(640, 400) bounds=(566.8801, 357.5485), (146.23962, 124.270386)
Machine Gun rear accepted ready
MG_GEOMETRY rear: aim=WeaponAimSolution { Vehicle = 2, Life = 1, Token = 1, Tick = 858, Yaw = -3.1415927, Pitch = -0.123364314, Origin = <0, 2.9550014, 36.845>, Direction = <-8.675839E-08, -0.12305164, 0.9924003>, Clear = True, Ready = True } target=<0, 1.65, 45> cameraDesired=<0, -0.12312564, 0.99239105>
MG_TARGET_LOADOUT rear: active=; attached shields=0
Camera shooter submits ordinary held-use request
MG_DAMAGE rear: hp=892.59644->831.84644 damage=2.25 range=225 shields=0 phase=Active
Machine Gun rear: native hit/damage, 27 rounds, 27 target hits
AIM_REMOTE firing-rear: acceptedYaw=-3.1415927 renderedYaw=-3.1415927 acceptedPitch=-0.123364255 renderedPitch=-0.123395234
Remote mount yaw and payload pitch settle to accepted firing-rear aim on actual presentation nodes
rear: fixed rack, full payload scale and shared pivot origin align on observer
AIM_AT requested=(0, 14.25, 0) firstTargetDrift=(0, 0, 0) requestedScreen=(640, 400)
AIM_GEOMETRY airborne: lens=(0, 4.2050014, 44.205) rotation=(0.22344233, 0, 0) targetDisplayed=(0, 13.65, 0) targetNative=(0, 13.65, 0) targetScreen=(640, 395.95407) center=(640, 400) bounds=(617.8442, 381.59973), (44.311646, 42.731903)
Machine Gun airborne accepted ready
MG_GEOMETRY airborne: aim=WeaponAimSolution { Vehicle = 2, Life = 1, Token = 1, Tick = 1103, Yaw = 0, Pitch = 0.28999949, Origin = <0, 2.9550014, 36.845>, Direction = <0, 0.28595173, -0.958244>, Clear = True, Ready = True } target=<0, 13.65, 0> cameraDesired=<0, 0.28595173, -0.95824397>
MG_TARGET_LOADOUT airborne: active=; attached shields=0
Camera shooter submits ordinary held-use request
MG_DAMAGE airborne: hp=831.84644->783.0504 damage=2.25 range=225 shields=0 phase=Active
Machine Gun airborne: native hit/damage, 26 rounds, 26 target hits
AIM_REMOTE firing-airborne: acceptedYaw=0 renderedYaw=-6.2831855 acceptedPitch=0.28999949 renderedPitch=0.28999949
Remote mount yaw and payload pitch settle to accepted firing-airborne aim on actual presentation nodes
airborne: fixed rack, full payload scale and shared pivot origin align on observer
AIM_AT requested=(-4.5, 2.2102776, 35) firstTargetDrift=(0, 0.01222229, 0) requestedScreen=(640.71533, 401.07327)
AIM_GEOMETRY close-side: lens=(6.315839, 5.9970818, 39.41172) rotation=(-0.31293732, 1.1847901, 0) targetDisplayed=(-4.5, 1.6133332, 35) targetNative=(-4.5, 1.65, 35) targetScreen=(640.77466, 385.4966) center=(640, 400) bounds=(490.84924, 338.98572), (309.90668, 179.65747)
Machine Gun close-side accepted ready
MG_GEOMETRY close-side: aim=WeaponAimSolution { Vehicle = 2, Life = 1, Token = 1, Tick = 1348, Yaw = 1.1816989, Pitch = -0.2103905, Origin = <0, 2.9550014, 36.845>, Direction = <-0.9048495, -0.2088418, -0.3709885>, Clear = True, Ready = True } target=<-4.5, 1.65, 35> cameraDesired=<-0.9047332, -0.20942928, -0.37094083>
MG_TARGET_LOADOUT close-side: active=; attached shields=0
Camera shooter submits ordinary held-use request
MG_DAMAGE close-side: hp=783.0504->722.3004 damage=2.25 range=225 shields=0 phase=Active
Machine Gun close-side: native hit/damage, 27 rounds, 27 target hits
AIM_REMOTE firing-close-side: acceptedYaw=1.1816989 renderedYaw=-5.1014867 acceptedPitch=-0.21099126 renderedPitch=-0.21095273
Remote mount yaw and payload pitch settle to accepted firing-close-side aim on actual presentation nodes
close-side: fixed rack, full payload scale and shared pivot origin align on observer
Actual held mouse input reaches vertical sky aim through authoritative acceptance
Vertical free fire produces actual authoritative rays: 27
AIM_REMOTE vertical: acceptedYaw=0.23922116 renderedYaw=-6.0439644 acceptedPitch=1.5707964 renderedPitch=1.5707964
Remote mount yaw and payload pitch settle to accepted vertical aim on actual presentation nodes
Self-blocked camera direction is not firing-ready
Self-blocked held fire spends no rounds
AIM_AT requested=(0, 14.65, 0) firstTargetDrift=(0, 9.536743E-07, 0) requestedScreen=(640, 400)
Second shooter receives a fresh selected Machine Gun
Both shooters submit sustained activation
Two simultaneous shooters sustain default spread and cadence through real UDP (320 rounds)
Observer receives identical ordered firing endpoints/tracers (480 rounds)
Release stops actual firing on both peers
Aim expiry stops held fire without stale-forward fallback
Fresh camera intent resumes held fire after aim expiry
Suppression clears camera aiming and firing presentation
Switch retires Machine Gun capability
Switch back does not replay earlier sustained activation
Machine Gun camera firing verified: 596 native rays, 330 target hits; fixed rack uses existing yaw/pitch payload
RMB initially up: visible rival cannot acquire; ordinary desired aim remains available
LMB free fire without RMB produces authoritative rays (32) without acquiring
Press and hold RMB acquires and retains with no mouse movement or firing
Release while still centred immediately clears assistance, preserving weapon aim
LMB remains held across RMB release: 80 subsequent rays, no released-button reacquisition
Released camera does not follow the previously selected moving rival
Repress starts fresh eligible acquisition
Short RMB tap cannot latch engagement
Repress starts fresh eligible acquisition
Short RMB tap cannot latch engagement
Repress starts fresh eligible acquisition
Short RMB tap cannot latch engagement
Release/repress between renders crosses a fresh input-intent boundary
Production focus-loss notification clears assistance and suppresses ordinary input
Focus return does not restore the old held engagement
Existing remappable controller camera input enables neutral retention without RMB
Controller deliberate outward input releases its engagement
AIM_AT requested=(3.2, 1.95, 0) firstTargetDrift=(0, 0, 0) requestedScreen=(640.0057, 399.9985)
Near-car acquisition starts from a genuine cursor miss with assistance disabled
Forgiving acquisition survives small approach input and converges: error=0.00000 rad
Fine placement remains off-centre while RMB stays held: 0.01200->0.01200 rad
Retained target keeps actual authoritative shots centred despite camera offset: 40 rays, 0.00091 rad off centre
Outward departure releases target before returning to cursor-directed shots
After target loss actual shots follow accepted free aim away from car centre: 40 rays
AIM_AT requested=(0, 1.95, -25) firstTargetDrift=(0, 0, 0) requestedScreen=(640, 399.99704)
Driving/fire exercised assist=False: speed=18.89m/s distance=17.17m turn=0.884rad rays=240 hits=54 retained=0/180 meanError=0.39868rad
AIM_AT requested=(0, 1.95, -25) firstTargetDrift=(0, 0, 0) requestedScreen=(640, 400)
Driving/fire exercised assist=True: speed=18.89m/s distance=17.17m turn=0.884rad rays=240 hits=240 retained=180/180 meanError=0.00000rad
Driving compensation retains engagement and native hits while materially reducing tracking error
Braking is not aim-away input: speed=0.07->2.49m/s, same retained car
Deliberate aim-away releases even after sustained driving engagement
AIM_AT requested=(-4, 1.95, 0) firstTargetDrift=(0, 0, 0) requestedScreen=(640, 400)
First rival can be deliberately acquired before switching
AIM_AT requested=(4, 1.95, 0) firstTargetDrift=(0, 0, 0) requestedScreen=(640.00037, 400.00003)
Deliberate sweep switches to the chosen second car
Slow deliberate adjustment beyond the frame also releases
Stopping beside the dismissed car does not pull free aim back onto it
Deliberately returning toward the dismissed car rearms acquisition
Chase return after engagement preserves the centred logical cursor
Released neutral camera returns behind the vehicle instead of retaining a target camera
AIM_AT requested=(0, 31.949999, -25) firstTargetDrift=(0, 0, 0) requestedScreen=(640, 400)
Held engagement established before native ballistic launch
Native jump/landing exercised: rise=7.99m airborne=140 landed=99 frames
Stationary held mouse retains through launch/flight/landing: air=140/140, ground=99/99
Post-landing RMB release clears engagement without reacquisition
Centered camera cursor appears alongside remote accepted aim
AIM_AT requested=(0, 2.1526716, 0) firstTargetDrift=(0, -0.0072208643, 0) requestedScreen=(640, 399.99594)
Center-ray car intersection replaces square with disconnected brackets
Camera intent stays at viewport center while car brackets are shown
AIM_AT requested=(-12, 1.4954507, 0) firstTargetDrift=(0, -0.00042164326, 0) requestedScreen=(639.98303, 399.99982)
A deliberate miss outside both acquisition regions returns to the free-aim square
Small square is centered when aiming beside a rival
AIM_AT requested=(0, 2.145029, 0) firstTargetDrift=(0, -2.7298927E-05, 0) requestedScreen=(640, 399.99997)
Intervening native cover prevents car brackets
Covered car leaves the small square at camera center
Removing cover restores brackets on the directly intersected car
AIM_FORWARD clear=True ready=True yaw=0 pitch=-0.040959563
Square remains centered immediately after mouse yaw and upward tilt under network impairment
Looking away from a car removes its brackets immediately
Cursor follows the new viewport center after resizing
Side mouse aim reaches authority with the original camera orbit limits
Deployed rack remains fixed on all peers
Observer receives accepted articulated aim
AIM_REMOTE side: acceptedYaw=-1.5600001 renderedYaw=-1.5600001 acceptedPitch=0.18520598 renderedPitch=0.18520598
Remote mount yaw and payload pitch settle to accepted side aim on actual presentation nodes
Rear aim accepted
AIM_REMOTE rear: acceptedYaw=-3.1200001 renderedYaw=-3.1200001 acceptedPitch=0.18520595 renderedPitch=0.18520595
Remote mount yaw and payload pitch settle to accepted rear aim on actual presentation nodes
Downward tilt and weapon self-clearance limits cannot displace the camera cursor
Downward articulation cannot enter owner envelope
Fine controller camera rotation retains a centered cursor
Native stick fine/full turn separation: fine=0.142, full=2.210 rad
Ordinary camera recentering retains a centered cursor
Neutral stick restores the original chase view with a weapon selected
AIM_AT requested=(0, 2.0831053, 25) firstTargetDrift=(0, -0.33989692, 0) requestedScreen=(640, 399.51)
AIM_GEOMETRY close: lens=(0, 4.814333, 44.07674) rotation=(-0.14372516, 0, 0) targetDisplayed=(0, 1.1534122, 25) targetNative=(0, 1.153192, 25) targetScreen=(640, 400.00247) center=(640, 400) bounds=(583.4178, 377.8659), (113.16443, 94.66818)
Directly intersected close car receives brackets instead of a distance-based square fallback
AIM_AT requested=(-3.7, 2.0705552, 35) firstTargetDrift=(0, -0.22062194, 0) requestedScreen=(640.0419, 399.4737)
AIM_GEOMETRY alongside: lens=(5.8192697, 6.6287327, 39.74511) rotation=(-0.40653965, 1.1084596, 0) targetDisplayed=(-3.7, 1.1493963, 35) targetNative=(-3.7, 1.1513422, 35) targetScreen=(640.0516, 400.0063) center=(640, 400) bounds=(477.74213, 337.91248), (329.46368, 217.82098)
ALONGSIDE target=1 angle=0.04661 sight=True hit=(-2.4941885, 2.1054664, 35.601067) lens=(5.8192697, 6.6287327, 39.74511) target=(-3.7, 1.4493964, 35) accepted=1 active=True dismissed=0
Directly intersected side-by-side car receives onscreen corner brackets
Alongside camera cursor stays centered while the accepted weapon ray remains chassis-safe
A camera ray blocked by the owner cannot mark the weapon ready
AIM_AT requested=(0, 12.65, 0) firstTargetDrift=(0, 0, 0) requestedScreen=(640, 400.0002)
AIM_AT requested=(0, 12.65, 0) firstTargetDrift=(0, 0, 0) requestedScreen=(640, 400)
Elevated rivals can be aimed at above the horizon
Upward aiming does not lower the grounded chase camera relative to the car
Upward aiming retains the centered shared aiming cue
The upward camera ray actually intersects the elevated rival
Upward desired aim reaches authority and observer
AIM_AT requested=(0, 2.65, 5) firstTargetDrift=(-7.7310505, -10.443575, 4.9155335) requestedScreen=(640.03394, 399.64755)
Fast crossing attraction stays bounded rather than following unlimited target travel
Crossing-car brackets identify the car receiving assistance under interpolation (97 bracket frames, 0 invalid identities)
AIM_AT requested=(0, 1.95, 0) firstTargetDrift=(0, 0, 0) requestedScreen=(640, 400)
Sticky acquisition selects a visible living rival car
AIM_AT requested=(0, 1.95, 0) firstTargetDrift=(0, 0, 0) requestedScreen=(640, 400)
Camera attraction follows a displaced car without input/recentering: 0.00001 -> 0.00000 rad
Attraction improves retention alignment over disabled pull (0.04515 rad unassisted)
Moving target retained through 90 frames of small mouse errors
Small alternating corrections retain aim near the moving body centre
STICKY_BREAK mouse yaw=-0.13540506->0.077594936 held=True target=0 bounds=
Deliberate mouse breakaway promptly restores free aim
Unframed cursor-directed free fire produces actual rounds (40)
AIM_AT requested=(5.56, 1.95, 0) firstTargetDrift=(0, 0, 0) requestedScreen=(640.0001, 400)
Small controller corrections retain the same framed car
Full controller aim-away releases without trapping input
AIM_AT requested=(5.56, 1.95, 0) firstTargetDrift=(0, 0, 0) requestedScreen=(640.0001, 400)
Crossing rear car does not cause target switching or bracket flicker
Intervening car breaks retention of the covered car
AIM_AT requested=(5.56, 1.95, 0) firstTargetDrift=(0, 0, 0) requestedScreen=(640, 400)
Solid non-vehicle cover releases assistance and never acquires brackets
AIM_AT requested=(5.56, 1.95, 0) firstTargetDrift=(0, 0, 0) requestedScreen=(640, 400)
AIM_AT requested=(0, 1.95, 0) firstTargetDrift=(0, 0, 0) requestedScreen=(640, 400)
Retained moving-car aim survives 30 FPS, gain 0.25, FOV 50, recenter 3: error=0.00000 rad
RMB release clears assisted feedback at 30 FPS, gain 0.25, FOV 50
Controller camera intent retains assistance without physical RMB
Full controller breakaway remains immediate at 30 FPS and sensitivity gain 0.25
Continuing deliberate input cannot repeatedly reacquire the car
AIM_AT requested=(2, 1.95, 0) firstTargetDrift=(0, 0, 0) requestedScreen=(640.00006, 400)
Mouse sweep breakaway remains immediate at 30 FPS and sensitivity gain 0.25
AIM_AT requested=(0, 1.95, 0) firstTargetDrift=(0, 0, 0) requestedScreen=(640, 400)
Retained moving-car aim survives 30 FPS, gain 3, FOV 90, recenter 3: error=0.00000 rad
RMB release clears assisted feedback at 30 FPS, gain 3, FOV 90
Controller camera intent retains assistance without physical RMB
Full controller breakaway remains immediate at 30 FPS and sensitivity gain 3
Continuing deliberate input cannot repeatedly reacquire the car
AIM_AT requested=(2, 1.95, 0) firstTargetDrift=(0, 0, 0) requestedScreen=(640.001, 400)
Mouse sweep breakaway remains immediate at 30 FPS and sensitivity gain 3
AIM_AT requested=(0, 1.95, 0) firstTargetDrift=(0, 0, 0) requestedScreen=(640, 400)
Retained moving-car aim survives 60 FPS, gain 0.25, FOV 50, recenter 3: error=0.00000 rad
RMB release clears assisted feedback at 60 FPS, gain 0.25, FOV 50
Controller camera intent retains assistance without physical RMB
Full controller breakaway remains immediate at 60 FPS and sensitivity gain 0.25
Continuing deliberate input cannot repeatedly reacquire the car
AIM_AT requested=(2, 1.95, 0) firstTargetDrift=(0, 0, 0) requestedScreen=(640.00006, 400)
Mouse sweep breakaway remains immediate at 60 FPS and sensitivity gain 0.25
AIM_AT requested=(0, 1.95, 0) firstTargetDrift=(0, 0, 0) requestedScreen=(640, 400)
Retained moving-car aim survives 60 FPS, gain 3, FOV 90, recenter 3: error=0.00000 rad
RMB release clears assisted feedback at 60 FPS, gain 3, FOV 90
Controller camera intent retains assistance without physical RMB
Full controller breakaway remains immediate at 60 FPS and sensitivity gain 3
Continuing deliberate input cannot repeatedly reacquire the car
AIM_AT requested=(2, 1.95, 0) firstTargetDrift=(0, 0, 0) requestedScreen=(640.0001, 400)
Mouse sweep breakaway remains immediate at 60 FPS and sensitivity gain 3
AIM_AT requested=(0, 1.95, 0) firstTargetDrift=(0, 0, 0) requestedScreen=(640, 400)
Retained moving-car aim survives 144 FPS, gain 0.25, FOV 50, recenter 3: error=0.00000 rad
RMB release clears assisted feedback at 144 FPS, gain 0.25, FOV 50
Controller camera intent retains assistance without physical RMB
Full controller breakaway remains immediate at 144 FPS and sensitivity gain 0.25
Continuing deliberate input cannot repeatedly reacquire the car
AIM_AT requested=(2, 1.95, 0) firstTargetDrift=(0, 0, 0) requestedScreen=(640, 400)
Mouse sweep breakaway remains immediate at 144 FPS and sensitivity gain 0.25
AIM_AT requested=(0, 1.95, 0) firstTargetDrift=(0, -1.1920929E-07, 0) requestedScreen=(640, 400)
Retained moving-car aim survives 144 FPS, gain 3, FOV 90, recenter 3: error=0.00000 rad
RMB release clears assisted feedback at 144 FPS, gain 3, FOV 90
Controller camera intent retains assistance without physical RMB
Full controller breakaway remains immediate at 144 FPS and sensitivity gain 3
Continuing deliberate input cannot repeatedly reacquire the car
AIM_AT requested=(2, 1.95, 0) firstTargetDrift=(0, 0, 0) requestedScreen=(639.99994, 400)
Mouse sweep breakaway remains immediate at 144 FPS and sensitivity gain 3
AIM_AT requested=(2, 1.9499998, 0) firstTargetDrift=(0, 0, 0) requestedScreen=(640.0006, 400)
AIM_AT requested=(2, 1.95, 0) firstTargetDrift=(0, 0, 0) requestedScreen=(640, 400)
Held assistance is active before the accepted-aim blackout
Observer has accepted aim before packet blackout
A bounded real UDP blackout expires accepted aim on shooter and observer
Accepted-aim outage cannot retain a stale assisted car
Fresh accepted aim resumes after packet delivery recovers (not authenticated reconnect)
Held intent reacquires on the shooter only after fresh accepted aim arrives
Camera-intent cursor remains centered after transient packet recovery
Production missile crossing an engaged view never replaces the retained car
Production missile presentation under cursor never becomes an assisted target
Production mine presentation under cursor never becomes an assisted target
Production rock artwork never becomes an assisted target
Production pickup presentation never becomes an assisted target
Non-vehicle objects retain the centred ordinary cursor
Suppression retires acquired identity and HUD
CAMERA_AIM_SAMPLE CameraDistance=1.15 air=False up=False expected=<0.004166752, -0.21304777, -0.9770329> actual=<0.004166752, -0.21304777, -0.9770329> lens=(-0.029587077, 5.8155546, 43.78267) target=(0.059649535, 4.7683716E-07, 22.858194) pitch=-0.27108648
Final centered rendered ray and pivot-relative intent agree: CameraDistance=1.15 air=False up=False
Camera settings retain centered HUD: CameraDistance=1.15 air=False up=False
Authoritative articulation follows camera intent within network/pose tolerance: CameraDistance=1.15 air=False up=False
Shared body clearance remains safe: CameraDistance=1.15 air=False up=False
AIM_REMOTE CameraDistance=1.15 air=False up=False: acceptedYaw=-0.0042646746 renderedYaw=6.2789207 acceptedPitch=-0.114746705 renderedPitch=-0.11474673
Remote mount yaw and payload pitch settle to accepted CameraDistance=1.15 air=False up=False aim on actual presentation nodes
Local preference leaves host tuning and peer camera unchanged: CameraDistance=1.15 air=False up=False
CAMERA_AIM_SAMPLE CameraDistance=1.15 air=False up=True expected=<0.004137853, 0.14836377, -0.98892426> actual=<0.004137853, 0.14836377, -0.98892426> lens=(-0.030795416, 4.3086233, 44.204937) target=(1.2413559, 47.55904, -259.83228) pitch=0.14891352
Final centered rendered ray and pivot-relative intent agree: CameraDistance=1.15 air=False up=True
Camera settings retain centered HUD: CameraDistance=1.15 air=False up=True
Authoritative articulation follows camera intent within network/pose tolerance: CameraDistance=1.15 air=False up=True
Shared body clearance remains safe: CameraDistance=1.15 air=False up=True
AIM_REMOTE CameraDistance=1.15 air=False up=True: acceptedYaw=-0.004184172 renderedYaw=6.279001 acceptedPitch=0.14891352 renderedPitch=0.1489135
Remote mount yaw and payload pitch settle to accepted CameraDistance=1.15 air=False up=True aim on actual presentation nodes
Local preference leaves host tuning and peer camera unchanged: CameraDistance=1.15 air=False up=True
CAMERA_AIM_SAMPLE CameraDistance=1.15 air=True up=False expected=<0.00506666, -0.26112044, -0.965293> actual=<0.00506666, -0.26112044, -0.965293> lens=(-0.041652817, 37.558083, 44.78064) target=(0.6676431, -3.8146973E-06, -90.353424) pitch=-0.27108648
Final centered rendered ray and pivot-relative intent agree: CameraDistance=1.15 air=True up=False
Camera settings retain centered HUD: CameraDistance=1.15 air=True up=False
Authoritative articulation follows camera intent within network/pose tolerance: CameraDistance=1.15 air=True up=False
Shared body clearance remains safe: CameraDistance=1.15 air=True up=False
AIM_REMOTE CameraDistance=1.15 air=True up=False: acceptedYaw=-0.0052487827 renderedYaw=6.277937 acceptedPitch=-0.11474629 renderedPitch=-0.11474626
Remote mount yaw and payload pitch settle to accepted CameraDistance=1.15 air=True up=False aim on actual presentation nodes
Local preference leaves host tuning and peer camera unchanged: CameraDistance=1.15 air=True up=False
CAMERA_AIM_SAMPLE CameraDistance=1.15 air=True up=True expected=<0.004188804, 0.14836374, -0.988924> actual=<0.004188804, 0.14836374, -0.988924> lens=(-0.045353077, 35.795517, 47.55229) target=(1.2566411, 78.917435, -259.8322) pitch=0.14891349
Final centered rendered ray and pivot-relative intent agree: CameraDistance=1.15 air=True up=True
Camera settings retain centered HUD: CameraDistance=1.15 air=True up=True
Authoritative articulation follows camera intent within network/pose tolerance: CameraDistance=1.15 air=True up=True
Shared body clearance remains safe: CameraDistance=1.15 air=True up=True
AIM_REMOTE CameraDistance=1.15 air=True up=True: acceptedYaw=-0.0042356933 renderedYaw=6.2789497 acceptedPitch=0.14891349 renderedPitch=0.1489134
Remote mount yaw and payload pitch settle to accepted CameraDistance=1.15 air=True up=True aim on actual presentation nodes
Local preference leaves host tuning and peer camera unchanged: CameraDistance=1.15 air=True up=True
CAMERA_AIM_SAMPLE CameraDistance=1.3 air=False up=False expected=<0.004180983, -0.21627578, -0.97632337> actual=<0.004180983, -0.21627578, -0.97632337> lens=(-0.033748023, 6.0168476, 44.725677) target=(0.058959924, 4.7683716E-07, 23.07696) pitch=-0.2710866
Final centered rendered ray and pivot-relative intent agree: CameraDistance=1.3 air=False up=False
Camera settings retain centered HUD: CameraDistance=1.3 air=False up=False
Authoritative articulation follows camera intent within network/pose tolerance: CameraDistance=1.3 air=False up=False
Shared body clearance remains safe: CameraDistance=1.3 air=False up=False
AIM_REMOTE CameraDistance=1.3 air=False up=False: acceptedYaw=-0.0042823497 renderedYaw=6.278903 acceptedPitch=-0.11474681 renderedPitch=-0.114746794
Remote mount yaw and payload pitch settle to accepted CameraDistance=1.3 air=False up=False aim on actual presentation nodes
Local preference leaves host tuning and peer camera unchanged: CameraDistance=1.3 air=False up=False
CAMERA_AIM_SAMPLE CameraDistance=1.3 air=False up=True expected=<0.005230373, 0.14836375, -0.9889191> actual=<0.005230373, 0.14836375, -0.9889191> lens=(-0.044003688, 4.3056464, 45.164886) target=(1.5691118, 47.555626, -259.83072) pitch=0.1489135
Final centered rendered ray and pivot-relative intent agree: CameraDistance=1.3 air=False up=True
Camera settings retain centered HUD: CameraDistance=1.3 air=False up=True
Authoritative articulation follows camera intent within network/pose tolerance: CameraDistance=1.3 air=False up=True
Shared body clearance remains safe: CameraDistance=1.3 air=False up=True
AIM_REMOTE CameraDistance=1.3 air=False up=True: acceptedYaw=-0.00528893 renderedYaw=6.2778964 acceptedPitch=0.1489135 renderedPitch=0.14891344
Remote mount yaw and payload pitch settle to accepted CameraDistance=1.3 air=False up=True aim on actual presentation nodes
Local preference leaves host tuning and peer camera unchanged: CameraDistance=1.3 air=False up=True
CAMERA_AIM_SAMPLE CameraDistance=1.3 air=True up=False expected=<0.0061196433, -0.26246697, -0.9649216> actual=<0.0061196433, -0.26246697, -0.9649216> lens=(-0.0567024, 37.64274, 45.785614) target=(0.8022594, 3.8146973E-06, -89.652145) pitch=-0.27108654
Final centered rendered ray and pivot-relative intent agree: CameraDistance=1.3 air=True up=False
Camera settings retain centered HUD: CameraDistance=1.3 air=True up=False
Authoritative articulation follows camera intent within network/pose tolerance: CameraDistance=1.3 air=True up=False
Shared body clearance remains safe: CameraDistance=1.3 air=True up=False
AIM_REMOTE CameraDistance=1.3 air=True up=False: acceptedYaw=-0.0063420287 renderedYaw=6.2768435 acceptedPitch=-0.11474561 renderedPitch=-0.11474558
Remote mount yaw and payload pitch settle to accepted CameraDistance=1.3 air=True up=False aim on actual presentation nodes
Local preference leaves host tuning and peer camera unchanged: CameraDistance=1.3 air=True up=False
CAMERA_AIM_SAMPLE CameraDistance=1.3 air=True up=True expected=<0.0051609925, 0.14836377, -0.9889194> actual=<0.0051609925, 0.14836377, -0.9889194> lens=(-0.060833063, 35.85729, 48.50148) target=(1.5482979, 78.91745, -259.83084) pitch=0.14891352
Final centered rendered ray and pivot-relative intent agree: CameraDistance=1.3 air=True up=True
Camera settings retain centered HUD: CameraDistance=1.3 air=True up=True
Authoritative articulation follows camera intent within network/pose tolerance: CameraDistance=1.3 air=True up=True
Shared body clearance remains safe: CameraDistance=1.3 air=True up=True
AIM_REMOTE CameraDistance=1.3 air=True up=True: acceptedYaw=-0.0052187727 renderedYaw=6.2779665 acceptedPitch=0.14891352 renderedPitch=0.14891344
Remote mount yaw and payload pitch settle to accepted CameraDistance=1.3 air=True up=True aim on actual presentation nodes
Local preference leaves host tuning and peer camera unchanged: CameraDistance=1.3 air=True up=True
CAMERA_AIM_SAMPLE CameraDistance=1.5 air=False up=False expected=<0.0030650208, -0.22069806, -0.9753373> actual=<0.0030650208, -0.22069806, -0.9753373> lens=(-0.02871218, 6.285434, 45.981663) target=(0.04235663, 0, 23.366463) pitch=-0.27108654
Final centered rendered ray and pivot-relative intent agree: CameraDistance=1.5 air=False up=False
Camera settings retain centered HUD: CameraDistance=1.5 air=False up=False
Authoritative articulation follows camera intent within network/pose tolerance: CameraDistance=1.5 air=False up=False
Shared body clearance remains safe: CameraDistance=1.5 air=False up=False
AIM_REMOTE CameraDistance=1.5 air=False up=False: acceptedYaw=-0.0031425136 renderedYaw=6.280043 acceptedPitch=-0.11474716 renderedPitch=-0.114747144
Remote mount yaw and payload pitch settle to accepted CameraDistance=1.5 air=False up=False aim on actual presentation nodes
Local preference leaves host tuning and peer camera unchanged: CameraDistance=1.5 air=False up=False
CAMERA_AIM_SAMPLE CameraDistance=1.5 air=False up=True expected=<0.004168409, 0.14836374, -0.988924> actual=<0.004168409, 0.14836374, -0.988924> lens=(-0.04046456, 4.3076963, 46.444916) target=(1.2505227, 47.55903, -259.8322) pitch=0.14891349
Final centered rendered ray and pivot-relative intent agree: CameraDistance=1.5 air=False up=True
Camera settings retain centered HUD: CameraDistance=1.5 air=False up=True
Authoritative articulation follows camera intent within network/pose tolerance: CameraDistance=1.5 air=False up=True
Shared body clearance remains safe: CameraDistance=1.5 air=False up=True
AIM_REMOTE CameraDistance=1.5 air=False up=True: acceptedYaw=-0.00421507 renderedYaw=6.2789702 acceptedPitch=0.14891349 renderedPitch=0.14891341
Remote mount yaw and payload pitch settle to accepted CameraDistance=1.5 air=False up=True aim on actual presentation nodes
Local preference leaves host tuning and peer camera unchanged: CameraDistance=1.5 air=False up=True
CAMERA_AIM_SAMPLE CameraDistance=1.5 air=True up=False expected=<0.0040200967, -0.26297745, -0.9647936> actual=<0.0040200967, -0.26297745, -0.9647936> lens=(-0.042332668, 37.908176, 47.00453) target=(0.5259948, -3.8146973E-06, -89.38988) pitch=-0.2710865
Final centered rendered ray and pivot-relative intent agree: CameraDistance=1.5 air=True up=False
Camera settings retain centered HUD: CameraDistance=1.5 air=True up=False
Authoritative articulation follows camera intent within network/pose tolerance: CameraDistance=1.5 air=True up=False
Shared body clearance remains safe: CameraDistance=1.5 air=True up=False
AIM_REMOTE CameraDistance=1.5 air=True up=False: acceptedYaw=-0.0041667703 renderedYaw=6.279019 acceptedPitch=-0.114746764 renderedPitch=-0.11474672
Remote mount yaw and payload pitch settle to accepted CameraDistance=1.5 air=True up=False aim on actual presentation nodes
Local preference leaves host tuning and peer camera unchanged: CameraDistance=1.5 air=True up=False
CAMERA_AIM_SAMPLE CameraDistance=1.5 air=True up=True expected=<0.0030992609, 0.14836374, -0.988928> actual=<0.0030992609, 0.14836374, -0.988928> lens=(-0.040528372, 35.765316, 49.777) target=(0.9297783, 78.917435, -259.8334) pitch=0.14891349
Final centered rendered ray and pivot-relative intent agree: CameraDistance=1.5 air=True up=True
Camera settings retain centered HUD: CameraDistance=1.5 air=True up=True
Authoritative articulation follows camera intent within network/pose tolerance: CameraDistance=1.5 air=True up=True
Shared body clearance remains safe: CameraDistance=1.5 air=True up=True
AIM_REMOTE CameraDistance=1.5 air=True up=True: acceptedYaw=-0.0031339498 renderedYaw=6.2800517 acceptedPitch=0.14891349 renderedPitch=0.14891337
Remote mount yaw and payload pitch settle to accepted CameraDistance=1.5 air=True up=True aim on actual presentation nodes
Local preference leaves host tuning and peer camera unchanged: CameraDistance=1.5 air=True up=True
CAMERA_AIM_SAMPLE CameraInertia=0 air=False up=False expected=<0.0061495868, -0.21363851, -0.97689337> actual=<0.0061495868, -0.21363851, -0.97689337> lens=(-0.043373022, 5.791074, 43.735027) target=(0.08779158, 0, 22.898859) pitch=-0.27108654
Final centered rendered ray and pivot-relative intent agree: CameraInertia=0 air=False up=False
Camera settings retain centered HUD: CameraInertia=0 air=False up=False
Authoritative articulation follows camera intent within network/pose tolerance: CameraInertia=0 air=False up=False
Shared body clearance remains safe: CameraInertia=0 air=False up=False
AIM_REMOTE CameraInertia=0 air=False up=False: acceptedYaw=-0.0062949616 renderedYaw=6.2768908 acceptedPitch=-0.11474566 renderedPitch=-0.11474565
Remote mount yaw and payload pitch settle to accepted CameraInertia=0 air=False up=False aim on actual presentation nodes
Local preference leaves host tuning and peer camera unchanged: CameraInertia=0 air=False up=False
CAMERA_AIM_SAMPLE CameraInertia=0 air=False up=True expected=<0.0042144815, 0.14836375, -0.98892385> actual=<0.0042144815, 0.14836375, -0.98892385> lens=(-0.031365715, 4.3017354, 44.204933) target=(1.2643446, 47.55904, -259.83218) pitch=0.14891352
Final centered rendered ray and pivot-relative intent agree: CameraInertia=0 air=False up=True
Camera settings retain centered HUD: CameraInertia=0 air=False up=True
Authoritative articulation follows camera intent within network/pose tolerance: CameraInertia=0 air=False up=True
Shared body clearance remains safe: CameraInertia=0 air=False up=True
AIM_REMOTE CameraInertia=0 air=False up=True: acceptedYaw=-0.0042616585 renderedYaw=6.278924 acceptedPitch=0.1489135 renderedPitch=0.14891349
Remote mount yaw and payload pitch settle to accepted CameraInertia=0 air=False up=True aim on actual presentation nodes
Local preference leaves host tuning and peer camera unchanged: CameraInertia=0 air=False up=True
CAMERA_AIM_SAMPLE CameraInertia=0 air=True up=False expected=<0.0040267315, -0.262024, -0.965053> actual=<0.0040267315, -0.262024, -0.965053> lens=(-0.03343956, 37.449062, 44.859184) target=(0.52878, 0, -89.88326) pitch=-0.27108654
Final centered rendered ray and pivot-relative intent agree: CameraInertia=0 air=True up=False
Camera settings retain centered HUD: CameraInertia=0 air=True up=False
Authoritative articulation follows camera intent within network/pose tolerance: CameraInertia=0 air=True up=False
Shared body clearance remains safe: CameraInertia=0 air=True up=False
AIM_REMOTE CameraInertia=0 air=True up=False: acceptedYaw=-0.0041725254 renderedYaw=6.279013 acceptedPitch=-0.114746824 renderedPitch=-0.11474682
Remote mount yaw and payload pitch settle to accepted CameraInertia=0 air=True up=False aim on actual presentation nodes
Local preference leaves host tuning and peer camera unchanged: CameraInertia=0 air=True up=False
CAMERA_AIM_SAMPLE CameraInertia=0 air=True up=True expected=<0.006289685, 0.14836374, -0.9889129> actual=<0.006289685, 0.14836374, -0.9889129> lens=(-0.06792542, 35.790627, 47.52476) target=(1.8869056, 78.917435, -259.82886) pitch=0.14891349
Final centered rendered ray and pivot-relative intent agree: CameraInertia=0 air=True up=True
Camera settings retain centered HUD: CameraInertia=0 air=True up=True
Authoritative articulation follows camera intent within network/pose tolerance: CameraInertia=0 air=True up=True
Shared body clearance remains safe: CameraInertia=0 air=True up=True
AIM_REMOTE CameraInertia=0 air=True up=True: acceptedYaw=-0.0063601155 renderedYaw=6.2768254 acceptedPitch=0.14891349 renderedPitch=0.14891341
Remote mount yaw and payload pitch settle to accepted CameraInertia=0 air=True up=True aim on actual presentation nodes
Local preference leaves host tuning and peer camera unchanged: CameraInertia=0 air=True up=True
CAMERA_AIM_SAMPLE CameraInertia=0.5 air=False up=False expected=<0.0051131137, -0.2130016, -0.9770385> actual=<0.0051131137, -0.2130016, -0.9770385> lens=(-0.036324862, 5.8174105, 43.786133) target=(0.073213145, 0, 22.85508) pitch=-0.27108654
Final centered rendered ray and pivot-relative intent agree: CameraInertia=0.5 air=False up=False
Camera settings retain centered HUD: CameraInertia=0.5 air=False up=False
Authoritative articulation follows camera intent within network/pose tolerance: CameraInertia=0.5 air=False up=False
Shared body clearance remains safe: CameraInertia=0.5 air=False up=False
AIM_REMOTE CameraInertia=0.5 air=False up=False: acceptedYaw=-0.0052332296 renderedYaw=6.277952 acceptedPitch=-0.11474618 renderedPitch=-0.11474618
Remote mount yaw and payload pitch settle to accepted CameraInertia=0.5 air=False up=False aim on actual presentation nodes
Local preference leaves host tuning and peer camera unchanged: CameraInertia=0.5 air=False up=False
CAMERA_AIM_SAMPLE CameraInertia=0.5 air=False up=True expected=<0.0041662417, 0.14836374, -0.988924> actual=<0.0041662417, 0.14836374, -0.988924> lens=(-0.031006696, 4.3066883, 44.204937) target=(1.2498726, 47.55903, -259.8322) pitch=0.14891349
Final centered rendered ray and pivot-relative intent agree: CameraInertia=0.5 air=False up=True
Camera settings retain centered HUD: CameraInertia=0.5 air=False up=True
Authoritative articulation follows camera intent within network/pose tolerance: CameraInertia=0.5 air=False up=True
Shared body clearance remains safe: CameraInertia=0.5 air=False up=True
AIM_REMOTE CameraInertia=0.5 air=False up=True: acceptedYaw=-0.0042128786 renderedYaw=6.2789726 acceptedPitch=0.14891349 renderedPitch=0.14891346
Remote mount yaw and payload pitch settle to accepted CameraInertia=0.5 air=False up=True aim on actual presentation nodes
Local preference leaves host tuning and peer camera unchanged: CameraInertia=0.5 air=False up=True
CAMERA_AIM_SAMPLE CameraInertia=0.5 air=True up=False expected=<0.004109116, -0.26099077, -0.9653326> actual=<0.004109116, -0.26099077, -0.9653326> lens=(-0.033758316, 37.575554, 44.77566) target=(0.54173464, 0, -90.42183) pitch=-0.2710866
Final centered rendered ray and pivot-relative intent agree: CameraInertia=0.5 air=True up=False
Camera settings retain centered HUD: CameraInertia=0.5 air=True up=False
Authoritative articulation follows camera intent within network/pose tolerance: CameraInertia=0.5 air=True up=False
Shared body clearance remains safe: CameraInertia=0.5 air=True up=False
AIM_REMOTE CameraInertia=0.5 air=True up=False: acceptedYaw=-0.0042566573 renderedYaw=6.2789288 acceptedPitch=-0.11474685 renderedPitch=-0.11474681
Remote mount yaw and payload pitch settle to accepted CameraInertia=0.5 air=True up=False aim on actual presentation nodes
Local preference leaves host tuning and peer camera unchanged: CameraInertia=0.5 air=True up=False
CAMERA_AIM_SAMPLE CameraInertia=0.5 air=True up=True expected=<0.005209165, 0.14836374, -0.9889192> actual=<0.005209165, 0.14836374, -0.9889192> lens=(-0.056309152, 35.80089, 47.53485) target=(1.5627495, 78.917435, -259.83075) pitch=0.1489135
Final centered rendered ray and pivot-relative intent agree: CameraInertia=0.5 air=True up=True
Camera settings retain centered HUD: CameraInertia=0.5 air=True up=True
Authoritative articulation follows camera intent within network/pose tolerance: CameraInertia=0.5 air=True up=True
Shared body clearance remains safe: CameraInertia=0.5 air=True up=True
AIM_REMOTE CameraInertia=0.5 air=True up=True: acceptedYaw=-0.005267485 renderedYaw=6.277918 acceptedPitch=0.1489135 renderedPitch=0.14891347
Remote mount yaw and payload pitch settle to accepted CameraInertia=0.5 air=True up=True aim on actual presentation nodes
Local preference leaves host tuning and peer camera unchanged: CameraInertia=0.5 air=True up=True
CAMERA_AIM_SAMPLE CameraInertia=1 air=False up=False expected=<0.0041072173, -0.21322122, -0.97699535> actual=<0.0041072173, -0.21322122, -0.97699535> lens=(-0.02917826, 5.813089, 43.785713) target=(0.058749437, 0, 22.870108) pitch=-0.27108654
Final centered rendered ray and pivot-relative intent agree: CameraInertia=1 air=False up=False
Camera settings retain centered HUD: CameraInertia=1 air=False up=False
Authoritative articulation follows camera intent within network/pose tolerance: CameraInertia=1 air=False up=False
Shared body clearance remains safe: CameraInertia=1 air=False up=False
AIM_REMOTE CameraInertia=1 air=False up=False: acceptedYaw=-0.004203903 renderedYaw=6.2789817 acceptedPitch=-0.11474688 renderedPitch=-0.11474685
Remote mount yaw and payload pitch settle to accepted CameraInertia=1 air=False up=False aim on actual presentation nodes
Local preference leaves host tuning and peer camera unchanged: CameraInertia=1 air=False up=False
CAMERA_AIM_SAMPLE CameraInertia=1 air=False up=True expected=<0.00632214, 0.14836371, -0.98891264> actual=<0.00632214, 0.14836371, -0.98891264> lens=(-0.047051672, 4.311695, 44.20485) target=(1.896642, 47.55902, -259.8288) pitch=0.14891347
Final centered rendered ray and pivot-relative intent agree: CameraInertia=1 air=False up=True
Camera settings retain centered HUD: CameraInertia=1 air=False up=True
Authoritative articulation follows camera intent within network/pose tolerance: CameraInertia=1 air=False up=True
Shared body clearance remains safe: CameraInertia=1 air=False up=True
AIM_REMOTE CameraInertia=1 air=False up=True: acceptedYaw=-0.0063929344 renderedYaw=6.2767925 acceptedPitch=0.14891346 renderedPitch=0.14891343
Remote mount yaw and payload pitch settle to accepted CameraInertia=1 air=False up=True aim on actual presentation nodes
Local preference leaves host tuning and peer camera unchanged: CameraInertia=1 air=False up=True
CAMERA_AIM_SAMPLE CameraInertia=1 air=True up=False expected=<0.004076437, -0.26088047, -0.9653624> actual=<0.004076437, -0.26088047, -0.9653624> lens=(-0.03332496, 37.5808, 44.736862) target=(0.53765357, 3.8146973E-06, -90.47955) pitch=-0.27108654
Final centered rendered ray and pivot-relative intent agree: CameraInertia=1 air=True up=False
Camera settings retain centered HUD: CameraInertia=1 air=True up=False
Authoritative articulation follows camera intent within network/pose tolerance: CameraInertia=1 air=True up=False
Shared body clearance remains safe: CameraInertia=1 air=True up=False
AIM_REMOTE CameraInertia=1 air=True up=False: acceptedYaw=-0.0042226757 renderedYaw=6.2789626 acceptedPitch=-0.1147469 renderedPitch=-0.11474681
Remote mount yaw and payload pitch settle to accepted CameraInertia=1 air=True up=False aim on actual presentation nodes
Local preference leaves host tuning and peer camera unchanged: CameraInertia=1 air=True up=False
CAMERA_AIM_SAMPLE CameraInertia=1 air=True up=True expected=<0.0041932072, 0.14836371, -0.98892397> actual=<0.0041932072, 0.14836371, -0.98892397> lens=(-0.045504767, 35.809723, 47.576824) target=(1.2579622, 78.91743, -259.83218) pitch=0.14891346
Final centered rendered ray and pivot-relative intent agree: CameraInertia=1 air=True up=True
Camera settings retain centered HUD: CameraInertia=1 air=True up=True
Authoritative articulation follows camera intent within network/pose tolerance: CameraInertia=1 air=True up=True
Shared body clearance remains safe: CameraInertia=1 air=True up=True
AIM_REMOTE CameraInertia=1 air=True up=True: acceptedYaw=-0.004240146 renderedYaw=6.2789454 acceptedPitch=0.14891344 renderedPitch=0.14891344
Remote mount yaw and payload pitch settle to accepted CameraInertia=1 air=True up=True aim on actual presentation nodes
Local preference leaves host tuning and peer camera unchanged: CameraInertia=1 air=True up=True
CAMERA_AIM_SAMPLE CameraAerialPullback=0 air=False up=False expected=<0.006228001, -0.212888, -0.9770568> actual=<0.006228001, -0.212888, -0.9770568> lens=(-0.04422193, 5.818612, 43.782593) target=(0.08922445, 4.7683716E-07, 22.847355) pitch=-0.27108654
Final centered rendered ray and pivot-relative intent agree: CameraAerialPullback=0 air=False up=False
Camera settings retain centered HUD: CameraAerialPullback=0 air=False up=False
Authoritative articulation follows camera intent within network/pose tolerance: CameraAerialPullback=0 air=False up=False
Shared body clearance remains safe: CameraAerialPullback=0 air=False up=False
AIM_REMOTE CameraAerialPullback=0 air=False up=False: acceptedYaw=-0.0063741594 renderedYaw=6.276811 acceptedPitch=-0.11474555 renderedPitch=-0.114745505
Remote mount yaw and payload pitch settle to accepted CameraAerialPullback=0 air=False up=False aim on actual presentation nodes
Local preference leaves host tuning and peer camera unchanged: CameraAerialPullback=0 air=False up=False
CAMERA_AIM_SAMPLE CameraAerialPullback=0 air=False up=True expected=<0.004209807, 0.14836374, -0.98892397> actual=<0.004209807, 0.14836374, -0.98892397> lens=(-0.031330924, 4.310109, 44.204933) target=(1.2629422, 47.55903, -259.83218) pitch=0.14891349
Final centered rendered ray and pivot-relative intent agree: CameraAerialPullback=0 air=False up=True
Camera settings retain centered HUD: CameraAerialPullback=0 air=False up=True
Authoritative articulation follows camera intent within network/pose tolerance: CameraAerialPullback=0 air=False up=True
Shared body clearance remains safe: CameraAerialPullback=0 air=False up=True
AIM_REMOTE CameraAerialPullback=0 air=False up=True: acceptedYaw=-0.0042569316 renderedYaw=6.2789288 acceptedPitch=0.14891349 renderedPitch=0.14891347
Remote mount yaw and payload pitch settle to accepted CameraAerialPullback=0 air=False up=True aim on actual presentation nodes
Local preference leaves host tuning and peer camera unchanged: CameraAerialPullback=0 air=False up=True
CAMERA_AIM_SAMPLE CameraAerialPullback=0 air=True up=False expected=<0.0041050063, -0.26134273, -0.9652373> actual=<0.0041050063, -0.26134273, -0.9652373> lens=(-0.029504847, 37.248447, 43.78267) target=(0.54046404, 0, -90.237885) pitch=-0.2710866
Final centered rendered ray and pivot-relative intent agree: CameraAerialPullback=0 air=True up=False
Camera settings retain centered HUD: CameraAerialPullback=0 air=True up=False
Authoritative articulation follows camera intent within network/pose tolerance: CameraAerialPullback=0 air=True up=False
Shared body clearance remains safe: CameraAerialPullback=0 air=True up=False
AIM_REMOTE CameraAerialPullback=0 air=True up=False: acceptedYaw=-0.004252821 renderedYaw=6.2789326 acceptedPitch=-0.11474667 renderedPitch=-0.11474668
Remote mount yaw and payload pitch settle to accepted CameraAerialPullback=0 air=True up=False aim on actual presentation nodes
Local preference leaves host tuning and peer camera unchanged: CameraAerialPullback=0 air=True up=False
CAMERA_AIM_SAMPLE CameraAerialPullback=0 air=True up=True expected=<0.004202897, 0.14836374, -0.98892397> actual=<0.004202897, 0.14836374, -0.98892397> lens=(-0.031279493, 35.86154, 44.204933) target=(1.2608691, 78.917435, -259.83218) pitch=0.1489135
Final centered rendered ray and pivot-relative intent agree: CameraAerialPullback=0 air=True up=True
Camera settings retain centered HUD: CameraAerialPullback=0 air=True up=True
Authoritative articulation follows camera intent within network/pose tolerance: CameraAerialPullback=0 air=True up=True
Shared body clearance remains safe: CameraAerialPullback=0 air=True up=True
AIM_REMOTE CameraAerialPullback=0 air=True up=True: acceptedYaw=-0.0042499444 renderedYaw=6.2789354 acceptedPitch=0.14891347 renderedPitch=0.14891344
Remote mount yaw and payload pitch settle to accepted CameraAerialPullback=0 air=True up=True aim on actual presentation nodes
Local preference leaves host tuning and peer camera unchanged: CameraAerialPullback=0 air=True up=True
CAMERA_AIM_SAMPLE CameraAerialPullback=1 air=False up=False expected=<0.005167799, -0.21300556, -0.9770373> actual=<0.005167799, -0.21300556, -0.9770373> lens=(-0.036713194, 5.8173246, 43.786095) target=(0.0739948, -4.7683716E-07, 22.855354) pitch=-0.27108654
Final centered rendered ray and pivot-relative intent agree: CameraAerialPullback=1 air=False up=False
Camera settings retain centered HUD: CameraAerialPullback=1 air=False up=False
Authoritative articulation follows camera intent within network/pose tolerance: CameraAerialPullback=1 air=False up=False
Shared body clearance remains safe: CameraAerialPullback=1 air=False up=False
AIM_REMOTE CameraAerialPullback=1 air=False up=False: acceptedYaw=-0.005289205 renderedYaw=6.2778964 acceptedPitch=-0.11474614 renderedPitch=-0.11474612
Remote mount yaw and payload pitch settle to accepted CameraAerialPullback=1 air=False up=False aim on actual presentation nodes
Local preference leaves host tuning and peer camera unchanged: CameraAerialPullback=1 air=False up=False
CAMERA_AIM_SAMPLE CameraAerialPullback=1 air=False up=True expected=<0.00632004, 0.14836371, -0.98891264> actual=<0.00632004, 0.14836371, -0.98891264> lens=(-0.047036044, 4.3066864, 44.20485) target=(1.8960121, 47.55902, -259.8288) pitch=0.14891347
Final centered rendered ray and pivot-relative intent agree: CameraAerialPullback=1 air=False up=True
Camera settings retain centered HUD: CameraAerialPullback=1 air=False up=True
Authoritative articulation follows camera intent within network/pose tolerance: CameraAerialPullback=1 air=False up=True
Shared body clearance remains safe: CameraAerialPullback=1 air=False up=True
AIM_REMOTE CameraAerialPullback=1 air=False up=True: acceptedYaw=-0.0063908114 renderedYaw=6.2767944 acceptedPitch=0.14891346 renderedPitch=0.14891344
Remote mount yaw and payload pitch settle to accepted CameraAerialPullback=1 air=False up=True aim on actual presentation nodes
Local preference leaves host tuning and peer camera unchanged: CameraAerialPullback=1 air=False up=True
CAMERA_AIM_SAMPLE CameraAerialPullback=1 air=True up=False expected=<0.004070971, -0.26103327, -0.9653212> actual=<0.004070971, -0.26103327, -0.9653212> lens=(-0.033451527, 37.569767, 44.77713) target=(0.53661835, 3.8146973E-06, -90.3996) pitch=-0.27108654
Final centered rendered ray and pivot-relative intent agree: CameraAerialPullback=1 air=True up=False
Camera settings retain centered HUD: CameraAerialPullback=1 air=True up=False
Authoritative articulation follows camera intent within network/pose tolerance: CameraAerialPullback=1 air=True up=False
Shared body clearance remains safe: CameraAerialPullback=1 air=True up=False
AIM_REMOTE CameraAerialPullback=1 air=True up=False: acceptedYaw=-0.004217194 renderedYaw=6.2789683 acceptedPitch=-0.11474685 renderedPitch=-0.114746794
Remote mount yaw and payload pitch settle to accepted CameraAerialPullback=1 air=True up=False aim on actual presentation nodes
Local preference leaves host tuning and peer camera unchanged: CameraAerialPullback=1 air=True up=False
CAMERA_AIM_SAMPLE CameraAerialPullback=1 air=True up=True expected=<0.0052153314, 0.14836378, -0.9889192> actual=<0.0052153314, 0.14836378, -0.9889192> lens=(-0.056372456, 35.80283, 47.534218) target=(1.5645994, 78.91745, -259.83075) pitch=0.14891353
Final centered rendered ray and pivot-relative intent agree: CameraAerialPullback=1 air=True up=True
Camera settings retain centered HUD: CameraAerialPullback=1 air=True up=True
Authoritative articulation follows camera intent within network/pose tolerance: CameraAerialPullback=1 air=True up=True
Shared body clearance remains safe: CameraAerialPullback=1 air=True up=True
AIM_REMOTE CameraAerialPullback=1 air=True up=True: acceptedYaw=-0.0052737202 renderedYaw=6.2779117 acceptedPitch=0.14891355 renderedPitch=0.14891352
Remote mount yaw and payload pitch settle to accepted CameraAerialPullback=1 air=True up=True aim on actual presentation nodes
Local preference leaves host tuning and peer camera unchanged: CameraAerialPullback=1 air=True up=True
CAMERA_AIM_SAMPLE CameraAerialPullback=1.5 air=False up=False expected=<0.006264491, -0.21317185, -0.97699463> actual=<0.006264491, -0.21317185, -0.97699463> lens=(-0.044516202, 5.8145895, 43.78764) target=(0.08962773, 0, 22.86688) pitch=-0.27108654
Final centered rendered ray and pivot-relative intent agree: CameraAerialPullback=1.5 air=False up=False
Camera settings retain centered HUD: CameraAerialPullback=1.5 air=False up=False
Authoritative articulation follows camera intent within network/pose tolerance: CameraAerialPullback=1.5 air=False up=False
Shared body clearance remains safe: CameraAerialPullback=1.5 air=False up=False
AIM_REMOTE CameraAerialPullback=1.5 air=False up=False: acceptedYaw=-0.006411914 renderedYaw=6.2767735 acceptedPitch=-0.11474556 renderedPitch=-0.114745535
Remote mount yaw and payload pitch settle to accepted CameraAerialPullback=1.5 air=False up=False aim on actual presentation nodes
Local preference leaves host tuning and peer camera unchanged: CameraAerialPullback=1.5 air=False up=False
CAMERA_AIM_SAMPLE CameraAerialPullback=1.5 air=False up=True expected=<0.0041688844, 0.14836374, -0.988924> actual=<0.0041688844, 0.14836374, -0.988924> lens=(-0.031026358, 4.3096685, 44.204937) target=(1.2506653, 47.55903, -259.8322) pitch=0.14891349
Final centered rendered ray and pivot-relative intent agree: CameraAerialPullback=1.5 air=False up=True
Camera settings retain centered HUD: CameraAerialPullback=1.5 air=False up=True
Authoritative articulation follows camera intent within network/pose tolerance: CameraAerialPullback=1.5 air=False up=True
Shared body clearance remains safe: CameraAerialPullback=1.5 air=False up=True
AIM_REMOTE CameraAerialPullback=1.5 air=False up=True: acceptedYaw=-0.004215551 renderedYaw=6.27897 acceptedPitch=0.14891349 renderedPitch=0.14891338
Remote mount yaw and payload pitch settle to accepted CameraAerialPullback=1.5 air=False up=True aim on actual presentation nodes
Local preference leaves host tuning and peer camera unchanged: CameraAerialPullback=1.5 air=False up=True
CAMERA_AIM_SAMPLE CameraAerialPullback=1.5 air=True up=False expected=<0.0040484946, -0.26149216, -0.96519715> actual=<0.0040484946, -0.26149216, -0.96519715> lens=(-0.035104528, 37.62464, 45.214233) target=(0.532719, 3.8146973E-06, -90.15996) pitch=-0.27108654
Final centered rendered ray and pivot-relative intent agree: CameraAerialPullback=1.5 air=True up=False
Camera settings retain centered HUD: CameraAerialPullback=1.5 air=True up=False
Authoritative articulation follows camera intent within network/pose tolerance: CameraAerialPullback=1.5 air=True up=False
Shared body clearance remains safe: CameraAerialPullback=1.5 air=True up=False
AIM_REMOTE CameraAerialPullback=1.5 air=True up=False: acceptedYaw=-0.00419445 renderedYaw=6.278991 acceptedPitch=-0.11474688 renderedPitch=-0.11474681
Remote mount yaw and payload pitch settle to accepted CameraAerialPullback=1.5 air=True up=False aim on actual presentation nodes
Local preference leaves host tuning and peer camera unchanged: CameraAerialPullback=1.5 air=True up=False
CAMERA_AIM_SAMPLE CameraAerialPullback=1.5 air=True up=True expected=<0.0042791865, 0.14836374, -0.98892367> actual=<0.0042791865, 0.14836374, -0.98892367> lens=(-0.053600922, 35.74185, 49.23222) target=(1.2837559, 78.917435, -259.8321) pitch=0.14891349
Final centered rendered ray and pivot-relative intent agree: CameraAerialPullback=1.5 air=True up=True
Camera settings retain centered HUD: CameraAerialPullback=1.5 air=True up=True
Authoritative articulation follows camera intent within network/pose tolerance: CameraAerialPullback=1.5 air=True up=True
Shared body clearance remains safe: CameraAerialPullback=1.5 air=True up=True
AIM_REMOTE CameraAerialPullback=1.5 air=True up=True: acceptedYaw=-0.004327088 renderedYaw=6.278858 acceptedPitch=0.14891347 renderedPitch=0.14891344
Remote mount yaw and payload pitch settle to accepted CameraAerialPullback=1.5 air=True up=True aim on actual presentation nodes
Local preference leaves host tuning and peer camera unchanged: CameraAerialPullback=1.5 air=True up=True
CAMERA_AIM_SAMPLE CameraShakeIntensity=0 air=False up=False expected=<0.004183538, -0.21306348, -0.9770294> actual=<0.004183538, -0.21306348, -0.9770294> lens=(-0.029747682, 5.817939, 43.792316) target=(0.059885412, 4.7683716E-07, 22.859276) pitch=-0.2710866
Final centered rendered ray and pivot-relative intent agree: CameraShakeIntensity=0 air=False up=False
Camera settings retain centered HUD: CameraShakeIntensity=0 air=False up=False
Authoritative articulation follows camera intent within network/pose tolerance: CameraShakeIntensity=0 air=False up=False
Shared body clearance remains safe: CameraShakeIntensity=0 air=False up=False
AIM_REMOTE CameraShakeIntensity=0 air=False up=False: acceptedYaw=-0.0042818687 renderedYaw=6.2789035 acceptedPitch=-0.11474682 renderedPitch=-0.11474679
Remote mount yaw and payload pitch settle to accepted CameraShakeIntensity=0 air=False up=False aim on actual presentation nodes
Local preference leaves host tuning and peer camera unchanged: CameraShakeIntensity=0 air=False up=False
CAMERA_AIM_SAMPLE CameraShakeIntensity=0 air=False up=True expected=<0.0052631656, 0.14836377, -0.98891884> actual=<0.0052631656, 0.14836377, -0.98891884> lens=(-0.039170396, 4.3101654, 44.204895) target=(1.5789497, 47.55904, -259.83066) pitch=0.14891352
Final centered rendered ray and pivot-relative intent agree: CameraShakeIntensity=0 air=False up=True
Camera settings retain centered HUD: CameraShakeIntensity=0 air=False up=True
Authoritative articulation follows camera intent within network/pose tolerance: CameraShakeIntensity=0 air=False up=True
Shared body clearance remains safe: CameraShakeIntensity=0 air=False up=True
AIM_REMOTE CameraShakeIntensity=0 air=False up=True: acceptedYaw=-0.005322091 renderedYaw=6.2778635 acceptedPitch=0.14891352 renderedPitch=0.1489135
Remote mount yaw and payload pitch settle to accepted CameraShakeIntensity=0 air=False up=True aim on actual presentation nodes
Local preference leaves host tuning and peer camera unchanged: CameraShakeIntensity=0 air=False up=True
CAMERA_AIM_SAMPLE CameraShakeIntensity=0 air=True up=False expected=<0.0020722144, -0.2617985, -0.9651203> actual=<0.0020722144, -0.2617985, -0.9651203> lens=(-0.017112996, 37.469414, 44.81527) target=(0.2723522, 3.8146973E-06, -90.00126) pitch=-0.27108654
Final centered rendered ray and pivot-relative intent agree: CameraShakeIntensity=0 air=True up=False
Camera settings retain centered HUD: CameraShakeIntensity=0 air=True up=False
Authoritative articulation follows camera intent within network/pose tolerance: CameraShakeIntensity=0 air=True up=False
Shared body clearance remains safe: CameraShakeIntensity=0 air=True up=False
AIM_REMOTE CameraShakeIntensity=0 air=True up=False: acceptedYaw=-0.0021471018 renderedYaw=6.2810383 acceptedPitch=-0.11474763 renderedPitch=-0.11474759
Remote mount yaw and payload pitch settle to accepted CameraShakeIntensity=0 air=True up=False aim on actual presentation nodes
Local preference leaves host tuning and peer camera unchanged: CameraShakeIntensity=0 air=True up=False
CAMERA_AIM_SAMPLE CameraShakeIntensity=0 air=True up=True expected=<0.0041878545, 0.14836378, -0.988924> actual=<0.0041878545, 0.14836378, -0.988924> lens=(-0.045256406, 35.8764, 47.53189) target=(1.2563564, 78.91745, -259.8322) pitch=0.14891352
Final centered rendered ray and pivot-relative intent agree: CameraShakeIntensity=0 air=True up=True
Camera settings retain centered HUD: CameraShakeIntensity=0 air=True up=True
Authoritative articulation follows camera intent within network/pose tolerance: CameraShakeIntensity=0 air=True up=True
Shared body clearance remains safe: CameraShakeIntensity=0 air=True up=True
AIM_REMOTE CameraShakeIntensity=0 air=True up=True: acceptedYaw=-0.004234733 renderedYaw=6.2789507 acceptedPitch=0.14891352 renderedPitch=0.14891343
Remote mount yaw and payload pitch settle to accepted CameraShakeIntensity=0 air=True up=True aim on actual presentation nodes
Local preference leaves host tuning and peer camera unchanged: CameraShakeIntensity=0 air=True up=True
CAMERA_AIM_SAMPLE CameraShakeIntensity=0.5 air=False up=False expected=<0.0041662217, -0.21283247, -0.9770798> actual=<0.0041662217, -0.21283247, -0.9770798> lens=(-0.028232459, 5.8226624, 43.793423) target=(0.05970229, 0, 22.84337) pitch=-0.27108654
Final centered rendered ray and pivot-relative intent agree: CameraShakeIntensity=0.5 air=False up=False
Camera settings retain centered HUD: CameraShakeIntensity=0.5 air=False up=False
Authoritative articulation follows camera intent within network/pose tolerance: CameraShakeIntensity=0.5 air=False up=False
Shared body clearance remains safe: CameraShakeIntensity=0.5 air=False up=False
AIM_REMOTE CameraShakeIntensity=0.5 air=False up=False: acceptedYaw=-0.004305373 renderedYaw=6.2789354 acceptedPitch=-0.11474686 renderedPitch=-0.11474683
Remote mount yaw and payload pitch settle to accepted CameraShakeIntensity=0.5 air=False up=False aim on actual presentation nodes
Local preference leaves host tuning and peer camera unchanged: CameraShakeIntensity=0.5 air=False up=False
CAMERA_AIM_SAMPLE CameraShakeIntensity=0.5 air=False up=True expected=<0.0052059814, 0.14836375, -0.9889192> actual=<0.0052059814, 0.14836375, -0.9889192> lens=(-0.03772229, 4.3108907, 44.20518) target=(1.5617944, 47.559032, -259.83075) pitch=0.1489135
Final centered rendered ray and pivot-relative intent agree: CameraShakeIntensity=0.5 air=False up=True
Camera settings retain centered HUD: CameraShakeIntensity=0.5 air=False up=True
Authoritative articulation follows camera intent within network/pose tolerance: CameraShakeIntensity=0.5 air=False up=True
Shared body clearance remains safe: CameraShakeIntensity=0.5 air=False up=True
AIM_REMOTE CameraShakeIntensity=0.5 air=False up=True: acceptedYaw=-0.0052642655 renderedYaw=6.277921 acceptedPitch=0.1489135 renderedPitch=0.14891346
Remote mount yaw and payload pitch settle to accepted CameraShakeIntensity=0.5 air=False up=True aim on actual presentation nodes
Local preference leaves host tuning and peer camera unchanged: CameraShakeIntensity=0.5 air=False up=True
CAMERA_AIM_SAMPLE CameraShakeIntensity=0.5 air=True up=False expected=<0.0061305985, -0.26092532, -0.96533954> actual=<0.0061305985, -0.26092532, -0.96533954> lens=(-0.050246548, 37.569973, 44.72129) target=(0.808444, 3.8146973E-06, -90.45464) pitch=-0.27108654
Final centered rendered ray and pivot-relative intent agree: CameraShakeIntensity=0.5 air=True up=False
Camera settings retain centered HUD: CameraShakeIntensity=0.5 air=True up=False
Authoritative articulation follows camera intent within network/pose tolerance: CameraShakeIntensity=0.5 air=True up=False
Shared body clearance remains safe: CameraShakeIntensity=0.5 air=True up=False
AIM_REMOTE CameraShakeIntensity=0.5 air=True up=False: acceptedYaw=-0.006297088 renderedYaw=6.276877 acceptedPitch=-0.11474556 renderedPitch=-0.11474553
Remote mount yaw and payload pitch settle to accepted CameraShakeIntensity=0.5 air=True up=False aim on actual presentation nodes
Local preference leaves host tuning and peer camera unchanged: CameraShakeIntensity=0.5 air=True up=False
CAMERA_AIM_SAMPLE CameraShakeIntensity=0.5 air=True up=True expected=<0.0042072325, 0.14836374, -0.98892397> actual=<0.0042072325, 0.14836374, -0.98892397> lens=(-0.044510078, 35.8166, 47.5335) target=(1.2621697, 78.917435, -259.83218) pitch=0.14891349
Final centered rendered ray and pivot-relative intent agree: CameraShakeIntensity=0.5 air=True up=True
Camera settings retain centered HUD: CameraShakeIntensity=0.5 air=True up=True
Authoritative articulation follows camera intent within network/pose tolerance: CameraShakeIntensity=0.5 air=True up=True
Shared body clearance remains safe: CameraShakeIntensity=0.5 air=True up=True
AIM_REMOTE CameraShakeIntensity=0.5 air=True up=True: acceptedYaw=-0.004254328 renderedYaw=6.278931 acceptedPitch=0.14891349 renderedPitch=0.14891347
Remote mount yaw and payload pitch settle to accepted CameraShakeIntensity=0.5 air=True up=True aim on actual presentation nodes
Local preference leaves host tuning and peer camera unchanged: CameraShakeIntensity=0.5 air=True up=True
CAMERA_AIM_SAMPLE CameraShakeIntensity=1 air=False up=False expected=<0.0022400916, -0.21363059, -0.97691196> actual=<0.0022400916, -0.21363059, -0.97691196> lens=(-0.01349803, 5.7941236, 43.74558) target=(0.03198076, 0, 22.898077) pitch=-0.27108654
Final centered rendered ray and pivot-relative intent agree: CameraShakeIntensity=1 air=False up=False
Camera settings retain centered HUD: CameraShakeIntensity=1 air=False up=False
Authoritative articulation follows camera intent within network/pose tolerance: CameraShakeIntensity=1 air=False up=False
Shared body clearance remains safe: CameraShakeIntensity=1 air=False up=False
AIM_REMOTE CameraShakeIntensity=1 air=False up=False: acceptedYaw=-0.0025723192 renderedYaw=6.2806664 acceptedPitch=-0.114747435 renderedPitch=-0.11474744
Remote mount yaw and payload pitch settle to accepted CameraShakeIntensity=1 air=False up=False aim on actual presentation nodes
Local preference leaves host tuning and peer camera unchanged: CameraShakeIntensity=1 air=False up=False
CAMERA_AIM_SAMPLE CameraShakeIntensity=1 air=False up=True expected=<0.006284808, 0.14836375, -0.9889129> actual=<0.006284808, 0.14836375, -0.9889129> lens=(-0.047210492, 4.315474, 44.205475) target=(1.8854425, 47.55904, -259.8289) pitch=0.14891352
Final centered rendered ray and pivot-relative intent agree: CameraShakeIntensity=1 air=False up=True
Camera settings retain centered HUD: CameraShakeIntensity=1 air=False up=True
Authoritative articulation follows camera intent within network/pose tolerance: CameraShakeIntensity=1 air=False up=True
Shared body clearance remains safe: CameraShakeIntensity=1 air=False up=True
AIM_REMOTE CameraShakeIntensity=1 air=False up=True: acceptedYaw=-0.0063551837 renderedYaw=6.27683 acceptedPitch=0.1489135 renderedPitch=0.14891343
Remote mount yaw and payload pitch settle to accepted CameraShakeIntensity=1 air=False up=True aim on actual presentation nodes
Local preference leaves host tuning and peer camera unchanged: CameraShakeIntensity=1 air=False up=True
CAMERA_AIM_SAMPLE CameraShakeIntensity=1 air=True up=False expected=<0.0030333416, -0.2614779, -0.9652046> actual=<0.0030333416, -0.2614779, -0.9652046> lens=(-0.022731345, 37.496872, 44.747116) target=(0.39916244, 3.8146973E-06, -90.16788) pitch=-0.27108654
Final centered rendered ray and pivot-relative intent agree: CameraShakeIntensity=1 air=True up=False
Camera settings retain centered HUD: CameraShakeIntensity=1 air=True up=False
Authoritative articulation follows camera intent within network/pose tolerance: CameraShakeIntensity=1 air=True up=False
Shared body clearance remains safe: CameraShakeIntensity=1 air=True up=False
AIM_REMOTE CameraShakeIntensity=1 air=True up=False: acceptedYaw=-0.0031480857 renderedYaw=6.280056 acceptedPitch=-0.114747345 renderedPitch=-0.11474729
Remote mount yaw and payload pitch settle to accepted CameraShakeIntensity=1 air=True up=False aim on actual presentation nodes
Local preference leaves host tuning and peer camera unchanged: CameraShakeIntensity=1 air=True up=False
CAMERA_AIM_SAMPLE CameraShakeIntensity=1 air=True up=True expected=<0.006281488, 0.14836374, -0.98891294> actual=<0.006281488, 0.14836374, -0.98891294> lens=(-0.06835642, 35.865868, 47.523838) target=(1.8844464, 78.917435, -259.8289) pitch=0.14891349
Final centered rendered ray and pivot-relative intent agree: CameraShakeIntensity=1 air=True up=True
Camera settings retain centered HUD: CameraShakeIntensity=1 air=True up=True
Authoritative articulation follows camera intent within network/pose tolerance: CameraShakeIntensity=1 air=True up=True
Shared body clearance remains safe: CameraShakeIntensity=1 air=True up=True
AIM_REMOTE CameraShakeIntensity=1 air=True up=True: acceptedYaw=-0.0063518267 renderedYaw=6.2768335 acceptedPitch=0.14891349 renderedPitch=0.14891347
Remote mount yaw and payload pitch settle to accepted CameraShakeIntensity=1 air=True up=True aim on actual presentation nodes
Local preference leaves host tuning and peer camera unchanged: CameraShakeIntensity=1 air=True up=True
CAMERA_AIM_SAMPLE HorizontalLookSensitivity=0.25 air=False up=False expected=<0.0012772337, -0.21298735, -0.9770541> actual=<0.0012772337, -0.21298735, -0.9770541> lens=(-0.009073834, 5.8176985, 43.786274) target=(0.018289547, 4.7683716E-07, 22.853922) pitch=-0.2710866
Final centered rendered ray and pivot-relative intent agree: HorizontalLookSensitivity=0.25 air=False up=False
Camera settings retain centered HUD: HorizontalLookSensitivity=0.25 air=False up=False
Authoritative articulation follows camera intent within network/pose tolerance: HorizontalLookSensitivity=0.25 air=False up=False
Shared body clearance remains safe: HorizontalLookSensitivity=0.25 air=False up=False
AIM_REMOTE HorizontalLookSensitivity=0.25 air=False up=False: acceptedYaw=-0.0013072282 renderedYaw=6.2818785 acceptedPitch=-0.11474782 renderedPitch=-0.11474781
Remote mount yaw and payload pitch settle to accepted HorizontalLookSensitivity=0.25 air=False up=False aim on actual presentation nodes
Local preference leaves host tuning and peer camera unchanged: HorizontalLookSensitivity=0.25 air=False up=False
CAMERA_AIM_SAMPLE HorizontalLookSensitivity=0.25 air=False up=True expected=<0.0005332569, 0.14836374, -0.98893267> actual=<0.0005332569, 0.14836374, -0.98893267> lens=(-0.0039686933, 4.305785, 44.205) target=(0.15997708, 47.55903, -259.8348) pitch=0.14891349
Final centered rendered ray and pivot-relative intent agree: HorizontalLookSensitivity=0.25 air=False up=True
Camera settings retain centered HUD: HorizontalLookSensitivity=0.25 air=False up=True
Authoritative articulation follows camera intent within network/pose tolerance: HorizontalLookSensitivity=0.25 air=False up=True
Shared body clearance remains safe: HorizontalLookSensitivity=0.25 air=False up=True
AIM_REMOTE HorizontalLookSensitivity=0.25 air=False up=True: acceptedYaw=-0.00053922465 renderedYaw=6.282646 acceptedPitch=0.14891349 renderedPitch=0.14891344
Remote mount yaw and payload pitch settle to accepted HorizontalLookSensitivity=0.25 air=False up=True aim on actual presentation nodes
Local preference leaves host tuning and peer camera unchanged: HorizontalLookSensitivity=0.25 air=False up=True
CAMERA_AIM_SAMPLE HorizontalLookSensitivity=0.25 air=True up=False expected=<0.0015292477, -0.26095405, -0.96535003> actual=<0.0015292477, -0.26095405, -0.96535003> lens=(-0.012477147, 37.56576, 44.7213) target=(0.20164022, 3.8146973E-06, -90.44202) pitch=-0.2710866
Final centered rendered ray and pivot-relative intent agree: HorizontalLookSensitivity=0.25 air=True up=False
Camera settings retain centered HUD: HorizontalLookSensitivity=0.25 air=True up=False
Authoritative articulation follows camera intent within network/pose tolerance: HorizontalLookSensitivity=0.25 air=True up=False
Shared body clearance remains safe: HorizontalLookSensitivity=0.25 air=True up=False
AIM_REMOTE HorizontalLookSensitivity=0.25 air=True up=False: acceptedYaw=-0.0015841367 renderedYaw=6.2816014 acceptedPitch=-0.114747554 renderedPitch=-0.114747554
Remote mount yaw and payload pitch settle to accepted HorizontalLookSensitivity=0.25 air=True up=False aim on actual presentation nodes
Local preference leaves host tuning and peer camera unchanged: HorizontalLookSensitivity=0.25 air=True up=False
CAMERA_AIM_SAMPLE HorizontalLookSensitivity=0.25 air=True up=True expected=<0.0012990617, 0.14836374, -0.988932> actual=<0.0012990617, 0.14836374, -0.988932> lens=(-0.01404368, 35.79344, 47.535984) target=(0.3897185, 78.917435, -259.8346) pitch=0.14891349
Final centered rendered ray and pivot-relative intent agree: HorizontalLookSensitivity=0.25 air=True up=True
Camera settings retain centered HUD: HorizontalLookSensitivity=0.25 air=True up=True
Authoritative articulation follows camera intent within network/pose tolerance: HorizontalLookSensitivity=0.25 air=True up=True
Shared body clearance remains safe: HorizontalLookSensitivity=0.25 air=True up=True
AIM_REMOTE HorizontalLookSensitivity=0.25 air=True up=True: acceptedYaw=-0.0013135999 renderedYaw=6.281872 acceptedPitch=0.14891347 renderedPitch=0.14891343
Remote mount yaw and payload pitch settle to accepted HorizontalLookSensitivity=0.25 air=True up=True aim on actual presentation nodes
Local preference leaves host tuning and peer camera unchanged: HorizontalLookSensitivity=0.25 air=True up=True
CAMERA_AIM_SAMPLE HorizontalLookSensitivity=1 air=False up=False expected=<0.0041087293, -0.21317804, -0.9770047> actual=<0.0041087293, -0.21317804, -0.9770047> lens=(-0.029207854, 5.815178, 43.790264) target=(0.058782972, 0, 22.867142) pitch=-0.27108654
Final centered rendered ray and pivot-relative intent agree: HorizontalLookSensitivity=1 air=False up=False
Camera settings retain centered HUD: HorizontalLookSensitivity=1 air=False up=False
Authoritative articulation follows camera intent within network/pose tolerance: HorizontalLookSensitivity=1 air=False up=False
Shared body clearance remains safe: HorizontalLookSensitivity=1 air=False up=False
AIM_REMOTE HorizontalLookSensitivity=1 air=False up=False: acceptedYaw=-0.00420541 renderedYaw=6.2789803 acceptedPitch=-0.11474673 renderedPitch=-0.11474674
Remote mount yaw and payload pitch settle to accepted HorizontalLookSensitivity=1 air=False up=False aim on actual presentation nodes
Local preference leaves host tuning and peer camera unchanged: HorizontalLookSensitivity=1 air=False up=False
CAMERA_AIM_SAMPLE HorizontalLookSensitivity=1 air=False up=True expected=<0.0041606855, 0.14836374, -0.98892415> actual=<0.0041606855, 0.14836374, -0.98892415> lens=(-0.030965343, 4.3092766, 44.204937) target=(1.2482057, 47.55903, -259.83224) pitch=0.14891349
Final centered rendered ray and pivot-relative intent agree: HorizontalLookSensitivity=1 air=False up=True
Camera settings retain centered HUD: HorizontalLookSensitivity=1 air=False up=True
Authoritative articulation follows camera intent within network/pose tolerance: HorizontalLookSensitivity=1 air=False up=True
Shared body clearance remains safe: HorizontalLookSensitivity=1 air=False up=True
AIM_REMOTE HorizontalLookSensitivity=1 air=False up=True: acceptedYaw=-0.00420726 renderedYaw=6.2789783 acceptedPitch=0.14891349 renderedPitch=0.14891341
Remote mount yaw and payload pitch settle to accepted HorizontalLookSensitivity=1 air=False up=True aim on actual presentation nodes
Local preference leaves host tuning and peer camera unchanged: HorizontalLookSensitivity=1 air=False up=True
CAMERA_AIM_SAMPLE HorizontalLookSensitivity=1 air=True up=False expected=<0.0051192488, -0.2613881, -0.9652203> actual=<0.0051192488, -0.2613881, -0.9652203> lens=(-0.0418936, 37.509045, 44.743927) target=(0.67388207, -3.8146973E-06, -90.21361) pitch=-0.2710866
Final centered rendered ray and pivot-relative intent agree: HorizontalLookSensitivity=1 air=True up=False
Camera settings retain centered HUD: HorizontalLookSensitivity=1 air=True up=False
Authoritative articulation follows camera intent within network/pose tolerance: HorizontalLookSensitivity=1 air=True up=False
Shared body clearance remains safe: HorizontalLookSensitivity=1 air=True up=False
AIM_REMOTE HorizontalLookSensitivity=1 air=True up=False: acceptedYaw=-0.00530366 renderedYaw=6.2778816 acceptedPitch=-0.11474632 renderedPitch=-0.11474626
Remote mount yaw and payload pitch settle to accepted HorizontalLookSensitivity=1 air=True up=False aim on actual presentation nodes
Local preference leaves host tuning and peer camera unchanged: HorizontalLookSensitivity=1 air=True up=False
CAMERA_AIM_SAMPLE HorizontalLookSensitivity=1 air=True up=True expected=<0.0063843364, 0.14836374, -0.9889122> actual=<0.0063843364, 0.14836374, -0.9889122> lens=(-0.069230765, 35.776188, 47.568615) target=(1.915301, 78.917435, -259.82867) pitch=0.14891349
Final centered rendered ray and pivot-relative intent agree: HorizontalLookSensitivity=1 air=True up=True
Camera settings retain centered HUD: HorizontalLookSensitivity=1 air=True up=True
Authoritative articulation follows camera intent within network/pose tolerance: HorizontalLookSensitivity=1 air=True up=True
Shared body clearance remains safe: HorizontalLookSensitivity=1 air=True up=True
AIM_REMOTE HorizontalLookSensitivity=1 air=True up=True: acceptedYaw=-0.0064558284 renderedYaw=6.2767296 acceptedPitch=0.1489135 renderedPitch=0.14891349
Remote mount yaw and payload pitch settle to accepted HorizontalLookSensitivity=1 air=True up=True aim on actual presentation nodes
Local preference leaves host tuning and peer camera unchanged: HorizontalLookSensitivity=1 air=True up=True
CAMERA_AIM_SAMPLE HorizontalLookSensitivity=3 air=False up=False expected=<0.01869284, -0.21288618, -0.97689813> actual=<0.01869284, -0.21288618, -0.97689813> lens=(-0.13280384, 5.8197427, 43.785404) target=(0.26780224, 4.7683716E-07, 22.849508) pitch=-0.27108654
Final centered rendered ray and pivot-relative intent agree: HorizontalLookSensitivity=3 air=False up=False
Camera settings retain centered HUD: HorizontalLookSensitivity=3 air=False up=False
Authoritative articulation follows camera intent within network/pose tolerance: HorizontalLookSensitivity=3 air=False up=False
Shared body clearance remains safe: HorizontalLookSensitivity=3 air=False up=False
AIM_REMOTE HorizontalLookSensitivity=3 air=False up=False: acceptedYaw=-0.019132549 renderedYaw=6.264053 acceptedPitch=-0.11472693 renderedPitch=-0.11472692
Remote mount yaw and payload pitch settle to accepted HorizontalLookSensitivity=3 air=False up=False aim on actual presentation nodes
Local preference leaves host tuning and peer camera unchanged: HorizontalLookSensitivity=3 air=False up=False
CAMERA_AIM_SAMPLE HorizontalLookSensitivity=3 air=False up=True expected=<0.012655335, 0.14836377, -0.9888519> actual=<0.012655335, 0.14836377, -0.9888519> lens=(-0.09418563, 4.311146, 44.2044) target=(3.7966003, 47.55904, -259.81058) pitch=0.14891352
Final centered rendered ray and pivot-relative intent agree: HorizontalLookSensitivity=3 air=False up=True
Camera settings retain centered HUD: HorizontalLookSensitivity=3 air=False up=True
Authoritative articulation follows camera intent within network/pose tolerance: HorizontalLookSensitivity=3 air=False up=True
Shared body clearance remains safe: HorizontalLookSensitivity=3 air=False up=True
AIM_REMOTE HorizontalLookSensitivity=3 air=False up=True: acceptedYaw=-0.012797309 renderedYaw=6.270388 acceptedPitch=0.14891352 renderedPitch=0.1489135
Remote mount yaw and payload pitch settle to accepted HorizontalLookSensitivity=3 air=False up=True aim on actual presentation nodes
Local preference leaves host tuning and peer camera unchanged: HorizontalLookSensitivity=3 air=False up=True
CAMERA_AIM_SAMPLE HorizontalLookSensitivity=3 air=True up=False expected=<0.015282939, -0.26135093, -0.9651228> actual=<0.015282939, -0.26135093, -0.9651228> lens=(-0.12505895, 37.51427, 44.742516) target=(2.0120845, 0, -90.21882) pitch=-0.27108654
Final centered rendered ray and pivot-relative intent agree: HorizontalLookSensitivity=3 air=True up=False
Camera settings retain centered HUD: HorizontalLookSensitivity=3 air=True up=False
Authoritative articulation follows camera intent within network/pose tolerance: HorizontalLookSensitivity=3 air=True up=False
Shared body clearance remains safe: HorizontalLookSensitivity=3 air=True up=False
AIM_REMOTE HorizontalLookSensitivity=3 air=True up=False: acceptedYaw=-0.015833903 renderedYaw=6.2673516 acceptedPitch=-0.11473346 renderedPitch=-0.114733435
Remote mount yaw and payload pitch settle to accepted HorizontalLookSensitivity=3 air=True up=False aim on actual presentation nodes
Local preference leaves host tuning and peer camera unchanged: HorizontalLookSensitivity=3 air=True up=False
CAMERA_AIM_SAMPLE HorizontalLookSensitivity=3 air=True up=True expected=<0.012553508, 0.14836374, -0.98885316> actual=<0.012553508, 0.14836374, -0.98885316> lens=(-0.13613838, 35.771233, 47.568764) target=(3.7660525, 78.917435, -259.81094) pitch=0.14891349
Final centered rendered ray and pivot-relative intent agree: HorizontalLookSensitivity=3 air=True up=True
Camera settings retain centered HUD: HorizontalLookSensitivity=3 air=True up=True
Authoritative articulation follows camera intent within network/pose tolerance: HorizontalLookSensitivity=3 air=True up=True
Shared body clearance remains safe: HorizontalLookSensitivity=3 air=True up=True
AIM_REMOTE HorizontalLookSensitivity=3 air=True up=True: acceptedYaw=-0.012694336 renderedYaw=6.270491 acceptedPitch=0.14891349 renderedPitch=0.14891347
Remote mount yaw and payload pitch settle to accepted HorizontalLookSensitivity=3 air=True up=True aim on actual presentation nodes
Local preference leaves host tuning and peer camera unchanged: HorizontalLookSensitivity=3 air=True up=True
CAMERA_AIM_SAMPLE VerticalLookSensitivity=0.25 air=False up=False expected=<0.006184133, -0.21290433, -0.97705346> actual=<0.006184133, -0.21290433, -0.97705346> lens=(-0.043935947, 5.819412, 43.7866) target=(0.088589184, 4.7683716E-07, 22.848476) pitch=-0.27108654
Final centered rendered ray and pivot-relative intent agree: VerticalLookSensitivity=0.25 air=False up=False
Camera settings retain centered HUD: VerticalLookSensitivity=0.25 air=False up=False
Authoritative articulation follows camera intent within network/pose tolerance: VerticalLookSensitivity=0.25 air=False up=False
Shared body clearance remains safe: VerticalLookSensitivity=0.25 air=False up=False
AIM_REMOTE VerticalLookSensitivity=0.25 air=False up=False: acceptedYaw=-0.0063292864 renderedYaw=6.2768564 acceptedPitch=-0.114745535 renderedPitch=-0.11474554
Remote mount yaw and payload pitch settle to accepted VerticalLookSensitivity=0.25 air=False up=False aim on actual presentation nodes
Local preference leaves host tuning and peer camera unchanged: VerticalLookSensitivity=0.25 air=False up=False
CAMERA_AIM_SAMPLE VerticalLookSensitivity=0.25 air=False up=True expected=<0.0051992727, 0.14836374, -0.9889192> actual=<0.0051992727, 0.14836374, -0.9889192> lens=(-0.038694896, 4.30987, 44.2049) target=(1.5597818, 47.55903, -259.83075) pitch=0.14891349
Final centered rendered ray and pivot-relative intent agree: VerticalLookSensitivity=0.25 air=False up=True
Camera settings retain centered HUD: VerticalLookSensitivity=0.25 air=False up=True
Authoritative articulation follows camera intent within network/pose tolerance: VerticalLookSensitivity=0.25 air=False up=True
Shared body clearance remains safe: VerticalLookSensitivity=0.25 air=False up=True
AIM_REMOTE VerticalLookSensitivity=0.25 air=False up=True: acceptedYaw=-0.0052574817 renderedYaw=6.277928 acceptedPitch=0.1489135 renderedPitch=0.14891347
Remote mount yaw and payload pitch settle to accepted VerticalLookSensitivity=0.25 air=False up=True aim on actual presentation nodes
Local preference leaves host tuning and peer camera unchanged: VerticalLookSensitivity=0.25 air=False up=True
CAMERA_AIM_SAMPLE VerticalLookSensitivity=0.25 air=True up=False expected=<0.0062166243, -0.2617864, -0.9651058> actual=<0.0062166243, -0.2617864, -0.9651058> lens=(-0.051339544, 37.471195, 44.815258) target=(0.8170919, 3.8146973E-06, -90.0052) pitch=-0.27108654
Final centered rendered ray and pivot-relative intent agree: VerticalLookSensitivity=0.25 air=True up=False
Camera settings retain centered HUD: VerticalLookSensitivity=0.25 air=True up=False
Authoritative articulation follows camera intent within network/pose tolerance: VerticalLookSensitivity=0.25 air=True up=False
Shared body clearance remains safe: VerticalLookSensitivity=0.25 air=True up=False
AIM_REMOTE VerticalLookSensitivity=0.25 air=True up=False: acceptedYaw=-0.0064413026 renderedYaw=6.2767444 acceptedPitch=-0.11474539 renderedPitch=-0.11474539
Remote mount yaw and payload pitch settle to accepted VerticalLookSensitivity=0.25 air=True up=False aim on actual presentation nodes
Local preference leaves host tuning and peer camera unchanged: VerticalLookSensitivity=0.25 air=True up=False
CAMERA_AIM_SAMPLE VerticalLookSensitivity=0.25 air=True up=True expected=<0.0041600084, 0.14836374, -0.98892415> actual=<0.0041600084, 0.14836374, -0.98892415> lens=(-0.044961523, 35.858196, 47.53333) target=(1.2480025, 78.917435, -259.83224) pitch=0.14891349
Final centered rendered ray and pivot-relative intent agree: VerticalLookSensitivity=0.25 air=True up=True
Camera settings retain centered HUD: VerticalLookSensitivity=0.25 air=True up=True
Authoritative articulation follows camera intent within network/pose tolerance: VerticalLookSensitivity=0.25 air=True up=True
Shared body clearance remains safe: VerticalLookSensitivity=0.25 air=True up=True
AIM_REMOTE VerticalLookSensitivity=0.25 air=True up=True: acceptedYaw=-0.0042065755 renderedYaw=6.278979 acceptedPitch=0.14891347 renderedPitch=0.14891344
Remote mount yaw and payload pitch settle to accepted VerticalLookSensitivity=0.25 air=True up=True aim on actual presentation nodes
Local preference leaves host tuning and peer camera unchanged: VerticalLookSensitivity=0.25 air=True up=True
CAMERA_AIM_SAMPLE VerticalLookSensitivity=1 air=False up=False expected=<0.005146747, -0.21303318, -0.9770314> actual=<0.005146747, -0.21303318, -0.9770314> lens=(-0.036564212, 5.8168144, 43.78616) target=(0.0736838, 0, 22.857256) pitch=-0.27108654
Final centered rendered ray and pivot-relative intent agree: VerticalLookSensitivity=1 air=False up=False
Camera settings retain centered HUD: VerticalLookSensitivity=1 air=False up=False
Authoritative articulation follows camera intent within network/pose tolerance: VerticalLookSensitivity=1 air=False up=False
Shared body clearance remains safe: VerticalLookSensitivity=1 air=False up=False
AIM_REMOTE VerticalLookSensitivity=1 air=False up=False: acceptedYaw=-0.0052676904 renderedYaw=6.277918 acceptedPitch=-0.11474617 renderedPitch=-0.114746176
Remote mount yaw and payload pitch settle to accepted VerticalLookSensitivity=1 air=False up=False aim on actual presentation nodes
Local preference leaves host tuning and peer camera unchanged: VerticalLookSensitivity=1 air=False up=False
CAMERA_AIM_SAMPLE VerticalLookSensitivity=1 air=False up=True expected=<0.0062982226, 0.14836372, -0.9889129> actual=<0.0062982226, 0.14836372, -0.9889129> lens=(-0.046873678, 4.3067303, 44.204853) target=(1.8894668, 47.559025, -259.82886) pitch=0.14891347
Final centered rendered ray and pivot-relative intent agree: VerticalLookSensitivity=1 air=False up=True
Camera settings retain centered HUD: VerticalLookSensitivity=1 air=False up=True
Authoritative articulation follows camera intent within network/pose tolerance: VerticalLookSensitivity=1 air=False up=True
Shared body clearance remains safe: VerticalLookSensitivity=1 air=False up=True
AIM_REMOTE VerticalLookSensitivity=1 air=False up=True: acceptedYaw=-0.0063687484 renderedYaw=6.276817 acceptedPitch=0.14891347 renderedPitch=0.14891346
Remote mount yaw and payload pitch settle to accepted VerticalLookSensitivity=1 air=False up=True aim on actual presentation nodes
Local preference leaves host tuning and peer camera unchanged: VerticalLookSensitivity=1 air=False up=True
CAMERA_AIM_SAMPLE VerticalLookSensitivity=1 air=True up=False expected=<0.004066739, -0.26091668, -0.9653528> actual=<0.004066739, -0.26091668, -0.9653528> lens=(-0.033403642, 37.585934, 44.774277) target=(0.53630006, 3.8146973E-06, -90.46062) pitch=-0.27108654
Final centered rendered ray and pivot-relative intent agree: VerticalLookSensitivity=1 air=True up=False
Camera settings retain centered HUD: VerticalLookSensitivity=1 air=True up=False
Authoritative articulation follows camera intent within network/pose tolerance: VerticalLookSensitivity=1 air=True up=False
Shared body clearance remains safe: VerticalLookSensitivity=1 air=True up=False
AIM_REMOTE VerticalLookSensitivity=1 air=True up=False: acceptedYaw=-0.004212673 renderedYaw=6.2789726 acceptedPitch=-0.11474669 renderedPitch=-0.11474669
Remote mount yaw and payload pitch settle to accepted VerticalLookSensitivity=1 air=True up=False aim on actual presentation nodes
Local preference leaves host tuning and peer camera unchanged: VerticalLookSensitivity=1 air=True up=False
CAMERA_AIM_SAMPLE VerticalLookSensitivity=1 air=True up=True expected=<0.0041938857, 0.14836371, -0.98892397> actual=<0.0041938857, 0.14836371, -0.98892397> lens=(-0.04532787, 35.817722, 47.533375) target=(1.2581657, 78.91743, -259.83218) pitch=0.14891346
Final centered rendered ray and pivot-relative intent agree: VerticalLookSensitivity=1 air=True up=True
Camera settings retain centered HUD: VerticalLookSensitivity=1 air=True up=True
Authoritative articulation follows camera intent within network/pose tolerance: VerticalLookSensitivity=1 air=True up=True
Shared body clearance remains safe: VerticalLookSensitivity=1 air=True up=True
AIM_REMOTE VerticalLookSensitivity=1 air=True up=True: acceptedYaw=-0.0042408323 renderedYaw=6.2789445 acceptedPitch=0.14891347 renderedPitch=0.14891344
Remote mount yaw and payload pitch settle to accepted VerticalLookSensitivity=1 air=True up=True aim on actual presentation nodes
Local preference leaves host tuning and peer camera unchanged: VerticalLookSensitivity=1 air=True up=True
CAMERA_AIM_SAMPLE VerticalLookSensitivity=3 air=False up=False expected=<0.0021482005, -0.2133483, -0.97697383> actual=<0.0021482005, -0.2133483, -0.97697383> lens=(-0.015157293, 5.7974863, 43.73834) target=(0.03070946, -4.7683716E-07, 22.878736) pitch=-0.27108654
Final centered rendered ray and pivot-relative intent agree: VerticalLookSensitivity=3 air=False up=False
Camera settings retain centered HUD: VerticalLookSensitivity=3 air=False up=False
Authoritative articulation follows camera intent within network/pose tolerance: VerticalLookSensitivity=3 air=False up=False
Shared body clearance remains safe: VerticalLookSensitivity=3 air=False up=False
AIM_REMOTE VerticalLookSensitivity=3 air=False up=False: acceptedYaw=-0.002198828 renderedYaw=6.280987 acceptedPitch=-0.114747554 renderedPitch=-0.11474752
Remote mount yaw and payload pitch settle to accepted VerticalLookSensitivity=3 air=False up=False aim on actual presentation nodes
Local preference leaves host tuning and peer camera unchanged: VerticalLookSensitivity=3 air=False up=False
CAMERA_AIM_SAMPLE VerticalLookSensitivity=3 air=False up=True expected=<0.006297003, 0.14836372, -0.9889129> actual=<0.006297003, 0.14836372, -0.9889129> lens=(-0.046864603, 4.3118334, 44.204853) target=(1.8891009, 47.559025, -259.82886) pitch=0.14891347
Final centered rendered ray and pivot-relative intent agree: VerticalLookSensitivity=3 air=False up=True
Camera settings retain centered HUD: VerticalLookSensitivity=3 air=False up=True
Authoritative articulation follows camera intent within network/pose tolerance: VerticalLookSensitivity=3 air=False up=True
Shared body clearance remains safe: VerticalLookSensitivity=3 air=False up=True
AIM_REMOTE VerticalLookSensitivity=3 air=False up=True: acceptedYaw=-0.0063675153 renderedYaw=6.276818 acceptedPitch=0.14891347 renderedPitch=0.14891344
Remote mount yaw and payload pitch settle to accepted VerticalLookSensitivity=3 air=False up=True aim on actual presentation nodes
Local preference leaves host tuning and peer camera unchanged: VerticalLookSensitivity=3 air=False up=True
CAMERA_AIM_SAMPLE VerticalLookSensitivity=3 air=True up=False expected=<0.00496385, -0.26124096, -0.9652609> actual=<0.00496385, -0.26124096, -0.9652609> lens=(-0.04057845, 37.528122, 44.73581) target=(0.65379375, 3.8146973E-06, -90.2905) pitch=-0.27108654
Final centered rendered ray and pivot-relative intent agree: VerticalLookSensitivity=3 air=True up=False
Camera settings retain centered HUD: VerticalLookSensitivity=3 air=True up=False
Authoritative articulation follows camera intent within network/pose tolerance: VerticalLookSensitivity=3 air=True up=False
Shared body clearance remains safe: VerticalLookSensitivity=3 air=True up=False
AIM_REMOTE VerticalLookSensitivity=3 air=True up=False: acceptedYaw=-0.0051424503 renderedYaw=6.278043 acceptedPitch=-0.11474641 renderedPitch=-0.11474633
Remote mount yaw and payload pitch settle to accepted VerticalLookSensitivity=3 air=True up=False aim on actual presentation nodes
Local preference leaves host tuning and peer camera unchanged: VerticalLookSensitivity=3 air=True up=False
CAMERA_AIM_SAMPLE VerticalLookSensitivity=3 air=True up=True expected=<0.0021636507, 0.14836372, -0.98893046> actual=<0.0021636507, 0.14836372, -0.98893046> lens=(-0.023462854, 35.776722, 47.569065) target=(0.6490953, 78.917435, -259.83417) pitch=0.14891349
Final centered rendered ray and pivot-relative intent agree: VerticalLookSensitivity=3 air=True up=True
Camera settings retain centered HUD: VerticalLookSensitivity=3 air=True up=True
Authoritative articulation follows camera intent within network/pose tolerance: VerticalLookSensitivity=3 air=True up=True
Shared body clearance remains safe: VerticalLookSensitivity=3 air=True up=True
AIM_REMOTE VerticalLookSensitivity=3 air=True up=True: acceptedYaw=-0.002187866 renderedYaw=6.2809978 acceptedPitch=0.14891349 renderedPitch=0.14891347
Remote mount yaw and payload pitch settle to accepted VerticalLookSensitivity=3 air=True up=True aim on actual presentation nodes
Local preference leaves host tuning and peer camera unchanged: VerticalLookSensitivity=3 air=True up=True
CAMERA_AIM_SAMPLE StickAimSensitivity=0.25 air=False up=False expected=<0.0015629316, -0.21289809, -0.97707313> actual=<0.0015629316, -0.21289809, -0.97707313> lens=(-0.011103915, 5.819515, 43.786663) target=(0.022390028, 0, 22.847782) pitch=-0.2710866
Final centered rendered ray and pivot-relative intent agree: StickAimSensitivity=0.25 air=False up=False
Camera settings retain centered HUD: StickAimSensitivity=0.25 air=False up=False
Authoritative articulation follows camera intent within network/pose tolerance: StickAimSensitivity=0.25 air=False up=False
Shared body clearance remains safe: StickAimSensitivity=0.25 air=False up=False
AIM_REMOTE StickAimSensitivity=0.25 air=False up=False: acceptedYaw=-0.0015996039 renderedYaw=6.2815857 acceptedPitch=-0.11474761 renderedPitch=-0.1147476
Remote mount yaw and payload pitch settle to accepted StickAimSensitivity=0.25 air=False up=False aim on actual presentation nodes
Local preference leaves host tuning and peer camera unchanged: StickAimSensitivity=0.25 air=False up=False
CAMERA_AIM_SAMPLE StickAimSensitivity=0.25 air=False up=True expected=<0.0013166439, 0.14836371, -0.988932> actual=<0.0013166439, 0.14836371, -0.988932> lens=(-0.009798946, 4.3096504, 44.204994) target=(0.39499316, 47.55902, -259.8346) pitch=0.14891347
Final centered rendered ray and pivot-relative intent agree: StickAimSensitivity=0.25 air=False up=True
Camera settings retain centered HUD: StickAimSensitivity=0.25 air=False up=True
Authoritative articulation follows camera intent within network/pose tolerance: StickAimSensitivity=0.25 air=False up=True
Shared body clearance remains safe: StickAimSensitivity=0.25 air=False up=True
AIM_REMOTE StickAimSensitivity=0.25 air=False up=True: acceptedYaw=-0.0013313788 renderedYaw=6.281854 acceptedPitch=0.14891347 renderedPitch=0.14891344
Remote mount yaw and payload pitch settle to accepted StickAimSensitivity=0.25 air=False up=True aim on actual presentation nodes
Local preference leaves host tuning and peer camera unchanged: StickAimSensitivity=0.25 air=False up=True
CAMERA_AIM_SAMPLE StickAimSensitivity=0.25 air=True up=False expected=<0.0015390504, -0.2608838, -0.9653689> actual=<0.0015390504, -0.2608838, -0.9653689> lens=(-0.0125568, 37.575974, 44.721252) target=(0.20298742, 0, -90.478806) pitch=-0.2710866
Final centered rendered ray and pivot-relative intent agree: StickAimSensitivity=0.25 air=True up=False
Camera settings retain centered HUD: StickAimSensitivity=0.25 air=True up=False
Authoritative articulation follows camera intent within network/pose tolerance: StickAimSensitivity=0.25 air=True up=False
Shared body clearance remains safe: StickAimSensitivity=0.25 air=True up=False
AIM_REMOTE StickAimSensitivity=0.25 air=True up=False: acceptedYaw=-0.0015942599 renderedYaw=6.2815914 acceptedPitch=-0.11474757 renderedPitch=-0.114747554
Remote mount yaw and payload pitch settle to accepted StickAimSensitivity=0.25 air=True up=False aim on actual presentation nodes
Local preference leaves host tuning and peer camera unchanged: StickAimSensitivity=0.25 air=True up=False
CAMERA_AIM_SAMPLE StickAimSensitivity=0.25 air=True up=True expected=<0.0012868491, 0.14836374, -0.988932> actual=<0.0012868491, 0.14836374, -0.988932> lens=(-0.013906295, 35.827938, 47.531864) target=(0.38605475, 78.917435, -259.8346) pitch=0.14891349
Final centered rendered ray and pivot-relative intent agree: StickAimSensitivity=0.25 air=True up=True
Camera settings retain centered HUD: StickAimSensitivity=0.25 air=True up=True
Authoritative articulation follows camera intent within network/pose tolerance: StickAimSensitivity=0.25 air=True up=True
Shared body clearance remains safe: StickAimSensitivity=0.25 air=True up=True
AIM_REMOTE StickAimSensitivity=0.25 air=True up=True: acceptedYaw=-0.0013012507 renderedYaw=6.281884 acceptedPitch=0.1489135 renderedPitch=0.14891344
Remote mount yaw and payload pitch settle to accepted StickAimSensitivity=0.25 air=True up=True aim on actual presentation nodes
Local preference leaves host tuning and peer camera unchanged: StickAimSensitivity=0.25 air=True up=True
CAMERA_AIM_SAMPLE StickAimSensitivity=1 air=False up=False expected=<0.003093073, -0.2132155, -0.9770003> actual=<0.003093073, -0.2132155, -0.9770003> lens=(-0.021985676, 5.8142595, 43.78956) target=(0.04424436, -4.7683716E-07, 22.86966) pitch=-0.27108654
Final centered rendered ray and pivot-relative intent agree: StickAimSensitivity=1 air=False up=False
Camera settings retain centered HUD: StickAimSensitivity=1 air=False up=False
Authoritative articulation follows camera intent within network/pose tolerance: StickAimSensitivity=1 air=False up=False
Shared body clearance remains safe: StickAimSensitivity=1 air=False up=False
AIM_REMOTE StickAimSensitivity=1 air=False up=False: acceptedYaw=-0.003165876 renderedYaw=6.2800198 acceptedPitch=-0.11474732 renderedPitch=-0.11474731
Remote mount yaw and payload pitch settle to accepted StickAimSensitivity=1 air=False up=False aim on actual presentation nodes
Local preference leaves host tuning and peer camera unchanged: StickAimSensitivity=1 air=False up=False
CAMERA_AIM_SAMPLE StickAimSensitivity=1 air=False up=True expected=<0.00631672, 0.14836374, -0.98891264> actual=<0.00631672, 0.14836374, -0.98891264> lens=(-0.047011342, 4.3117633, 44.20485) target=(1.895016, 47.55903, -259.8288) pitch=0.14891349
Final centered rendered ray and pivot-relative intent agree: StickAimSensitivity=1 air=False up=True
Camera settings retain centered HUD: StickAimSensitivity=1 air=False up=True
Authoritative articulation follows camera intent within network/pose tolerance: StickAimSensitivity=1 air=False up=True
Shared body clearance remains safe: StickAimSensitivity=1 air=False up=True
AIM_REMOTE StickAimSensitivity=1 air=False up=True: acceptedYaw=-0.006387454 renderedYaw=6.2767982 acceptedPitch=0.14891349 renderedPitch=0.14891346
Remote mount yaw and payload pitch settle to accepted StickAimSensitivity=1 air=False up=True aim on actual presentation nodes
Local preference leaves host tuning and peer camera unchanged: StickAimSensitivity=1 air=False up=True
CAMERA_AIM_SAMPLE StickAimSensitivity=1 air=True up=False expected=<0.0049713072, -0.26110944, -0.96529645> actual=<0.0049713072, -0.26110944, -0.96529645> lens=(-0.04058838, 37.544556, 44.72619) target=(0.6551057, 0, -90.359215) pitch=-0.2710866
Final centered rendered ray and pivot-relative intent agree: StickAimSensitivity=1 air=True up=False
Camera settings retain centered HUD: StickAimSensitivity=1 air=True up=False
Authoritative articulation follows camera intent within network/pose tolerance: StickAimSensitivity=1 air=True up=False
Shared body clearance remains safe: StickAimSensitivity=1 air=True up=False
AIM_REMOTE StickAimSensitivity=1 air=True up=False: acceptedYaw=-0.0051499857 renderedYaw=6.2780356 acceptedPitch=-0.11474638 renderedPitch=-0.114746355
Remote mount yaw and payload pitch settle to accepted StickAimSensitivity=1 air=True up=False aim on actual presentation nodes
Local preference leaves host tuning and peer camera unchanged: StickAimSensitivity=1 air=True up=False
CAMERA_AIM_SAMPLE StickAimSensitivity=1 air=True up=True expected=<0.004676763, 0.14836374, -0.9889218> actual=<0.004676763, 0.14836374, -0.9889218> lens=(-0.050565857, 35.768406, 47.537373) target=(1.4030288, 78.917435, -259.83154) pitch=0.1489135
Final centered rendered ray and pivot-relative intent agree: StickAimSensitivity=1 air=True up=True
Camera settings retain centered HUD: StickAimSensitivity=1 air=True up=True
Authoritative articulation follows camera intent within network/pose tolerance: StickAimSensitivity=1 air=True up=True
Shared body clearance remains safe: StickAimSensitivity=1 air=True up=True
AIM_REMOTE StickAimSensitivity=1 air=True up=True: acceptedYaw=-0.004729118 renderedYaw=6.278456 acceptedPitch=0.14891347 renderedPitch=0.14891331
Remote mount yaw and payload pitch settle to accepted StickAimSensitivity=1 air=True up=True aim on actual presentation nodes
Local preference leaves host tuning and peer camera unchanged: StickAimSensitivity=1 air=True up=True
CAMERA_AIM_SAMPLE StickAimSensitivity=3 air=False up=False expected=<0.01237182, -0.21290977, -0.97699356> actual=<0.01237182, -0.21290977, -0.97699356> lens=(-0.08789716, 5.819307, 43.786175) target=(0.17722479, 0, 22.84969) pitch=-0.27108654
Final centered rendered ray and pivot-relative intent agree: StickAimSensitivity=3 air=False up=False
Camera settings retain centered HUD: StickAimSensitivity=3 air=False up=False
Authoritative articulation follows camera intent within network/pose tolerance: StickAimSensitivity=3 air=False up=False
Shared body clearance remains safe: StickAimSensitivity=3 air=False up=False
AIM_REMOTE StickAimSensitivity=3 air=False up=False: acceptedYaw=-0.012662479 renderedYaw=6.270523 acceptedPitch=-0.114738606 renderedPitch=-0.11473862
Remote mount yaw and payload pitch settle to accepted StickAimSensitivity=3 air=False up=False aim on actual presentation nodes
Local preference leaves host tuning and peer camera unchanged: StickAimSensitivity=3 air=False up=False
CAMERA_AIM_SAMPLE StickAimSensitivity=3 air=False up=True expected=<0.015651101, 0.14836377, -0.988809> actual=<0.015651101, 0.14836377, -0.988809> lens=(-0.11648124, 4.310113, 44.20408) target=(4.69533, 47.55904, -259.7977) pitch=0.14891352
Final centered rendered ray and pivot-relative intent agree: StickAimSensitivity=3 air=False up=True
Camera settings retain centered HUD: StickAimSensitivity=3 air=False up=True
Authoritative articulation follows camera intent within network/pose tolerance: StickAimSensitivity=3 air=False up=True
Shared body clearance remains safe: StickAimSensitivity=3 air=False up=True
AIM_REMOTE StickAimSensitivity=3 air=False up=True: acceptedYaw=-0.015826914 renderedYaw=6.267359 acceptedPitch=0.14891352 renderedPitch=0.14891346
Remote mount yaw and payload pitch settle to accepted StickAimSensitivity=3 air=False up=True aim on actual presentation nodes
Local preference leaves host tuning and peer camera unchanged: StickAimSensitivity=3 air=False up=True
CAMERA_AIM_SAMPLE StickAimSensitivity=3 air=True up=False expected=<0.006139323, -0.26152158, -0.96517813> actual=<0.006139323, -0.26152158, -0.96517813> lens=(-0.050931834, 37.519764, 44.85212) target=(0.80774873, 3.8146973E-06, -90.143166) pitch=-0.2710865
Final centered rendered ray and pivot-relative intent agree: StickAimSensitivity=3 air=True up=False
Camera settings retain centered HUD: StickAimSensitivity=3 air=True up=False
Authoritative articulation follows camera intent within network/pose tolerance: StickAimSensitivity=3 air=True up=False
Shared body clearance remains safe: StickAimSensitivity=3 air=True up=False
AIM_REMOTE StickAimSensitivity=3 air=True up=False: acceptedYaw=-0.006360733 renderedYaw=6.276825 acceptedPitch=-0.11474544 renderedPitch=-0.11474542
Remote mount yaw and payload pitch settle to accepted StickAimSensitivity=3 air=True up=False aim on actual presentation nodes
Local preference leaves host tuning and peer camera unchanged: StickAimSensitivity=3 air=True up=False
CAMERA_AIM_SAMPLE StickAimSensitivity=3 air=True up=True expected=<0.018971276, 0.14836374, -0.98875093> actual=<0.018971276, 0.14836374, -0.98875093> lens=(-0.20569664, 35.77877, 47.56556) target=(5.691383, 78.917435, -259.78027) pitch=0.14891349
Final centered rendered ray and pivot-relative intent agree: StickAimSensitivity=3 air=True up=True
Camera settings retain centered HUD: StickAimSensitivity=3 air=True up=True
Authoritative articulation follows camera intent within network/pose tolerance: StickAimSensitivity=3 air=True up=True
Shared body clearance remains safe: StickAimSensitivity=3 air=True up=True
AIM_REMOTE StickAimSensitivity=3 air=True up=True: acceptedYaw=-0.019184759 renderedYaw=6.264001 acceptedPitch=0.1489135 renderedPitch=0.14891349
Remote mount yaw and payload pitch settle to accepted StickAimSensitivity=3 air=True up=True aim on actual presentation nodes
Local preference leaves host tuning and peer camera unchanged: StickAimSensitivity=3 air=True up=True
CAMERA_AIM_SAMPLE CameraRecenterSpeed=0.25 air=False up=False expected=<0.006200352, -0.212892, -0.9770561> actual=<0.006200352, -0.212892, -0.9770561> lens=(-0.044051252, 5.8196588, 43.786633) target=(0.08882669, 0, 22.847626) pitch=-0.27108654
Final centered rendered ray and pivot-relative intent agree: CameraRecenterSpeed=0.25 air=False up=False
Camera settings retain centered HUD: CameraRecenterSpeed=0.25 air=False up=False
Authoritative articulation follows camera intent within network/pose tolerance: CameraRecenterSpeed=0.25 air=False up=False
Shared body clearance remains safe: CameraRecenterSpeed=0.25 air=False up=False
AIM_REMOTE CameraRecenterSpeed=0.25 air=False up=False: acceptedYaw=-0.0063458686 renderedYaw=6.2768397 acceptedPitch=-0.11474548 renderedPitch=-0.114745446
Remote mount yaw and payload pitch settle to accepted CameraRecenterSpeed=0.25 air=False up=False aim on actual presentation nodes
Local preference leaves host tuning and peer camera unchanged: CameraRecenterSpeed=0.25 air=False up=False
CAMERA_AIM_SAMPLE CameraRecenterSpeed=0.25 air=False up=True expected=<0.0042102127, 0.14836374, -0.98892397> actual=<0.0042102127, 0.14836374, -0.98892397> lens=(-0.031333946, 4.3100715, 44.204933) target=(1.2630638, 47.55903, -259.83218) pitch=0.14891349
Final centered rendered ray and pivot-relative intent agree: CameraRecenterSpeed=0.25 air=False up=True
Camera settings retain centered HUD: CameraRecenterSpeed=0.25 air=False up=True
Authoritative articulation follows camera intent within network/pose tolerance: CameraRecenterSpeed=0.25 air=False up=True
Shared body clearance remains safe: CameraRecenterSpeed=0.25 air=False up=True
AIM_REMOTE CameraRecenterSpeed=0.25 air=False up=True: acceptedYaw=-0.004257342 renderedYaw=6.2789283 acceptedPitch=0.14891349 renderedPitch=0.14891344
Remote mount yaw and payload pitch settle to accepted CameraRecenterSpeed=0.25 air=False up=True aim on actual presentation nodes
Local preference leaves host tuning and peer camera unchanged: CameraRecenterSpeed=0.25 air=False up=True
CAMERA_AIM_SAMPLE CameraRecenterSpeed=0.25 air=True up=False expected=<0.0040415707, -0.26153207, -0.9651864> actual=<0.0040415707, -0.26153207, -0.9651864> lens=(-0.033114783, 37.49076, 44.753296) target=(0.5317269, 0, -90.13919) pitch=-0.27108654
Final centered rendered ray and pivot-relative intent agree: CameraRecenterSpeed=0.25 air=True up=False
Camera settings retain centered HUD: CameraRecenterSpeed=0.25 air=True up=False
Authoritative articulation follows camera intent within network/pose tolerance: CameraRecenterSpeed=0.25 air=True up=False
Shared body clearance remains safe: CameraRecenterSpeed=0.25 air=True up=False
AIM_REMOTE CameraRecenterSpeed=0.25 air=True up=False: acceptedYaw=-0.0041873227 renderedYaw=6.2789984 acceptedPitch=-0.11474691 renderedPitch=-0.1147469
Remote mount yaw and payload pitch settle to accepted CameraRecenterSpeed=0.25 air=True up=False aim on actual presentation nodes
Local preference leaves host tuning and peer camera unchanged: CameraRecenterSpeed=0.25 air=True up=False
CAMERA_AIM_SAMPLE CameraRecenterSpeed=0.25 air=True up=True expected=<0.0063240365, 0.14836374, -0.98891264> actual=<0.0063240365, 0.14836374, -0.98891264> lens=(-0.06843981, 35.85856, 47.547184) target=(1.897211, 78.917435, -259.8288) pitch=0.14891349
Final centered rendered ray and pivot-relative intent agree: CameraRecenterSpeed=0.25 air=True up=True
Camera settings retain centered HUD: CameraRecenterSpeed=0.25 air=True up=True
Authoritative articulation follows camera intent within network/pose tolerance: CameraRecenterSpeed=0.25 air=True up=True
Shared body clearance remains safe: CameraRecenterSpeed=0.25 air=True up=True
AIM_REMOTE CameraRecenterSpeed=0.25 air=True up=True: acceptedYaw=-0.0063948524 renderedYaw=6.2767906 acceptedPitch=0.14891349 renderedPitch=0.14891347
Remote mount yaw and payload pitch settle to accepted CameraRecenterSpeed=0.25 air=True up=True aim on actual presentation nodes
Local preference leaves host tuning and peer camera unchanged: CameraRecenterSpeed=0.25 air=True up=True
CAMERA_AIM_SAMPLE CameraRecenterSpeed=1 air=False up=False expected=<0.0040949113, -0.21306445, -0.97702956> actual=<0.0040949113, -0.21306445, -0.97702956> lens=(-0.029108299, 5.8173094, 43.790127) target=(0.05861651, 0, 22.859335) pitch=-0.27108654
Final centered rendered ray and pivot-relative intent agree: CameraRecenterSpeed=1 air=False up=False
Camera settings retain centered HUD: CameraRecenterSpeed=1 air=False up=False
Authoritative articulation follows camera intent within network/pose tolerance: CameraRecenterSpeed=1 air=False up=False
Shared body clearance remains safe: CameraRecenterSpeed=1 air=False up=False
AIM_REMOTE CameraRecenterSpeed=1 air=False up=False: acceptedYaw=-0.00419116 renderedYaw=6.2789946 acceptedPitch=-0.114746906 renderedPitch=-0.11474684
Remote mount yaw and payload pitch settle to accepted CameraRecenterSpeed=1 air=False up=False aim on actual presentation nodes
Local preference leaves host tuning and peer camera unchanged: CameraRecenterSpeed=1 air=False up=False
CAMERA_AIM_SAMPLE CameraRecenterSpeed=1 air=False up=True expected=<0.004181351, 0.14836374, -0.988924> actual=<0.004181351, 0.14836374, -0.988924> lens=(-0.031119144, 4.3104467, 44.204937) target=(1.2544053, 47.55903, -259.8322) pitch=0.14891349
Final centered rendered ray and pivot-relative intent agree: CameraRecenterSpeed=1 air=False up=True
Camera settings retain centered HUD: CameraRecenterSpeed=1 air=False up=True
Authoritative articulation follows camera intent within network/pose tolerance: CameraRecenterSpeed=1 air=False up=True
Shared body clearance remains safe: CameraRecenterSpeed=1 air=False up=True
AIM_REMOTE CameraRecenterSpeed=1 air=False up=True: acceptedYaw=-0.004228157 renderedYaw=6.2789574 acceptedPitch=0.14891349 renderedPitch=0.14891343
Remote mount yaw and payload pitch settle to accepted CameraRecenterSpeed=1 air=False up=True aim on actual presentation nodes
Local preference leaves host tuning and peer camera unchanged: CameraRecenterSpeed=1 air=False up=True
CAMERA_AIM_SAMPLE CameraRecenterSpeed=1 air=True up=False expected=<0.004078527, -0.2617128, -0.96513724> actual=<0.004078527, -0.2617128, -0.96513724> lens=(-0.033438012, 37.46583, 44.75773) target=(0.53621846, 3.8146973E-06, -90.04502) pitch=-0.27108654
Final centered rendered ray and pivot-relative intent agree: CameraRecenterSpeed=1 air=True up=False
Camera settings retain centered HUD: CameraRecenterSpeed=1 air=True up=False
Authoritative articulation follows camera intent within network/pose tolerance: CameraRecenterSpeed=1 air=True up=False
Shared body clearance remains safe: CameraRecenterSpeed=1 air=True up=False
AIM_REMOTE CameraRecenterSpeed=1 air=True up=False: acceptedYaw=-0.0042258273 renderedYaw=6.2789598 acceptedPitch=-0.114746764 renderedPitch=-0.114746764
Remote mount yaw and payload pitch settle to accepted CameraRecenterSpeed=1 air=True up=False aim on actual presentation nodes
Local preference leaves host tuning and peer camera unchanged: CameraRecenterSpeed=1 air=True up=False
CAMERA_AIM_SAMPLE CameraRecenterSpeed=1 air=True up=True expected=<0.00420581, 0.14836374, -0.98892397> actual=<0.00420581, 0.14836374, -0.98892397> lens=(-0.04541898, 35.84169, 47.524494) target=(1.261743, 78.917435, -259.83218) pitch=0.14891349
Final centered rendered ray and pivot-relative intent agree: CameraRecenterSpeed=1 air=True up=True
Camera settings retain centered HUD: CameraRecenterSpeed=1 air=True up=True
Authoritative articulation follows camera intent within network/pose tolerance: CameraRecenterSpeed=1 air=True up=True
Shared body clearance remains safe: CameraRecenterSpeed=1 air=True up=True
AIM_REMOTE CameraRecenterSpeed=1 air=True up=True: acceptedYaw=-0.0042528897 renderedYaw=6.2789326 acceptedPitch=0.14891347 renderedPitch=0.14891346
Remote mount yaw and payload pitch settle to accepted CameraRecenterSpeed=1 air=True up=True aim on actual presentation nodes
Local preference leaves host tuning and peer camera unchanged: CameraRecenterSpeed=1 air=True up=True
CAMERA_AIM_SAMPLE CameraRecenterSpeed=3 air=False up=False expected=<0.004136907, -0.21296279, -0.97705156> actual=<0.004136907, -0.21296279, -0.97705156> lens=(-0.029391387, 5.813938, 43.786633) target=(0.059179746, 4.7683716E-07, 22.867973) pitch=-0.27108654
Final centered rendered ray and pivot-relative intent agree: CameraRecenterSpeed=3 air=False up=False
Camera settings retain centered HUD: CameraRecenterSpeed=3 air=False up=False
Authoritative articulation follows camera intent within network/pose tolerance: CameraRecenterSpeed=3 air=False up=False
Shared body clearance remains safe: CameraRecenterSpeed=3 air=False up=False
AIM_REMOTE CameraRecenterSpeed=3 air=False up=False: acceptedYaw=-0.004234047 renderedYaw=6.2789516 acceptedPitch=-0.114746824 renderedPitch=-0.1147468
Remote mount yaw and payload pitch settle to accepted CameraRecenterSpeed=3 air=False up=False aim on actual presentation nodes
Local preference leaves host tuning and peer camera unchanged: CameraRecenterSpeed=3 air=False up=False
CAMERA_AIM_SAMPLE CameraRecenterSpeed=3 air=False up=True expected=<0.004206148, 0.14836374, -0.98892397> actual=<0.004206148, 0.14836374, -0.98892397> lens=(-0.031303693, 4.308731, 44.204933) target=(1.2618444, 47.55903, -259.83218) pitch=0.14891349
Final centered rendered ray and pivot-relative intent agree: CameraRecenterSpeed=3 air=False up=True
Camera settings retain centered HUD: CameraRecenterSpeed=3 air=False up=True
Authoritative articulation follows camera intent within network/pose tolerance: CameraRecenterSpeed=3 air=False up=True
Shared body clearance remains safe: CameraRecenterSpeed=3 air=False up=True
AIM_REMOTE CameraRecenterSpeed=3 air=False up=True: acceptedYaw=-0.0042532315 renderedYaw=6.278932 acceptedPitch=0.1489135 renderedPitch=0.1489134
Remote mount yaw and payload pitch settle to accepted CameraRecenterSpeed=3 air=False up=True aim on actual presentation nodes
Local preference leaves host tuning and peer camera unchanged: CameraRecenterSpeed=3 air=False up=True
CAMERA_AIM_SAMPLE CameraRecenterSpeed=3 air=True up=False expected=<0.0030471396, -0.26123688, -0.9652699> actual=<0.0030471396, -0.26123688, -0.9652699> lens=(-0.02491137, 37.52886, 44.7364) target=(0.40134808, 7.6293945E-06, -90.293655) pitch=-0.27108654
Final centered rendered ray and pivot-relative intent agree: CameraRecenterSpeed=3 air=True up=False
Camera settings retain centered HUD: CameraRecenterSpeed=3 air=True up=False
Authoritative articulation follows camera intent within network/pose tolerance: CameraRecenterSpeed=3 air=True up=False
Shared body clearance remains safe: CameraRecenterSpeed=3 air=True up=False
AIM_REMOTE CameraRecenterSpeed=3 air=True up=False: acceptedYaw=-0.0031567637 renderedYaw=6.280029 acceptedPitch=-0.11474721 renderedPitch=-0.11474717
Remote mount yaw and payload pitch settle to accepted CameraRecenterSpeed=3 air=True up=False aim on actual presentation nodes
Local preference leaves host tuning and peer camera unchanged: CameraRecenterSpeed=3 air=True up=False
CAMERA_AIM_SAMPLE CameraRecenterSpeed=3 air=True up=True expected=<0.002086547, 0.14836374, -0.98893064> actual=<0.002086547, 0.14836374, -0.98893064> lens=(-0.022595977, 35.765396, 47.55449) target=(0.6259641, 78.917435, -259.8342) pitch=0.14891349
Final centered rendered ray and pivot-relative intent agree: CameraRecenterSpeed=3 air=True up=True
Camera settings retain centered HUD: CameraRecenterSpeed=3 air=True up=True
Authoritative articulation follows camera intent within network/pose tolerance: CameraRecenterSpeed=3 air=True up=True
Shared body clearance remains safe: CameraRecenterSpeed=3 air=True up=True
AIM_REMOTE CameraRecenterSpeed=3 air=True up=True: acceptedYaw=-0.0021098992 renderedYaw=6.2810755 acceptedPitch=0.14891347 renderedPitch=0.14891344
Remote mount yaw and payload pitch settle to accepted CameraRecenterSpeed=3 air=True up=True aim on actual presentation nodes
Local preference leaves host tuning and peer camera unchanged: CameraRecenterSpeed=3 air=True up=True
CAMERA_AIM_SAMPLE CameraFov=50 air=False up=False expected=<0.0041156225, -0.2131058, -0.97702044> actual=<0.0041156225, -0.2131058, -0.97702044> lens=(-0.029240292, 5.8111544, 43.78644) target=(0.058835756, 4.7683716E-07, 22.877798) pitch=-0.27108654
Final centered rendered ray and pivot-relative intent agree: CameraFov=50 air=False up=False
Camera settings retain centered HUD: CameraFov=50 air=False up=False
Authoritative articulation follows camera intent within network/pose tolerance: CameraFov=50 air=False up=False
Shared body clearance remains safe: CameraFov=50 air=False up=False
AIM_REMOTE CameraFov=50 air=False up=False: acceptedYaw=-0.004212398 renderedYaw=6.278973 acceptedPitch=-0.114746734 renderedPitch=-0.114746734
Remote mount yaw and payload pitch settle to accepted CameraFov=50 air=False up=False aim on actual presentation nodes
Local preference leaves host tuning and peer camera unchanged: CameraFov=50 air=False up=False
CAMERA_AIM_SAMPLE CameraFov=50 air=False up=True expected=<0.0041679353, 0.14836374, -0.988924> actual=<0.0041679353, 0.14836374, -0.988924> lens=(-0.031019298, 4.308402, 44.204937) target=(1.2503806, 47.55903, -259.8322) pitch=0.14891349
Final centered rendered ray and pivot-relative intent agree: CameraFov=50 air=False up=True
Camera settings retain centered HUD: CameraFov=50 air=False up=True
Authoritative articulation follows camera intent within network/pose tolerance: CameraFov=50 air=False up=True
Shared body clearance remains safe: CameraFov=50 air=False up=True
AIM_REMOTE CameraFov=50 air=False up=True: acceptedYaw=-0.0042145913 renderedYaw=6.2789707 acceptedPitch=0.14891349 renderedPitch=0.14891347
Remote mount yaw and payload pitch settle to accepted CameraFov=50 air=False up=True aim on actual presentation nodes
Local preference leaves host tuning and peer camera unchanged: CameraFov=50 air=False up=True
CAMERA_AIM_SAMPLE CameraFov=50 air=True up=False expected=<0.0052254265, -0.2612698, -0.9652517> actual=<0.0052254265, -0.2612698, -0.9652517> lens=(-0.0430101, 37.53897, 44.789917) target=(0.68817014, 3.8146973E-06, -90.27522) pitch=-0.27108654
Final centered rendered ray and pivot-relative intent agree: CameraFov=50 air=True up=False
Camera settings retain centered HUD: CameraFov=50 air=True up=False
Authoritative articulation follows camera intent within network/pose tolerance: CameraFov=50 air=True up=False
Shared body clearance remains safe: CameraFov=50 air=True up=False
AIM_REMOTE CameraFov=50 air=True up=False: acceptedYaw=-0.005413485 renderedYaw=6.277772 acceptedPitch=-0.11474618 renderedPitch=-0.11474619
Remote mount yaw and payload pitch settle to accepted CameraFov=50 air=True up=False aim on actual presentation nodes
Local preference leaves host tuning and peer camera unchanged: CameraFov=50 air=True up=False
CAMERA_AIM_SAMPLE CameraFov=50 air=True up=True expected=<0.004180943, 0.14836374, -0.988924> actual=<0.004180943, 0.14836374, -0.988924> lens=(-0.04526284, 35.78437, 47.55108) target=(1.254283, 78.917435, -259.8322) pitch=0.14891349
Final centered rendered ray and pivot-relative intent agree: CameraFov=50 air=True up=True
Camera settings retain centered HUD: CameraFov=50 air=True up=True
Authoritative articulation follows camera intent within network/pose tolerance: CameraFov=50 air=True up=True
Shared body clearance remains safe: CameraFov=50 air=True up=True
AIM_REMOTE CameraFov=50 air=True up=True: acceptedYaw=-0.0042277444 renderedYaw=6.278958 acceptedPitch=0.14891347 renderedPitch=0.14891344
Remote mount yaw and payload pitch settle to accepted CameraFov=50 air=True up=True aim on actual presentation nodes
Local preference leaves host tuning and peer camera unchanged: CameraFov=50 air=True up=True
CAMERA_AIM_SAMPLE CameraFov=65 air=False up=False expected=<0.0041614836, -0.21302675, -0.9770375> actual=<0.0041614836, -0.21302675, -0.9770375> lens=(-0.02956736, 5.8171234, 43.786858) target=(0.05957999, 4.7683716E-07, 22.856749) pitch=-0.2710866
Final centered rendered ray and pivot-relative intent agree: CameraFov=65 air=False up=False
Camera settings retain centered HUD: CameraFov=65 air=False up=False
Authoritative articulation follows camera intent within network/pose tolerance: CameraFov=65 air=False up=False
Shared body clearance remains safe: CameraFov=65 air=False up=False
AIM_REMOTE CameraFov=65 air=False up=False: acceptedYaw=-0.004259262 renderedYaw=6.2789264 acceptedPitch=-0.11474672 renderedPitch=-0.1147467
Remote mount yaw and payload pitch settle to accepted CameraFov=65 air=False up=False aim on actual presentation nodes
Local preference leaves host tuning and peer camera unchanged: CameraFov=65 air=False up=False
CAMERA_AIM_SAMPLE CameraFov=65 air=False up=True expected=<0.0041506593, 0.14836371, -0.98892415> actual=<0.0041506593, 0.14836371, -0.98892415> lens=(-0.030890718, 4.3091393, 44.204937) target=(1.2451978, 47.55902, -259.83224) pitch=0.14891346
Final centered rendered ray and pivot-relative intent agree: CameraFov=65 air=False up=True
Camera settings retain centered HUD: CameraFov=65 air=False up=True
Authoritative articulation follows camera intent within network/pose tolerance: CameraFov=65 air=False up=True
Shared body clearance remains safe: CameraFov=65 air=False up=True
AIM_REMOTE CameraFov=65 air=False up=True: acceptedYaw=-0.0041971216 renderedYaw=6.2789884 acceptedPitch=0.14891346 renderedPitch=0.14891344
Remote mount yaw and payload pitch settle to accepted CameraFov=65 air=False up=True aim on actual presentation nodes
Local preference leaves host tuning and peer camera unchanged: CameraFov=65 air=False up=True
CAMERA_AIM_SAMPLE CameraFov=65 air=True up=False expected=<0.0020318208, -0.26201737, -0.96506107> actual=<0.0020318208, -0.26201737, -0.96506107> lens=(-0.016890382, 37.452305, 44.867485) target=(0.26682025, -3.8146973E-06, -89.88755) pitch=-0.27108648
Final centered rendered ray and pivot-relative intent agree: CameraFov=65 air=True up=False
Camera settings retain centered HUD: CameraFov=65 air=True up=False
Authoritative articulation follows camera intent within network/pose tolerance: CameraFov=65 air=True up=False
Shared body clearance remains safe: CameraFov=65 air=True up=False
AIM_REMOTE CameraFov=65 air=True up=False: acceptedYaw=-0.0021053771 renderedYaw=6.2810802 acceptedPitch=-0.11474763 renderedPitch=-0.114747554
Remote mount yaw and payload pitch settle to accepted CameraFov=65 air=True up=False aim on actual presentation nodes
Local preference leaves host tuning and peer camera unchanged: CameraFov=65 air=True up=False
CAMERA_AIM_SAMPLE CameraFov=65 air=True up=True expected=<0.0041700355, 0.14836374, -0.988924> actual=<0.0041700355, 0.14836374, -0.988924> lens=(-0.045078646, 35.783142, 47.535404) target=(1.2510107, 78.917435, -259.8322) pitch=0.14891349
Final centered rendered ray and pivot-relative intent agree: CameraFov=65 air=True up=True
Camera settings retain centered HUD: CameraFov=65 air=True up=True
Authoritative articulation follows camera intent within network/pose tolerance: CameraFov=65 air=True up=True
Shared body clearance remains safe: CameraFov=65 air=True up=True
AIM_REMOTE CameraFov=65 air=True up=True: acceptedYaw=-0.0042167148 renderedYaw=6.278969 acceptedPitch=0.14891349 renderedPitch=0.1489133
Remote mount yaw and payload pitch settle to accepted CameraFov=65 air=True up=True aim on actual presentation nodes
Local preference leaves host tuning and peer camera unchanged: CameraFov=65 air=True up=True
CAMERA_AIM_SAMPLE CameraFov=90 air=False up=False expected=<0.0041638114, -0.2128978, -0.97706556> actual=<0.0041638114, -0.2128978, -0.97706556> lens=(-0.029581945, 5.8195176, 43.7866) target=(0.059649426, 4.7683716E-07, 22.847874) pitch=-0.2710866
Final centered rendered ray and pivot-relative intent agree: CameraFov=90 air=False up=False
Camera settings retain centered HUD: CameraFov=90 air=False up=False
Authoritative articulation follows camera intent within network/pose tolerance: CameraFov=90 air=False up=False
Shared body clearance remains safe: CameraFov=90 air=False up=False
AIM_REMOTE CameraFov=90 air=False up=False: acceptedYaw=-0.0042615226 renderedYaw=6.278924 acceptedPitch=-0.11474678 renderedPitch=-0.114746794
Remote mount yaw and payload pitch settle to accepted CameraFov=90 air=False up=False aim on actual presentation nodes
Local preference leaves host tuning and peer camera unchanged: CameraFov=90 air=False up=False
CAMERA_AIM_SAMPLE CameraFov=90 air=False up=True expected=<0.0041652923, 0.14836374, -0.988924> actual=<0.0041652923, 0.14836374, -0.988924> lens=(-0.030999633, 4.3106403, 44.204937) target=(1.2495877, 47.55903, -259.8322) pitch=0.14891349
Final centered rendered ray and pivot-relative intent agree: CameraFov=90 air=False up=True
Camera settings retain centered HUD: CameraFov=90 air=False up=True
Authoritative articulation follows camera intent within network/pose tolerance: CameraFov=90 air=False up=True
Shared body clearance remains safe: CameraFov=90 air=False up=True
AIM_REMOTE CameraFov=90 air=False up=True: acceptedYaw=-0.004211919 renderedYaw=6.2789736 acceptedPitch=0.14891349 renderedPitch=0.14891341
Remote mount yaw and payload pitch settle to accepted CameraFov=90 air=False up=True aim on actual presentation nodes
Local preference leaves host tuning and peer camera unchanged: CameraFov=90 air=False up=True
CAMERA_AIM_SAMPLE CameraFov=90 air=True up=False expected=<0.0050988817, -0.26152554, -0.9651831> actual=<0.0050988817, -0.26152554, -0.9651831> lens=(-0.04177984, 37.491817, 44.753635) target=(0.67084813, 0, -90.14192) pitch=-0.2710866
Final centered rendered ray and pivot-relative intent agree: CameraFov=90 air=True up=False
Camera settings retain centered HUD: CameraFov=90 air=True up=False
Authoritative articulation follows camera intent within network/pose tolerance: CameraFov=90 air=True up=False
Shared body clearance remains safe: CameraFov=90 air=True up=False
AIM_REMOTE CameraFov=90 air=True up=False: acceptedYaw=-0.005282763 renderedYaw=6.2779026 acceptedPitch=-0.11474615 renderedPitch=-0.11474614
Remote mount yaw and payload pitch settle to accepted CameraFov=90 air=True up=False aim on actual presentation nodes
Local preference leaves host tuning and peer camera unchanged: CameraFov=90 air=True up=False
CAMERA_AIM_SAMPLE CameraFov=90 air=True up=True expected=<0.0052387733, 0.14836377, -0.98891896> actual=<0.0052387733, 0.14836377, -0.98891896> lens=(-0.05657084, 35.866253, 47.52383) target=(1.5716321, 78.91745, -259.83072) pitch=0.14891352
Final centered rendered ray and pivot-relative intent agree: CameraFov=90 air=True up=True
Camera settings retain centered HUD: CameraFov=90 air=True up=True
Authoritative articulation follows camera intent within network/pose tolerance: CameraFov=90 air=True up=True
Shared body clearance remains safe: CameraFov=90 air=True up=True
AIM_REMOTE CameraFov=90 air=True up=True: acceptedYaw=-0.005297425 renderedYaw=6.277888 acceptedPitch=0.1489135 renderedPitch=0.14891346
Remote mount yaw and payload pitch settle to accepted CameraFov=90 air=True up=True aim on actual presentation nodes
Local preference leaves host tuning and peer camera unchanged: CameraFov=90 air=True up=True
CAMERA_AIM_SAMPLE CameraHeight=0.5 air=False up=False expected=<0.0040818774, -0.26276618, -0.96485096> actual=<0.0040818774, -0.26276618, -0.96485096> lens=(-0.030028319, 5.085262, 43.94292) target=(0.047378033, -4.7683716E-07, 25.646051) pitch=-0.27108654
Final centered rendered ray and pivot-relative intent agree: CameraHeight=0.5 air=False up=False
Camera settings retain centered HUD: CameraHeight=0.5 air=False up=False
Authoritative articulation follows camera intent within network/pose tolerance: CameraHeight=0.5 air=False up=False
Shared body clearance remains safe: CameraHeight=0.5 air=False up=False
AIM_REMOTE CameraHeight=0.5 air=False up=False: acceptedYaw=-0.004230553 renderedYaw=6.278955 acceptedPitch=-0.11474684 renderedPitch=-0.11474681
Remote mount yaw and payload pitch settle to accepted CameraHeight=0.5 air=False up=False aim on actual presentation nodes
Local preference leaves host tuning and peer camera unchanged: CameraHeight=0.5 air=False up=False
CAMERA_AIM_SAMPLE CameraHeight=0.5 air=False up=True expected=<0.0051442576, 0.14836371, -0.9889195> actual=<0.0051442576, 0.14836371, -0.9889195> lens=(-0.038285453, 3.55973, 44.204903) target=(1.5432773, 47.55902, -259.83084) pitch=0.14891346
Final centered rendered ray and pivot-relative intent agree: CameraHeight=0.5 air=False up=True
Camera settings retain centered HUD: CameraHeight=0.5 air=False up=True
Authoritative articulation follows camera intent within network/pose tolerance: CameraHeight=0.5 air=False up=True
Shared body clearance remains safe: CameraHeight=0.5 air=False up=True
AIM_REMOTE CameraHeight=0.5 air=False up=True: acceptedYaw=-0.00520185 renderedYaw=6.2779837 acceptedPitch=0.14891346 renderedPitch=0.14891304
Remote mount yaw and payload pitch settle to accepted CameraHeight=0.5 air=False up=True aim on actual presentation nodes
Local preference leaves host tuning and peer camera unchanged: CameraHeight=0.5 air=False up=True
CAMERA_AIM_SAMPLE CameraHeight=0.5 air=True up=False expected=<0.0050985226, -0.2663423, -0.963865> actual=<0.0050985226, -0.2663423, -0.963865> lens=(-0.042472642, 36.83975, 44.874367) target=(0.65866953, 0, -87.67509) pitch=-0.27108654
Final centered rendered ray and pivot-relative intent agree: CameraHeight=0.5 air=True up=False
Camera settings retain centered HUD: CameraHeight=0.5 air=True up=False
Authoritative articulation follows camera intent within network/pose tolerance: CameraHeight=0.5 air=True up=False
Shared body clearance remains safe: CameraHeight=0.5 air=True up=False
AIM_REMOTE CameraHeight=0.5 air=True up=False: acceptedYaw=-0.005289615 renderedYaw=6.277896 acceptedPitch=-0.11474625 renderedPitch=-0.1147462
Remote mount yaw and payload pitch settle to accepted CameraHeight=0.5 air=True up=False aim on actual presentation nodes
Local preference leaves host tuning and peer camera unchanged: CameraHeight=0.5 air=True up=False
CAMERA_AIM_SAMPLE CameraHeight=0.5 air=True up=True expected=<0.004254253, 0.14836374, -0.9889237> actual=<0.004254253, 0.14836374, -0.9889237> lens=(-0.045952365, 35.067898, 47.52687) target=(1.276276, 78.917435, -259.83212) pitch=0.14891349
Final centered rendered ray and pivot-relative intent agree: CameraHeight=0.5 air=True up=True
Camera settings retain centered HUD: CameraHeight=0.5 air=True up=True
Authoritative articulation follows camera intent within network/pose tolerance: CameraHeight=0.5 air=True up=True
Shared body clearance remains safe: CameraHeight=0.5 air=True up=True
AIM_REMOTE CameraHeight=0.5 air=True up=True: acceptedYaw=-0.004301876 renderedYaw=6.2788835 acceptedPitch=0.14891349 renderedPitch=0.14891341
Remote mount yaw and payload pitch settle to accepted CameraHeight=0.5 air=True up=True aim on actual presentation nodes
Local preference leaves host tuning and peer camera unchanged: CameraHeight=0.5 air=True up=True
CAMERA_AIM_SAMPLE CameraHeight=1.25 air=False up=False expected=<0.0050950977, -0.21301004, -0.9770368> actual=<0.0050950977, -0.21301004, -0.9770368> lens=(-0.03619801, 5.8173065, 43.78634) target=(0.072952285, 0, 22.85566) pitch=-0.27108654
Final centered rendered ray and pivot-relative intent agree: CameraHeight=1.25 air=False up=False
Camera settings retain centered HUD: CameraHeight=1.25 air=False up=False
Authoritative articulation follows camera intent within network/pose tolerance: CameraHeight=1.25 air=False up=False
Shared body clearance remains safe: CameraHeight=1.25 air=False up=False
AIM_REMOTE CameraHeight=1.25 air=False up=False: acceptedYaw=-0.005214801 renderedYaw=6.277971 acceptedPitch=-0.11474618 renderedPitch=-0.11474618
Remote mount yaw and payload pitch settle to accepted CameraHeight=1.25 air=False up=False aim on actual presentation nodes
Local preference leaves host tuning and peer camera unchanged: CameraHeight=1.25 air=False up=False
CAMERA_AIM_SAMPLE CameraHeight=1.25 air=False up=True expected=<0.0042013377, 0.14836374, -0.98892397> actual=<0.0042013377, 0.14836374, -0.98892397> lens=(-0.031267893, 4.311879, 44.204933) target=(1.2604012, 47.55903, -259.83218) pitch=0.14891349
Final centered rendered ray and pivot-relative intent agree: CameraHeight=1.25 air=False up=True
Camera settings retain centered HUD: CameraHeight=1.25 air=False up=True
Authoritative articulation follows camera intent within network/pose tolerance: CameraHeight=1.25 air=False up=True
Shared body clearance remains safe: CameraHeight=1.25 air=False up=True
AIM_REMOTE CameraHeight=1.25 air=False up=True: acceptedYaw=-0.0042483676 renderedYaw=6.2789373 acceptedPitch=0.14891349 renderedPitch=0.14891349
Remote mount yaw and payload pitch settle to accepted CameraHeight=1.25 air=False up=True aim on actual presentation nodes
Local preference leaves host tuning and peer camera unchanged: CameraHeight=1.25 air=False up=True
CAMERA_AIM_SAMPLE CameraHeight=1.25 air=True up=False expected=<0.0040986342, -0.26119015, -0.9652787> actual=<0.0040986342, -0.26119015, -0.9652787> lens=(-0.0334712, 37.53328, 44.72788) target=(0.5399403, 3.8146973E-06, -90.317566) pitch=-0.27108654
Final centered rendered ray and pivot-relative intent agree: CameraHeight=1.25 air=True up=False
Camera settings retain centered HUD: CameraHeight=1.25 air=True up=False
Authoritative articulation follows camera intent within network/pose tolerance: CameraHeight=1.25 air=True up=False
Shared body clearance remains safe: CameraHeight=1.25 air=True up=False
AIM_REMOTE CameraHeight=1.25 air=True up=False: acceptedYaw=-0.004246038 renderedYaw=6.2789392 acceptedPitch=-0.114746705 renderedPitch=-0.114746645
Remote mount yaw and payload pitch settle to accepted CameraHeight=1.25 air=True up=False aim on actual presentation nodes
Local preference leaves host tuning and peer camera unchanged: CameraHeight=1.25 air=True up=False
CAMERA_AIM_SAMPLE CameraHeight=1.25 air=True up=True expected=<0.0051428354, 0.14836371, -0.9889195> actual=<0.0051428354, 0.14836371, -0.9889195> lens=(-0.05569014, 35.83195, 47.553696) target=(1.5428506, 78.91743, -259.83084) pitch=0.14891346
Final centered rendered ray and pivot-relative intent agree: CameraHeight=1.25 air=True up=True
Camera settings retain centered HUD: CameraHeight=1.25 air=True up=True
Authoritative articulation follows camera intent within network/pose tolerance: CameraHeight=1.25 air=True up=True
Shared body clearance remains safe: CameraHeight=1.25 air=True up=True
AIM_REMOTE CameraHeight=1.25 air=True up=True: acceptedYaw=-0.005200412 renderedYaw=6.277985 acceptedPitch=0.14891346 renderedPitch=0.14891332
Remote mount yaw and payload pitch settle to accepted CameraHeight=1.25 air=True up=True aim on actual presentation nodes
Local preference leaves host tuning and peer camera unchanged: CameraHeight=1.25 air=True up=True
CAMERA_AIM_SAMPLE CameraHeight=3 air=False up=False expected=<0.0021519463, -0.14706278, -0.98912483> actual=<0.0021519463, -0.14706278, -0.98912483> lens=(-0.014307633, 7.528999, 43.421394) target=(0.044628795, -4.7683716E-07, 16.331734) pitch=-0.27108657
Final centered rendered ray and pivot-relative intent agree: CameraHeight=3 air=False up=False
Camera settings retain centered HUD: CameraHeight=3 air=False up=False
Authoritative articulation follows camera intent within network/pose tolerance: CameraHeight=3 air=False up=False
Shared body clearance remains safe: CameraHeight=3 air=False up=False
AIM_REMOTE CameraHeight=3 air=False up=False: acceptedYaw=-0.0021756028 renderedYaw=6.2810097 acceptedPitch=-0.11474753 renderedPitch=-0.1147475
Remote mount yaw and payload pitch settle to accepted CameraHeight=3 air=False up=False aim on actual presentation nodes
Local preference leaves host tuning and peer camera unchanged: CameraHeight=3 air=False up=False
CAMERA_AIM_SAMPLE CameraHeight=3 air=False up=True expected=<0.004232167, 0.14836374, -0.98892385> actual=<0.004232167, 0.14836374, -0.98892385> lens=(-0.031497326, 6.0563993, 44.204933) target=(1.26965, 47.55903, -259.83215) pitch=0.14891349
Final centered rendered ray and pivot-relative intent agree: CameraHeight=3 air=False up=True
Camera settings retain centered HUD: CameraHeight=3 air=False up=True
Authoritative articulation follows camera intent within network/pose tolerance: CameraHeight=3 air=False up=True
Shared body clearance remains safe: CameraHeight=3 air=False up=True
AIM_REMOTE CameraHeight=3 air=False up=True: acceptedYaw=-0.004279542 renderedYaw=6.278906 acceptedPitch=0.14891349 renderedPitch=0.14891347
Remote mount yaw and payload pitch settle to accepted CameraHeight=3 air=False up=True aim on actual presentation nodes
Local preference leaves host tuning and peer camera unchanged: CameraHeight=3 air=False up=True
CAMERA_AIM_SAMPLE CameraHeight=3 air=True up=False expected=<0.0041674706, -0.24962136, -0.9683345> actual=<0.0041674706, -0.24962136, -0.9683345> lens=(-0.032680314, 39.20787, 44.43845) target=(0.5744525, 3.8146973E-06, -96.63217) pitch=-0.27108654
Final centered rendered ray and pivot-relative intent agree: CameraHeight=3 air=True up=False
Camera settings retain centered HUD: CameraHeight=3 air=True up=False
Authoritative articulation follows camera intent within network/pose tolerance: CameraHeight=3 air=True up=False
Shared body clearance remains safe: CameraHeight=3 air=True up=False
AIM_REMOTE CameraHeight=3 air=True up=False: acceptedYaw=-0.004303725 renderedYaw=6.2788815 acceptedPitch=-0.114746794 renderedPitch=-0.11474677
Remote mount yaw and payload pitch settle to accepted CameraHeight=3 air=True up=False aim on actual presentation nodes
Local preference leaves host tuning and peer camera unchanged: CameraHeight=3 air=True up=False
CAMERA_AIM_SAMPLE CameraHeight=3 air=True up=True expected=<0.004140563, 0.14836377, -0.98892415> actual=<0.004140563, 0.14836377, -0.98892415> lens=(-0.044738945, 37.492172, 47.530365) target=(1.242169, 78.91745, -259.83228) pitch=0.14891355
Final centered rendered ray and pivot-relative intent agree: CameraHeight=3 air=True up=True
Camera settings retain centered HUD: CameraHeight=3 air=True up=True
Authoritative articulation follows camera intent within network/pose tolerance: CameraHeight=3 air=True up=True
Shared body clearance remains safe: CameraHeight=3 air=True up=True
AIM_REMOTE CameraHeight=3 air=True up=True: acceptedYaw=-0.0041869124 renderedYaw=6.2789984 acceptedPitch=0.14891355 renderedPitch=0.14891352
Remote mount yaw and payload pitch settle to accepted CameraHeight=3 air=True up=True aim on actual presentation nodes
Local preference leaves host tuning and peer camera unchanged: CameraHeight=3 air=True up=True
CAMERA_AIM_SAMPLE InvertY=0 air=False up=False expected=<0.004106704, -0.21334195, -0.97696894> actual=<0.004106704, -0.21334195, -0.97696894> lens=(-0.02893732, 5.795044, 43.729073) target=(0.058708847, 4.7683716E-07, 22.878395) pitch=-0.27108654
Final centered rendered ray and pivot-relative intent agree: InvertY=0 air=False up=False
Camera settings retain centered HUD: InvertY=0 air=False up=False
Authoritative articulation follows camera intent within network/pose tolerance: InvertY=0 air=False up=False
Shared body clearance remains safe: InvertY=0 air=False up=False
AIM_REMOTE InvertY=0 air=False up=False: acceptedYaw=-0.0042034914 renderedYaw=6.278982 acceptedPitch=-0.1147469 renderedPitch=-0.11474685
Remote mount yaw and payload pitch settle to accepted InvertY=0 air=False up=False aim on actual presentation nodes
Local preference leaves host tuning and peer camera unchanged: InvertY=0 air=False up=False
CAMERA_AIM_SAMPLE InvertY=0 air=False up=True expected=<0.0052771214, 0.14836371, -0.9889188> actual=<0.0052771214, 0.14836371, -0.9889188> lens=(-0.03927427, 4.3110747, 44.204895) target=(1.5831364, 47.55902, -259.83063) pitch=0.14891346
Final centered rendered ray and pivot-relative intent agree: InvertY=0 air=False up=True
Camera settings retain centered HUD: InvertY=0 air=False up=True
Authoritative articulation follows camera intent within network/pose tolerance: InvertY=0 air=False up=True
Shared body clearance remains safe: InvertY=0 air=False up=True
AIM_REMOTE InvertY=0 air=False up=True: acceptedYaw=-0.005336203 renderedYaw=6.277849 acceptedPitch=0.14891346 renderedPitch=0.14891341
Remote mount yaw and payload pitch settle to accepted InvertY=0 air=False up=True aim on actual presentation nodes
Local preference leaves host tuning and peer camera unchanged: InvertY=0 air=False up=True
CAMERA_AIM_SAMPLE InvertY=0 air=True up=False expected=<0.0020607656, -0.26135677, -0.96524> actual=<0.0020607656, -0.26135677, -0.96524> lens=(-0.01707487, 37.540993, 44.84268) target=(0.27130526, 3.8146973E-06, -90.2314) pitch=-0.27108654
Final centered rendered ray and pivot-relative intent agree: InvertY=0 air=True up=False
Camera settings retain centered HUD: InvertY=0 air=True up=False
Authoritative articulation follows camera intent within network/pose tolerance: InvertY=0 air=True up=False
Shared body clearance remains safe: InvertY=0 air=True up=False
AIM_REMOTE InvertY=0 air=True up=False: acceptedYaw=-0.002134974 renderedYaw=6.2810507 acceptedPitch=-0.114747494 renderedPitch=-0.11474752
Remote mount yaw and payload pitch settle to accepted InvertY=0 air=True up=False aim on actual presentation nodes
Local preference leaves host tuning and peer camera unchanged: InvertY=0 air=True up=False
CAMERA_AIM_SAMPLE InvertY=0 air=True up=True expected=<0.0041896845, 0.14836374, -0.988924> actual=<0.0041896845, 0.14836374, -0.988924> lens=(-0.045366146, 35.767487, 47.553127) target=(1.2569053, 78.917435, -259.8322) pitch=0.14891349
Final centered rendered ray and pivot-relative intent agree: InvertY=0 air=True up=True
Camera settings retain centered HUD: InvertY=0 air=True up=True
Authoritative articulation follows camera intent within network/pose tolerance: InvertY=0 air=True up=True
Shared body clearance remains safe: InvertY=0 air=True up=True
AIM_REMOTE InvertY=0 air=True up=True: acceptedYaw=-0.0042365836 renderedYaw=6.278949 acceptedPitch=0.14891349 renderedPitch=0.14891344
Remote mount yaw and payload pitch settle to accepted InvertY=0 air=True up=True aim on actual presentation nodes
Local preference leaves host tuning and peer camera unchanged: InvertY=0 air=True up=True
CAMERA_AIM_SAMPLE InvertY=1 air=False up=False expected=<0.0041376464, -0.2130331, -0.97703624> actual=<0.0041376464, -0.2130331, -0.97703624> lens=(-0.029397719, 5.816979, 43.78678) target=(0.05923696, 0, 22.857182) pitch=-0.27108654
Final centered rendered ray and pivot-relative intent agree: InvertY=1 air=False up=False
Camera settings retain centered HUD: InvertY=1 air=False up=False
Authoritative articulation follows camera intent within network/pose tolerance: InvertY=1 air=False up=False
Shared body clearance remains safe: InvertY=1 air=False up=False
AIM_REMOTE InvertY=1 air=False up=False: acceptedYaw=-0.0042348704 renderedYaw=6.2789507 acceptedPitch=-0.114746705 renderedPitch=-0.11474665
Remote mount yaw and payload pitch settle to accepted InvertY=1 air=False up=False aim on actual presentation nodes
Local preference leaves host tuning and peer camera unchanged: InvertY=1 air=False up=False
CAMERA_AIM_SAMPLE InvertY=1 air=False up=True expected=<0.003129275, 0.14836374, -0.9889279> actual=<0.003129275, 0.14836374, -0.9889279> lens=(-0.023289213, 4.309635, 44.204964) target=(0.9387825, 47.55903, -259.83337) pitch=0.14891349
Final centered rendered ray and pivot-relative intent agree: InvertY=1 air=False up=True
Camera settings retain centered HUD: InvertY=1 air=False up=True
Authoritative articulation follows camera intent within network/pose tolerance: InvertY=1 air=False up=True
Shared body clearance remains safe: InvertY=1 air=False up=True
AIM_REMOTE InvertY=1 air=False up=True: acceptedYaw=-0.0031643 renderedYaw=6.280021 acceptedPitch=0.14891349 renderedPitch=0.14891344
Remote mount yaw and payload pitch settle to accepted InvertY=1 air=False up=True aim on actual presentation nodes
Local preference leaves host tuning and peer camera unchanged: InvertY=1 air=False up=True
CAMERA_AIM_SAMPLE InvertY=1 air=True up=False expected=<0.0061107064, -0.2616668, -0.965139> actual=<0.0061107064, -0.2616668, -0.965139> lens=(-0.050451245, 37.487976, 44.81339) target=(0.80353755, 0, -90.067566) pitch=-0.27108654
Final centered rendered ray and pivot-relative intent agree: InvertY=1 air=True up=False
Camera settings retain centered HUD: InvertY=1 air=True up=False
Authoritative articulation follows camera intent within network/pose tolerance: InvertY=1 air=True up=False
Shared body clearance remains safe: InvertY=1 air=True up=False
AIM_REMOTE InvertY=1 air=True up=False: acceptedYaw=-0.006331341 renderedYaw=6.276854 acceptedPitch=-0.11474565 renderedPitch=-0.11474557
Remote mount yaw and payload pitch settle to accepted InvertY=1 air=True up=False aim on actual presentation nodes
Local preference leaves host tuning and peer camera unchanged: InvertY=1 air=True up=False
CAMERA_AIM_SAMPLE InvertY=1 air=True up=True expected=<0.0042069615, 0.14836374, -0.98892397> actual=<0.0042069615, 0.14836374, -0.98892397> lens=(-0.045464803, 35.87568, 47.53234) target=(1.2620884, 78.917435, -259.83218) pitch=0.14891349
Final centered rendered ray and pivot-relative intent agree: InvertY=1 air=True up=True
Camera settings retain centered HUD: InvertY=1 air=True up=True
Authoritative articulation follows camera intent within network/pose tolerance: InvertY=1 air=True up=True
Shared body clearance remains safe: InvertY=1 air=True up=True
AIM_REMOTE InvertY=1 air=True up=True: acceptedYaw=-0.0042540543 renderedYaw=6.2789316 acceptedPitch=0.14891347 renderedPitch=0.14891297
Remote mount yaw and payload pitch settle to accepted InvertY=1 air=True up=True aim on actual presentation nodes
Local preference leaves host tuning and peer camera unchanged: InvertY=1 air=True up=True
CAMERA_AIM_SAMPLE MouseAimSensitivity=0.25 air=False up=False expected=<0.0051783975, -0.21298605, -0.97704154> actual=<0.0051783975, -0.21298605, -0.97704154> lens=(-0.036788244, 5.817692, 43.786076) target=(0.074153334, 0, 22.854015) pitch=-0.27108654
Final centered rendered ray and pivot-relative intent agree: MouseAimSensitivity=0.25 air=False up=False
Camera settings retain centered HUD: MouseAimSensitivity=0.25 air=False up=False
Authoritative articulation follows camera intent within network/pose tolerance: MouseAimSensitivity=0.25 air=False up=False
Shared body clearance remains safe: MouseAimSensitivity=0.25 air=False up=False
AIM_REMOTE MouseAimSensitivity=0.25 air=False up=False: acceptedYaw=-0.0053000306 renderedYaw=6.2778854 acceptedPitch=-0.114746176 renderedPitch=-0.11474617
Remote mount yaw and payload pitch settle to accepted MouseAimSensitivity=0.25 air=False up=False aim on actual presentation nodes
Local preference leaves host tuning and peer camera unchanged: MouseAimSensitivity=0.25 air=False up=False
CAMERA_AIM_SAMPLE MouseAimSensitivity=0.25 air=False up=True expected=<0.0042818286, 0.14836377, -0.98892367> actual=<0.0042818286, 0.14836377, -0.98892367> lens=(-0.031866934, 4.307433, 44.204933) target=(1.2845486, 47.55904, -259.8321) pitch=0.14891352
Final centered rendered ray and pivot-relative intent agree: MouseAimSensitivity=0.25 air=False up=True
Camera settings retain centered HUD: MouseAimSensitivity=0.25 air=False up=True
Authoritative articulation follows camera intent within network/pose tolerance: MouseAimSensitivity=0.25 air=False up=True
Shared body clearance remains safe: MouseAimSensitivity=0.25 air=False up=True
AIM_REMOTE MouseAimSensitivity=0.25 air=False up=True: acceptedYaw=-0.0043297596 renderedYaw=6.278856 acceptedPitch=0.14891352 renderedPitch=0.1489135
Remote mount yaw and payload pitch settle to accepted MouseAimSensitivity=0.25 air=False up=True aim on actual presentation nodes
Local preference leaves host tuning and peer camera unchanged: MouseAimSensitivity=0.25 air=False up=True
CAMERA_AIM_SAMPLE MouseAimSensitivity=0.25 air=True up=False expected=<0.0040303217, -0.2618306, -0.96510535> actual=<0.0040303217, -0.2618306, -0.96510535> lens=(-0.03309066, 37.451904, 44.76893) target=(0.5296422, 7.6293945E-06, -89.98373) pitch=-0.27108654
Final centered rendered ray and pivot-relative intent agree: MouseAimSensitivity=0.25 air=True up=False
Camera settings retain centered HUD: MouseAimSensitivity=0.25 air=True up=False
Authoritative articulation follows camera intent within network/pose tolerance: MouseAimSensitivity=0.25 air=True up=False
Shared body clearance remains safe: MouseAimSensitivity=0.25 air=True up=False
AIM_REMOTE MouseAimSensitivity=0.25 air=True up=False: acceptedYaw=-0.0041760183 renderedYaw=6.2790093 acceptedPitch=-0.114746824 renderedPitch=-0.1147468
Remote mount yaw and payload pitch settle to accepted MouseAimSensitivity=0.25 air=True up=False aim on actual presentation nodes
Local preference leaves host tuning and peer camera unchanged: MouseAimSensitivity=0.25 air=True up=False
CAMERA_AIM_SAMPLE MouseAimSensitivity=0.25 air=True up=True expected=<0.0051136343, 0.14836374, -0.9889197> actual=<0.0051136343, 0.14836374, -0.9889197> lens=(-0.055311456, 35.847, 47.54162) target=(1.5340903, 78.917435, -259.8309) pitch=0.14891349
Final centered rendered ray and pivot-relative intent agree: MouseAimSensitivity=0.25 air=True up=True
Camera settings retain centered HUD: MouseAimSensitivity=0.25 air=True up=True
Authoritative articulation follows camera intent within network/pose tolerance: MouseAimSensitivity=0.25 air=True up=True
Shared body clearance remains safe: MouseAimSensitivity=0.25 air=True up=True
AIM_REMOTE MouseAimSensitivity=0.25 air=True up=True: acceptedYaw=-0.0051708836 renderedYaw=6.2780147 acceptedPitch=0.14891347 renderedPitch=0.14891341
Remote mount yaw and payload pitch settle to accepted MouseAimSensitivity=0.25 air=True up=True aim on actual presentation nodes
Local preference leaves host tuning and peer camera unchanged: MouseAimSensitivity=0.25 air=True up=True
CAMERA_AIM_SAMPLE MouseAimSensitivity=1 air=False up=False expected=<0.0031038304, -0.21343611, -0.9769521> actual=<0.0031038304, -0.21343611, -0.9769521> lens=(-0.021920247, 5.797543, 43.744553) target=(0.044352338, 0, 22.884796) pitch=-0.2710865
Final centered rendered ray and pivot-relative intent agree: MouseAimSensitivity=1 air=False up=False
Camera settings retain centered HUD: MouseAimSensitivity=1 air=False up=False
Authoritative articulation follows camera intent within network/pose tolerance: MouseAimSensitivity=1 air=False up=False
Shared body clearance remains safe: MouseAimSensitivity=1 air=False up=False
AIM_REMOTE MouseAimSensitivity=1 air=False up=False: acceptedYaw=-0.0031770451 renderedYaw=6.2800083 acceptedPitch=-0.114747316 renderedPitch=-0.11474728
Remote mount yaw and payload pitch settle to accepted MouseAimSensitivity=1 air=False up=False aim on actual presentation nodes
Local preference leaves host tuning and peer camera unchanged: MouseAimSensitivity=1 air=False up=False
CAMERA_AIM_SAMPLE MouseAimSensitivity=1 air=False up=True expected=<0.004178167, 0.14836374, -0.988924> actual=<0.004178167, 0.14836374, -0.988924> lens=(-0.031095441, 4.3074236, 44.204937) target=(1.25345, 47.55903, -259.8322) pitch=0.14891349
Final centered rendered ray and pivot-relative intent agree: MouseAimSensitivity=1 air=False up=True
Camera settings retain centered HUD: MouseAimSensitivity=1 air=False up=True
Authoritative articulation follows camera intent within network/pose tolerance: MouseAimSensitivity=1 air=False up=True
Shared body clearance remains safe: MouseAimSensitivity=1 air=False up=True
AIM_REMOTE MouseAimSensitivity=1 air=False up=True: acceptedYaw=-0.0042249374 renderedYaw=6.2789607 acceptedPitch=0.14891349 renderedPitch=0.14891341
Remote mount yaw and payload pitch settle to accepted MouseAimSensitivity=1 air=False up=True aim on actual presentation nodes
Local preference leaves host tuning and peer camera unchanged: MouseAimSensitivity=1 air=False up=True
CAMERA_AIM_SAMPLE MouseAimSensitivity=1 air=True up=False expected=<0.0040526683, -0.26183328, -0.9651047> actual=<0.0040526683, -0.26183328, -0.9651047> lens=(-0.03368161, 37.478493, 44.86596) target=(0.5325736, 0, -89.98237) pitch=-0.27108654
Final centered rendered ray and pivot-relative intent agree: MouseAimSensitivity=1 air=True up=False
Camera settings retain centered HUD: MouseAimSensitivity=1 air=True up=False
Authoritative articulation follows camera intent within network/pose tolerance: MouseAimSensitivity=1 air=True up=False
Shared body clearance remains safe: MouseAimSensitivity=1 air=True up=False
AIM_REMOTE MouseAimSensitivity=1 air=True up=False: acceptedYaw=-0.004199176 renderedYaw=6.2789865 acceptedPitch=-0.11474679 renderedPitch=-0.11474678
Remote mount yaw and payload pitch settle to accepted MouseAimSensitivity=1 air=True up=False aim on actual presentation nodes
Local preference leaves host tuning and peer camera unchanged: MouseAimSensitivity=1 air=True up=False
CAMERA_AIM_SAMPLE MouseAimSensitivity=1 air=True up=True expected=<0.004140969, 0.14836377, -0.98892415> actual=<0.004140969, 0.14836377, -0.98892415> lens=(-0.044710454, 35.86383, 47.522514) target=(1.2422909, 78.91745, -259.83228) pitch=0.14891355
Final centered rendered ray and pivot-relative intent agree: MouseAimSensitivity=1 air=True up=True
Camera settings retain centered HUD: MouseAimSensitivity=1 air=True up=True
Authoritative articulation follows camera intent within network/pose tolerance: MouseAimSensitivity=1 air=True up=True
Shared body clearance remains safe: MouseAimSensitivity=1 air=True up=True
AIM_REMOTE MouseAimSensitivity=1 air=True up=True: acceptedYaw=-0.0041873227 renderedYaw=6.2789984 acceptedPitch=0.14891353 renderedPitch=0.14891352
Remote mount yaw and payload pitch settle to accepted MouseAimSensitivity=1 air=True up=True aim on actual presentation nodes
Local preference leaves host tuning and peer camera unchanged: MouseAimSensitivity=1 air=True up=True
CAMERA_AIM_SAMPLE MouseAimSensitivity=3 air=False up=False expected=<0.0041887495, -0.21300331, -0.9770425> actual=<0.0041887495, -0.21300331, -0.9770425> lens=(-0.029759996, 5.8175106, 43.78664) target=(0.059976958, 4.7683716E-07, 22.855137) pitch=-0.27108657
Final centered rendered ray and pivot-relative intent agree: MouseAimSensitivity=3 air=False up=False
Camera settings retain centered HUD: MouseAimSensitivity=3 air=False up=False
Authoritative articulation follows camera intent within network/pose tolerance: MouseAimSensitivity=3 air=False up=False
Shared body clearance remains safe: MouseAimSensitivity=3 air=False up=False
AIM_REMOTE MouseAimSensitivity=3 air=False up=False: acceptedYaw=-0.004287146 renderedYaw=6.2788982 acceptedPitch=-0.11474683 renderedPitch=-0.114746764
Remote mount yaw and payload pitch settle to accepted MouseAimSensitivity=3 air=False up=False aim on actual presentation nodes
Local preference leaves host tuning and peer camera unchanged: MouseAimSensitivity=3 air=False up=False
CAMERA_AIM_SAMPLE MouseAimSensitivity=3 air=False up=True expected=<0.0043123863, 0.14836372, -0.98892343> actual=<0.0043123863, 0.14836372, -0.98892343> lens=(-0.03209435, 4.308076, 44.204933) target=(1.2937158, 47.559025, -259.83203) pitch=0.14891347
Final centered rendered ray and pivot-relative intent agree: MouseAimSensitivity=3 air=False up=True
Camera settings retain centered HUD: MouseAimSensitivity=3 air=False up=True
Authoritative articulation follows camera intent within network/pose tolerance: MouseAimSensitivity=3 air=False up=True
Shared body clearance remains safe: MouseAimSensitivity=3 air=False up=True
AIM_REMOTE MouseAimSensitivity=3 air=False up=True: acceptedYaw=-0.00436066 renderedYaw=6.278825 acceptedPitch=0.14891347 renderedPitch=0.14891343
Remote mount yaw and payload pitch settle to accepted MouseAimSensitivity=3 air=False up=True aim on actual presentation nodes
Local preference leaves host tuning and peer camera unchanged: MouseAimSensitivity=3 air=False up=True
CAMERA_AIM_SAMPLE MouseAimSensitivity=3 air=True up=False expected=<0.0040733065, -0.26101503, -0.96532613> actual=<0.0040733065, -0.26101503, -0.96532613> lens=(-0.03324053, 37.55726, 44.72262) target=(0.53696376, 0, -90.40914) pitch=-0.2710865
Final centered rendered ray and pivot-relative intent agree: MouseAimSensitivity=3 air=True up=False
Camera settings retain centered HUD: MouseAimSensitivity=3 air=True up=False
Authoritative articulation follows camera intent within network/pose tolerance: MouseAimSensitivity=3 air=True up=False
Shared body clearance remains safe: MouseAimSensitivity=3 air=True up=False
AIM_REMOTE MouseAimSensitivity=3 air=True up=False: acceptedYaw=-0.0042195925 renderedYaw=6.278966 acceptedPitch=-0.114746764 renderedPitch=-0.11474673
Remote mount yaw and payload pitch settle to accepted MouseAimSensitivity=3 air=True up=False aim on actual presentation nodes
Local preference leaves host tuning and peer camera unchanged: MouseAimSensitivity=3 air=True up=False
CAMERA_AIM_SAMPLE MouseAimSensitivity=3 air=True up=True expected=<0.0041589243, 0.14836374, -0.98892415> actual=<0.0041589243, 0.14836374, -0.98892415> lens=(-0.044962898, 35.775745, 47.53644) target=(1.2476773, 78.917435, -259.83224) pitch=0.14891347
Final centered rendered ray and pivot-relative intent agree: MouseAimSensitivity=3 air=True up=True
Camera settings retain centered HUD: MouseAimSensitivity=3 air=True up=True
Authoritative articulation follows camera intent within network/pose tolerance: MouseAimSensitivity=3 air=True up=True
Shared body clearance remains safe: MouseAimSensitivity=3 air=True up=True
AIM_REMOTE MouseAimSensitivity=3 air=True up=True: acceptedYaw=-0.0042054793 renderedYaw=6.27898 acceptedPitch=0.14891347 renderedPitch=0.14891346
Remote mount yaw and payload pitch settle to accepted MouseAimSensitivity=3 air=True up=True aim on actual presentation nodes
Local preference leaves host tuning and peer camera unchanged: MouseAimSensitivity=3 air=True up=True
CAMERA_AIM_SAMPLE StickAimCurve=1 air=False up=False expected=<0.023862494, -0.21308185, -0.9767429> actual=<0.023862494, -0.21308185, -0.9767429> lens=(-0.16953096, 5.8159056, 43.784264) target=(0.34155115, 4.7683716E-07, 22.864582) pitch=-0.27108654
Final centered rendered ray and pivot-relative intent agree: StickAimCurve=1 air=False up=False
Camera settings retain centered HUD: StickAimCurve=1 air=False up=False
Authoritative articulation follows camera intent within network/pose tolerance: StickAimCurve=1 air=False up=False
Shared body clearance remains safe: StickAimCurve=1 air=False up=False
AIM_REMOTE StickAimCurve=1 air=False up=False: acceptedYaw=-0.024425821 renderedYaw=6.2587595 acceptedPitch=-0.11471392 renderedPitch=-0.114713915
Remote mount yaw and payload pitch settle to accepted StickAimCurve=1 air=False up=False aim on actual presentation nodes
Local preference leaves host tuning and peer camera unchanged: StickAimCurve=1 air=False up=False
CAMERA_AIM_SAMPLE StickAimCurve=1 air=False up=True expected=<0.011800844, 0.14836374, -0.9888624> actual=<0.011800844, 0.14836374, -0.9888624> lens=(-0.087826185, 4.307129, 44.204475) target=(3.5402532, 47.55903, -259.81372) pitch=0.14891349
Final centered rendered ray and pivot-relative intent agree: StickAimCurve=1 air=False up=True
Camera settings retain centered HUD: StickAimCurve=1 air=False up=True
Authoritative articulation follows camera intent within network/pose tolerance: StickAimCurve=1 air=False up=True
Shared body clearance remains safe: StickAimCurve=1 air=False up=True
AIM_REMOTE StickAimCurve=1 air=False up=True: acceptedYaw=-0.011933192 renderedYaw=6.271252 acceptedPitch=0.14891349 renderedPitch=0.14891344
Remote mount yaw and payload pitch settle to accepted StickAimCurve=1 air=False up=True aim on actual presentation nodes
Local preference leaves host tuning and peer camera unchanged: StickAimCurve=1 air=False up=True
CAMERA_AIM_SAMPLE StickAimCurve=1 air=True up=False expected=<0.023230838, -0.2615467, -0.96491116> actual=<0.023230838, -0.2615467, -0.96491116> lens=(-0.19152413, 37.502266, 44.800106) target=(3.0561805, 0, -90.09587) pitch=-0.27108654
Final centered rendered ray and pivot-relative intent agree: StickAimCurve=1 air=True up=False
Camera settings retain centered HUD: StickAimCurve=1 air=True up=False
Authoritative articulation follows camera intent within network/pose tolerance: StickAimCurve=1 air=True up=False
Shared body clearance remains safe: StickAimCurve=1 air=True up=False
AIM_REMOTE StickAimCurve=1 air=True up=False: acceptedYaw=-0.024070974 renderedYaw=6.2591147 acceptedPitch=-0.11471495 renderedPitch=-0.11471491
Remote mount yaw and payload pitch settle to accepted StickAimCurve=1 air=True up=False aim on actual presentation nodes
Local preference leaves host tuning and peer camera unchanged: StickAimCurve=1 air=True up=False
CAMERA_AIM_SAMPLE StickAimCurve=1 air=True up=True expected=<0.029061511, 0.14836374, -0.9885058> actual=<0.029061511, 0.14836374, -0.9885058> lens=(-0.31426972, 35.730007, 47.534653) target=(8.718453, 78.917435, -259.70673) pitch=0.14891349
Final centered rendered ray and pivot-relative intent agree: StickAimCurve=1 air=True up=True
Camera settings retain centered HUD: StickAimCurve=1 air=True up=True
Authoritative articulation follows camera intent within network/pose tolerance: StickAimCurve=1 air=True up=True
Shared body clearance remains safe: StickAimCurve=1 air=True up=True
AIM_REMOTE StickAimCurve=1 air=True up=True: acceptedYaw=-0.029390968 renderedYaw=6.2537947 acceptedPitch=0.14891347 renderedPitch=0.14891346
Remote mount yaw and payload pitch settle to accepted StickAimCurve=1 air=True up=True aim on actual presentation nodes
Local preference leaves host tuning and peer camera unchanged: StickAimCurve=1 air=True up=True
CAMERA_AIM_SAMPLE StickAimCurve=2 air=False up=False expected=<0.0051099802, -0.2130482, -0.9770283> actual=<0.0051099802, -0.2130482, -0.9770283> lens=(-0.03630393, 5.816569, 43.786312) target=(0.07315227, 0, 22.858286) pitch=-0.27108654
Final centered rendered ray and pivot-relative intent agree: StickAimCurve=2 air=False up=False
Camera settings retain centered HUD: StickAimCurve=2 air=False up=False
Authoritative articulation follows camera intent within network/pose tolerance: StickAimCurve=2 air=False up=False
Shared body clearance remains safe: StickAimCurve=2 air=False up=False
AIM_REMOTE StickAimCurve=2 air=False up=False: acceptedYaw=-0.0052300775 renderedYaw=6.2779555 acceptedPitch=-0.11474618 renderedPitch=-0.11474618
Remote mount yaw and payload pitch settle to accepted StickAimCurve=2 air=False up=False aim on actual presentation nodes
Local preference leaves host tuning and peer camera unchanged: StickAimCurve=2 air=False up=False
CAMERA_AIM_SAMPLE StickAimCurve=2 air=False up=True expected=<0.0041711885, 0.14836374, -0.988924> actual=<0.0041711885, 0.14836374, -0.988924> lens=(-0.031043503, 4.3080826, 44.204937) target=(1.2513565, 47.55903, -259.8322) pitch=0.14891349
Final centered rendered ray and pivot-relative intent agree: StickAimCurve=2 air=False up=True
Camera settings retain centered HUD: StickAimCurve=2 air=False up=True
Authoritative articulation follows camera intent within network/pose tolerance: StickAimCurve=2 air=False up=True
Shared body clearance remains safe: StickAimCurve=2 air=False up=True
AIM_REMOTE StickAimCurve=2 air=False up=True: acceptedYaw=-0.004217881 renderedYaw=6.2789674 acceptedPitch=0.14891349 renderedPitch=0.14891332
Remote mount yaw and payload pitch settle to accepted StickAimCurve=2 air=False up=True aim on actual presentation nodes
Local preference leaves host tuning and peer camera unchanged: StickAimCurve=2 air=False up=True
CAMERA_AIM_SAMPLE StickAimCurve=2 air=True up=False expected=<0.0040650577, -0.26163667, -0.96515787> actual=<0.0040650577, -0.26163667, -0.96515787> lens=(-0.03332523, 37.47673, 44.75734) target=(0.53460306, 3.8146973E-06, -90.08464) pitch=-0.27108654
Final centered rendered ray and pivot-relative intent agree: StickAimCurve=2 air=True up=False
Camera settings retain centered HUD: StickAimCurve=2 air=True up=False
Authoritative articulation follows camera intent within network/pose tolerance: StickAimCurve=2 air=True up=False
Shared body clearance remains safe: StickAimCurve=2 air=True up=False
AIM_REMOTE StickAimCurve=2 air=True up=False: acceptedYaw=-0.004211782 renderedYaw=6.2789736 acceptedPitch=-0.11474669 renderedPitch=-0.114746734
Remote mount yaw and payload pitch settle to accepted StickAimCurve=2 air=True up=False aim on actual presentation nodes
Local preference leaves host tuning and peer camera unchanged: StickAimCurve=2 air=True up=False
CAMERA_AIM_SAMPLE StickAimCurve=2 air=True up=True expected=<0.005208556, 0.14836374, -0.9889192> actual=<0.005208556, 0.14836374, -0.9889192> lens=(-0.05647486, 35.68705, 47.567566) target=(1.5625669, 78.758545, -259.83075) pitch=0.1489135
Final centered rendered ray and pivot-relative intent agree: StickAimCurve=2 air=True up=True
Camera settings retain centered HUD: StickAimCurve=2 air=True up=True
Authoritative articulation follows camera intent within network/pose tolerance: StickAimCurve=2 air=True up=True
Shared body clearance remains safe: StickAimCurve=2 air=True up=True
AIM_REMOTE StickAimCurve=2 air=True up=True: acceptedYaw=-0.005266869 renderedYaw=6.277919 acceptedPitch=0.14891349 renderedPitch=0.14891347
Remote mount yaw and payload pitch settle to accepted StickAimCurve=2 air=True up=True aim on actual presentation nodes
Local preference leaves host tuning and peer camera unchanged: StickAimCurve=2 air=True up=True
CAMERA_AIM_SAMPLE StickAimCurve=3 air=False up=False expected=<0.00073453516, -0.21309939, -0.9770303> actual=<0.00073453516, -0.21309939, -0.9770303> lens=(-0.005221405, 5.816637, 43.790173) target=(0.010512759, 9.536743E-07, 22.861622) pitch=-0.27108648
Final centered rendered ray and pivot-relative intent agree: StickAimCurve=3 air=False up=False
Camera settings retain centered HUD: StickAimCurve=3 air=False up=False
Authoritative articulation follows camera intent within network/pose tolerance: StickAimCurve=3 air=False up=False
Shared body clearance remains safe: StickAimCurve=3 air=False up=False
AIM_REMOTE StickAimCurve=3 air=False up=False: acceptedYaw=-0.00075180375 renderedYaw=6.2824335 acceptedPitch=-0.11474781 renderedPitch=-0.11474778
Remote mount yaw and payload pitch settle to accepted StickAimCurve=3 air=False up=False aim on actual presentation nodes
Local preference leaves host tuning and peer camera unchanged: StickAimCurve=3 air=False up=False
CAMERA_AIM_SAMPLE StickAimCurve=3 air=False up=True expected=<0.0007426105, 0.14836374, -0.9889326> actual=<0.0007426105, 0.14836374, -0.9889326> lens=(-0.005526778, 4.308794, 44.204998) target=(0.22278315, 47.55903, -259.83478) pitch=0.1489135
Final centered rendered ray and pivot-relative intent agree: StickAimCurve=3 air=False up=True
Camera settings retain centered HUD: StickAimCurve=3 air=False up=True
Authoritative articulation follows camera intent within network/pose tolerance: StickAimCurve=3 air=False up=True
Shared body clearance remains safe: StickAimCurve=3 air=False up=True
AIM_REMOTE StickAimCurve=3 air=False up=True: acceptedYaw=-0.0007509211 renderedYaw=6.2824345 acceptedPitch=0.14891349 renderedPitch=0.14891341
Remote mount yaw and payload pitch settle to accepted StickAimCurve=3 air=False up=True aim on actual presentation nodes
Local preference leaves host tuning and peer camera unchanged: StickAimCurve=3 air=False up=True
CAMERA_AIM_SAMPLE StickAimCurve=3 air=True up=False expected=<0.0009023952, -0.26088777, -0.9653686> actual=<0.0009023952, -0.26088777, -0.9653686> lens=(-0.00741096, 37.589798, 44.773132) target=(0.11901629, 0, -90.47682) pitch=-0.27108654
Final centered rendered ray and pivot-relative intent agree: StickAimCurve=3 air=True up=False
Camera settings retain centered HUD: StickAimCurve=3 air=True up=False
Authoritative articulation follows camera intent within network/pose tolerance: StickAimCurve=3 air=True up=False
Shared body clearance remains safe: StickAimCurve=3 air=True up=False
AIM_REMOTE StickAimCurve=3 air=True up=False: acceptedYaw=-0.00093476713 renderedYaw=6.282251 acceptedPitch=-0.11474787 renderedPitch=-0.114747845
Remote mount yaw and payload pitch settle to accepted StickAimCurve=3 air=True up=False aim on actual presentation nodes
Local preference leaves host tuning and peer camera unchanged: StickAimCurve=3 air=True up=False
CAMERA_AIM_SAMPLE StickAimCurve=3 air=True up=True expected=<0.00037469494, 0.14836371, -0.9889328> actual=<0.00037469494, 0.14836371, -0.9889328> lens=(-0.004062139, 35.830902, 47.56621) target=(0.11240848, 78.91743, -259.83484) pitch=0.14891346
Final centered rendered ray and pivot-relative intent agree: StickAimCurve=3 air=True up=True
Camera settings retain centered HUD: StickAimCurve=3 air=True up=True
Authoritative articulation follows camera intent within network/pose tolerance: StickAimCurve=3 air=True up=True
Shared body clearance remains safe: StickAimCurve=3 air=True up=True
AIM_REMOTE StickAimCurve=3 air=True up=True: acceptedYaw=-0.00037888816 renderedYaw=6.2828064 acceptedPitch=0.14891346 renderedPitch=0.14891341
Remote mount yaw and payload pitch settle to accepted StickAimCurve=3 air=True up=True aim on actual presentation nodes
Local preference leaves host tuning and peer camera unchanged: StickAimCurve=3 air=True up=True
Camera preference aiming matrix passed: 152 low/default/high ground/air upward/downward cases through three real UDP peers.
Vehicle drives while aiming (peak 21.85 m/s, travel 23.34 m)
Airborne shooter opens wider camera framing
Airborne shooter can aim above the horizon
Airborne camera input retains the centered shared aiming cursor
Aerial pullback cannot drift held camera aim
Airborne desired aim reaches authority and the observer
Aiming survives landing and smooth chase recovery
Landing retains camera-relative aiming presentation
Menu suppression clears marker immediately
Item switch selects shared Missile foundation
Native NOS granted
Native high-speed weapon granted
NOS request accepted
Real sustained NOS accelerates the native vehicle
Direct-fire aim resumes at high speed after selecting away from NOS
Removal retires authoritative aim and local marker
New life retires previous aiming capability
Fresh weapon restores aiming before lethal damage
Lethal damage and timed respawn fixture tuning accepted
Other vehicle receives a real missile
Missile authority and presentation are ready before the death/respawn probe
Real host missile use accepted
Actual missile explosion kills the aiming vehicle
Death carries authoritative missile attribution
Actual death immediately clears authoritative aim
Confirmed client death clears the camera cursor before respawn
Ordinary timed respawn creates a fresh living vehicle
Respawn cannot retain a dead weapon's marker
Weapon aiming integration passed: 1118 checks; three native UDP peers.
Weapon aiming artifacts: C:\Users\j_gen\OneDrive\Documents\Game_Projects\Trackstorm\.godot\aim-checks\0fcadadcb6ba4138be3f1c14a619c22a
