Godot Engine v4.7.2.stable.mono.official.ed1daf0bf - https://godotengine.org

Three UDP peers initialized
Host tuning applied
AIM_AT requested=(0, 2.25, 0) firstTargetDrift=(0, 0, 0) requestedScreen=(640, 400)
AIM_GEOMETRY forward: lens=(0, 4.205002, 44.205) rotation=(-0.044197, 0, 0) targetDisplayed=(0, 1.65, 0) targetNative=(0, 1.65, 0) targetScreen=(640, 395.74594) center=(640, 400) bounds=(617.3711, 389.08017), (45.257812, 32.200226)
Machine Gun forward accepted ready
MG_GEOMETRY forward: aim=WeaponAimSolution { Vehicle = 2, Life = 1, Token = 1, Tick = 367, Yaw = 0, Pitch = -0.027269702, Origin = <0, 2.9550014, 36.845>, Direction = <0, -0.027266325, -0.99962825>, Clear = True, Ready = True } target=<0, 1.65, 0> cameraDesired=<0, -0.027266324, -0.99962825>
MG_TARGET_LOADOUT forward: active=Wrench; attached shields=0
Camera shooter submits ordinary held-use request
MG_DAMAGE forward: hp=1000->950.4724 damage=2.25 range=225 shields=0 phase=Active
Machine Gun forward: native hit/damage, 26 rounds, 26 target hits
AIM_REMOTE firing-forward: acceptedYaw=0 renderedYaw=0 acceptedPitch=-0.027269702 renderedPitch=-0.027269702
Remote mount yaw and payload pitch settle to accepted firing-forward aim on actual presentation nodes
forward: fixed rack, full payload scale and shared pivot origin align on observer
AIM_AT requested=(20, 2.25, 35) firstTargetDrift=(0, 0, 0) requestedScreen=(640.8501, 399.95966)
AIM_GEOMETRY side: lens=(-7.309721, 4.306605, 37.532932) rotation=(-0.07490802, -1.4769608, 0) targetDisplayed=(20, 1.65, 35) targetNative=(20, 1.65, 35) targetScreen=(640.84705, 393.1254) center=(640, 400) bounds=(575.49927, 382.1479), (125.16791, 52.42923)
Machine Gun side accepted ready
MG_GEOMETRY side: aim=WeaponAimSolution { Vehicle = 2, Life = 1, Token = 1, Tick = 612, Yaw = -1.4788066, Pitch = -0.049995918, Origin = <0, 2.9550014, 36.845>, Direction = <0.9945277, -0.049975093, -0.09174524>, Clear = True, Ready = True } target=<20, 1.65, 35> cameraDesired=<0.9945277, -0.049975082, -0.09174524>
MG_TARGET_LOADOUT side: active=; attached shields=0
Camera shooter submits ordinary held-use request
MG_DAMAGE side: hp=950.4724->892.59644 damage=2.25 range=225 shields=0 phase=Active
Machine Gun side: native hit/damage, 27 rounds, 27 target hits
AIM_REMOTE firing-side: acceptedYaw=-1.4788066 renderedYaw=-1.4788066 acceptedPitch=-0.049995907 renderedPitch=-0.049995907
Remote mount yaw and payload pitch settle to accepted firing-side aim on actual presentation nodes
side: fixed rack, full payload scale and shared pivot origin align on observer
AIM_AT requested=(0, 2.2432132, 45) firstTargetDrift=(0, 0.00061810017, 0) requestedScreen=(639.99994, 364.6965)
AIM_GEOMETRY rear: lens=(6.1786875E-07, 5.359416, 29.777407) rotation=(-0.22072609, 3.1415925, 0) targetDisplayed=(0, 1.6438311, 45) targetNative=(0, 1.65, 45) targetScreen=(639.99994, 376.23486) center=(640, 400) bounds=(566.67993, 345.86172), (146.64001, 127.16315)
Machine Gun rear accepted ready
MG_GEOMETRY rear: aim=WeaponAimSolution { Vehicle = 2, Life = 1, Token = 1, Tick = 857, Yaw = -3.1415927, Pitch = -0.12351352, Origin = <0, 2.9550014, 36.845>, Direction = <-8.6756785E-08, -0.12319972, 0.99238193>, Clear = True, Ready = True } target=<0, 1.65, 45> cameraDesired=<0, -0.123051584, 0.9924003>
MG_TARGET_LOADOUT rear: active=; attached shields=0
Camera shooter submits ordinary held-use request
MG_DAMAGE rear: hp=892.59644->831.84644 damage=2.25 range=225 shields=0 phase=Active
Machine Gun rear: native hit/damage, 27 rounds, 27 target hits
AIM_REMOTE firing-rear: acceptedYaw=-3.1415927 renderedYaw=-3.1415927 acceptedPitch=-0.123364255 renderedPitch=-0.12332201
Remote mount yaw and payload pitch settle to accepted firing-rear aim on actual presentation nodes
rear: fixed rack, full payload scale and shared pivot origin align on observer
AIM_AT requested=(0, 14.25, 0) firstTargetDrift=(0, 0, 0) requestedScreen=(640, 400)
AIM_GEOMETRY airborne: lens=(0, 4.2050014, 44.205) rotation=(0.22344236, 0, 0) targetDisplayed=(0, 13.65, 0) targetNative=(0, 13.65, 0) targetScreen=(640, 395.95407) center=(640, 400) bounds=(617.8442, 381.59976), (44.311646, 42.731903)
Machine Gun airborne accepted ready
MG_GEOMETRY airborne: aim=WeaponAimSolution { Vehicle = 2, Life = 1, Token = 1, Tick = 1102, Yaw = 0, Pitch = 0.28999949, Origin = <0, 2.9550014, 36.845>, Direction = <0, 0.28595173, -0.958244>, Clear = True, Ready = True } target=<0, 13.65, 0> cameraDesired=<0, 0.28595173, -0.95824397>
MG_TARGET_LOADOUT airborne: active=; attached shields=0
Camera shooter submits ordinary held-use request
MG_DAMAGE airborne: hp=831.84644->783.0504 damage=2.25 range=225 shields=0 phase=Active
Machine Gun airborne: native hit/damage, 26 rounds, 26 target hits
AIM_REMOTE firing-airborne: acceptedYaw=0 renderedYaw=-6.2831855 acceptedPitch=0.28999949 renderedPitch=0.28999949
Remote mount yaw and payload pitch settle to accepted firing-airborne aim on actual presentation nodes
airborne: fixed rack, full payload scale and shared pivot origin align on observer
AIM_AT requested=(-4.5, 2.2133331, 35) firstTargetDrift=(0, 0.0030555725, 0) requestedScreen=(602.4518, 404.89346)
AIM_GEOMETRY close-side: lens=(6.130004, 6.39514, 39.35908) rotation=(-0.3717024, 1.1816131, 0) targetDisplayed=(-4.5, 1.6163888, 35) targetNative=(-4.5, 1.65, 35) targetScreen=(639.9862, 371.02606) center=(640, 400) bounds=(488.65207, 320.56326), (312.42868, 186.90372)
Machine Gun close-side accepted ready
MG_GEOMETRY close-side: aim=WeaponAimSolution { Vehicle = 2, Life = 1, Token = 1, Tick = 1347, Yaw = 1.1816988, Pitch = -0.20978954, Origin = <0, 2.9550014, 36.845>, Direction = <-0.90496546, -0.20825407, -0.37103614>, Clear = True, Ready = True } target=<-4.5, 1.65, 35> cameraDesired=<-0.9048495, -0.2088418, -0.37098855>
MG_TARGET_LOADOUT close-side: active=; attached shields=0
Camera shooter submits ordinary held-use request
MG_DAMAGE close-side: hp=783.0504->722.3004 damage=2.25 range=225 shields=0 phase=Active
Machine Gun close-side: native hit/damage, 27 rounds, 27 target hits
AIM_REMOTE firing-close-side: acceptedYaw=1.1816989 renderedYaw=-5.1014867 acceptedPitch=-0.20918848 renderedPitch=-0.20974332
Remote mount yaw and payload pitch settle to accepted firing-close-side aim on actual presentation nodes
close-side: fixed rack, full payload scale and shared pivot origin align on observer
Actual held mouse input reaches vertical sky aim through authoritative acceptance
Vertical free fire produces actual authoritative rays: 27
AIM_REMOTE vertical: acceptedYaw=0.23922116 renderedYaw=-6.0439644 acceptedPitch=1.5707964 renderedPitch=1.5707964
Remote mount yaw and payload pitch settle to accepted vertical aim on actual presentation nodes
Self-blocked camera direction is not firing-ready
Self-blocked held fire spends no rounds
AIM_AT requested=(0, 14.649999, 0) firstTargetDrift=(0, 0, 0) requestedScreen=(640, 400.00003)
Second shooter receives a fresh selected Machine Gun
Both shooters submit sustained activation
Two simultaneous shooters sustain default spread and cadence through real UDP (320 rounds)
Observer receives identical ordered firing endpoints/tracers (480 rounds)
Release stops actual firing on both peers
Aim expiry stops held fire without stale-forward fallback
Fresh camera intent resumes held fire after aim expiry
Suppression clears camera aiming and firing presentation
Switch retires Machine Gun capability
Switch back does not replay earlier sustained activation
Machine Gun camera firing verified: 600 native rays, 330 target hits; fixed rack uses existing yaw/pitch payload
RMB initially up: visible rival cannot acquire; ordinary desired aim remains available
LMB free fire without RMB produces authoritative rays (32) without acquiring
Press and hold RMB acquires and retains with no mouse movement or firing
Release while still centred immediately clears assistance, preserving weapon aim
LMB remains held across RMB release: 80 subsequent rays, no released-button reacquisition
Released camera does not follow the previously selected moving rival
Repress starts fresh eligible acquisition
Short RMB tap cannot latch engagement
Repress starts fresh eligible acquisition
Short RMB tap cannot latch engagement
Repress starts fresh eligible acquisition
Short RMB tap cannot latch engagement
Release/repress between renders crosses a fresh input-intent boundary
Production focus-loss notification clears assistance and suppresses ordinary input
Focus return does not restore the old held engagement
Existing remappable controller camera input enables neutral retention without RMB
Controller deliberate outward input releases its engagement
AIM_AT requested=(3.2, 1.95, 0) firstTargetDrift=(0, 0, 0) requestedScreen=(640.0057, 399.99844)
Near-car acquisition starts from a genuine cursor miss with assistance disabled
Forgiving acquisition survives small approach input and converges: error=0.00000 rad
Fine placement remains off-centre while RMB stays held: 0.01200->0.01200 rad
Retained target keeps actual authoritative shots centred despite camera offset: 40 rays, 0.00091 rad off centre
Outward departure releases target before returning to cursor-directed shots
After target loss actual shots follow accepted free aim away from car centre: 40 rays
AIM_AT requested=(0, 1.95, -25) firstTargetDrift=(0, 0, 0) requestedScreen=(640, 399.99704)
Driving/fire exercised assist=False: speed=18.89m/s distance=17.17m turn=0.884rad rays=240 hits=53 retained=0/180 meanError=0.39715rad
AIM_AT requested=(0, 1.95, -25) firstTargetDrift=(0, 0, 0) requestedScreen=(640, 400)
Driving/fire exercised assist=True: speed=18.89m/s distance=17.17m turn=0.884rad rays=240 hits=240 retained=180/180 meanError=0.00000rad
Driving compensation retains engagement and native hits while materially reducing tracking error
Braking is not aim-away input: speed=0.07->2.49m/s, same retained car
Deliberate aim-away releases even after sustained driving engagement
AIM_AT requested=(-4, 1.95, 0) firstTargetDrift=(0, 0, 0) requestedScreen=(640, 400)
First rival can be deliberately acquired before switching
AIM_AT requested=(4, 1.95, 0) firstTargetDrift=(0, 0, 0) requestedScreen=(640, 400)
Deliberate sweep switches to the chosen second car
Slow deliberate adjustment beyond the frame also releases
Stopping beside the dismissed car does not pull free aim back onto it
Deliberately returning toward the dismissed car rearms acquisition
Chase return after engagement preserves the centred logical cursor
Released neutral camera returns behind the vehicle instead of retaining a target camera
AIM_AT requested=(0, 31.949999, -25) firstTargetDrift=(0, 0, 1.9073486E-06) requestedScreen=(640, 400)
Held engagement established before native ballistic launch
Native jump/landing exercised: rise=7.99m airborne=140 landed=99 frames
Stationary held mouse retains through launch/flight/landing: air=140/140, ground=99/99
Post-landing RMB release clears engagement without reacquisition
Centered camera cursor appears alongside remote accepted aim
AIM_AT requested=(0, 2.1528504, 0) firstTargetDrift=(0, -0.0074113607, 0) requestedScreen=(640, 399.99564)
Center-ray car intersection replaces square with disconnected brackets
Camera intent stays at viewport center while car brackets are shown
AIM_AT requested=(-12, 1.495439, 0) firstTargetDrift=(0, -0.00041043758, 0) requestedScreen=(639.98303, 399.9998)
A deliberate miss outside both acquisition regions returns to the free-aim square
Small square is centered when aiming beside a rival
AIM_AT requested=(0, 2.1450286, 0) firstTargetDrift=(0, -2.670288E-05, 0) requestedScreen=(639.9999, 400)
Intervening native cover prevents car brackets
Covered car leaves the small square at camera center
Removing cover restores brackets on the directly intersected car
AIM_FORWARD clear=True ready=True yaw=0 pitch=-0.040959563
Square remains centered immediately after mouse yaw and upward tilt under network impairment
Looking away from a car removes its brackets immediately
Cursor follows the new viewport center after resizing
Side mouse aim reaches authority with the original camera orbit limits
Deployed rack remains fixed on all peers
Observer receives accepted articulated aim
AIM_REMOTE side: acceptedYaw=-1.5600002 renderedYaw=-1.5600002 acceptedPitch=0.18473892 renderedPitch=0.18473892
Remote mount yaw and payload pitch settle to accepted side aim on actual presentation nodes
Rear aim accepted
AIM_REMOTE rear: acceptedYaw=-3.1200004 renderedYaw=-3.1200004 acceptedPitch=0.18473893 renderedPitch=0.18473893
Remote mount yaw and payload pitch settle to accepted rear aim on actual presentation nodes
Downward tilt and weapon self-clearance limits cannot displace the camera cursor
Downward articulation cannot enter owner envelope
Fine controller camera rotation retains a centered cursor
Native stick fine/full turn separation: fine=0.143, full=2.200 rad
Ordinary camera recentering retains a centered cursor
Neutral stick restores the original chase view with a weapon selected
AIM_AT requested=(0, 2.0837836, 25) firstTargetDrift=(0, -0.3413552, 0) requestedScreen=(640, 399.46765)
AIM_GEOMETRY close: lens=(0, 4.81472, 44.076687) rotation=(-0.14374825, 0, 0) targetDisplayed=(0, 1.1533525, 25) targetNative=(0, 1.1526144, 25) targetScreen=(640, 400.00262) center=(640, 400) bounds=(583.41785, 377.86435), (113.16431, 94.67169)
Directly intersected close car receives brackets instead of a distance-based square fallback
AIM_AT requested=(-3.7, 2.0717106, 35) firstTargetDrift=(0, -0.2316879, 0) requestedScreen=(640.44293, 399.50897)
Directly intersected side-by-side car receives onscreen corner brackets
Alongside camera cursor stays centered while the accepted weapon ray remains chassis-safe
A camera ray blocked by the owner cannot mark the weapon ready
AIM_AT requested=(0, 12.65, 0) firstTargetDrift=(0, 0, 0) requestedScreen=(640, 400.0002)
AIM_AT requested=(0, 12.65, 0) firstTargetDrift=(0, 0, 0) requestedScreen=(640, 400)
Elevated rivals can be aimed at above the horizon
Upward aiming does not lower the grounded chase camera relative to the car
Upward aiming retains the centered shared aiming cue
The upward camera ray actually intersects the elevated rival
Upward desired aim reaches authority and observer
AIM_AT requested=(0, 2.65, 5) firstTargetDrift=(-7.727468, -10.448991, 4.9135823) requestedScreen=(640.0615, 399.64743)
Fast crossing attraction stays bounded rather than following unlimited target travel
Crossing-car brackets identify the car receiving assistance under interpolation (92 bracket frames, 0 invalid identities)
AIM_AT requested=(0, 1.95, 0) firstTargetDrift=(0, 0, 0) requestedScreen=(640, 400)
Sticky acquisition selects a visible living rival car
AIM_AT requested=(0, 1.95, 0) firstTargetDrift=(0, 1.1920929E-07, 0) requestedScreen=(640, 400)
Camera attraction follows a displaced car without input/recentering: 0.00001 -> 0.00000 rad
Attraction improves retention alignment over disabled pull (0.04515 rad unassisted)
Moving target retained through 90 frames of small mouse errors
Small alternating corrections retain aim near the moving body centre
STICKY_BREAK mouse yaw=-0.13296889->0.077031106 held=True target=0 bounds=
Deliberate mouse breakaway promptly restores free aim
Unframed cursor-directed free fire produces actual rounds (40)
AIM_AT requested=(5.56, 1.95, 0) firstTargetDrift=(0, 0, 0) requestedScreen=(640.0009, 400)
Small controller corrections retain the same framed car
Full controller aim-away releases without trapping input
AIM_AT requested=(5.56, 1.95, 0) firstTargetDrift=(0, 0, 0) requestedScreen=(640.0016, 400)
Crossing rear car does not cause target switching or bracket flicker
Intervening car breaks retention of the covered car
AIM_AT requested=(5.56, 1.95, 0) firstTargetDrift=(0, -1.1920929E-07, 0) requestedScreen=(640, 400)
Solid non-vehicle cover releases assistance and never acquires brackets
AIM_AT requested=(5.56, 1.95, 0) firstTargetDrift=(0, 0, 0) requestedScreen=(640, 400)
AIM_AT requested=(0, 1.95, 0) firstTargetDrift=(0, 1.1920929E-07, 0) requestedScreen=(640, 400)
Retained moving-car aim survives 30 FPS, gain 0.25, FOV 50, recenter 3: error=0.00000 rad
RMB release clears assisted feedback at 30 FPS, gain 0.25, FOV 50
Controller camera intent retains assistance without physical RMB
Full controller breakaway remains immediate at 30 FPS and sensitivity gain 0.25
Continuing deliberate input cannot repeatedly reacquire the car
AIM_AT requested=(2, 1.95, 0) firstTargetDrift=(0, 0, 0) requestedScreen=(640.0002, 400)
Mouse sweep breakaway remains immediate at 30 FPS and sensitivity gain 0.25
AIM_AT requested=(0, 1.95, 0) firstTargetDrift=(0, 0, 0) requestedScreen=(640, 400)
Retained moving-car aim survives 30 FPS, gain 3, FOV 90, recenter 3: error=0.00000 rad
RMB release clears assisted feedback at 30 FPS, gain 3, FOV 90
Controller camera intent retains assistance without physical RMB
Full controller breakaway remains immediate at 30 FPS and sensitivity gain 3
Continuing deliberate input cannot repeatedly reacquire the car
AIM_AT requested=(2, 1.95, 0) firstTargetDrift=(0, 0, 0) requestedScreen=(640, 400)
Mouse sweep breakaway remains immediate at 30 FPS and sensitivity gain 3
AIM_AT requested=(0, 1.95, 0) firstTargetDrift=(0, -1.1920929E-07, 0) requestedScreen=(640, 400)
Retained moving-car aim survives 60 FPS, gain 0.25, FOV 50, recenter 3: error=0.00000 rad
RMB release clears assisted feedback at 60 FPS, gain 0.25, FOV 50
Controller camera intent retains assistance without physical RMB
Full controller breakaway remains immediate at 60 FPS and sensitivity gain 0.25
Continuing deliberate input cannot repeatedly reacquire the car
AIM_AT requested=(2, 1.95, 0) firstTargetDrift=(0, 0, 0) requestedScreen=(640.00024, 400)
Mouse sweep breakaway remains immediate at 60 FPS and sensitivity gain 0.25
AIM_AT requested=(0, 1.95, 0) firstTargetDrift=(0, 0, 0) requestedScreen=(640, 400)
Retained moving-car aim survives 60 FPS, gain 3, FOV 90, recenter 3: error=0.00000 rad
RMB release clears assisted feedback at 60 FPS, gain 3, FOV 90
Controller camera intent retains assistance without physical RMB
Full controller breakaway remains immediate at 60 FPS and sensitivity gain 3
Continuing deliberate input cannot repeatedly reacquire the car
AIM_AT requested=(2, 1.95, 0) firstTargetDrift=(0, 0, 0) requestedScreen=(640.0018, 400)
Mouse sweep breakaway remains immediate at 60 FPS and sensitivity gain 3
AIM_AT requested=(0, 1.95, 0) firstTargetDrift=(0, 0, 0) requestedScreen=(640, 400)
Retained moving-car aim survives 144 FPS, gain 0.25, FOV 50, recenter 3: error=0.00000 rad
RMB release clears assisted feedback at 144 FPS, gain 0.25, FOV 50
Controller camera intent retains assistance without physical RMB
Full controller breakaway remains immediate at 144 FPS and sensitivity gain 0.25
Continuing deliberate input cannot repeatedly reacquire the car
AIM_AT requested=(2, 1.95, 0) firstTargetDrift=(0, 0, 0) requestedScreen=(640.0001, 400)
Mouse sweep breakaway remains immediate at 144 FPS and sensitivity gain 0.25
AIM_AT requested=(0, 1.95, 0) firstTargetDrift=(0, 0, 0) requestedScreen=(640, 400)
Retained moving-car aim survives 144 FPS, gain 3, FOV 90, recenter 3: error=0.00000 rad
RMB release clears assisted feedback at 144 FPS, gain 3, FOV 90
Controller camera intent retains assistance without physical RMB
Full controller breakaway remains immediate at 144 FPS and sensitivity gain 3
Continuing deliberate input cannot repeatedly reacquire the car
AIM_AT requested=(2, 1.95, 0) firstTargetDrift=(0, -1.1920929E-07, 0) requestedScreen=(640, 400)
Mouse sweep breakaway remains immediate at 144 FPS and sensitivity gain 3
AIM_AT requested=(2, 1.95, 0) firstTargetDrift=(0, 0, 0) requestedScreen=(640, 400)
AIM_AT requested=(2, 1.95, 0) firstTargetDrift=(0, 0, 0) requestedScreen=(640, 400)
Held assistance is active before the accepted-aim blackout
Observer has accepted aim before packet blackout
A bounded real UDP blackout expires accepted aim on shooter and observer
Accepted-aim outage cannot retain a stale assisted car
Fresh accepted aim resumes after packet delivery recovers (not authenticated reconnect)
Held intent reacquires on the shooter only after fresh accepted aim arrives
Camera-intent cursor remains centered after transient packet recovery
Production missile crossing an engaged view never replaces the retained car
Production missile presentation under cursor never becomes an assisted target
Production mine presentation under cursor never becomes an assisted target
Production rock artwork never becomes an assisted target
Production pickup presentation never becomes an assisted target
Non-vehicle objects retain the centred ordinary cursor
Suppression retires acquired identity and HUD
CAMERA_AIM_SAMPLE CameraDistance=1.15 air=False up=False expected=<0.0044624964, -0.21310546, -0.977019> actual=<0.0044624964, -0.21310546, -0.977019> lens=(-0.03168749, 5.8144546, 43.78266) target=(0.063866004, 0, 22.862177) pitch=-0.27108654
Final centered rendered ray and pivot-relative intent agree: CameraDistance=1.15 air=False up=False
Camera settings retain centered HUD: CameraDistance=1.15 air=False up=False
Authoritative articulation follows camera intent within network/pose tolerance: CameraDistance=1.15 air=False up=False
Shared body clearance remains safe: CameraDistance=1.15 air=False up=False
AIM_REMOTE CameraDistance=1.15 air=False up=False: acceptedYaw=-0.0045674294 renderedYaw=6.278618 acceptedPitch=-0.114746585 renderedPitch=-0.11474659
Remote mount yaw and payload pitch settle to accepted CameraDistance=1.15 air=False up=False aim on actual presentation nodes
Local preference leaves host tuning and peer camera unchanged: CameraDistance=1.15 air=False up=False
CAMERA_AIM_SAMPLE CameraDistance=1.15 air=False up=True expected=<0.0045167967, 0.14836371, -0.98892254> actual=<0.0045167967, 0.14836371, -0.98892254> lens=(-0.033615652, 4.3097258, 44.204926) target=(1.355039, 47.55902, -259.83176) pitch=0.14891346
Final centered rendered ray and pivot-relative intent agree: CameraDistance=1.15 air=False up=True
Camera settings retain centered HUD: CameraDistance=1.15 air=False up=True
Authoritative articulation follows camera intent within network/pose tolerance: CameraDistance=1.15 air=False up=True
Shared body clearance remains safe: CameraDistance=1.15 air=False up=True
AIM_REMOTE CameraDistance=1.15 air=False up=True: acceptedYaw=-0.00456736 renderedYaw=6.2786183 acceptedPitch=0.14891346 renderedPitch=0.1489134
Remote mount yaw and payload pitch settle to accepted CameraDistance=1.15 air=False up=True aim on actual presentation nodes
Local preference leaves host tuning and peer camera unchanged: CameraDistance=1.15 air=False up=True
CAMERA_AIM_SAMPLE CameraDistance=1.15 air=True up=False expected=<0.0044085206, -0.2614699, -0.96520156> actual=<0.0044085206, -0.2614699, -0.96520156> lens=(-0.036061402, 37.496155, 44.740288) target=(0.5801423, 3.8146973E-06, -90.171364) pitch=-0.27108654
Final centered rendered ray and pivot-relative intent agree: CameraDistance=1.15 air=True up=False
Camera settings retain centered HUD: CameraDistance=1.15 air=True up=False
Authoritative articulation follows camera intent within network/pose tolerance: CameraDistance=1.15 air=True up=False
Shared body clearance remains safe: CameraDistance=1.15 air=True up=False
AIM_REMOTE CameraDistance=1.15 air=True up=False: acceptedYaw=-0.0045674294 renderedYaw=6.278618 acceptedPitch=-0.114746645 renderedPitch=-0.11474662
Remote mount yaw and payload pitch settle to accepted CameraDistance=1.15 air=True up=False aim on actual presentation nodes
Local preference leaves host tuning and peer camera unchanged: CameraDistance=1.15 air=True up=False
CAMERA_AIM_SAMPLE CameraDistance=1.15 air=True up=True expected=<0.004517067, 0.14836371, -0.98892254> actual=<0.004517067, 0.14836371, -0.98892254> lens=(-0.0488096, 35.785313, 47.530895) target=(1.3551202, 78.91743, -259.83176) pitch=0.14891346
Final centered rendered ray and pivot-relative intent agree: CameraDistance=1.15 air=True up=True
Camera settings retain centered HUD: CameraDistance=1.15 air=True up=True
Authoritative articulation follows camera intent within network/pose tolerance: CameraDistance=1.15 air=True up=True
Shared body clearance remains safe: CameraDistance=1.15 air=True up=True
AIM_REMOTE CameraDistance=1.15 air=True up=True: acceptedYaw=-0.0045676334 renderedYaw=6.278618 acceptedPitch=0.14891347 renderedPitch=0.1489134
Remote mount yaw and payload pitch settle to accepted CameraDistance=1.15 air=True up=True aim on actual presentation nodes
Local preference leaves host tuning and peer camera unchanged: CameraDistance=1.15 air=True up=True
CAMERA_AIM_SAMPLE CameraDistance=1.3 air=False up=False expected=<0.0044593313, -0.21625854, -0.9763259> actual=<0.0044593313, -0.21625854, -0.9763259> lens=(-0.03602065, 6.0187497, 44.731365) target=(0.062890194, 0, 23.075823) pitch=-0.27108654
Final centered rendered ray and pivot-relative intent agree: CameraDistance=1.3 air=False up=False
Camera settings retain centered HUD: CameraDistance=1.3 air=False up=False
Authoritative articulation follows camera intent within network/pose tolerance: CameraDistance=1.3 air=False up=False
Shared body clearance remains safe: CameraDistance=1.3 air=False up=False
AIM_REMOTE CameraDistance=1.3 air=False up=False: acceptedYaw=-0.00456743 renderedYaw=6.278618 acceptedPitch=-0.114746615 renderedPitch=-0.11474657
Remote mount yaw and payload pitch settle to accepted CameraDistance=1.3 air=False up=False aim on actual presentation nodes
Local preference leaves host tuning and peer camera unchanged: CameraDistance=1.3 air=False up=False
CAMERA_AIM_SAMPLE CameraDistance=1.3 air=False up=True expected=<0.004516932, 0.14836371, -0.98892254> actual=<0.004516932, 0.14836371, -0.98892254> lens=(-0.03800144, 4.3097343, 45.164913) target=(1.3550797, 47.55902, -259.83176) pitch=0.14891346
Final centered rendered ray and pivot-relative intent agree: CameraDistance=1.3 air=False up=True
Camera settings retain centered HUD: CameraDistance=1.3 air=False up=True
Authoritative articulation follows camera intent within network/pose tolerance: CameraDistance=1.3 air=False up=True
Shared body clearance remains safe: CameraDistance=1.3 air=False up=True
AIM_REMOTE CameraDistance=1.3 air=False up=True: acceptedYaw=-0.004567497 renderedYaw=6.278618 acceptedPitch=0.14891346 renderedPitch=0.14891344
Remote mount yaw and payload pitch settle to accepted CameraDistance=1.3 air=False up=True aim on actual presentation nodes
Local preference leaves host tuning and peer camera unchanged: CameraDistance=1.3 air=False up=True
CAMERA_AIM_SAMPLE CameraDistance=1.3 air=True up=False expected=<0.004408007, -0.26188442, -0.9650892> actual=<0.004408007, -0.26188442, -0.9650892> lens=(-0.04034978, 37.69712, 45.679184) target=(0.5791565, 3.8146973E-06, -89.95555) pitch=-0.27108654
Final centered rendered ray and pivot-relative intent agree: CameraDistance=1.3 air=True up=False
Camera settings retain centered HUD: CameraDistance=1.3 air=True up=False
Authoritative articulation follows camera intent within network/pose tolerance: CameraDistance=1.3 air=True up=False
Shared body clearance remains safe: CameraDistance=1.3 air=True up=False
AIM_REMOTE CameraDistance=1.3 air=True up=False: acceptedYaw=-0.00456743 renderedYaw=6.278618 acceptedPitch=-0.114746585 renderedPitch=-0.11474658
Remote mount yaw and payload pitch settle to accepted CameraDistance=1.3 air=True up=False aim on actual presentation nodes
Local preference leaves host tuning and peer camera unchanged: CameraDistance=1.3 air=True up=False
CAMERA_AIM_SAMPLE CameraDistance=1.3 air=True up=True expected=<0.0045141545, 0.14836372, -0.98892254> actual=<0.0045141545, 0.14836372, -0.98892254> lens=(-0.053160194, 35.7856, 48.490883) target=(1.3542465, 78.917435, -259.8318) pitch=0.14891347
Final centered rendered ray and pivot-relative intent agree: CameraDistance=1.3 air=True up=True
Camera settings retain centered HUD: CameraDistance=1.3 air=True up=True
Authoritative articulation follows camera intent within network/pose tolerance: CameraDistance=1.3 air=True up=True
Shared body clearance remains safe: CameraDistance=1.3 air=True up=True
AIM_REMOTE CameraDistance=1.3 air=True up=True: acceptedYaw=-0.0045646885 renderedYaw=6.2786207 acceptedPitch=0.14891344 renderedPitch=0.14891326
Remote mount yaw and payload pitch settle to accepted CameraDistance=1.3 air=True up=True aim on actual presentation nodes
Local preference leaves host tuning and peer camera unchanged: CameraDistance=1.3 air=True up=True
CAMERA_AIM_SAMPLE CameraDistance=1.5 air=False up=False expected=<0.0044547953, -0.22069411, -0.97533286> actual=<0.0044547953, -0.22069411, -0.97533286> lens=(-0.041712508, 6.2843723, 45.97754) target=(0.06156353, -4.7683716E-07, 23.366282) pitch=-0.27108654
Final centered rendered ray and pivot-relative intent agree: CameraDistance=1.5 air=False up=False
Camera settings retain centered HUD: CameraDistance=1.5 air=False up=False
Authoritative articulation follows camera intent within network/pose tolerance: CameraDistance=1.5 air=False up=False
Shared body clearance remains safe: CameraDistance=1.5 air=False up=False
AIM_REMOTE CameraDistance=1.5 air=False up=False: acceptedYaw=-0.00456743 renderedYaw=6.278618 acceptedPitch=-0.11474657 renderedPitch=-0.114746556
Remote mount yaw and payload pitch settle to accepted CameraDistance=1.5 air=False up=False aim on actual presentation nodes
Local preference leaves host tuning and peer camera unchanged: CameraDistance=1.5 air=False up=False
CAMERA_AIM_SAMPLE CameraDistance=1.5 air=False up=True expected=<0.004516932, 0.14836371, -0.98892254> actual=<0.004516932, 0.14836371, -0.98892254> lens=(-0.04384782, 4.309741, 46.4449) target=(1.3550797, 47.55902, -259.83176) pitch=0.14891346
Final centered rendered ray and pivot-relative intent agree: CameraDistance=1.5 air=False up=True
Camera settings retain centered HUD: CameraDistance=1.5 air=False up=True
Authoritative articulation follows camera intent within network/pose tolerance: CameraDistance=1.5 air=False up=True
Shared body clearance remains safe: CameraDistance=1.5 air=False up=True
AIM_REMOTE CameraDistance=1.5 air=False up=True: acceptedYaw=-0.004567497 renderedYaw=6.278618 acceptedPitch=0.14891346 renderedPitch=0.1489134
Remote mount yaw and payload pitch settle to accepted CameraDistance=1.5 air=False up=True aim on actual presentation nodes
Local preference leaves host tuning and peer camera unchanged: CameraDistance=1.5 air=False up=True
CAMERA_AIM_SAMPLE CameraDistance=1.5 air=True up=False expected=<0.0044073174, -0.26244038, -0.9649382> actual=<0.0044073174, -0.26244038, -0.9649382> lens=(-0.04606765, 37.964893, 46.931053) target=(0.5778392, 3.8146973E-06, -89.66714) pitch=-0.27108654
Final centered rendered ray and pivot-relative intent agree: CameraDistance=1.5 air=True up=False
Camera settings retain centered HUD: CameraDistance=1.5 air=True up=False
Authoritative articulation follows camera intent within network/pose tolerance: CameraDistance=1.5 air=True up=False
Shared body clearance remains safe: CameraDistance=1.5 air=True up=False
AIM_REMOTE CameraDistance=1.5 air=True up=False: acceptedYaw=-0.0045674294 renderedYaw=6.278618 acceptedPitch=-0.114746585 renderedPitch=-0.11474655
Remote mount yaw and payload pitch settle to accepted CameraDistance=1.5 air=True up=False aim on actual presentation nodes
Local preference leaves host tuning and peer camera unchanged: CameraDistance=1.5 air=True up=False
CAMERA_AIM_SAMPLE CameraDistance=1.5 air=True up=True expected=<0.004516796, 0.14836371, -0.98892254> actual=<0.004516796, 0.14836371, -0.98892254> lens=(-0.059037514, 35.785885, 49.770874) target=(1.3550389, 78.91743, -259.83176) pitch=0.14891346
Final centered rendered ray and pivot-relative intent agree: CameraDistance=1.5 air=True up=True
Camera settings retain centered HUD: CameraDistance=1.5 air=True up=True
Authoritative articulation follows camera intent within network/pose tolerance: CameraDistance=1.5 air=True up=True
Shared body clearance remains safe: CameraDistance=1.5 air=True up=True
AIM_REMOTE CameraDistance=1.5 air=True up=True: acceptedYaw=-0.0045673596 renderedYaw=6.2786183 acceptedPitch=0.14891347 renderedPitch=0.14891344
Remote mount yaw and payload pitch settle to accepted CameraDistance=1.5 air=True up=True aim on actual presentation nodes
Local preference leaves host tuning and peer camera unchanged: CameraDistance=1.5 air=True up=True
CAMERA_AIM_SAMPLE CameraInertia=0 air=False up=False expected=<0.0044622216, -0.21344869, -0.9769441> actual=<0.0044622216, -0.21344869, -0.9769441> lens=(-0.031706743, 5.80905, 43.786774) target=(0.06375938, 0, 22.885733) pitch=-0.27108654
Final centered rendered ray and pivot-relative intent agree: CameraInertia=0 air=False up=False
Camera settings retain centered HUD: CameraInertia=0 air=False up=False
Authoritative articulation follows camera intent within network/pose tolerance: CameraInertia=0 air=False up=False
Shared body clearance remains safe: CameraInertia=0 air=False up=False
AIM_REMOTE CameraInertia=0 air=False up=False: acceptedYaw=-0.004567498 renderedYaw=6.278618 acceptedPitch=-0.11474663 renderedPitch=-0.11474663
Remote mount yaw and payload pitch settle to accepted CameraInertia=0 air=False up=False aim on actual presentation nodes
Local preference leaves host tuning and peer camera unchanged: CameraInertia=0 air=False up=False
CAMERA_AIM_SAMPLE CameraInertia=0 air=False up=True expected=<0.004516932, 0.14836371, -0.98892254> actual=<0.004516932, 0.14836371, -0.98892254> lens=(-0.033616662, 4.3013716, 44.204926) target=(1.3550797, 47.55902, -259.83176) pitch=0.14891346
Final centered rendered ray and pivot-relative intent agree: CameraInertia=0 air=False up=True
Camera settings retain centered HUD: CameraInertia=0 air=False up=True
Authoritative articulation follows camera intent within network/pose tolerance: CameraInertia=0 air=False up=True
Shared body clearance remains safe: CameraInertia=0 air=False up=True
AIM_REMOTE CameraInertia=0 air=False up=True: acceptedYaw=-0.004567497 renderedYaw=6.278618 acceptedPitch=0.14891346 renderedPitch=0.14891343
Remote mount yaw and payload pitch settle to accepted CameraInertia=0 air=False up=True aim on actual presentation nodes
Local preference leaves host tuning and peer camera unchanged: CameraInertia=0 air=False up=True
CAMERA_AIM_SAMPLE CameraInertia=0 air=True up=False expected=<0.0044079884, -0.26189983, -0.965085> actual=<0.0044079884, -0.26189983, -0.965085> lens=(-0.036061414, 37.433945, 44.740288) target=(0.57912, 3.8146973E-06, -89.94753) pitch=-0.27108654
Final centered rendered ray and pivot-relative intent agree: CameraInertia=0 air=True up=False
Camera settings retain centered HUD: CameraInertia=0 air=True up=False
Authoritative articulation follows camera intent within network/pose tolerance: CameraInertia=0 air=True up=False
Shared body clearance remains safe: CameraInertia=0 air=True up=False
AIM_REMOTE CameraInertia=0 air=True up=False: acceptedYaw=-0.004567429 renderedYaw=6.278618 acceptedPitch=-0.114746645 renderedPitch=-0.1147466
Remote mount yaw and payload pitch settle to accepted CameraInertia=0 air=True up=False aim on actual presentation nodes
Local preference leaves host tuning and peer camera unchanged: CameraInertia=0 air=True up=False
CAMERA_AIM_SAMPLE CameraInertia=0 air=True up=True expected=<0.0045167967, 0.14836371, -0.98892254> actual=<0.0045167967, 0.14836371, -0.98892254> lens=(-0.04880667, 35.723103, 47.530895) target=(1.355039, 78.91743, -259.83176) pitch=0.14891346
Final centered rendered ray and pivot-relative intent agree: CameraInertia=0 air=True up=True
Camera settings retain centered HUD: CameraInertia=0 air=True up=True
Authoritative articulation follows camera intent within network/pose tolerance: CameraInertia=0 air=True up=True
Shared body clearance remains safe: CameraInertia=0 air=True up=True
AIM_REMOTE CameraInertia=0 air=True up=True: acceptedYaw=-0.00456736 renderedYaw=6.2786183 acceptedPitch=0.14891346 renderedPitch=0.1489134
Remote mount yaw and payload pitch settle to accepted CameraInertia=0 air=True up=True aim on actual presentation nodes
Local preference leaves host tuning and peer camera unchanged: CameraInertia=0 air=True up=True
CAMERA_AIM_SAMPLE CameraInertia=0.5 air=False up=False expected=<0.004462573, -0.21302849, -0.9770358> actual=<0.004462573, -0.21302849, -0.9770358> lens=(-0.03173227, 5.81865, 43.792465) target=(0.063890174, 4.7683716E-07, 22.856886) pitch=-0.27108654
Final centered rendered ray and pivot-relative intent agree: CameraInertia=0.5 air=False up=False
Camera settings retain centered HUD: CameraInertia=0.5 air=False up=False
Authoritative articulation follows camera intent within network/pose tolerance: CameraInertia=0.5 air=False up=False
Shared body clearance remains safe: CameraInertia=0.5 air=False up=False
AIM_REMOTE CameraInertia=0.5 air=False up=False: acceptedYaw=-0.004567429 renderedYaw=6.278618 acceptedPitch=-0.114746585 renderedPitch=-0.11474654
Remote mount yaw and payload pitch settle to accepted CameraInertia=0.5 air=False up=False aim on actual presentation nodes
Local preference leaves host tuning and peer camera unchanged: CameraInertia=0.5 air=False up=False
CAMERA_AIM_SAMPLE CameraInertia=0.5 air=False up=True expected=<0.004516729, 0.14836371, -0.98892254> actual=<0.004516729, 0.14836371, -0.98892254> lens=(-0.03361515, 4.3097553, 44.204926) target=(1.3550187, 47.55902, -259.83176) pitch=0.14891346
Final centered rendered ray and pivot-relative intent agree: CameraInertia=0.5 air=False up=True
Camera settings retain centered HUD: CameraInertia=0.5 air=False up=True
Authoritative articulation follows camera intent within network/pose tolerance: CameraInertia=0.5 air=False up=True
Shared body clearance remains safe: CameraInertia=0.5 air=False up=True
AIM_REMOTE CameraInertia=0.5 air=False up=True: acceptedYaw=-0.0045672916 renderedYaw=6.2786183 acceptedPitch=0.14891346 renderedPitch=0.14891343
Remote mount yaw and payload pitch settle to accepted CameraInertia=0.5 air=False up=True aim on actual presentation nodes
Local preference leaves host tuning and peer camera unchanged: CameraInertia=0.5 air=False up=True
CAMERA_AIM_SAMPLE CameraInertia=0.5 air=True up=False expected=<0.0044085346, -0.26145813, -0.9652048> actual=<0.0044085346, -0.26145813, -0.9652048> lens=(-0.03606141, 37.497856, 44.740288) target=(0.5801703, 3.8146973E-06, -90.1775) pitch=-0.27108654
Final centered rendered ray and pivot-relative intent agree: CameraInertia=0.5 air=True up=False
Camera settings retain centered HUD: CameraInertia=0.5 air=True up=False
Authoritative articulation follows camera intent within network/pose tolerance: CameraInertia=0.5 air=True up=False
Shared body clearance remains safe: CameraInertia=0.5 air=True up=False
AIM_REMOTE CameraInertia=0.5 air=True up=False: acceptedYaw=-0.0045674294 renderedYaw=6.278618 acceptedPitch=-0.11474663 renderedPitch=-0.11474661
Remote mount yaw and payload pitch settle to accepted CameraInertia=0.5 air=True up=False aim on actual presentation nodes
Local preference leaves host tuning and peer camera unchanged: CameraInertia=0.5 air=True up=False
CAMERA_AIM_SAMPLE CameraInertia=0.5 air=True up=True expected=<0.0045167967, 0.14836371, -0.98892254> actual=<0.0045167967, 0.14836371, -0.98892254> lens=(-0.048806664, 35.786457, 47.530895) target=(1.355039, 78.91743, -259.83176) pitch=0.14891346
Final centered rendered ray and pivot-relative intent agree: CameraInertia=0.5 air=True up=True
Camera settings retain centered HUD: CameraInertia=0.5 air=True up=True
Authoritative articulation follows camera intent within network/pose tolerance: CameraInertia=0.5 air=True up=True
Shared body clearance remains safe: CameraInertia=0.5 air=True up=True
AIM_REMOTE CameraInertia=0.5 air=True up=True: acceptedYaw=-0.00456736 renderedYaw=6.2786183 acceptedPitch=0.14891346 renderedPitch=0.14891328
Remote mount yaw and payload pitch settle to accepted CameraInertia=0.5 air=True up=True aim on actual presentation nodes
Local preference leaves host tuning and peer camera unchanged: CameraInertia=0.5 air=True up=True
CAMERA_AIM_SAMPLE CameraInertia=1 air=False up=False expected=<0.0044625923, -0.21300885, -0.9770401> actual=<0.0044625923, -0.21300885, -0.9770401> lens=(-0.03170627, 5.8174434, 43.786774) target=(0.06389634, 0, 22.855534) pitch=-0.27108654
Final centered rendered ray and pivot-relative intent agree: CameraInertia=1 air=False up=False
Camera settings retain centered HUD: CameraInertia=1 air=False up=False
Authoritative articulation follows camera intent within network/pose tolerance: CameraInertia=1 air=False up=False
Shared body clearance remains safe: CameraInertia=1 air=False up=False
AIM_REMOTE CameraInertia=1 air=False up=False: acceptedYaw=-0.0045674294 renderedYaw=6.278618 acceptedPitch=-0.114746675 renderedPitch=-0.11474662
Remote mount yaw and payload pitch settle to accepted CameraInertia=1 air=False up=False aim on actual presentation nodes
Local preference leaves host tuning and peer camera unchanged: CameraInertia=1 air=False up=False
CAMERA_AIM_SAMPLE CameraInertia=1 air=False up=True expected=<0.0045167967, 0.14836371, -0.98892254> actual=<0.0045167967, 0.14836371, -0.98892254> lens=(-0.033615652, 4.3097615, 44.204926) target=(1.355039, 47.55902, -259.83176) pitch=0.14891346
Final centered rendered ray and pivot-relative intent agree: CameraInertia=1 air=False up=True
Camera settings retain centered HUD: CameraInertia=1 air=False up=True
Authoritative articulation follows camera intent within network/pose tolerance: CameraInertia=1 air=False up=True
Shared body clearance remains safe: CameraInertia=1 air=False up=True
AIM_REMOTE CameraInertia=1 air=False up=True: acceptedYaw=-0.00456736 renderedYaw=6.2786183 acceptedPitch=0.14891346 renderedPitch=0.1489134
Remote mount yaw and payload pitch settle to accepted CameraInertia=1 air=False up=True aim on actual presentation nodes
Local preference leaves host tuning and peer camera unchanged: CameraInertia=1 air=False up=True
CAMERA_AIM_SAMPLE CameraInertia=1 air=True up=False expected=<0.0044090124, -0.2610179, -0.96532387> actual=<0.0044090124, -0.2610179, -0.96532387> lens=(-0.036060862, 37.561768, 44.740288) target=(0.5812118, 0, -90.40745) pitch=-0.27108654
Final centered rendered ray and pivot-relative intent agree: CameraInertia=1 air=True up=False
Camera settings retain centered HUD: CameraInertia=1 air=True up=False
Authoritative articulation follows camera intent within network/pose tolerance: CameraInertia=1 air=True up=False
Shared body clearance remains safe: CameraInertia=1 air=True up=False
AIM_REMOTE CameraInertia=1 air=True up=False: acceptedYaw=-0.0045673596 renderedYaw=6.2786183 acceptedPitch=-0.114746496 renderedPitch=-0.1147465
Remote mount yaw and payload pitch settle to accepted CameraInertia=1 air=True up=False aim on actual presentation nodes
Local preference leaves host tuning and peer camera unchanged: CameraInertia=1 air=True up=False
CAMERA_AIM_SAMPLE CameraInertia=1 air=True up=True expected=<0.004516864, 0.14836371, -0.98892254> actual=<0.004516864, 0.14836371, -0.98892254> lens=(-0.048807397, 35.849815, 47.530895) target=(1.3550593, 78.91743, -259.83176) pitch=0.14891346
Final centered rendered ray and pivot-relative intent agree: CameraInertia=1 air=True up=True
Camera settings retain centered HUD: CameraInertia=1 air=True up=True
Authoritative articulation follows camera intent within network/pose tolerance: CameraInertia=1 air=True up=True
Shared body clearance remains safe: CameraInertia=1 air=True up=True
AIM_REMOTE CameraInertia=1 air=True up=True: acceptedYaw=-0.0045674285 renderedYaw=6.278618 acceptedPitch=0.14891347 renderedPitch=0.14891343
Remote mount yaw and payload pitch settle to accepted CameraInertia=1 air=True up=True aim on actual presentation nodes
Local preference leaves host tuning and peer camera unchanged: CameraInertia=1 air=True up=True
CAMERA_AIM_SAMPLE CameraAerialPullback=0 air=False up=False expected=<0.0044623474, -0.21325433, -0.97698647> actual=<0.0044623474, -0.21325433, -0.97698647> lens=(-0.03149962, 5.8001795, 43.741528) target=(0.06381929, 0, 22.872404) pitch=-0.27108654
Final centered rendered ray and pivot-relative intent agree: CameraAerialPullback=0 air=False up=False
Camera settings retain centered HUD: CameraAerialPullback=0 air=False up=False
Authoritative articulation follows camera intent within network/pose tolerance: CameraAerialPullback=0 air=False up=False
Shared body clearance remains safe: CameraAerialPullback=0 air=False up=False
AIM_REMOTE CameraAerialPullback=0 air=False up=False: acceptedYaw=-0.0045674285 renderedYaw=6.278618 acceptedPitch=-0.11474666 renderedPitch=-0.114746645
Remote mount yaw and payload pitch settle to accepted CameraAerialPullback=0 air=False up=False aim on actual presentation nodes
Local preference leaves host tuning and peer camera unchanged: CameraAerialPullback=0 air=False up=False
CAMERA_AIM_SAMPLE CameraAerialPullback=0 air=False up=True expected=<0.004516864, 0.14836371, -0.98892254> actual=<0.004516864, 0.14836371, -0.98892254> lens=(-0.03361616, 4.309769, 44.204926) target=(1.3550593, 47.55902, -259.83176) pitch=0.14891346
Final centered rendered ray and pivot-relative intent agree: CameraAerialPullback=0 air=False up=True
Camera settings retain centered HUD: CameraAerialPullback=0 air=False up=True
Authoritative articulation follows camera intent within network/pose tolerance: CameraAerialPullback=0 air=False up=True
Shared body clearance remains safe: CameraAerialPullback=0 air=False up=True
AIM_REMOTE CameraAerialPullback=0 air=False up=True: acceptedYaw=-0.0045674285 renderedYaw=6.278618 acceptedPitch=0.14891346 renderedPitch=0.1489133
Remote mount yaw and payload pitch settle to accepted CameraAerialPullback=0 air=False up=True aim on actual presentation nodes
Local preference leaves host tuning and peer camera unchanged: CameraAerialPullback=0 air=False up=True
CAMERA_AIM_SAMPLE CameraAerialPullback=0 air=True up=False expected=<0.0044090683, -0.26102674, -0.9653214> actual=<0.0044090683, -0.26102674, -0.9653214> lens=(-0.03168749, 37.294323, 43.78266) target=(0.58119947, 0, -90.40281) pitch=-0.27108654
Final centered rendered ray and pivot-relative intent agree: CameraAerialPullback=0 air=True up=False
Camera settings retain centered HUD: CameraAerialPullback=0 air=True up=False
Authoritative articulation follows camera intent within network/pose tolerance: CameraAerialPullback=0 air=True up=False
Shared body clearance remains safe: CameraAerialPullback=0 air=True up=False
AIM_REMOTE CameraAerialPullback=0 air=True up=False: acceptedYaw=-0.00456743 renderedYaw=6.278618 acceptedPitch=-0.11474667 renderedPitch=-0.11474663
Remote mount yaw and payload pitch settle to accepted CameraAerialPullback=0 air=True up=False aim on actual presentation nodes
Local preference leaves host tuning and peer camera unchanged: CameraAerialPullback=0 air=True up=False
CAMERA_AIM_SAMPLE CameraAerialPullback=0 air=True up=True expected=<0.004516864, 0.14836371, -0.98892254> actual=<0.004516864, 0.14836371, -0.98892254> lens=(-0.03361616, 35.787014, 44.204926) target=(1.3550593, 78.91743, -259.83176) pitch=0.14891346
Final centered rendered ray and pivot-relative intent agree: CameraAerialPullback=0 air=True up=True
Camera settings retain centered HUD: CameraAerialPullback=0 air=True up=True
Authoritative articulation follows camera intent within network/pose tolerance: CameraAerialPullback=0 air=True up=True
Shared body clearance remains safe: CameraAerialPullback=0 air=True up=True
AIM_REMOTE CameraAerialPullback=0 air=True up=True: acceptedYaw=-0.0045674285 renderedYaw=6.278618 acceptedPitch=0.14891344 renderedPitch=0.14891338
Remote mount yaw and payload pitch settle to accepted CameraAerialPullback=0 air=True up=True aim on actual presentation nodes
Local preference leaves host tuning and peer camera unchanged: CameraAerialPullback=0 air=True up=True
CAMERA_AIM_SAMPLE CameraAerialPullback=1 air=False up=False expected=<0.004462642, -0.2130274, -0.97703606> actual=<0.004462642, -0.2130274, -0.97703606> lens=(-0.031732738, 5.8186707, 43.792465) target=(0.063891485, 4.7683716E-07, 22.856812) pitch=-0.27108654
Final centered rendered ray and pivot-relative intent agree: CameraAerialPullback=1 air=False up=False
Camera settings retain centered HUD: CameraAerialPullback=1 air=False up=False
Authoritative articulation follows camera intent within network/pose tolerance: CameraAerialPullback=1 air=False up=False
Shared body clearance remains safe: CameraAerialPullback=1 air=False up=False
AIM_REMOTE CameraAerialPullback=1 air=False up=False: acceptedYaw=-0.004567498 renderedYaw=6.278618 acceptedPitch=-0.11474666 renderedPitch=-0.11474659
Remote mount yaw and payload pitch settle to accepted CameraAerialPullback=1 air=False up=False aim on actual presentation nodes
Local preference leaves host tuning and peer camera unchanged: CameraAerialPullback=1 air=False up=False
CAMERA_AIM_SAMPLE CameraAerialPullback=1 air=False up=True expected=<0.004516729, 0.14836371, -0.98892254> actual=<0.004516729, 0.14836371, -0.98892254> lens=(-0.03361515, 4.3097763, 44.204926) target=(1.3550187, 47.55902, -259.83176) pitch=0.14891346
Final centered rendered ray and pivot-relative intent agree: CameraAerialPullback=1 air=False up=True
Camera settings retain centered HUD: CameraAerialPullback=1 air=False up=True
Authoritative articulation follows camera intent within network/pose tolerance: CameraAerialPullback=1 air=False up=True
Shared body clearance remains safe: CameraAerialPullback=1 air=False up=True
AIM_REMOTE CameraAerialPullback=1 air=False up=True: acceptedYaw=-0.0045672916 renderedYaw=6.2786183 acceptedPitch=0.14891346 renderedPitch=0.14891344
Remote mount yaw and payload pitch settle to accepted CameraAerialPullback=1 air=False up=True aim on actual presentation nodes
Local preference leaves host tuning and peer camera unchanged: CameraAerialPullback=1 air=False up=True
CAMERA_AIM_SAMPLE CameraAerialPullback=1 air=True up=False expected=<0.0044085425, -0.2614522, -0.9652064> actual=<0.0044085425, -0.2614522, -0.9652064> lens=(-0.03606141, 37.49872, 44.740288) target=(0.58018446, 3.8146973E-06, -90.180595) pitch=-0.27108654
Final centered rendered ray and pivot-relative intent agree: CameraAerialPullback=1 air=True up=False
Camera settings retain centered HUD: CameraAerialPullback=1 air=True up=False
Authoritative articulation follows camera intent within network/pose tolerance: CameraAerialPullback=1 air=True up=False
Shared body clearance remains safe: CameraAerialPullback=1 air=True up=False
AIM_REMOTE CameraAerialPullback=1 air=True up=False: acceptedYaw=-0.0045674294 renderedYaw=6.278618 acceptedPitch=-0.11474654 renderedPitch=-0.11474653
Remote mount yaw and payload pitch settle to accepted CameraAerialPullback=1 air=True up=False aim on actual presentation nodes
Local preference leaves host tuning and peer camera unchanged: CameraAerialPullback=1 air=True up=False
CAMERA_AIM_SAMPLE CameraAerialPullback=1 air=True up=True expected=<0.004516932, 0.14836371, -0.98892254> actual=<0.004516932, 0.14836371, -0.98892254> lens=(-0.048808128, 35.78732, 47.530895) target=(1.3550797, 78.91743, -259.83176) pitch=0.14891346
Final centered rendered ray and pivot-relative intent agree: CameraAerialPullback=1 air=True up=True
Camera settings retain centered HUD: CameraAerialPullback=1 air=True up=True
Authoritative articulation follows camera intent within network/pose tolerance: CameraAerialPullback=1 air=True up=True
Shared body clearance remains safe: CameraAerialPullback=1 air=True up=True
AIM_REMOTE CameraAerialPullback=1 air=True up=True: acceptedYaw=-0.004567497 renderedYaw=6.278618 acceptedPitch=0.14891346 renderedPitch=0.1489134
Remote mount yaw and payload pitch settle to accepted CameraAerialPullback=1 air=True up=True aim on actual presentation nodes
Local preference leaves host tuning and peer camera unchanged: CameraAerialPullback=1 air=True up=True
CAMERA_AIM_SAMPLE CameraAerialPullback=1.5 air=False up=False expected=<0.0044623488, -0.2132536, -0.9769867> actual=<0.0044623488, -0.2132536, -0.9769867> lens=(-0.03149962, 5.800194, 43.741528) target=(0.06381953, 0, 22.872353) pitch=-0.27108654
Final centered rendered ray and pivot-relative intent agree: CameraAerialPullback=1.5 air=False up=False
Camera settings retain centered HUD: CameraAerialPullback=1.5 air=False up=False
Authoritative articulation follows camera intent within network/pose tolerance: CameraAerialPullback=1.5 air=False up=False
Shared body clearance remains safe: CameraAerialPullback=1.5 air=False up=False
AIM_REMOTE CameraAerialPullback=1.5 air=False up=False: acceptedYaw=-0.0045674304 renderedYaw=6.278618 acceptedPitch=-0.11474672 renderedPitch=-0.114746675
Remote mount yaw and payload pitch settle to accepted CameraAerialPullback=1.5 air=False up=False aim on actual presentation nodes
Local preference leaves host tuning and peer camera unchanged: CameraAerialPullback=1.5 air=False up=False
CAMERA_AIM_SAMPLE CameraAerialPullback=1.5 air=False up=True expected=<0.004516864, 0.14836371, -0.98892254> actual=<0.004516864, 0.14836371, -0.98892254> lens=(-0.03361616, 4.309783, 44.204926) target=(1.3550593, 47.55902, -259.83176) pitch=0.14891346
Final centered rendered ray and pivot-relative intent agree: CameraAerialPullback=1.5 air=False up=True
Camera settings retain centered HUD: CameraAerialPullback=1.5 air=False up=True
Authoritative articulation follows camera intent within network/pose tolerance: CameraAerialPullback=1.5 air=False up=True
Shared body clearance remains safe: CameraAerialPullback=1.5 air=False up=True
AIM_REMOTE CameraAerialPullback=1.5 air=False up=True: acceptedYaw=-0.0045674285 renderedYaw=6.278618 acceptedPitch=0.14891346 renderedPitch=0.1489134
Remote mount yaw and payload pitch settle to accepted CameraAerialPullback=1.5 air=False up=True aim on actual presentation nodes
Local preference leaves host tuning and peer camera unchanged: CameraAerialPullback=1.5 air=False up=True
CAMERA_AIM_SAMPLE CameraAerialPullback=1.5 air=True up=False expected=<0.0044082855, -0.2616599, -0.9651501> actual=<0.0044082855, -0.2616599, -0.9651501> lens=(-0.038248368, 37.60172, 45.2191) target=(0.5796902, 0, -90.07239) pitch=-0.27108654
Final centered rendered ray and pivot-relative intent agree: CameraAerialPullback=1.5 air=True up=False
Camera settings retain centered HUD: CameraAerialPullback=1.5 air=True up=False
Authoritative articulation follows camera intent within network/pose tolerance: CameraAerialPullback=1.5 air=True up=False
Shared body clearance remains safe: CameraAerialPullback=1.5 air=True up=False
AIM_REMOTE CameraAerialPullback=1.5 air=True up=False: acceptedYaw=-0.0045674294 renderedYaw=6.278618 acceptedPitch=-0.114746585 renderedPitch=-0.11474655
Remote mount yaw and payload pitch settle to accepted CameraAerialPullback=1.5 air=True up=False aim on actual presentation nodes
Local preference leaves host tuning and peer camera unchanged: CameraAerialPullback=1.5 air=True up=False
CAMERA_AIM_SAMPLE CameraAerialPullback=1.5 air=True up=True expected=<0.004516864, 0.14836371, -0.98892254> actual=<0.004516864, 0.14836371, -0.98892254> lens=(-0.05640302, 35.787598, 49.193882) target=(1.3550593, 78.91743, -259.83176) pitch=0.14891346
Final centered rendered ray and pivot-relative intent agree: CameraAerialPullback=1.5 air=True up=True
Camera settings retain centered HUD: CameraAerialPullback=1.5 air=True up=True
Authoritative articulation follows camera intent within network/pose tolerance: CameraAerialPullback=1.5 air=True up=True
Shared body clearance remains safe: CameraAerialPullback=1.5 air=True up=True
AIM_REMOTE CameraAerialPullback=1.5 air=True up=True: acceptedYaw=-0.0045674285 renderedYaw=6.278618 acceptedPitch=0.14891347 renderedPitch=0.14891343
Remote mount yaw and payload pitch settle to accepted CameraAerialPullback=1.5 air=True up=True aim on actual presentation nodes
Local preference leaves host tuning and peer camera unchanged: CameraAerialPullback=1.5 air=True up=True
CAMERA_AIM_SAMPLE CameraShakeIntensity=0 air=False up=False expected=<0.0044624154, -0.21325323, -0.97698677> actual=<0.0044624154, -0.21325323, -0.97698677> lens=(-0.0315001, 5.8002014, 43.74153) target=(0.063820586, 4.7683716E-07, 22.87233) pitch=-0.27108654
Final centered rendered ray and pivot-relative intent agree: CameraShakeIntensity=0 air=False up=False
Camera settings retain centered HUD: CameraShakeIntensity=0 air=False up=False
Authoritative articulation follows camera intent within network/pose tolerance: CameraShakeIntensity=0 air=False up=False
Shared body clearance remains safe: CameraShakeIntensity=0 air=False up=False
AIM_REMOTE CameraShakeIntensity=0 air=False up=False: acceptedYaw=-0.0045674974 renderedYaw=6.278618 acceptedPitch=-0.114746705 renderedPitch=-0.11474664
Remote mount yaw and payload pitch settle to accepted CameraShakeIntensity=0 air=False up=False aim on actual presentation nodes
Local preference leaves host tuning and peer camera unchanged: CameraShakeIntensity=0 air=False up=False
CAMERA_AIM_SAMPLE CameraShakeIntensity=0 air=False up=True expected=<0.0045167967, 0.14836371, -0.98892254> actual=<0.0045167967, 0.14836371, -0.98892254> lens=(-0.033615652, 4.3097887, 44.204926) target=(1.355039, 47.55902, -259.83176) pitch=0.14891346
Final centered rendered ray and pivot-relative intent agree: CameraShakeIntensity=0 air=False up=True
Camera settings retain centered HUD: CameraShakeIntensity=0 air=False up=True
Authoritative articulation follows camera intent within network/pose tolerance: CameraShakeIntensity=0 air=False up=True
Shared body clearance remains safe: CameraShakeIntensity=0 air=False up=True
AIM_REMOTE CameraShakeIntensity=0 air=False up=True: acceptedYaw=-0.00456736 renderedYaw=6.2786183 acceptedPitch=0.14891346 renderedPitch=0.1489134
Remote mount yaw and payload pitch settle to accepted CameraShakeIntensity=0 air=False up=True aim on actual presentation nodes
Local preference leaves host tuning and peer camera unchanged: CameraShakeIntensity=0 air=False up=True
CAMERA_AIM_SAMPLE CameraShakeIntensity=0 air=True up=False expected=<0.0044085477, -0.26144832, -0.9652074> actual=<0.0044085477, -0.26144832, -0.9652074> lens=(-0.036061425, 37.49928, 44.74029) target=(0.58019364, 7.6293945E-06, -90.18259) pitch=-0.27108654
Final centered rendered ray and pivot-relative intent agree: CameraShakeIntensity=0 air=True up=False
Camera settings retain centered HUD: CameraShakeIntensity=0 air=True up=False
Authoritative articulation follows camera intent within network/pose tolerance: CameraShakeIntensity=0 air=True up=False
Shared body clearance remains safe: CameraShakeIntensity=0 air=True up=False
AIM_REMOTE CameraShakeIntensity=0 air=True up=False: acceptedYaw=-0.0045674294 renderedYaw=6.278618 acceptedPitch=-0.114746526 renderedPitch=-0.11474658
Remote mount yaw and payload pitch settle to accepted CameraShakeIntensity=0 air=True up=False aim on actual presentation nodes
Local preference leaves host tuning and peer camera unchanged: CameraShakeIntensity=0 air=True up=False
CAMERA_AIM_SAMPLE CameraShakeIntensity=0 air=True up=True expected=<0.004516932, 0.14836371, -0.98892254> actual=<0.004516932, 0.14836371, -0.98892254> lens=(-0.048808128, 35.787884, 47.530895) target=(1.3550797, 78.91743, -259.83176) pitch=0.14891346
Final centered rendered ray and pivot-relative intent agree: CameraShakeIntensity=0 air=True up=True
Camera settings retain centered HUD: CameraShakeIntensity=0 air=True up=True
Authoritative articulation follows camera intent within network/pose tolerance: CameraShakeIntensity=0 air=True up=True
Shared body clearance remains safe: CameraShakeIntensity=0 air=True up=True
AIM_REMOTE CameraShakeIntensity=0 air=True up=True: acceptedYaw=-0.004567497 renderedYaw=6.278618 acceptedPitch=0.14891346 renderedPitch=0.1489134
Remote mount yaw and payload pitch settle to accepted CameraShakeIntensity=0 air=True up=True aim on actual presentation nodes
Local preference leaves host tuning and peer camera unchanged: CameraShakeIntensity=0 air=True up=True
CAMERA_AIM_SAMPLE CameraShakeIntensity=0.5 air=False up=False expected=<0.0045310785, -0.21291786, -0.9770596> actual=<0.0045310785, -0.21291786, -0.9770596> lens=(-0.030748656, 5.820617, 43.791935) target=(0.06490466, 4.7683716E-07, 22.849277) pitch=-0.27108654
Final centered rendered ray and pivot-relative intent agree: CameraShakeIntensity=0.5 air=False up=False
Camera settings retain centered HUD: CameraShakeIntensity=0.5 air=False up=False
Authoritative articulation follows camera intent within network/pose tolerance: CameraShakeIntensity=0.5 air=False up=False
Shared body clearance remains safe: CameraShakeIntensity=0.5 air=False up=False
AIM_REMOTE CameraShakeIntensity=0.5 air=False up=False: acceptedYaw=-0.004870188 renderedYaw=6.278355 acceptedPitch=-0.114746474 renderedPitch=-0.11474648
Remote mount yaw and payload pitch settle to accepted CameraShakeIntensity=0.5 air=False up=False aim on actual presentation nodes
Local preference leaves host tuning and peer camera unchanged: CameraShakeIntensity=0.5 air=False up=False
CAMERA_AIM_SAMPLE CameraShakeIntensity=0.5 air=False up=True expected=<0.004516864, 0.14836371, -0.98892254> actual=<0.004516864, 0.14836371, -0.98892254> lens=(-0.032636844, 4.311774, 44.205227) target=(1.3550593, 47.55902, -259.83176) pitch=0.14891346
Final centered rendered ray and pivot-relative intent agree: CameraShakeIntensity=0.5 air=False up=True
Camera settings retain centered HUD: CameraShakeIntensity=0.5 air=False up=True
Authoritative articulation follows camera intent within network/pose tolerance: CameraShakeIntensity=0.5 air=False up=True
Shared body clearance remains safe: CameraShakeIntensity=0.5 air=False up=True
AIM_REMOTE CameraShakeIntensity=0.5 air=False up=True: acceptedYaw=-0.0045674285 renderedYaw=6.278618 acceptedPitch=0.14891346 renderedPitch=0.14891344
Remote mount yaw and payload pitch settle to accepted CameraShakeIntensity=0.5 air=False up=True aim on actual presentation nodes
Local preference leaves host tuning and peer camera unchanged: CameraShakeIntensity=0.5 air=False up=True
CAMERA_AIM_SAMPLE CameraShakeIntensity=0.5 air=True up=False expected=<0.0044159517, -0.26143205, -0.96521175> actual=<0.0044159517, -0.26143205, -0.96521175> lens=(-0.03507774, 37.50149, 44.739758) target=(0.58120435, 0, -90.1911) pitch=-0.27108654
Final centered rendered ray and pivot-relative intent agree: CameraShakeIntensity=0.5 air=True up=False
Camera settings retain centered HUD: CameraShakeIntensity=0.5 air=True up=False
Authoritative articulation follows camera intent within network/pose tolerance: CameraShakeIntensity=0.5 air=True up=False
Shared body clearance remains safe: CameraShakeIntensity=0.5 air=True up=False
AIM_REMOTE CameraShakeIntensity=0.5 air=True up=False: acceptedYaw=-0.0045996183 renderedYaw=6.2785983 acceptedPitch=-0.11474663 renderedPitch=-0.1147466
Remote mount yaw and payload pitch settle to accepted CameraShakeIntensity=0.5 air=True up=False aim on actual presentation nodes
Local preference leaves host tuning and peer camera unchanged: CameraShakeIntensity=0.5 air=True up=False
CAMERA_AIM_SAMPLE CameraShakeIntensity=0.5 air=True up=True expected=<0.004516864, 0.14836371, -0.98892254> actual=<0.004516864, 0.14836371, -0.98892254> lens=(-0.047828086, 35.790146, 47.531197) target=(1.3550593, 78.91743, -259.83176) pitch=0.14891346
Final centered rendered ray and pivot-relative intent agree: CameraShakeIntensity=0.5 air=True up=True
Camera settings retain centered HUD: CameraShakeIntensity=0.5 air=True up=True
Authoritative articulation follows camera intent within network/pose tolerance: CameraShakeIntensity=0.5 air=True up=True
Shared body clearance remains safe: CameraShakeIntensity=0.5 air=True up=True
AIM_REMOTE CameraShakeIntensity=0.5 air=True up=True: acceptedYaw=-0.0045674285 renderedYaw=6.278618 acceptedPitch=0.14891346 renderedPitch=0.14891328
Remote mount yaw and payload pitch settle to accepted CameraShakeIntensity=0.5 air=True up=True aim on actual presentation nodes
Local preference leaves host tuning and peer camera unchanged: CameraShakeIntensity=0.5 air=True up=True
CAMERA_AIM_SAMPLE CameraShakeIntensity=1 air=False up=False expected=<0.004599652, -0.21278986, -0.9770872> actual=<0.004599652, -0.21278986, -0.9770872> lens=(-0.029740043, 5.8213367, 43.78571) target=(0.065926574, -4.7683716E-07, 22.84046) pitch=-0.27108654
Final centered rendered ray and pivot-relative intent agree: CameraShakeIntensity=1 air=False up=False
Camera settings retain centered HUD: CameraShakeIntensity=1 air=False up=False
Authoritative articulation follows camera intent within network/pose tolerance: CameraShakeIntensity=1 air=False up=False
Shared body clearance remains safe: CameraShakeIntensity=1 air=False up=False
AIM_REMOTE CameraShakeIntensity=1 air=False up=False: acceptedYaw=-0.005109695 renderedYaw=6.278358 acceptedPitch=-0.11474644 renderedPitch=-0.11474656
Remote mount yaw and payload pitch settle to accepted CameraShakeIntensity=1 air=False up=False aim on actual presentation nodes
Local preference leaves host tuning and peer camera unchanged: CameraShakeIntensity=1 air=False up=False
CAMERA_AIM_SAMPLE CameraShakeIntensity=1 air=False up=True expected=<0.0045167967, 0.14836371, -0.98892254> actual=<0.0045167967, 0.14836371, -0.98892254> lens=(-0.03165702, 4.313757, 44.205524) target=(1.355039, 47.55902, -259.83176) pitch=0.14891346
Final centered rendered ray and pivot-relative intent agree: CameraShakeIntensity=1 air=False up=True
Camera settings retain centered HUD: CameraShakeIntensity=1 air=False up=True
Authoritative articulation follows camera intent within network/pose tolerance: CameraShakeIntensity=1 air=False up=True
Shared body clearance remains safe: CameraShakeIntensity=1 air=False up=True
AIM_REMOTE CameraShakeIntensity=1 air=False up=True: acceptedYaw=-0.00456736 renderedYaw=6.2786183 acceptedPitch=0.14891346 renderedPitch=0.14891344
Remote mount yaw and payload pitch settle to accepted CameraShakeIntensity=1 air=False up=True aim on actual presentation nodes
Local preference leaves host tuning and peer camera unchanged: CameraShakeIntensity=1 air=False up=True
CAMERA_AIM_SAMPLE CameraShakeIntensity=1 air=True up=False expected=<0.0044234935, -0.2614112, -0.96521735> actual=<0.0044234935, -0.2614112, -0.96521735> lens=(-0.03409518, 37.504364, 44.739223) target=(0.58224344, 3.8146973E-06, -90.201965) pitch=-0.27108654
Final centered rendered ray and pivot-relative intent agree: CameraShakeIntensity=1 air=True up=False
Camera settings retain centered HUD: CameraShakeIntensity=1 air=True up=False
Authoritative articulation follows camera intent within network/pose tolerance: CameraShakeIntensity=1 air=True up=False
Shared body clearance remains safe: CameraShakeIntensity=1 air=True up=False
AIM_REMOTE CameraShakeIntensity=1 air=True up=False: acceptedYaw=-0.0046319473 renderedYaw=6.2785616 acceptedPitch=-0.114746675 renderedPitch=-0.11474662
Remote mount yaw and payload pitch settle to accepted CameraShakeIntensity=1 air=True up=False aim on actual presentation nodes
Local preference leaves host tuning and peer camera unchanged: CameraShakeIntensity=1 air=True up=False
CAMERA_AIM_SAMPLE CameraShakeIntensity=1 air=True up=True expected=<0.004516932, 0.14836371, -0.98892254> actual=<0.004516932, 0.14836371, -0.98892254> lens=(-0.046849545, 35.792408, 47.531494) target=(1.3550797, 78.91743, -259.83176) pitch=0.14891346
Final centered rendered ray and pivot-relative intent agree: CameraShakeIntensity=1 air=True up=True
Camera settings retain centered HUD: CameraShakeIntensity=1 air=True up=True
Authoritative articulation follows camera intent within network/pose tolerance: CameraShakeIntensity=1 air=True up=True
Shared body clearance remains safe: CameraShakeIntensity=1 air=True up=True
AIM_REMOTE CameraShakeIntensity=1 air=True up=True: acceptedYaw=-0.004567497 renderedYaw=6.278618 acceptedPitch=0.14891347 renderedPitch=0.14891344
Remote mount yaw and payload pitch settle to accepted CameraShakeIntensity=1 air=True up=True aim on actual presentation nodes
Local preference leaves host tuning and peer camera unchanged: CameraShakeIntensity=1 air=True up=True
CAMERA_AIM_SAMPLE HorizontalLookSensitivity=0.25 air=False up=False expected=<0.0011156022, -0.21300627, -0.97705024> actual=<0.0011156022, -0.21300627, -0.97705024> lens=(-0.007926236, 5.817493, 43.786842) target=(0.015973624, 0, 22.855219) pitch=-0.27108654
Final centered rendered ray and pivot-relative intent agree: HorizontalLookSensitivity=0.25 air=False up=False
Camera settings retain centered HUD: HorizontalLookSensitivity=0.25 air=False up=False
Authoritative articulation follows camera intent within network/pose tolerance: HorizontalLookSensitivity=0.25 air=False up=False
Shared body clearance remains safe: HorizontalLookSensitivity=0.25 air=False up=False
AIM_REMOTE HorizontalLookSensitivity=0.25 air=False up=False: acceptedYaw=-0.0011418056 renderedYaw=6.2820435 acceptedPitch=-0.1147478 renderedPitch=-0.11474777
Remote mount yaw and payload pitch settle to accepted HorizontalLookSensitivity=0.25 air=False up=False aim on actual presentation nodes
Local preference leaves host tuning and peer camera unchanged: HorizontalLookSensitivity=0.25 air=False up=False
CAMERA_AIM_SAMPLE HorizontalLookSensitivity=0.25 air=False up=True expected=<0.0011292197, 0.14836375, -0.9889322> actual=<0.0011292197, 0.14836375, -0.9889322> lens=(-0.008404067, 4.3098097, 44.204998) target=(0.33876592, 47.55904, -259.8347) pitch=0.14891352
Final centered rendered ray and pivot-relative intent agree: HorizontalLookSensitivity=0.25 air=False up=True
Camera settings retain centered HUD: HorizontalLookSensitivity=0.25 air=False up=True
Authoritative articulation follows camera intent within network/pose tolerance: HorizontalLookSensitivity=0.25 air=False up=True
Shared body clearance remains safe: HorizontalLookSensitivity=0.25 air=False up=True
AIM_REMOTE HorizontalLookSensitivity=0.25 air=False up=True: acceptedYaw=-0.001141857 renderedYaw=6.2820435 acceptedPitch=0.1489135 renderedPitch=0.14891344
Remote mount yaw and payload pitch settle to accepted HorizontalLookSensitivity=0.25 air=False up=True aim on actual presentation nodes
Local preference leaves host tuning and peer camera unchanged: HorizontalLookSensitivity=0.25 air=False up=True
CAMERA_AIM_SAMPLE HorizontalLookSensitivity=0.25 air=True up=False expected=<0.0011021091, -0.2614424, -0.96521837> actual=<0.0011021091, -0.2614424, -0.96521837> lens=(-0.009015112, 37.500137, 44.740368) target=(0.14504805, 3.8146973E-06, -90.186935) pitch=-0.27108654
Final centered rendered ray and pivot-relative intent agree: HorizontalLookSensitivity=0.25 air=True up=False
Camera settings retain centered HUD: HorizontalLookSensitivity=0.25 air=True up=False
Authoritative articulation follows camera intent within network/pose tolerance: HorizontalLookSensitivity=0.25 air=True up=False
Shared body clearance remains safe: HorizontalLookSensitivity=0.25 air=True up=False
AIM_REMOTE HorizontalLookSensitivity=0.25 air=True up=False: acceptedYaw=-0.0011418231 renderedYaw=6.2820435 acceptedPitch=-0.11474772 renderedPitch=-0.11474769
Remote mount yaw and payload pitch settle to accepted HorizontalLookSensitivity=0.25 air=True up=False aim on actual presentation nodes
Local preference leaves host tuning and peer camera unchanged: HorizontalLookSensitivity=0.25 air=True up=False
CAMERA_AIM_SAMPLE HorizontalLookSensitivity=0.25 air=True up=True expected=<0.0011292197, 0.14836377, -0.9889322> actual=<0.0011292197, 0.14836377, -0.9889322> lens=(-0.012201889, 35.788742, 47.531) target=(0.33876592, 78.91745, -259.8347) pitch=0.14891352
Final centered rendered ray and pivot-relative intent agree: HorizontalLookSensitivity=0.25 air=True up=True
Camera settings retain centered HUD: HorizontalLookSensitivity=0.25 air=True up=True
Authoritative articulation follows camera intent within network/pose tolerance: HorizontalLookSensitivity=0.25 air=True up=True
Shared body clearance remains safe: HorizontalLookSensitivity=0.25 air=True up=True
AIM_REMOTE HorizontalLookSensitivity=0.25 air=True up=True: acceptedYaw=-0.001141857 renderedYaw=6.2820435 acceptedPitch=0.1489135 renderedPitch=0.14891344
Remote mount yaw and payload pitch settle to accepted HorizontalLookSensitivity=0.25 air=True up=True aim on actual presentation nodes
Local preference leaves host tuning and peer camera unchanged: HorizontalLookSensitivity=0.25 air=True up=True
CAMERA_AIM_SAMPLE HorizontalLookSensitivity=1 air=False up=False expected=<0.004462467, -0.2130663, -0.9770275> actual=<0.004462467, -0.2130663, -0.9770275> lens=(-0.03172899, 5.8177567, 43.79185) target=(0.06387732, 0, 22.859486) pitch=-0.27108654
Final centered rendered ray and pivot-relative intent agree: HorizontalLookSensitivity=1 air=False up=False
Camera settings retain centered HUD: HorizontalLookSensitivity=1 air=False up=False
Authoritative articulation follows camera intent within network/pose tolerance: HorizontalLookSensitivity=1 air=False up=False
Shared body clearance remains safe: HorizontalLookSensitivity=1 air=False up=False
AIM_REMOTE HorizontalLookSensitivity=1 air=False up=False: acceptedYaw=-0.004567359 renderedYaw=6.2786183 acceptedPitch=-0.11474669 renderedPitch=-0.11474665
Remote mount yaw and payload pitch settle to accepted HorizontalLookSensitivity=1 air=False up=False aim on actual presentation nodes
Local preference leaves host tuning and peer camera unchanged: HorizontalLookSensitivity=1 air=False up=False
CAMERA_AIM_SAMPLE HorizontalLookSensitivity=1 air=False up=True expected=<0.0042793215, 0.14836374, -0.98892367> actual=<0.0042793215, 0.14836374, -0.98892367> lens=(-0.031848278, 4.3068337, 44.204933) target=(1.2837964, 47.55903, -259.8321) pitch=0.14891349
Final centered rendered ray and pivot-relative intent agree: HorizontalLookSensitivity=1 air=False up=True
Camera settings retain centered HUD: HorizontalLookSensitivity=1 air=False up=True
Authoritative articulation follows camera intent within network/pose tolerance: HorizontalLookSensitivity=1 air=False up=True
Shared body clearance remains safe: HorizontalLookSensitivity=1 air=False up=True
AIM_REMOTE HorizontalLookSensitivity=1 air=False up=True: acceptedYaw=-0.0043272246 renderedYaw=6.278858 acceptedPitch=0.14891349 renderedPitch=0.14891347
Remote mount yaw and payload pitch settle to accepted HorizontalLookSensitivity=1 air=False up=True aim on actual presentation nodes
Local preference leaves host tuning and peer camera unchanged: HorizontalLookSensitivity=1 air=False up=True
CAMERA_AIM_SAMPLE HorizontalLookSensitivity=1 air=True up=False expected=<0.004087537, -0.26146793, -0.9652036> actual=<0.004087537, -0.26146793, -0.9652036> lens=(-0.033668216, 37.511692, 44.79519) target=(0.5379063, 0, -90.172585) pitch=-0.27108654
Final centered rendered ray and pivot-relative intent agree: HorizontalLookSensitivity=1 air=True up=False
Camera settings retain centered HUD: HorizontalLookSensitivity=1 air=True up=False
Authoritative articulation follows camera intent within network/pose tolerance: HorizontalLookSensitivity=1 air=True up=False
Shared body clearance remains safe: HorizontalLookSensitivity=1 air=True up=False
AIM_REMOTE HorizontalLookSensitivity=1 air=True up=False: acceptedYaw=-0.0042348704 renderedYaw=6.2789507 acceptedPitch=-0.114746675 renderedPitch=-0.11474663
Remote mount yaw and payload pitch settle to accepted HorizontalLookSensitivity=1 air=True up=False aim on actual presentation nodes
Local preference leaves host tuning and peer camera unchanged: HorizontalLookSensitivity=1 air=True up=False
CAMERA_AIM_SAMPLE HorizontalLookSensitivity=1 air=True up=True expected=<0.004516932, 0.14836371, -0.98892254> actual=<0.004516932, 0.14836371, -0.98892254> lens=(-0.048808474, 35.788387, 47.53097) target=(1.3550797, 78.91743, -259.83176) pitch=0.14891346
Final centered rendered ray and pivot-relative intent agree: HorizontalLookSensitivity=1 air=True up=True
Camera settings retain centered HUD: HorizontalLookSensitivity=1 air=True up=True
Authoritative articulation follows camera intent within network/pose tolerance: HorizontalLookSensitivity=1 air=True up=True
Shared body clearance remains safe: HorizontalLookSensitivity=1 air=True up=True
AIM_REMOTE HorizontalLookSensitivity=1 air=True up=True: acceptedYaw=-0.004567497 renderedYaw=6.278618 acceptedPitch=0.14891347 renderedPitch=0.14891344
Remote mount yaw and payload pitch settle to accepted HorizontalLookSensitivity=1 air=True up=True aim on actual presentation nodes
Local preference leaves host tuning and peer camera unchanged: HorizontalLookSensitivity=1 air=True up=True
CAMERA_AIM_SAMPLE HorizontalLookSensitivity=3 air=False up=False expected=<0.013387216, -0.21300548, -0.97695935> actual=<0.013387216, -0.21300548, -0.97695935> lens=(-0.09511474, 5.8175073, 43.786194) target=(0.19168407, -4.7683716E-07, 22.856466) pitch=-0.27108648
Final centered rendered ray and pivot-relative intent agree: HorizontalLookSensitivity=3 air=False up=False
Camera settings retain centered HUD: HorizontalLookSensitivity=3 air=False up=False
Authoritative articulation follows camera intent within network/pose tolerance: HorizontalLookSensitivity=3 air=False up=False
Shared body clearance remains safe: HorizontalLookSensitivity=3 air=False up=False
AIM_REMOTE HorizontalLookSensitivity=3 air=False up=False: acceptedYaw=-0.013702081 renderedYaw=6.2694836 acceptedPitch=-0.114737235 renderedPitch=-0.11473719
Remote mount yaw and payload pitch settle to accepted HorizontalLookSensitivity=3 air=False up=False aim on actual presentation nodes
Local preference leaves host tuning and peer camera unchanged: HorizontalLookSensitivity=3 air=False up=False
CAMERA_AIM_SAMPLE HorizontalLookSensitivity=3 air=False up=True expected=<0.013550826, 0.14836375, -0.98884004> actual=<0.013550826, 0.14836375, -0.98884004> lens=(-0.10085022, 4.309825, 44.20431) target=(4.065248, 47.559032, -259.807) pitch=0.1489135
Final centered rendered ray and pivot-relative intent agree: HorizontalLookSensitivity=3 air=False up=True
Camera settings retain centered HUD: HorizontalLookSensitivity=3 air=False up=True
Authoritative articulation follows camera intent within network/pose tolerance: HorizontalLookSensitivity=3 air=False up=True
Shared body clearance remains safe: HorizontalLookSensitivity=3 air=False up=True
AIM_REMOTE HorizontalLookSensitivity=3 air=False up=True: acceptedYaw=-0.013702902 renderedYaw=6.2694826 acceptedPitch=0.1489135 renderedPitch=0.14891344
Remote mount yaw and payload pitch settle to accepted HorizontalLookSensitivity=3 air=False up=True aim on actual presentation nodes
Local preference leaves host tuning and peer camera unchanged: HorizontalLookSensitivity=3 air=False up=True
CAMERA_AIM_SAMPLE HorizontalLookSensitivity=3 air=True up=False expected=<0.013225525, -0.2614338, -0.9651308> actual=<0.013225525, -0.2614338, -0.9651308> lens=(-0.10818288, 37.501373, 44.73963) target=(1.7406626, -3.8146973E-06, -90.1796) pitch=-0.27108648
Final centered rendered ray and pivot-relative intent agree: HorizontalLookSensitivity=3 air=True up=False
Camera settings retain centered HUD: HorizontalLookSensitivity=3 air=True up=False
Authoritative articulation follows camera intent within network/pose tolerance: HorizontalLookSensitivity=3 air=True up=False
Shared body clearance remains safe: HorizontalLookSensitivity=3 air=True up=False
AIM_REMOTE HorizontalLookSensitivity=3 air=True up=False: acceptedYaw=-0.013702493 renderedYaw=6.269483 acceptedPitch=-0.11473724 renderedPitch=-0.114737175
Remote mount yaw and payload pitch settle to accepted HorizontalLookSensitivity=3 air=True up=False aim on actual presentation nodes
Local preference leaves host tuning and peer camera unchanged: HorizontalLookSensitivity=3 air=True up=False
CAMERA_AIM_SAMPLE HorizontalLookSensitivity=3 air=True up=True expected=<0.013550218, 0.14836378, -0.98884004> actual=<0.013550218, 0.14836378, -0.98884004> lens=(-0.14641811, 35.78932, 47.530003) target=(4.0650654, 78.91745, -259.807) pitch=0.14891352
Final centered rendered ray and pivot-relative intent agree: HorizontalLookSensitivity=3 air=True up=True
Camera settings retain centered HUD: HorizontalLookSensitivity=3 air=True up=True
Authoritative articulation follows camera intent within network/pose tolerance: HorizontalLookSensitivity=3 air=True up=True
Shared body clearance remains safe: HorizontalLookSensitivity=3 air=True up=True
AIM_REMOTE HorizontalLookSensitivity=3 air=True up=True: acceptedYaw=-0.013702287 renderedYaw=6.269483 acceptedPitch=0.14891352 renderedPitch=0.14891346
Remote mount yaw and payload pitch settle to accepted HorizontalLookSensitivity=3 air=True up=True aim on actual presentation nodes
Local preference leaves host tuning and peer camera unchanged: HorizontalLookSensitivity=3 air=True up=True
CAMERA_AIM_SAMPLE VerticalLookSensitivity=0.25 air=False up=False expected=<0.0044624195, -0.21325107, -0.97698724> actual=<0.0044624195, -0.21325107, -0.97698724> lens=(-0.031500094, 5.8002434, 43.74153) target=(0.0638213, 0, 22.872179) pitch=-0.27108654
Final centered rendered ray and pivot-relative intent agree: VerticalLookSensitivity=0.25 air=False up=False
Camera settings retain centered HUD: VerticalLookSensitivity=0.25 air=False up=False
Authoritative articulation follows camera intent within network/pose tolerance: VerticalLookSensitivity=0.25 air=False up=False
Shared body clearance remains safe: VerticalLookSensitivity=0.25 air=False up=False
AIM_REMOTE VerticalLookSensitivity=0.25 air=False up=False: acceptedYaw=-0.0045674983 renderedYaw=6.278618 acceptedPitch=-0.11474657 renderedPitch=-0.11474657
Remote mount yaw and payload pitch settle to accepted VerticalLookSensitivity=0.25 air=False up=False aim on actual presentation nodes
Local preference leaves host tuning and peer camera unchanged: VerticalLookSensitivity=0.25 air=False up=False
CAMERA_AIM_SAMPLE VerticalLookSensitivity=0.25 air=False up=True expected=<0.004516864, 0.14836371, -0.98892254> actual=<0.004516864, 0.14836371, -0.98892254> lens=(-0.03361616, 4.3098326, 44.204926) target=(1.3550593, 47.55902, -259.83176) pitch=0.14891346
Final centered rendered ray and pivot-relative intent agree: VerticalLookSensitivity=0.25 air=False up=True
Camera settings retain centered HUD: VerticalLookSensitivity=0.25 air=False up=True
Authoritative articulation follows camera intent within network/pose tolerance: VerticalLookSensitivity=0.25 air=False up=True
Shared body clearance remains safe: VerticalLookSensitivity=0.25 air=False up=True
AIM_REMOTE VerticalLookSensitivity=0.25 air=False up=True: acceptedYaw=-0.0045674285 renderedYaw=6.278618 acceptedPitch=0.14891346 renderedPitch=0.14891344
Remote mount yaw and payload pitch settle to accepted VerticalLookSensitivity=0.25 air=False up=True aim on actual presentation nodes
Local preference leaves host tuning and peer camera unchanged: VerticalLookSensitivity=0.25 air=False up=True
CAMERA_AIM_SAMPLE VerticalLookSensitivity=0.25 air=True up=False expected=<0.004408562, -0.2614364, -0.9652107> actual=<0.004408562, -0.2614364, -0.9652107> lens=(-0.03606141, 37.501007, 44.740288) target=(0.5802221, 3.8146973E-06, -90.188835) pitch=-0.27108654
Final centered rendered ray and pivot-relative intent agree: VerticalLookSensitivity=0.25 air=True up=False
Camera settings retain centered HUD: VerticalLookSensitivity=0.25 air=True up=False
Authoritative articulation follows camera intent within network/pose tolerance: VerticalLookSensitivity=0.25 air=True up=False
Shared body clearance remains safe: VerticalLookSensitivity=0.25 air=True up=False
AIM_REMOTE VerticalLookSensitivity=0.25 air=True up=False: acceptedYaw=-0.00456743 renderedYaw=6.278618 acceptedPitch=-0.11474657 renderedPitch=-0.11474656
Remote mount yaw and payload pitch settle to accepted VerticalLookSensitivity=0.25 air=True up=False aim on actual presentation nodes
Local preference leaves host tuning and peer camera unchanged: VerticalLookSensitivity=0.25 air=True up=False
CAMERA_AIM_SAMPLE VerticalLookSensitivity=0.25 air=True up=True expected=<0.004516932, 0.14836371, -0.98892254> actual=<0.004516932, 0.14836371, -0.98892254> lens=(-0.048808124, 35.78962, 47.530895) target=(1.3550797, 78.91743, -259.83176) pitch=0.14891346
Final centered rendered ray and pivot-relative intent agree: VerticalLookSensitivity=0.25 air=True up=True
Camera settings retain centered HUD: VerticalLookSensitivity=0.25 air=True up=True
Authoritative articulation follows camera intent within network/pose tolerance: VerticalLookSensitivity=0.25 air=True up=True
Shared body clearance remains safe: VerticalLookSensitivity=0.25 air=True up=True
AIM_REMOTE VerticalLookSensitivity=0.25 air=True up=True: acceptedYaw=-0.004567497 renderedYaw=6.278618 acceptedPitch=0.14891347 renderedPitch=0.1489134
Remote mount yaw and payload pitch settle to accepted VerticalLookSensitivity=0.25 air=True up=True aim on actual presentation nodes
Local preference leaves host tuning and peer camera unchanged: VerticalLookSensitivity=0.25 air=True up=True
CAMERA_AIM_SAMPLE VerticalLookSensitivity=1 air=False up=False expected=<0.0044625774, -0.21302406, -0.9770368> actual=<0.0044625774, -0.21302406, -0.9770368> lens=(-0.03173227, 5.818734, 43.792465) target=(0.06389156, 4.7683716E-07, 22.856583) pitch=-0.27108654
Final centered rendered ray and pivot-relative intent agree: VerticalLookSensitivity=1 air=False up=False
Camera settings retain centered HUD: VerticalLookSensitivity=1 air=False up=False
Authoritative articulation follows camera intent within network/pose tolerance: VerticalLookSensitivity=1 air=False up=False
Shared body clearance remains safe: VerticalLookSensitivity=1 air=False up=False
AIM_REMOTE VerticalLookSensitivity=1 air=False up=False: acceptedYaw=-0.00456743 renderedYaw=6.278618 acceptedPitch=-0.1147467 renderedPitch=-0.11474664
Remote mount yaw and payload pitch settle to accepted VerticalLookSensitivity=1 air=False up=False aim on actual presentation nodes
Local preference leaves host tuning and peer camera unchanged: VerticalLookSensitivity=1 air=False up=False
CAMERA_AIM_SAMPLE VerticalLookSensitivity=1 air=False up=True expected=<0.0045168647, 0.14836371, -0.98892254> actual=<0.0045168647, 0.14836371, -0.98892254> lens=(-0.033616163, 4.30984, 44.204926) target=(1.3550594, 47.55902, -259.83176) pitch=0.14891346
Final centered rendered ray and pivot-relative intent agree: VerticalLookSensitivity=1 air=False up=True
Camera settings retain centered HUD: VerticalLookSensitivity=1 air=False up=True
Authoritative articulation follows camera intent within network/pose tolerance: VerticalLookSensitivity=1 air=False up=True
Shared body clearance remains safe: VerticalLookSensitivity=1 air=False up=True
AIM_REMOTE VerticalLookSensitivity=1 air=False up=True: acceptedYaw=-0.004567429 renderedYaw=6.278618 acceptedPitch=0.14891346 renderedPitch=0.1489134
Remote mount yaw and payload pitch settle to accepted VerticalLookSensitivity=1 air=False up=True aim on actual presentation nodes
Local preference leaves host tuning and peer camera unchanged: VerticalLookSensitivity=1 air=False up=True
CAMERA_AIM_SAMPLE VerticalLookSensitivity=1 air=True up=False expected=<0.0044085644, -0.2614344, -0.96521115> actual=<0.0044085644, -0.2614344, -0.96521115> lens=(-0.036061414, 37.501297, 44.740288) target=(0.58022684, 3.8146973E-06, -90.18987) pitch=-0.27108654
Final centered rendered ray and pivot-relative intent agree: VerticalLookSensitivity=1 air=True up=False
Camera settings retain centered HUD: VerticalLookSensitivity=1 air=True up=False
Authoritative articulation follows camera intent within network/pose tolerance: VerticalLookSensitivity=1 air=True up=False
Shared body clearance remains safe: VerticalLookSensitivity=1 air=True up=False
AIM_REMOTE VerticalLookSensitivity=1 air=True up=False: acceptedYaw=-0.004567429 renderedYaw=6.278618 acceptedPitch=-0.11474672 renderedPitch=-0.1147467
Remote mount yaw and payload pitch settle to accepted VerticalLookSensitivity=1 air=True up=False aim on actual presentation nodes
Local preference leaves host tuning and peer camera unchanged: VerticalLookSensitivity=1 air=True up=False
CAMERA_AIM_SAMPLE VerticalLookSensitivity=1 air=True up=True expected=<0.004516932, 0.14836371, -0.98892254> actual=<0.004516932, 0.14836371, -0.98892254> lens=(-0.048808128, 35.789898, 47.530895) target=(1.3550797, 78.91743, -259.83176) pitch=0.14891346
Final centered rendered ray and pivot-relative intent agree: VerticalLookSensitivity=1 air=True up=True
Camera settings retain centered HUD: VerticalLookSensitivity=1 air=True up=True
Authoritative articulation follows camera intent within network/pose tolerance: VerticalLookSensitivity=1 air=True up=True
Shared body clearance remains safe: VerticalLookSensitivity=1 air=True up=True
AIM_REMOTE VerticalLookSensitivity=1 air=True up=True: acceptedYaw=-0.004567497 renderedYaw=6.278618 acceptedPitch=0.14891347 renderedPitch=0.14891344
Remote mount yaw and payload pitch settle to accepted VerticalLookSensitivity=1 air=True up=True aim on actual presentation nodes
Local preference leaves host tuning and peer camera unchanged: VerticalLookSensitivity=1 air=True up=True
CAMERA_AIM_SAMPLE VerticalLookSensitivity=3 air=False up=False expected=<0.0044625974, -0.21300444, -0.977041> actual=<0.0044625974, -0.21300444, -0.977041> lens=(-0.03170627, 5.817528, 43.786774) target=(0.063897744, 0, 22.85523) pitch=-0.27108654
Final centered rendered ray and pivot-relative intent agree: VerticalLookSensitivity=3 air=False up=False
Camera settings retain centered HUD: VerticalLookSensitivity=3 air=False up=False
Authoritative articulation follows camera intent within network/pose tolerance: VerticalLookSensitivity=3 air=False up=False
Shared body clearance remains safe: VerticalLookSensitivity=3 air=False up=False
AIM_REMOTE VerticalLookSensitivity=3 air=False up=False: acceptedYaw=-0.00456743 renderedYaw=6.278618 acceptedPitch=-0.114746734 renderedPitch=-0.114746705
Remote mount yaw and payload pitch settle to accepted VerticalLookSensitivity=3 air=False up=False aim on actual presentation nodes
Local preference leaves host tuning and peer camera unchanged: VerticalLookSensitivity=3 air=False up=False
CAMERA_AIM_SAMPLE VerticalLookSensitivity=3 air=False up=True expected=<0.004516864, 0.14836371, -0.98892254> actual=<0.004516864, 0.14836371, -0.98892254> lens=(-0.03361616, 4.309848, 44.204926) target=(1.3550593, 47.55902, -259.83176) pitch=0.14891346
Final centered rendered ray and pivot-relative intent agree: VerticalLookSensitivity=3 air=False up=True
Camera settings retain centered HUD: VerticalLookSensitivity=3 air=False up=True
Authoritative articulation follows camera intent within network/pose tolerance: VerticalLookSensitivity=3 air=False up=True
Shared body clearance remains safe: VerticalLookSensitivity=3 air=False up=True
AIM_REMOTE VerticalLookSensitivity=3 air=False up=True: acceptedYaw=-0.0045674285 renderedYaw=6.278618 acceptedPitch=0.14891347 renderedPitch=0.14891341
Remote mount yaw and payload pitch settle to accepted VerticalLookSensitivity=3 air=False up=True aim on actual presentation nodes
Local preference leaves host tuning and peer camera unchanged: VerticalLookSensitivity=3 air=False up=True
CAMERA_AIM_SAMPLE VerticalLookSensitivity=3 air=True up=False expected=<0.004408573, -0.26142788, -0.96521294> actual=<0.004408573, -0.26142788, -0.96521294> lens=(-0.036061414, 37.502243, 44.740288) target=(0.5802424, 3.8146973E-06, -90.193275) pitch=-0.27108654
Final centered rendered ray and pivot-relative intent agree: VerticalLookSensitivity=3 air=True up=False
Camera settings retain centered HUD: VerticalLookSensitivity=3 air=True up=False
Authoritative articulation follows camera intent within network/pose tolerance: VerticalLookSensitivity=3 air=True up=False
Shared body clearance remains safe: VerticalLookSensitivity=3 air=True up=False
AIM_REMOTE VerticalLookSensitivity=3 air=True up=False: acceptedYaw=-0.004567429 renderedYaw=6.278618 acceptedPitch=-0.114746615 renderedPitch=-0.11474656
Remote mount yaw and payload pitch settle to accepted VerticalLookSensitivity=3 air=True up=False aim on actual presentation nodes
Local preference leaves host tuning and peer camera unchanged: VerticalLookSensitivity=3 air=True up=False
CAMERA_AIM_SAMPLE VerticalLookSensitivity=3 air=True up=True expected=<0.004516864, 0.14836371, -0.98892254> actual=<0.004516864, 0.14836371, -0.98892254> lens=(-0.048807397, 35.790184, 47.530895) target=(1.3550593, 78.91743, -259.83176) pitch=0.14891346
Final centered rendered ray and pivot-relative intent agree: VerticalLookSensitivity=3 air=True up=True
Camera settings retain centered HUD: VerticalLookSensitivity=3 air=True up=True
Authoritative articulation follows camera intent within network/pose tolerance: VerticalLookSensitivity=3 air=True up=True
Shared body clearance remains safe: VerticalLookSensitivity=3 air=True up=True
AIM_REMOTE VerticalLookSensitivity=3 air=True up=True: acceptedYaw=-0.0045674285 renderedYaw=6.278618 acceptedPitch=0.14891346 renderedPitch=0.14891341
Remote mount yaw and payload pitch settle to accepted VerticalLookSensitivity=3 air=True up=True aim on actual presentation nodes
Local preference leaves host tuning and peer camera unchanged: VerticalLookSensitivity=3 air=True up=True
CAMERA_AIM_SAMPLE StickAimSensitivity=0.25 air=False up=False expected=<0.0011156481, -0.2130233, -0.97704643> actual=<0.0011156481, -0.2130233, -0.97704643> lens=(-0.007933092, 5.818749, 43.792534) target=(0.015973002, 0, 22.856392) pitch=-0.27108654
Final centered rendered ray and pivot-relative intent agree: StickAimSensitivity=0.25 air=False up=False
Camera settings retain centered HUD: StickAimSensitivity=0.25 air=False up=False
Authoritative articulation follows camera intent within network/pose tolerance: StickAimSensitivity=0.25 air=False up=False
Shared body clearance remains safe: StickAimSensitivity=0.25 air=False up=False
AIM_REMOTE StickAimSensitivity=0.25 air=False up=False: acceptedYaw=-0.0011418569 renderedYaw=6.2820435 acceptedPitch=-0.114747666 renderedPitch=-0.114747666
Remote mount yaw and payload pitch settle to accepted StickAimSensitivity=0.25 air=False up=False aim on actual presentation nodes
Local preference leaves host tuning and peer camera unchanged: StickAimSensitivity=0.25 air=False up=False
CAMERA_AIM_SAMPLE StickAimSensitivity=0.25 air=False up=True expected=<0.0011292197, 0.14836375, -0.9889322> actual=<0.0011292197, 0.14836375, -0.9889322> lens=(-0.008404067, 4.3098526, 44.204998) target=(0.33876592, 47.55904, -259.8347) pitch=0.14891352
Final centered rendered ray and pivot-relative intent agree: StickAimSensitivity=0.25 air=False up=True
Camera settings retain centered HUD: StickAimSensitivity=0.25 air=False up=True
Authoritative articulation follows camera intent within network/pose tolerance: StickAimSensitivity=0.25 air=False up=True
Shared body clearance remains safe: StickAimSensitivity=0.25 air=False up=True
AIM_REMOTE StickAimSensitivity=0.25 air=False up=True: acceptedYaw=-0.001141857 renderedYaw=6.2820435 acceptedPitch=0.1489135 renderedPitch=0.14891349
Remote mount yaw and payload pitch settle to accepted StickAimSensitivity=0.25 air=False up=True aim on actual presentation nodes
Local preference leaves host tuning and peer camera unchanged: StickAimSensitivity=0.25 air=False up=True
CAMERA_AIM_SAMPLE StickAimSensitivity=0.25 air=True up=False expected=<0.0011019704, -0.26162308, -0.9651695> actual=<0.0011019704, -0.26162308, -0.9651695> lens=(-0.009115326, 37.33561, 44.82873) target=(0.14426038, 7.6293945E-06, -89.50659) pitch=-0.27108654
Final centered rendered ray and pivot-relative intent agree: StickAimSensitivity=0.25 air=True up=False
Camera settings retain centered HUD: StickAimSensitivity=0.25 air=True up=False
Authoritative articulation follows camera intent within network/pose tolerance: StickAimSensitivity=0.25 air=True up=False
Shared body clearance remains safe: StickAimSensitivity=0.25 air=True up=False
AIM_REMOTE StickAimSensitivity=0.25 air=True up=False: acceptedYaw=-0.0011417371 renderedYaw=6.282044 acceptedPitch=-0.1147476 renderedPitch=-0.11474763
Remote mount yaw and payload pitch settle to accepted StickAimSensitivity=0.25 air=True up=False aim on actual presentation nodes
Local preference leaves host tuning and peer camera unchanged: StickAimSensitivity=0.25 air=True up=False
CAMERA_AIM_SAMPLE StickAimSensitivity=0.25 air=True up=True expected=<0.0011292028, 0.14836377, -0.9889322> actual=<0.0011292028, 0.14836377, -0.9889322> lens=(-0.01221377, 35.770298, 47.541565) target=(0.33876088, 78.91745, -259.8347) pitch=0.14891352
Final centered rendered ray and pivot-relative intent agree: StickAimSensitivity=0.25 air=True up=True
Camera settings retain centered HUD: StickAimSensitivity=0.25 air=True up=True
Authoritative articulation follows camera intent within network/pose tolerance: StickAimSensitivity=0.25 air=True up=True
Shared body clearance remains safe: StickAimSensitivity=0.25 air=True up=True
AIM_REMOTE StickAimSensitivity=0.25 air=True up=True: acceptedYaw=-0.00114184 renderedYaw=6.2820435 acceptedPitch=0.1489135 renderedPitch=0.14891349
Remote mount yaw and payload pitch settle to accepted StickAimSensitivity=0.25 air=True up=True aim on actual presentation nodes
Local preference leaves host tuning and peer camera unchanged: StickAimSensitivity=0.25 air=True up=True
CAMERA_AIM_SAMPLE StickAimSensitivity=1 air=False up=False expected=<0.004462485, -0.21304898, -0.9770313> actual=<0.004462485, -0.21304898, -0.9770313> lens=(-0.031731784, 5.8182583, 43.792465) target=(0.06388279, -4.7683716E-07, 22.858292) pitch=-0.27108654
Final centered rendered ray and pivot-relative intent agree: StickAimSensitivity=1 air=False up=False
Camera settings retain centered HUD: StickAimSensitivity=1 air=False up=False
Authoritative articulation follows camera intent within network/pose tolerance: StickAimSensitivity=1 air=False up=False
Shared body clearance remains safe: StickAimSensitivity=1 air=False up=False
AIM_REMOTE StickAimSensitivity=1 air=False up=False: acceptedYaw=-0.004567361 renderedYaw=6.2786183 acceptedPitch=-0.1147466 renderedPitch=-0.11474657
Remote mount yaw and payload pitch settle to accepted StickAimSensitivity=1 air=False up=False aim on actual presentation nodes
Local preference leaves host tuning and peer camera unchanged: StickAimSensitivity=1 air=False up=False
CAMERA_AIM_SAMPLE StickAimSensitivity=1 air=False up=True expected=<0.0045155096, 0.14836371, -0.98892254> actual=<0.0045155096, 0.14836371, -0.98892254> lens=(-0.033606075, 4.3093643, 44.204926) target=(1.3546529, 47.55902, -259.83176) pitch=0.14891346
Final centered rendered ray and pivot-relative intent agree: StickAimSensitivity=1 air=False up=True
Camera settings retain centered HUD: StickAimSensitivity=1 air=False up=True
Authoritative articulation follows camera intent within network/pose tolerance: StickAimSensitivity=1 air=False up=True
Shared body clearance remains safe: StickAimSensitivity=1 air=False up=True
AIM_REMOTE StickAimSensitivity=1 air=False up=True: acceptedYaw=-0.0045660585 renderedYaw=6.2786193 acceptedPitch=0.14891346 renderedPitch=0.14891344
Remote mount yaw and payload pitch settle to accepted StickAimSensitivity=1 air=False up=True aim on actual presentation nodes
Local preference leaves host tuning and peer camera unchanged: StickAimSensitivity=1 air=False up=True
CAMERA_AIM_SAMPLE StickAimSensitivity=1 air=True up=False expected=<0.0044083996, -0.2615677, -0.9651751> actual=<0.0044083996, -0.2615677, -0.9651751> lens=(-0.036061402, 37.481983, 44.740288) target=(0.57990944, 3.8146973E-06, -90.120384) pitch=-0.27108654
Final centered rendered ray and pivot-relative intent agree: StickAimSensitivity=1 air=True up=False
Camera settings retain centered HUD: StickAimSensitivity=1 air=True up=False
Authoritative articulation follows camera intent within network/pose tolerance: StickAimSensitivity=1 air=True up=False
Shared body clearance remains safe: StickAimSensitivity=1 air=True up=False
AIM_REMOTE StickAimSensitivity=1 air=True up=False: acceptedYaw=-0.0045674285 renderedYaw=6.278618 acceptedPitch=-0.114746734 renderedPitch=-0.114746705
Remote mount yaw and payload pitch settle to accepted StickAimSensitivity=1 air=True up=False aim on actual presentation nodes
Local preference leaves host tuning and peer camera unchanged: StickAimSensitivity=1 air=True up=False
CAMERA_AIM_SAMPLE StickAimSensitivity=1 air=True up=True expected=<0.0045167967, 0.14836371, -0.98892254> actual=<0.0045167967, 0.14836371, -0.98892254> lens=(-0.048806664, 35.770584, 47.530895) target=(1.355039, 78.91743, -259.83176) pitch=0.14891346
Final centered rendered ray and pivot-relative intent agree: StickAimSensitivity=1 air=True up=True
Camera settings retain centered HUD: StickAimSensitivity=1 air=True up=True
Authoritative articulation follows camera intent within network/pose tolerance: StickAimSensitivity=1 air=True up=True
Shared body clearance remains safe: StickAimSensitivity=1 air=True up=True
AIM_REMOTE StickAimSensitivity=1 air=True up=True: acceptedYaw=-0.00456736 renderedYaw=6.2786183 acceptedPitch=0.14891347 renderedPitch=0.14891344
Remote mount yaw and payload pitch settle to accepted StickAimSensitivity=1 air=True up=True aim on actual presentation nodes
Local preference leaves host tuning and peer camera unchanged: StickAimSensitivity=1 air=True up=True
CAMERA_AIM_SAMPLE StickAimSensitivity=3 air=False up=False expected=<0.013387344, -0.2130292, -0.9769541> actual=<0.013387344, -0.2130292, -0.9769541> lens=(-0.09511616, 5.817053, 43.786194) target=(0.19166455, -4.7683716E-07, 22.858099) pitch=-0.27108648
Final centered rendered ray and pivot-relative intent agree: StickAimSensitivity=3 air=False up=False
Camera settings retain centered HUD: StickAimSensitivity=3 air=False up=False
Authoritative articulation follows camera intent within network/pose tolerance: StickAimSensitivity=3 air=False up=False
Shared body clearance remains safe: StickAimSensitivity=3 air=False up=False
AIM_REMOTE StickAimSensitivity=3 air=False up=False: acceptedYaw=-0.013702288 renderedYaw=6.269483 acceptedPitch=-0.114737235 renderedPitch=-0.11473721
Remote mount yaw and payload pitch settle to accepted StickAimSensitivity=3 air=False up=False aim on actual presentation nodes
Local preference leaves host tuning and peer camera unchanged: StickAimSensitivity=3 air=False up=False
CAMERA_AIM_SAMPLE StickAimSensitivity=3 air=False up=True expected=<0.013549813, 0.14836374, -0.98884004> actual=<0.013549813, 0.14836374, -0.98884004> lens=(-0.10084265, 4.309373, 44.20431) target=(4.064944, 47.55903, -259.807) pitch=0.14891349
Final centered rendered ray and pivot-relative intent agree: StickAimSensitivity=3 air=False up=True
Camera settings retain centered HUD: StickAimSensitivity=3 air=False up=True
Authoritative articulation follows camera intent within network/pose tolerance: StickAimSensitivity=3 air=False up=True
Shared body clearance remains safe: StickAimSensitivity=3 air=False up=True
AIM_REMOTE StickAimSensitivity=3 air=False up=True: acceptedYaw=-0.013701878 renderedYaw=6.2694836 acceptedPitch=0.1489135 renderedPitch=0.14891344
Remote mount yaw and payload pitch settle to accepted StickAimSensitivity=3 air=False up=True aim on actual presentation nodes
Local preference leaves host tuning and peer camera unchanged: StickAimSensitivity=3 air=False up=True
CAMERA_AIM_SAMPLE StickAimSensitivity=3 air=True up=False expected=<0.013224855, -0.2615611, -0.9650963> actual=<0.013224855, -0.2615611, -0.9650963> lens=(-0.10818123, 37.482933, 44.73963) target=(1.7397273, 0, -90.11324) pitch=-0.27108648
Final centered rendered ray and pivot-relative intent agree: StickAimSensitivity=3 air=True up=False
Camera settings retain centered HUD: StickAimSensitivity=3 air=True up=False
Authoritative articulation follows camera intent within network/pose tolerance: StickAimSensitivity=3 air=True up=False
Shared body clearance remains safe: StickAimSensitivity=3 air=True up=False
AIM_REMOTE StickAimSensitivity=3 air=True up=False: acceptedYaw=-0.013702289 renderedYaw=6.269483 acceptedPitch=-0.11473702 renderedPitch=-0.11473705
Remote mount yaw and payload pitch settle to accepted StickAimSensitivity=3 air=True up=False aim on actual presentation nodes
Local preference leaves host tuning and peer camera unchanged: StickAimSensitivity=3 air=True up=False
CAMERA_AIM_SAMPLE StickAimSensitivity=3 air=True up=True expected=<0.013549813, 0.14836374, -0.98884004> actual=<0.013549813, 0.14836374, -0.98884004> lens=(-0.14641373, 35.77087, 47.530003) target=(4.064944, 78.917435, -259.807) pitch=0.14891349
Final centered rendered ray and pivot-relative intent agree: StickAimSensitivity=3 air=True up=True
Camera settings retain centered HUD: StickAimSensitivity=3 air=True up=True
Authoritative articulation follows camera intent within network/pose tolerance: StickAimSensitivity=3 air=True up=True
Shared body clearance remains safe: StickAimSensitivity=3 air=True up=True
AIM_REMOTE StickAimSensitivity=3 air=True up=True: acceptedYaw=-0.013701878 renderedYaw=6.2694836 acceptedPitch=0.14891349 renderedPitch=0.14891343
Remote mount yaw and payload pitch settle to accepted StickAimSensitivity=3 air=True up=True aim on actual presentation nodes
Local preference leaves host tuning and peer camera unchanged: StickAimSensitivity=3 air=True up=True
CAMERA_AIM_SAMPLE CameraRecenterSpeed=0.25 air=False up=False expected=<0.0044625048, -0.21302892, -0.9770357> actual=<0.0044625048, -0.21302892, -0.9770357> lens=(-0.031705797, 5.8170595, 43.786774) target=(0.063889064, 4.7683716E-07, 22.856916) pitch=-0.27108654
Final centered rendered ray and pivot-relative intent agree: CameraRecenterSpeed=0.25 air=False up=False
Camera settings retain centered HUD: CameraRecenterSpeed=0.25 air=False up=False
Authoritative articulation follows camera intent within network/pose tolerance: CameraRecenterSpeed=0.25 air=False up=False
Shared body clearance remains safe: CameraRecenterSpeed=0.25 air=False up=False
AIM_REMOTE CameraRecenterSpeed=0.25 air=False up=False: acceptedYaw=-0.0045673596 renderedYaw=6.2786183 acceptedPitch=-0.11474663 renderedPitch=-0.11474664
Remote mount yaw and payload pitch settle to accepted CameraRecenterSpeed=0.25 air=False up=False aim on actual presentation nodes
Local preference leaves host tuning and peer camera unchanged: CameraRecenterSpeed=0.25 air=False up=False
CAMERA_AIM_SAMPLE CameraRecenterSpeed=0.25 air=False up=True expected=<0.004516864, 0.14836371, -0.98892254> actual=<0.004516864, 0.14836371, -0.98892254> lens=(-0.03361616, 4.3093767, 44.204926) target=(1.3550593, 47.55902, -259.83176) pitch=0.14891346
Final centered rendered ray and pivot-relative intent agree: CameraRecenterSpeed=0.25 air=False up=True
Camera settings retain centered HUD: CameraRecenterSpeed=0.25 air=False up=True
Authoritative articulation follows camera intent within network/pose tolerance: CameraRecenterSpeed=0.25 air=False up=True
Shared body clearance remains safe: CameraRecenterSpeed=0.25 air=False up=True
AIM_REMOTE CameraRecenterSpeed=0.25 air=False up=True: acceptedYaw=-0.0045674285 renderedYaw=6.278618 acceptedPitch=0.14891346 renderedPitch=0.14891344
Remote mount yaw and payload pitch settle to accepted CameraRecenterSpeed=0.25 air=False up=True aim on actual presentation nodes
Local preference leaves host tuning and peer camera unchanged: CameraRecenterSpeed=0.25 air=False up=True
CAMERA_AIM_SAMPLE CameraRecenterSpeed=0.25 air=True up=False expected=<0.004408404, -0.26156372, -0.9651761> actual=<0.004408404, -0.26156372, -0.9651761> lens=(-0.036061402, 37.48256, 44.740288) target=(0.57991886, 3.8146973E-06, -90.122444) pitch=-0.27108654
Final centered rendered ray and pivot-relative intent agree: CameraRecenterSpeed=0.25 air=True up=False
Camera settings retain centered HUD: CameraRecenterSpeed=0.25 air=True up=False
Authoritative articulation follows camera intent within network/pose tolerance: CameraRecenterSpeed=0.25 air=True up=False
Shared body clearance remains safe: CameraRecenterSpeed=0.25 air=True up=False
AIM_REMOTE CameraRecenterSpeed=0.25 air=True up=False: acceptedYaw=-0.004567429 renderedYaw=6.278618 acceptedPitch=-0.11474654 renderedPitch=-0.11474652
Remote mount yaw and payload pitch settle to accepted CameraRecenterSpeed=0.25 air=True up=False aim on actual presentation nodes
Local preference leaves host tuning and peer camera unchanged: CameraRecenterSpeed=0.25 air=True up=False
CAMERA_AIM_SAMPLE CameraRecenterSpeed=0.25 air=True up=True expected=<0.004516864, 0.14836371, -0.98892254> actual=<0.004516864, 0.14836371, -0.98892254> lens=(-0.048807397, 35.77116, 47.530895) target=(1.3550593, 78.91743, -259.83176) pitch=0.14891346
Final centered rendered ray and pivot-relative intent agree: CameraRecenterSpeed=0.25 air=True up=True
Camera settings retain centered HUD: CameraRecenterSpeed=0.25 air=True up=True
Authoritative articulation follows camera intent within network/pose tolerance: CameraRecenterSpeed=0.25 air=True up=True
Shared body clearance remains safe: CameraRecenterSpeed=0.25 air=True up=True
AIM_REMOTE CameraRecenterSpeed=0.25 air=True up=True: acceptedYaw=-0.0045674285 renderedYaw=6.278618 acceptedPitch=0.14891344 renderedPitch=0.14891343
Remote mount yaw and payload pitch settle to accepted CameraRecenterSpeed=0.25 air=True up=True aim on actual presentation nodes
Local preference leaves host tuning and peer camera unchanged: CameraRecenterSpeed=0.25 air=True up=True
CAMERA_AIM_SAMPLE CameraRecenterSpeed=1 air=False up=False expected=<0.0044625537, -0.2130479, -0.9770316> actual=<0.0044625537, -0.2130479, -0.9770316> lens=(-0.03173227, 5.8182793, 43.792465) target=(0.06388408, 0, 22.85822) pitch=-0.27108654
Final centered rendered ray and pivot-relative intent agree: CameraRecenterSpeed=1 air=False up=False
Camera settings retain centered HUD: CameraRecenterSpeed=1 air=False up=False
Authoritative articulation follows camera intent within network/pose tolerance: CameraRecenterSpeed=1 air=False up=False
Shared body clearance remains safe: CameraRecenterSpeed=1 air=False up=False
AIM_REMOTE CameraRecenterSpeed=1 air=False up=False: acceptedYaw=-0.00456743 renderedYaw=6.278618 acceptedPitch=-0.114746734 renderedPitch=-0.1147467
Remote mount yaw and payload pitch settle to accepted CameraRecenterSpeed=1 air=False up=False aim on actual presentation nodes
Local preference leaves host tuning and peer camera unchanged: CameraRecenterSpeed=1 air=False up=False
CAMERA_AIM_SAMPLE CameraRecenterSpeed=1 air=False up=True expected=<0.004516864, 0.14836371, -0.98892254> actual=<0.004516864, 0.14836371, -0.98892254> lens=(-0.03361616, 4.3093853, 44.204926) target=(1.3550593, 47.55902, -259.83176) pitch=0.14891346
Final centered rendered ray and pivot-relative intent agree: CameraRecenterSpeed=1 air=False up=True
Camera settings retain centered HUD: CameraRecenterSpeed=1 air=False up=True
Authoritative articulation follows camera intent within network/pose tolerance: CameraRecenterSpeed=1 air=False up=True
Shared body clearance remains safe: CameraRecenterSpeed=1 air=False up=True
AIM_REMOTE CameraRecenterSpeed=1 air=False up=True: acceptedYaw=-0.0045674285 renderedYaw=6.278618 acceptedPitch=0.14891346 renderedPitch=0.1489134
Remote mount yaw and payload pitch settle to accepted CameraRecenterSpeed=1 air=False up=True aim on actual presentation nodes
Local preference leaves host tuning and peer camera unchanged: CameraRecenterSpeed=1 air=False up=True
CAMERA_AIM_SAMPLE CameraRecenterSpeed=1 air=True up=False expected=<0.0044084066, -0.26156166, -0.96517664> actual=<0.0044084066, -0.26156166, -0.96517664> lens=(-0.036061395, 37.482853, 44.740284) target=(0.5799237, 7.6293945E-06, -90.123505) pitch=-0.27108654
Final centered rendered ray and pivot-relative intent agree: CameraRecenterSpeed=1 air=True up=False
Camera settings retain centered HUD: CameraRecenterSpeed=1 air=True up=False
Authoritative articulation follows camera intent within network/pose tolerance: CameraRecenterSpeed=1 air=True up=False
Shared body clearance remains safe: CameraRecenterSpeed=1 air=True up=False
AIM_REMOTE CameraRecenterSpeed=1 air=True up=False: acceptedYaw=-0.0045674294 renderedYaw=6.278618 acceptedPitch=-0.114746496 renderedPitch=-0.11474653
Remote mount yaw and payload pitch settle to accepted CameraRecenterSpeed=1 air=True up=False aim on actual presentation nodes
Local preference leaves host tuning and peer camera unchanged: CameraRecenterSpeed=1 air=True up=False
CAMERA_AIM_SAMPLE CameraRecenterSpeed=1 air=True up=True expected=<0.004516864, 0.14836371, -0.98892254> actual=<0.004516864, 0.14836371, -0.98892254> lens=(-0.0488074, 35.771446, 47.530895) target=(1.3550593, 78.91743, -259.83176) pitch=0.14891346
Final centered rendered ray and pivot-relative intent agree: CameraRecenterSpeed=1 air=True up=True
Camera settings retain centered HUD: CameraRecenterSpeed=1 air=True up=True
Authoritative articulation follows camera intent within network/pose tolerance: CameraRecenterSpeed=1 air=True up=True
Shared body clearance remains safe: CameraRecenterSpeed=1 air=True up=True
AIM_REMOTE CameraRecenterSpeed=1 air=True up=True: acceptedYaw=-0.0045674285 renderedYaw=6.278618 acceptedPitch=0.14891347 renderedPitch=0.14891344
Remote mount yaw and payload pitch settle to accepted CameraRecenterSpeed=1 air=True up=True aim on actual presentation nodes
Local preference leaves host tuning and peer camera unchanged: CameraRecenterSpeed=1 air=True up=True
CAMERA_AIM_SAMPLE CameraRecenterSpeed=3 air=False up=False expected=<0.0044625737, -0.2130282, -0.9770359> actual=<0.0044625737, -0.2130282, -0.9770359> lens=(-0.03170627, 5.817074, 43.786774) target=(0.06389026, 4.7683716E-07, 22.856867) pitch=-0.27108654
Final centered rendered ray and pivot-relative intent agree: CameraRecenterSpeed=3 air=False up=False
Camera settings retain centered HUD: CameraRecenterSpeed=3 air=False up=False
Authoritative articulation follows camera intent within network/pose tolerance: CameraRecenterSpeed=3 air=False up=False
Shared body clearance remains safe: CameraRecenterSpeed=3 air=False up=False
AIM_REMOTE CameraRecenterSpeed=3 air=False up=False: acceptedYaw=-0.004567429 renderedYaw=6.278618 acceptedPitch=-0.114746734 renderedPitch=-0.11474665
Remote mount yaw and payload pitch settle to accepted CameraRecenterSpeed=3 air=False up=False aim on actual presentation nodes
Local preference leaves host tuning and peer camera unchanged: CameraRecenterSpeed=3 air=False up=False
CAMERA_AIM_SAMPLE CameraRecenterSpeed=3 air=False up=True expected=<0.004516864, 0.14836371, -0.98892254> actual=<0.004516864, 0.14836371, -0.98892254> lens=(-0.03361616, 4.309392, 44.204926) target=(1.3550593, 47.55902, -259.83176) pitch=0.14891346
Final centered rendered ray and pivot-relative intent agree: CameraRecenterSpeed=3 air=False up=True
Camera settings retain centered HUD: CameraRecenterSpeed=3 air=False up=True
Authoritative articulation follows camera intent within network/pose tolerance: CameraRecenterSpeed=3 air=False up=True
Shared body clearance remains safe: CameraRecenterSpeed=3 air=False up=True
AIM_REMOTE CameraRecenterSpeed=3 air=False up=True: acceptedYaw=-0.0045674285 renderedYaw=6.278618 acceptedPitch=0.14891347 renderedPitch=0.14891341
Remote mount yaw and payload pitch settle to accepted CameraRecenterSpeed=3 air=False up=True aim on actual presentation nodes
Local preference leaves host tuning and peer camera unchanged: CameraRecenterSpeed=3 air=False up=True
CAMERA_AIM_SAMPLE CameraRecenterSpeed=3 air=True up=False expected=<0.004408415, -0.26155517, -0.96517843> actual=<0.004408415, -0.26155517, -0.96517843> lens=(-0.0360614, 37.4838, 44.740284) target=(0.5799393, 0, -90.12692) pitch=-0.27108654
Final centered rendered ray and pivot-relative intent agree: CameraRecenterSpeed=3 air=True up=False
Camera settings retain centered HUD: CameraRecenterSpeed=3 air=True up=False
Authoritative articulation follows camera intent within network/pose tolerance: CameraRecenterSpeed=3 air=True up=False
Shared body clearance remains safe: CameraRecenterSpeed=3 air=True up=False
AIM_REMOTE CameraRecenterSpeed=3 air=True up=False: acceptedYaw=-0.0045674294 renderedYaw=6.278618 acceptedPitch=-0.11474663 renderedPitch=-0.114746615
Remote mount yaw and payload pitch settle to accepted CameraRecenterSpeed=3 air=True up=False aim on actual presentation nodes
Local preference leaves host tuning and peer camera unchanged: CameraRecenterSpeed=3 air=True up=False
CAMERA_AIM_SAMPLE CameraRecenterSpeed=3 air=True up=True expected=<0.0045167967, 0.14836371, -0.98892254> actual=<0.0045167967, 0.14836371, -0.98892254> lens=(-0.04880666, 35.771744, 47.530895) target=(1.355039, 78.91743, -259.83176) pitch=0.14891346
Final centered rendered ray and pivot-relative intent agree: CameraRecenterSpeed=3 air=True up=True
Camera settings retain centered HUD: CameraRecenterSpeed=3 air=True up=True
Authoritative articulation follows camera intent within network/pose tolerance: CameraRecenterSpeed=3 air=True up=True
Shared body clearance remains safe: CameraRecenterSpeed=3 air=True up=True
AIM_REMOTE CameraRecenterSpeed=3 air=True up=True: acceptedYaw=-0.00456736 renderedYaw=6.2786183 acceptedPitch=0.14891346 renderedPitch=0.14891298
Remote mount yaw and payload pitch settle to accepted CameraRecenterSpeed=3 air=True up=True aim on actual presentation nodes
Local preference leaves host tuning and peer camera unchanged: CameraRecenterSpeed=3 air=True up=True
CAMERA_AIM_SAMPLE CameraFov=50 air=False up=False expected=<0.00446244, -0.21302785, -0.977036> actual=<0.00446244, -0.21302785, -0.977036> lens=(-0.031705316, 5.8170805, 43.786774) target=(0.06388846, 4.7683716E-07, 22.856842) pitch=-0.27108654
Final centered rendered ray and pivot-relative intent agree: CameraFov=50 air=False up=False
Camera settings retain centered HUD: CameraFov=50 air=False up=False
Authoritative articulation follows camera intent within network/pose tolerance: CameraFov=50 air=False up=False
Shared body clearance remains safe: CameraFov=50 air=False up=False
AIM_REMOTE CameraFov=50 air=False up=False: acceptedYaw=-0.0045672925 renderedYaw=6.2786183 acceptedPitch=-0.11474669 renderedPitch=-0.11474667
Remote mount yaw and payload pitch settle to accepted CameraFov=50 air=False up=False aim on actual presentation nodes
Local preference leaves host tuning and peer camera unchanged: CameraFov=50 air=False up=False
CAMERA_AIM_SAMPLE CameraFov=50 air=False up=True expected=<0.004516864, 0.14836371, -0.98892254> actual=<0.004516864, 0.14836371, -0.98892254> lens=(-0.03361616, 4.3093977, 44.204926) target=(1.3550593, 47.55902, -259.83176) pitch=0.14891346
Final centered rendered ray and pivot-relative intent agree: CameraFov=50 air=False up=True
Camera settings retain centered HUD: CameraFov=50 air=False up=True
Authoritative articulation follows camera intent within network/pose tolerance: CameraFov=50 air=False up=True
Shared body clearance remains safe: CameraFov=50 air=False up=True
AIM_REMOTE CameraFov=50 air=False up=True: acceptedYaw=-0.0045674285 renderedYaw=6.278618 acceptedPitch=0.14891346 renderedPitch=0.14891344
Remote mount yaw and payload pitch settle to accepted CameraFov=50 air=False up=True aim on actual presentation nodes
Local preference leaves host tuning and peer camera unchanged: CameraFov=50 air=False up=True
CAMERA_AIM_SAMPLE CameraFov=50 air=True up=False expected=<0.0044084773, -0.2615577, -0.9651778> actual=<0.0044084773, -0.2615577, -0.9651778> lens=(-0.036061935, 37.48343, 44.740284) target=(0.57994187, 3.8146973E-06, -90.125595) pitch=-0.27108654
Final centered rendered ray and pivot-relative intent agree: CameraFov=50 air=True up=False
Camera settings retain centered HUD: CameraFov=50 air=True up=False
Authoritative articulation follows camera intent within network/pose tolerance: CameraFov=50 air=True up=False
Shared body clearance remains safe: CameraFov=50 air=True up=False
AIM_REMOTE CameraFov=50 air=True up=False: acceptedYaw=-0.0045674974 renderedYaw=6.278618 acceptedPitch=-0.11474654 renderedPitch=-0.11474654
Remote mount yaw and payload pitch settle to accepted CameraFov=50 air=True up=False aim on actual presentation nodes
Local preference leaves host tuning and peer camera unchanged: CameraFov=50 air=True up=False
CAMERA_AIM_SAMPLE CameraFov=50 air=True up=True expected=<0.0045167967, 0.14836371, -0.98892254> actual=<0.0045167967, 0.14836371, -0.98892254> lens=(-0.048806664, 35.772026, 47.530895) target=(1.355039, 78.91743, -259.83176) pitch=0.14891346
Final centered rendered ray and pivot-relative intent agree: CameraFov=50 air=True up=True
Camera settings retain centered HUD: CameraFov=50 air=True up=True
Authoritative articulation follows camera intent within network/pose tolerance: CameraFov=50 air=True up=True
Shared body clearance remains safe: CameraFov=50 air=True up=True
AIM_REMOTE CameraFov=50 air=True up=True: acceptedYaw=-0.00456736 renderedYaw=6.2786183 acceptedPitch=0.14891346 renderedPitch=0.14891343
Remote mount yaw and payload pitch settle to accepted CameraFov=50 air=True up=True aim on actual presentation nodes
Local preference leaves host tuning and peer camera unchanged: CameraFov=50 air=True up=True
CAMERA_AIM_SAMPLE CameraFov=65 air=False up=False expected=<0.004462486, -0.21304673, -0.9770318> actual=<0.004462486, -0.21304673, -0.9770318> lens=(-0.031731788, 5.818301, 43.792465) target=(0.06388347, 0, 22.858139) pitch=-0.27108654
Final centered rendered ray and pivot-relative intent agree: CameraFov=65 air=False up=False
Camera settings retain centered HUD: CameraFov=65 air=False up=False
Authoritative articulation follows camera intent within network/pose tolerance: CameraFov=65 air=False up=False
Shared body clearance remains safe: CameraFov=65 air=False up=False
AIM_REMOTE CameraFov=65 air=False up=False: acceptedYaw=-0.0045673596 renderedYaw=6.2786183 acceptedPitch=-0.11474672 renderedPitch=-0.114746645
Remote mount yaw and payload pitch settle to accepted CameraFov=65 air=False up=False aim on actual presentation nodes
Local preference leaves host tuning and peer camera unchanged: CameraFov=65 air=False up=False
CAMERA_AIM_SAMPLE CameraFov=65 air=False up=True expected=<0.0045167967, 0.14836371, -0.98892254> actual=<0.0045167967, 0.14836371, -0.98892254> lens=(-0.033615652, 4.3094063, 44.204926) target=(1.355039, 47.55902, -259.83176) pitch=0.14891346
Final centered rendered ray and pivot-relative intent agree: CameraFov=65 air=False up=True
Camera settings retain centered HUD: CameraFov=65 air=False up=True
Authoritative articulation follows camera intent within network/pose tolerance: CameraFov=65 air=False up=True
Shared body clearance remains safe: CameraFov=65 air=False up=True
AIM_REMOTE CameraFov=65 air=False up=True: acceptedYaw=-0.00456736 renderedYaw=6.2786183 acceptedPitch=0.14891346 renderedPitch=0.14891344
Remote mount yaw and payload pitch settle to accepted CameraFov=65 air=False up=True aim on actual presentation nodes
Local preference leaves host tuning and peer camera unchanged: CameraFov=65 air=False up=True
CAMERA_AIM_SAMPLE CameraFov=65 air=True up=False expected=<0.004408414, -0.26155573, -0.9651783> actual=<0.004408414, -0.26155573, -0.9651783> lens=(-0.03606141, 37.48372, 44.740288) target=(0.57993793, 3.8146973E-06, -90.126625) pitch=-0.27108654
Final centered rendered ray and pivot-relative intent agree: CameraFov=65 air=True up=False
Camera settings retain centered HUD: CameraFov=65 air=True up=False
Authoritative articulation follows camera intent within network/pose tolerance: CameraFov=65 air=True up=False
Shared body clearance remains safe: CameraFov=65 air=True up=False
AIM_REMOTE CameraFov=65 air=True up=False: acceptedYaw=-0.004567429 renderedYaw=6.278618 acceptedPitch=-0.114746556 renderedPitch=-0.11474655
Remote mount yaw and payload pitch settle to accepted CameraFov=65 air=True up=False aim on actual presentation nodes
Local preference leaves host tuning and peer camera unchanged: CameraFov=65 air=True up=False
CAMERA_AIM_SAMPLE CameraFov=65 air=True up=True expected=<0.004516864, 0.14836371, -0.98892254> actual=<0.004516864, 0.14836371, -0.98892254> lens=(-0.0488074, 35.772305, 47.530895) target=(1.3550593, 78.91743, -259.83176) pitch=0.14891346
Final centered rendered ray and pivot-relative intent agree: CameraFov=65 air=True up=True
Camera settings retain centered HUD: CameraFov=65 air=True up=True
Authoritative articulation follows camera intent within network/pose tolerance: CameraFov=65 air=True up=True
Shared body clearance remains safe: CameraFov=65 air=True up=True
AIM_REMOTE CameraFov=65 air=True up=True: acceptedYaw=-0.0045674285 renderedYaw=6.278618 acceptedPitch=0.14891347 renderedPitch=0.14891344
Remote mount yaw and payload pitch settle to accepted CameraFov=65 air=True up=True aim on actual presentation nodes
Local preference leaves host tuning and peer camera unchanged: CameraFov=65 air=True up=True
CAMERA_AIM_SAMPLE CameraFov=90 air=False up=False expected=<0.004462507, -0.21302709, -0.97703606> actual=<0.004462507, -0.21302709, -0.97703606> lens=(-0.031705793, 5.817095, 43.786774) target=(0.06388967, -4.7683716E-07, 22.856787) pitch=-0.27108654
Final centered rendered ray and pivot-relative intent agree: CameraFov=90 air=False up=False
Camera settings retain centered HUD: CameraFov=90 air=False up=False
Authoritative articulation follows camera intent within network/pose tolerance: CameraFov=90 air=False up=False
Shared body clearance remains safe: CameraFov=90 air=False up=False
AIM_REMOTE CameraFov=90 air=False up=False: acceptedYaw=-0.0045673614 renderedYaw=6.2786183 acceptedPitch=-0.11474668 renderedPitch=-0.11474665
Remote mount yaw and payload pitch settle to accepted CameraFov=90 air=False up=False aim on actual presentation nodes
Local preference leaves host tuning and peer camera unchanged: CameraFov=90 air=False up=False
CAMERA_AIM_SAMPLE CameraFov=90 air=False up=True expected=<0.004516932, 0.14836371, -0.98892254> actual=<0.004516932, 0.14836371, -0.98892254> lens=(-0.033616662, 4.3094134, 44.204926) target=(1.3550797, 47.55902, -259.83176) pitch=0.14891346
Final centered rendered ray and pivot-relative intent agree: CameraFov=90 air=False up=True
Camera settings retain centered HUD: CameraFov=90 air=False up=True
Authoritative articulation follows camera intent within network/pose tolerance: CameraFov=90 air=False up=True
Shared body clearance remains safe: CameraFov=90 air=False up=True
AIM_REMOTE CameraFov=90 air=False up=True: acceptedYaw=-0.004567497 renderedYaw=6.278618 acceptedPitch=0.14891346 renderedPitch=0.14891344
Remote mount yaw and payload pitch settle to accepted CameraFov=90 air=False up=True aim on actual presentation nodes
Local preference leaves host tuning and peer camera unchanged: CameraFov=90 air=False up=True
CAMERA_AIM_SAMPLE CameraFov=90 air=True up=False expected=<0.004408488, -0.26154947, -0.96518004> actual=<0.004408488, -0.26154947, -0.96518004> lens=(-0.036064513, 37.48478, 44.74085) target=(0.5799615, 3.8146973E-06, -90.12988) pitch=-0.27108654
Final centered rendered ray and pivot-relative intent agree: CameraFov=90 air=True up=False
Camera settings retain centered HUD: CameraFov=90 air=True up=False
Authoritative articulation follows camera intent within network/pose tolerance: CameraFov=90 air=True up=False
Shared body clearance remains safe: CameraFov=90 air=True up=False
AIM_REMOTE CameraFov=90 air=True up=False: acceptedYaw=-0.0045674983 renderedYaw=6.278618 acceptedPitch=-0.114746675 renderedPitch=-0.11474667
Remote mount yaw and payload pitch settle to accepted CameraFov=90 air=True up=False aim on actual presentation nodes
Local preference leaves host tuning and peer camera unchanged: CameraFov=90 air=True up=False
CAMERA_AIM_SAMPLE CameraFov=90 air=True up=True expected=<0.004516864, 0.14836371, -0.98892254> actual=<0.004516864, 0.14836371, -0.98892254> lens=(-0.0488074, 35.772594, 47.530895) target=(1.3550593, 78.91743, -259.83176) pitch=0.14891346
Final centered rendered ray and pivot-relative intent agree: CameraFov=90 air=True up=True
Camera settings retain centered HUD: CameraFov=90 air=True up=True
Authoritative articulation follows camera intent within network/pose tolerance: CameraFov=90 air=True up=True
Shared body clearance remains safe: CameraFov=90 air=True up=True
AIM_REMOTE CameraFov=90 air=True up=True: acceptedYaw=-0.0045674285 renderedYaw=6.278618 acceptedPitch=0.14891346 renderedPitch=0.14891338
Remote mount yaw and payload pitch settle to accepted CameraFov=90 air=True up=True aim on actual presentation nodes
Local preference leaves host tuning and peer camera unchanged: CameraFov=90 air=True up=True
CAMERA_AIM_SAMPLE CameraHeight=0.5 air=False up=False expected=<0.0044066748, -0.26290295, -0.9648123> actual=<0.0044066748, -0.26290295, -0.9648123> lens=(-0.032419875, 5.083579, 43.943115) target=(0.05112131, 0, 25.652328) pitch=-0.27108654
Final centered rendered ray and pivot-relative intent agree: CameraHeight=0.5 air=False up=False
Camera settings retain centered HUD: CameraHeight=0.5 air=False up=False
Authoritative articulation follows camera intent within network/pose tolerance: CameraHeight=0.5 air=False up=False
Shared body clearance remains safe: CameraHeight=0.5 air=False up=False
AIM_REMOTE CameraHeight=0.5 air=False up=False: acceptedYaw=-0.004567359 renderedYaw=6.2786183 acceptedPitch=-0.114746675 renderedPitch=-0.11474666
Remote mount yaw and payload pitch settle to accepted CameraHeight=0.5 air=False up=False aim on actual presentation nodes
Local preference leaves host tuning and peer camera unchanged: CameraHeight=0.5 air=False up=False
CAMERA_AIM_SAMPLE CameraHeight=0.5 air=False up=True expected=<0.004516864, 0.14836371, -0.98892254> actual=<0.004516864, 0.14836371, -0.98892254> lens=(-0.03361616, 3.5594192, 44.204926) target=(1.3550593, 47.55902, -259.83176) pitch=0.14891346
Final centered rendered ray and pivot-relative intent agree: CameraHeight=0.5 air=False up=True
Camera settings retain centered HUD: CameraHeight=0.5 air=False up=True
Authoritative articulation follows camera intent within network/pose tolerance: CameraHeight=0.5 air=False up=True
Shared body clearance remains safe: CameraHeight=0.5 air=False up=True
AIM_REMOTE CameraHeight=0.5 air=False up=True: acceptedYaw=-0.0045674285 renderedYaw=6.278618 acceptedPitch=0.14891346 renderedPitch=0.14891343
Remote mount yaw and payload pitch settle to accepted CameraHeight=0.5 air=False up=True aim on actual presentation nodes
Local preference leaves host tuning and peer camera unchanged: CameraHeight=0.5 air=False up=True
CAMERA_AIM_SAMPLE CameraHeight=0.5 air=True up=False expected=<0.0044015036, -0.2670245, -0.9636798> actual=<0.0044015036, -0.2670245, -0.9636798> lens=(-0.036774956, 36.750767, 44.896633) target=(0.5671701, 3.8146973E-06, -87.3331) pitch=-0.27108654
Final centered rendered ray and pivot-relative intent agree: CameraHeight=0.5 air=True up=False
Camera settings retain centered HUD: CameraHeight=0.5 air=True up=False
Authoritative articulation follows camera intent within network/pose tolerance: CameraHeight=0.5 air=True up=False
Shared body clearance remains safe: CameraHeight=0.5 air=True up=False
AIM_REMOTE CameraHeight=0.5 air=True up=False: acceptedYaw=-0.00456736 renderedYaw=6.2786183 acceptedPitch=-0.114746675 renderedPitch=-0.11474662
Remote mount yaw and payload pitch settle to accepted CameraHeight=0.5 air=True up=False aim on actual presentation nodes
Local preference leaves host tuning and peer camera unchanged: CameraHeight=0.5 air=True up=False
CAMERA_AIM_SAMPLE CameraHeight=0.5 air=True up=True expected=<0.004516864, 0.14836371, -0.98892254> actual=<0.004516864, 0.14836371, -0.98892254> lens=(-0.048807397, 35.02289, 47.530895) target=(1.3550593, 78.91743, -259.83176) pitch=0.14891346
Final centered rendered ray and pivot-relative intent agree: CameraHeight=0.5 air=True up=True
Camera settings retain centered HUD: CameraHeight=0.5 air=True up=True
Authoritative articulation follows camera intent within network/pose tolerance: CameraHeight=0.5 air=True up=True
Shared body clearance remains safe: CameraHeight=0.5 air=True up=True
AIM_REMOTE CameraHeight=0.5 air=True up=True: acceptedYaw=-0.0045674285 renderedYaw=6.278618 acceptedPitch=0.14891344 renderedPitch=0.14891338
Remote mount yaw and payload pitch settle to accepted CameraHeight=0.5 air=True up=True aim on actual presentation nodes
Local preference leaves host tuning and peer camera unchanged: CameraHeight=0.5 air=True up=True
CAMERA_AIM_SAMPLE CameraHeight=1.25 air=False up=False expected=<0.004462575, -0.2130269, -0.9770361> actual=<0.004462575, -0.2130269, -0.9770361> lens=(-0.031706266, 5.8170986, 43.786774) target=(0.06389069, 0, 22.856775) pitch=-0.27108654
Final centered rendered ray and pivot-relative intent agree: CameraHeight=1.25 air=False up=False
Camera settings retain centered HUD: CameraHeight=1.25 air=False up=False
Authoritative articulation follows camera intent within network/pose tolerance: CameraHeight=1.25 air=False up=False
Shared body clearance remains safe: CameraHeight=1.25 air=False up=False
AIM_REMOTE CameraHeight=1.25 air=False up=False: acceptedYaw=-0.0045674294 renderedYaw=6.278618 acceptedPitch=-0.114746556 renderedPitch=-0.11474658
Remote mount yaw and payload pitch settle to accepted CameraHeight=1.25 air=False up=False aim on actual presentation nodes
Local preference leaves host tuning and peer camera unchanged: CameraHeight=1.25 air=False up=False
CAMERA_AIM_SAMPLE CameraHeight=1.25 air=False up=True expected=<0.004516864, 0.14836371, -0.98892254> actual=<0.004516864, 0.14836371, -0.98892254> lens=(-0.03361616, 4.309428, 44.204926) target=(1.3550593, 47.55902, -259.83176) pitch=0.14891346
Final centered rendered ray and pivot-relative intent agree: CameraHeight=1.25 air=False up=True
Camera settings retain centered HUD: CameraHeight=1.25 air=False up=True
Authoritative articulation follows camera intent within network/pose tolerance: CameraHeight=1.25 air=False up=True
Shared body clearance remains safe: CameraHeight=1.25 air=False up=True
AIM_REMOTE CameraHeight=1.25 air=False up=True: acceptedYaw=-0.0045674285 renderedYaw=6.278618 acceptedPitch=0.14891346 renderedPitch=0.1489134
Remote mount yaw and payload pitch settle to accepted CameraHeight=1.25 air=False up=True aim on actual presentation nodes
Local preference leaves host tuning and peer camera unchanged: CameraHeight=1.25 air=False up=True
CAMERA_AIM_SAMPLE CameraHeight=1.25 air=True up=False expected=<0.004408422, -0.26154983, -0.9651799> actual=<0.004408422, -0.26154983, -0.9651799> lens=(-0.03606141, 37.484573, 44.740288) target=(0.57995194, 7.6293945E-06, -90.12968) pitch=-0.27108654
Final centered rendered ray and pivot-relative intent agree: CameraHeight=1.25 air=True up=False
Camera settings retain centered HUD: CameraHeight=1.25 air=True up=False
Authoritative articulation follows camera intent within network/pose tolerance: CameraHeight=1.25 air=True up=False
Shared body clearance remains safe: CameraHeight=1.25 air=True up=False
AIM_REMOTE CameraHeight=1.25 air=True up=False: acceptedYaw=-0.0045674294 renderedYaw=6.278618 acceptedPitch=-0.114746526 renderedPitch=-0.1147465
Remote mount yaw and payload pitch settle to accepted CameraHeight=1.25 air=True up=False aim on actual presentation nodes
Local preference leaves host tuning and peer camera unchanged: CameraHeight=1.25 air=True up=False
CAMERA_AIM_SAMPLE CameraHeight=1.25 air=True up=True expected=<0.004516864, 0.14836371, -0.98892254> actual=<0.004516864, 0.14836371, -0.98892254> lens=(-0.048807397, 35.773174, 47.530895) target=(1.3550593, 78.91743, -259.83176) pitch=0.14891346
Final centered rendered ray and pivot-relative intent agree: CameraHeight=1.25 air=True up=True
Camera settings retain centered HUD: CameraHeight=1.25 air=True up=True
Authoritative articulation follows camera intent within network/pose tolerance: CameraHeight=1.25 air=True up=True
Shared body clearance remains safe: CameraHeight=1.25 air=True up=True
AIM_REMOTE CameraHeight=1.25 air=True up=True: acceptedYaw=-0.0045674285 renderedYaw=6.278618 acceptedPitch=0.14891347 renderedPitch=0.14891344
Remote mount yaw and payload pitch settle to accepted CameraHeight=1.25 air=True up=True aim on actual presentation nodes
Local preference leaves host tuning and peer camera unchanged: CameraHeight=1.25 air=True up=True
CAMERA_AIM_SAMPLE CameraHeight=3 air=False up=False expected=<0.004517744, -0.14707549, -0.98911494> actual=<0.004517744, -0.14707549, -0.98911494> lens=(-0.030040056, 7.52867, 43.42197) target=(0.09368449, 4.7683716E-07, 16.333717) pitch=-0.27108654
Final centered rendered ray and pivot-relative intent agree: CameraHeight=3 air=False up=False
Camera settings retain centered HUD: CameraHeight=3 air=False up=False
Authoritative articulation follows camera intent within network/pose tolerance: CameraHeight=3 air=False up=False
Shared body clearance remains safe: CameraHeight=3 air=False up=False
AIM_REMOTE CameraHeight=3 air=False up=False: acceptedYaw=-0.004567429 renderedYaw=6.278618 acceptedPitch=-0.11474661 renderedPitch=-0.114746615
Remote mount yaw and payload pitch settle to accepted CameraHeight=3 air=False up=False aim on actual presentation nodes
Local preference leaves host tuning and peer camera unchanged: CameraHeight=3 air=False up=False
CAMERA_AIM_SAMPLE CameraHeight=3 air=False up=True expected=<0.004516864, 0.14836371, -0.98892254> actual=<0.004516864, 0.14836371, -0.98892254> lens=(-0.03361616, 6.059435, 44.204926) target=(1.3550593, 47.55902, -259.83176) pitch=0.14891346
Final centered rendered ray and pivot-relative intent agree: CameraHeight=3 air=False up=True
Camera settings retain centered HUD: CameraHeight=3 air=False up=True
Authoritative articulation follows camera intent within network/pose tolerance: CameraHeight=3 air=False up=True
Shared body clearance remains safe: CameraHeight=3 air=False up=True
AIM_REMOTE CameraHeight=3 air=False up=True: acceptedYaw=-0.0045674285 renderedYaw=6.278618 acceptedPitch=0.14891347 renderedPitch=0.14891347
Remote mount yaw and payload pitch settle to accepted CameraHeight=3 air=False up=True aim on actual presentation nodes
Local preference leaves host tuning and peer camera unchanged: CameraHeight=3 air=False up=True
CAMERA_AIM_SAMPLE CameraHeight=3 air=True up=False expected=<0.004422874, -0.24957919, -0.9683443> actual=<0.004422874, -0.24957919, -0.9683443> lens=(-0.034395203, 39.197063, 44.37549) target=(0.60976094, 0, -96.65608) pitch=-0.27108654
Final centered rendered ray and pivot-relative intent agree: CameraHeight=3 air=True up=False
Camera settings retain centered HUD: CameraHeight=3 air=True up=False
Authoritative articulation follows camera intent within network/pose tolerance: CameraHeight=3 air=True up=False
Shared body clearance remains safe: CameraHeight=3 air=True up=False
AIM_REMOTE CameraHeight=3 air=True up=False: acceptedYaw=-0.0045674294 renderedYaw=6.278618 acceptedPitch=-0.114746675 renderedPitch=-0.11474664
Remote mount yaw and payload pitch settle to accepted CameraHeight=3 air=True up=False aim on actual presentation nodes
Local preference leaves host tuning and peer camera unchanged: CameraHeight=3 air=True up=False
CAMERA_AIM_SAMPLE CameraHeight=3 air=True up=True expected=<0.0045167967, 0.14836371, -0.98892254> actual=<0.0045167967, 0.14836371, -0.98892254> lens=(-0.048806675, 37.523453, 47.5309) target=(1.355039, 78.91743, -259.83176) pitch=0.14891346
Final centered rendered ray and pivot-relative intent agree: CameraHeight=3 air=True up=True
Camera settings retain centered HUD: CameraHeight=3 air=True up=True
Authoritative articulation follows camera intent within network/pose tolerance: CameraHeight=3 air=True up=True
Shared body clearance remains safe: CameraHeight=3 air=True up=True
AIM_REMOTE CameraHeight=3 air=True up=True: acceptedYaw=-0.00456736 renderedYaw=6.2786183 acceptedPitch=0.14891346 renderedPitch=0.14891343
Remote mount yaw and payload pitch settle to accepted CameraHeight=3 air=True up=True aim on actual presentation nodes
Local preference leaves host tuning and peer camera unchanged: CameraHeight=3 air=True up=True
CAMERA_AIM_SAMPLE InvertY=0 air=False up=False expected=<0.0044625765, -0.21302557, -0.9770364> actual=<0.0044625765, -0.21302557, -0.9770364> lens=(-0.031706274, 5.817124, 43.786774) target=(0.063891105, 0, 22.856684) pitch=-0.27108654
Final centered rendered ray and pivot-relative intent agree: InvertY=0 air=False up=False
Camera settings retain centered HUD: InvertY=0 air=False up=False
Authoritative articulation follows camera intent within network/pose tolerance: InvertY=0 air=False up=False
Shared body clearance remains safe: InvertY=0 air=False up=False
AIM_REMOTE InvertY=0 air=False up=False: acceptedYaw=-0.0045674294 renderedYaw=6.278618 acceptedPitch=-0.11474673 renderedPitch=-0.11474668
Remote mount yaw and payload pitch settle to accepted InvertY=0 air=False up=False aim on actual presentation nodes
Local preference leaves host tuning and peer camera unchanged: InvertY=0 air=False up=False
CAMERA_AIM_SAMPLE InvertY=0 air=False up=True expected=<0.004516864, 0.14836371, -0.98892254> actual=<0.004516864, 0.14836371, -0.98892254> lens=(-0.03361616, 4.3094406, 44.204926) target=(1.3550593, 47.55902, -259.83176) pitch=0.14891346
Final centered rendered ray and pivot-relative intent agree: InvertY=0 air=False up=True
Camera settings retain centered HUD: InvertY=0 air=False up=True
Authoritative articulation follows camera intent within network/pose tolerance: InvertY=0 air=False up=True
Shared body clearance remains safe: InvertY=0 air=False up=True
AIM_REMOTE InvertY=0 air=False up=True: acceptedYaw=-0.0045674285 renderedYaw=6.278618 acceptedPitch=0.14891346 renderedPitch=0.14891344
Remote mount yaw and payload pitch settle to accepted InvertY=0 air=False up=True aim on actual presentation nodes
Local preference leaves host tuning and peer camera unchanged: InvertY=0 air=False up=True
CAMERA_AIM_SAMPLE InvertY=0 air=True up=False expected=<0.0044084266, -0.26154596, -0.965181> actual=<0.0044084266, -0.26154596, -0.965181> lens=(-0.03606141, 37.485138, 44.740288) target=(0.57996124, 3.8146973E-06, -90.13172) pitch=-0.27108654
Final centered rendered ray and pivot-relative intent agree: InvertY=0 air=True up=False
Camera settings retain centered HUD: InvertY=0 air=True up=False
Authoritative articulation follows camera intent within network/pose tolerance: InvertY=0 air=True up=False
Shared body clearance remains safe: InvertY=0 air=True up=False
AIM_REMOTE InvertY=0 air=True up=False: acceptedYaw=-0.0045674294 renderedYaw=6.278618 acceptedPitch=-0.11474673 renderedPitch=-0.114746675
Remote mount yaw and payload pitch settle to accepted InvertY=0 air=True up=False aim on actual presentation nodes
Local preference leaves host tuning and peer camera unchanged: InvertY=0 air=True up=False
CAMERA_AIM_SAMPLE InvertY=0 air=True up=True expected=<0.004516932, 0.14836371, -0.98892254> actual=<0.004516932, 0.14836371, -0.98892254> lens=(-0.048808128, 35.773746, 47.530895) target=(1.3550797, 78.91743, -259.83176) pitch=0.14891346
Final centered rendered ray and pivot-relative intent agree: InvertY=0 air=True up=True
Camera settings retain centered HUD: InvertY=0 air=True up=True
Authoritative articulation follows camera intent within network/pose tolerance: InvertY=0 air=True up=True
Shared body clearance remains safe: InvertY=0 air=True up=True
AIM_REMOTE InvertY=0 air=True up=True: acceptedYaw=-0.004567497 renderedYaw=6.278618 acceptedPitch=0.14891344 renderedPitch=0.14891338
Remote mount yaw and payload pitch settle to accepted InvertY=0 air=True up=True aim on actual presentation nodes
Local preference leaves host tuning and peer camera unchanged: InvertY=0 air=True up=True
CAMERA_AIM_SAMPLE InvertY=1 air=False up=False expected=<0.0044626445, -0.21302524, -0.97703654> actual=<0.0044626445, -0.21302524, -0.97703654> lens=(-0.031706747, 5.81713, 43.786774) target=(0.06389217, 4.7683716E-07, 22.856663) pitch=-0.27108654
Final centered rendered ray and pivot-relative intent agree: InvertY=1 air=False up=False
Camera settings retain centered HUD: InvertY=1 air=False up=False
Authoritative articulation follows camera intent within network/pose tolerance: InvertY=1 air=False up=False
Shared body clearance remains safe: InvertY=1 air=False up=False
AIM_REMOTE InvertY=1 air=False up=False: acceptedYaw=-0.004567499 renderedYaw=6.278618 acceptedPitch=-0.11474673 renderedPitch=-0.11474664
Remote mount yaw and payload pitch settle to accepted InvertY=1 air=False up=False aim on actual presentation nodes
Local preference leaves host tuning and peer camera unchanged: InvertY=1 air=False up=False
CAMERA_AIM_SAMPLE InvertY=1 air=False up=True expected=<0.004516864, 0.14836371, -0.98892254> actual=<0.004516864, 0.14836371, -0.98892254> lens=(-0.03361616, 4.309449, 44.204926) target=(1.3550593, 47.55902, -259.83176) pitch=0.14891346
Final centered rendered ray and pivot-relative intent agree: InvertY=1 air=False up=True
Camera settings retain centered HUD: InvertY=1 air=False up=True
Authoritative articulation follows camera intent within network/pose tolerance: InvertY=1 air=False up=True
Shared body clearance remains safe: InvertY=1 air=False up=True
AIM_REMOTE InvertY=1 air=False up=True: acceptedYaw=-0.0045674285 renderedYaw=6.278618 acceptedPitch=0.14891346 renderedPitch=0.1489134
Remote mount yaw and payload pitch settle to accepted InvertY=1 air=False up=True aim on actual presentation nodes
Local preference leaves host tuning and peer camera unchanged: InvertY=1 air=False up=True
CAMERA_AIM_SAMPLE InvertY=1 air=True up=False expected=<0.00440843, -0.26154393, -0.9651816> actual=<0.00440843, -0.26154393, -0.9651816> lens=(-0.036061246, 37.48542, 44.740253) target=(0.5799661, 3.8146973E-06, -90.13278) pitch=-0.27108654
Final centered rendered ray and pivot-relative intent agree: InvertY=1 air=True up=False
Camera settings retain centered HUD: InvertY=1 air=True up=False
Authoritative articulation follows camera intent within network/pose tolerance: InvertY=1 air=True up=False
Shared body clearance remains safe: InvertY=1 air=True up=False
AIM_REMOTE InvertY=1 air=True up=False: acceptedYaw=-0.004567429 renderedYaw=6.278618 acceptedPitch=-0.11474651 renderedPitch=-0.11474656
Remote mount yaw and payload pitch settle to accepted InvertY=1 air=True up=False aim on actual presentation nodes
Local preference leaves host tuning and peer camera unchanged: InvertY=1 air=True up=False
CAMERA_AIM_SAMPLE InvertY=1 air=True up=True expected=<0.004516864, 0.14836371, -0.98892254> actual=<0.004516864, 0.14836371, -0.98892254> lens=(-0.0488074, 35.774025, 47.530895) target=(1.3550593, 78.91743, -259.83176) pitch=0.14891346
Final centered rendered ray and pivot-relative intent agree: InvertY=1 air=True up=True
Camera settings retain centered HUD: InvertY=1 air=True up=True
Authoritative articulation follows camera intent within network/pose tolerance: InvertY=1 air=True up=True
Shared body clearance remains safe: InvertY=1 air=True up=True
AIM_REMOTE InvertY=1 air=True up=True: acceptedYaw=-0.0045674285 renderedYaw=6.278618 acceptedPitch=0.14891347 renderedPitch=0.14891344
Remote mount yaw and payload pitch settle to accepted InvertY=1 air=True up=True aim on actual presentation nodes
Local preference leaves host tuning and peer camera unchanged: InvertY=1 air=True up=True
CAMERA_AIM_SAMPLE MouseAimSensitivity=0.25 air=False up=False expected=<0.0044625304, -0.21307033, -0.97702664> actual=<0.0044625304, -0.21307033, -0.97702664> lens=(-0.03176761, 5.82, 43.8002) target=(0.06387702, 4.7683716E-07, 22.859764) pitch=-0.27108654
Final centered rendered ray and pivot-relative intent agree: MouseAimSensitivity=0.25 air=False up=False
Camera settings retain centered HUD: MouseAimSensitivity=0.25 air=False up=False
Authoritative articulation follows camera intent within network/pose tolerance: MouseAimSensitivity=0.25 air=False up=False
Shared body clearance remains safe: MouseAimSensitivity=0.25 air=False up=False
AIM_REMOTE MouseAimSensitivity=0.25 air=False up=False: acceptedYaw=-0.0045674304 renderedYaw=6.278618 acceptedPitch=-0.114746556 renderedPitch=-0.11474655
Remote mount yaw and payload pitch settle to accepted MouseAimSensitivity=0.25 air=False up=False aim on actual presentation nodes
Local preference leaves host tuning and peer camera unchanged: MouseAimSensitivity=0.25 air=False up=False
CAMERA_AIM_SAMPLE MouseAimSensitivity=0.25 air=False up=True expected=<0.0045167967, 0.14836371, -0.98892254> actual=<0.0045167967, 0.14836371, -0.98892254> lens=(-0.033615652, 4.309456, 44.204926) target=(1.355039, 47.55902, -259.83176) pitch=0.14891346
Final centered rendered ray and pivot-relative intent agree: MouseAimSensitivity=0.25 air=False up=True
Camera settings retain centered HUD: MouseAimSensitivity=0.25 air=False up=True
Authoritative articulation follows camera intent within network/pose tolerance: MouseAimSensitivity=0.25 air=False up=True
Shared body clearance remains safe: MouseAimSensitivity=0.25 air=False up=True
AIM_REMOTE MouseAimSensitivity=0.25 air=False up=True: acceptedYaw=-0.00456736 renderedYaw=6.2786183 acceptedPitch=0.14891347 renderedPitch=0.14891341
Remote mount yaw and payload pitch settle to accepted MouseAimSensitivity=0.25 air=False up=True aim on actual presentation nodes
Local preference leaves host tuning and peer camera unchanged: MouseAimSensitivity=0.25 air=False up=True
CAMERA_AIM_SAMPLE MouseAimSensitivity=0.25 air=True up=False expected=<0.004408568, -0.26153734, -0.96518326> actual=<0.004408568, -0.26153734, -0.96518326> lens=(-0.036062468, 37.486378, 44.740284) target=(0.57999897, 3.8146973E-06, -90.1362) pitch=-0.27108654
Final centered rendered ray and pivot-relative intent agree: MouseAimSensitivity=0.25 air=True up=False
Camera settings retain centered HUD: MouseAimSensitivity=0.25 air=True up=False
Authoritative articulation follows camera intent within network/pose tolerance: MouseAimSensitivity=0.25 air=True up=False
Shared body clearance remains safe: MouseAimSensitivity=0.25 air=True up=False
AIM_REMOTE MouseAimSensitivity=0.25 air=True up=False: acceptedYaw=-0.0045675654 renderedYaw=6.278618 acceptedPitch=-0.114746734 renderedPitch=-0.1147467
Remote mount yaw and payload pitch settle to accepted MouseAimSensitivity=0.25 air=True up=False aim on actual presentation nodes
Local preference leaves host tuning and peer camera unchanged: MouseAimSensitivity=0.25 air=True up=False
CAMERA_AIM_SAMPLE MouseAimSensitivity=0.25 air=True up=True expected=<0.0045169326, 0.14836371, -0.98892254> actual=<0.0045169326, 0.14836371, -0.98892254> lens=(-0.048808128, 35.774323, 47.530895) target=(1.3550798, 78.91743, -259.83176) pitch=0.14891346
Final centered rendered ray and pivot-relative intent agree: MouseAimSensitivity=0.25 air=True up=True
Camera settings retain centered HUD: MouseAimSensitivity=0.25 air=True up=True
Authoritative articulation follows camera intent within network/pose tolerance: MouseAimSensitivity=0.25 air=True up=True
Shared body clearance remains safe: MouseAimSensitivity=0.25 air=True up=True
AIM_REMOTE MouseAimSensitivity=0.25 air=True up=True: acceptedYaw=-0.0045674974 renderedYaw=6.278618 acceptedPitch=0.14891346 renderedPitch=0.14891338
Remote mount yaw and payload pitch settle to accepted MouseAimSensitivity=0.25 air=True up=True aim on actual presentation nodes
Local preference leaves host tuning and peer camera unchanged: MouseAimSensitivity=0.25 air=True up=True
CAMERA_AIM_SAMPLE MouseAimSensitivity=1 air=False up=False expected=<0.004462644, -0.21302444, -0.97703665> actual=<0.004462644, -0.21302444, -0.97703665> lens=(-0.031706743, 5.8171453, 43.786774) target=(0.06389241, 0, 22.856606) pitch=-0.27108654
Final centered rendered ray and pivot-relative intent agree: MouseAimSensitivity=1 air=False up=False
Camera settings retain centered HUD: MouseAimSensitivity=1 air=False up=False
Authoritative articulation follows camera intent within network/pose tolerance: MouseAimSensitivity=1 air=False up=False
Shared body clearance remains safe: MouseAimSensitivity=1 air=False up=False
AIM_REMOTE MouseAimSensitivity=1 air=False up=False: acceptedYaw=-0.004567499 renderedYaw=6.278618 acceptedPitch=-0.114746734 renderedPitch=-0.114746705
Remote mount yaw and payload pitch settle to accepted MouseAimSensitivity=1 air=False up=False aim on actual presentation nodes
Local preference leaves host tuning and peer camera unchanged: MouseAimSensitivity=1 air=False up=False
CAMERA_AIM_SAMPLE MouseAimSensitivity=1 air=False up=True expected=<0.004516797, 0.14836371, -0.98892254> actual=<0.004516797, 0.14836371, -0.98892254> lens=(-0.033615656, 4.3094616, 44.204926) target=(1.3550391, 47.55902, -259.83176) pitch=0.14891346
Final centered rendered ray and pivot-relative intent agree: MouseAimSensitivity=1 air=False up=True
Camera settings retain centered HUD: MouseAimSensitivity=1 air=False up=True
Authoritative articulation follows camera intent within network/pose tolerance: MouseAimSensitivity=1 air=False up=True
Shared body clearance remains safe: MouseAimSensitivity=1 air=False up=True
AIM_REMOTE MouseAimSensitivity=1 air=False up=True: acceptedYaw=-0.0045673605 renderedYaw=6.2786183 acceptedPitch=0.14891346 renderedPitch=0.14891344
Remote mount yaw and payload pitch settle to accepted MouseAimSensitivity=1 air=False up=True aim on actual presentation nodes
Local preference leaves host tuning and peer camera unchanged: MouseAimSensitivity=1 air=False up=True
CAMERA_AIM_SAMPLE MouseAimSensitivity=1 air=True up=False expected=<0.0044084336, -0.26153994, -0.96518254> actual=<0.0044084336, -0.26153994, -0.96518254> lens=(-0.036061224, 37.485992, 44.740246) target=(0.5799755, 3.8146973E-06, -90.13484) pitch=-0.27108654
Final centered rendered ray and pivot-relative intent agree: MouseAimSensitivity=1 air=True up=False
Camera settings retain centered HUD: MouseAimSensitivity=1 air=True up=False
Authoritative articulation follows camera intent within network/pose tolerance: MouseAimSensitivity=1 air=True up=False
Shared body clearance remains safe: MouseAimSensitivity=1 air=True up=False
AIM_REMOTE MouseAimSensitivity=1 air=True up=False: acceptedYaw=-0.0045674294 renderedYaw=6.278618 acceptedPitch=-0.11474669 renderedPitch=-0.11474661
Remote mount yaw and payload pitch settle to accepted MouseAimSensitivity=1 air=True up=False aim on actual presentation nodes
Local preference leaves host tuning and peer camera unchanged: MouseAimSensitivity=1 air=True up=False
CAMERA_AIM_SAMPLE MouseAimSensitivity=1 air=True up=True expected=<0.004516864, 0.14836371, -0.98892254> actual=<0.004516864, 0.14836371, -0.98892254> lens=(-0.048807394, 35.7746, 47.530895) target=(1.3550593, 78.91743, -259.83176) pitch=0.14891346
Final centered rendered ray and pivot-relative intent agree: MouseAimSensitivity=1 air=True up=True
Camera settings retain centered HUD: MouseAimSensitivity=1 air=True up=True
Authoritative articulation follows camera intent within network/pose tolerance: MouseAimSensitivity=1 air=True up=True
Shared body clearance remains safe: MouseAimSensitivity=1 air=True up=True
AIM_REMOTE MouseAimSensitivity=1 air=True up=True: acceptedYaw=-0.0045674285 renderedYaw=6.278618 acceptedPitch=0.14891344 renderedPitch=0.14891338
Remote mount yaw and payload pitch settle to accepted MouseAimSensitivity=1 air=True up=True aim on actual presentation nodes
Local preference leaves host tuning and peer camera unchanged: MouseAimSensitivity=1 air=True up=True
CAMERA_AIM_SAMPLE MouseAimSensitivity=3 air=False up=False expected=<0.00446251, -0.21302412, -0.9770367> actual=<0.00446251, -0.21302412, -0.9770367> lens=(-0.031705797, 5.817151, 43.786774) target=(0.06389059, -4.7683716E-07, 22.856583) pitch=-0.2710865
Final centered rendered ray and pivot-relative intent agree: MouseAimSensitivity=3 air=False up=False
Camera settings retain centered HUD: MouseAimSensitivity=3 air=False up=False
Authoritative articulation follows camera intent within network/pose tolerance: MouseAimSensitivity=3 air=False up=False
Shared body clearance remains safe: MouseAimSensitivity=3 air=False up=False
AIM_REMOTE MouseAimSensitivity=3 air=False up=False: acceptedYaw=-0.00456736 renderedYaw=6.2786183 acceptedPitch=-0.11474667 renderedPitch=-0.11474666
Remote mount yaw and payload pitch settle to accepted MouseAimSensitivity=3 air=False up=False aim on actual presentation nodes
Local preference leaves host tuning and peer camera unchanged: MouseAimSensitivity=3 air=False up=False
CAMERA_AIM_SAMPLE MouseAimSensitivity=3 air=False up=True expected=<0.004516864, 0.1483637, -0.98892254> actual=<0.004516864, 0.1483637, -0.98892254> lens=(-0.03361616, 4.309469, 44.204926) target=(1.3550593, 47.559017, -259.83176) pitch=0.14891344
Final centered rendered ray and pivot-relative intent agree: MouseAimSensitivity=3 air=False up=True
Camera settings retain centered HUD: MouseAimSensitivity=3 air=False up=True
Authoritative articulation follows camera intent within network/pose tolerance: MouseAimSensitivity=3 air=False up=True
Shared body clearance remains safe: MouseAimSensitivity=3 air=False up=True
AIM_REMOTE MouseAimSensitivity=3 air=False up=True: acceptedYaw=-0.0045674285 renderedYaw=6.278618 acceptedPitch=0.14891344 renderedPitch=0.14891341
Remote mount yaw and payload pitch settle to accepted MouseAimSensitivity=3 air=False up=True aim on actual presentation nodes
Local preference leaves host tuning and peer camera unchanged: MouseAimSensitivity=3 air=False up=True
CAMERA_AIM_SAMPLE MouseAimSensitivity=3 air=True up=False expected=<0.0044085025, -0.2615379, -0.96518314> actual=<0.0044085025, -0.2615379, -0.96518314> lens=(-0.03606194, 37.486298, 44.740288) target=(0.5799892, -3.8146973E-06, -90.13593) pitch=-0.2710865
Final centered rendered ray and pivot-relative intent agree: MouseAimSensitivity=3 air=True up=False
Camera settings retain centered HUD: MouseAimSensitivity=3 air=True up=False
Authoritative articulation follows camera intent within network/pose tolerance: MouseAimSensitivity=3 air=True up=False
Shared body clearance remains safe: MouseAimSensitivity=3 air=True up=False
AIM_REMOTE MouseAimSensitivity=3 air=True up=False: acceptedYaw=-0.0045674974 renderedYaw=6.278618 acceptedPitch=-0.114746645 renderedPitch=-0.11474662
Remote mount yaw and payload pitch settle to accepted MouseAimSensitivity=3 air=True up=False aim on actual presentation nodes
Local preference leaves host tuning and peer camera unchanged: MouseAimSensitivity=3 air=True up=False
CAMERA_AIM_SAMPLE MouseAimSensitivity=3 air=True up=True expected=<0.004516932, 0.14836368, -0.98892254> actual=<0.004516932, 0.14836368, -0.98892254> lens=(-0.048808116, 35.774895, 47.53089) target=(1.3550797, 78.91742, -259.83176) pitch=0.14891344
Final centered rendered ray and pivot-relative intent agree: MouseAimSensitivity=3 air=True up=True
Camera settings retain centered HUD: MouseAimSensitivity=3 air=True up=True
Authoritative articulation follows camera intent within network/pose tolerance: MouseAimSensitivity=3 air=True up=True
Shared body clearance remains safe: MouseAimSensitivity=3 air=True up=True
AIM_REMOTE MouseAimSensitivity=3 air=True up=True: acceptedYaw=-0.004567497 renderedYaw=6.278618 acceptedPitch=0.14891344 renderedPitch=0.14891341
Remote mount yaw and payload pitch settle to accepted MouseAimSensitivity=3 air=True up=True aim on actual presentation nodes
Local preference leaves host tuning and peer camera unchanged: MouseAimSensitivity=3 air=True up=True
CAMERA_AIM_SAMPLE StickAimCurve=1 air=False up=False expected=<0.025285197, -0.21302368, -0.9767198> actual=<0.025285197, -0.21302368, -0.9767198> lens=(-0.17964941, 5.8171587, 43.78452) target=(0.36201352, 9.536743E-07, 22.861097) pitch=-0.27108654
Final centered rendered ray and pivot-relative intent agree: StickAimCurve=1 air=False up=False
Camera settings retain centered HUD: StickAimCurve=1 air=False up=False
Authoritative articulation follows camera intent within network/pose tolerance: StickAimCurve=1 air=False up=False
Shared body clearance remains safe: StickAimCurve=1 air=False up=False
AIM_REMOTE StickAimCurve=1 air=False up=False: acceptedYaw=-0.025882095 renderedYaw=6.257303 acceptedPitch=-0.11470963 renderedPitch=-0.11470963
Remote mount yaw and payload pitch settle to accepted StickAimCurve=1 air=False up=False aim on actual presentation nodes
Local preference leaves host tuning and peer camera unchanged: StickAimCurve=1 air=False up=False
CAMERA_AIM_SAMPLE StickAimCurve=1 air=False up=True expected=<0.025568228, 0.14836374, -0.9886023> actual=<0.025568228, 0.14836374, -0.9886023> lens=(-0.19028814, 4.3094563, 44.20254) target=(7.6704683, 47.55903, -259.7357) pitch=0.14891349
Final centered rendered ray and pivot-relative intent agree: StickAimCurve=1 air=False up=True
Camera settings retain centered HUD: StickAimCurve=1 air=False up=True
Authoritative articulation follows camera intent within network/pose tolerance: StickAimCurve=1 air=False up=True
Shared body clearance remains safe: StickAimCurve=1 air=False up=True
AIM_REMOTE StickAimCurve=1 air=False up=True: acceptedYaw=-0.025857244 renderedYaw=6.257328 acceptedPitch=0.14891349 renderedPitch=0.14891343
Remote mount yaw and payload pitch settle to accepted StickAimCurve=1 air=False up=True aim on actual presentation nodes
Local preference leaves host tuning and peer camera unchanged: StickAimCurve=1 air=False up=True
CAMERA_AIM_SAMPLE StickAimCurve=1 air=True up=False expected=<0.02497882, -0.261536, -0.9648704> actual=<0.02497882, -0.261536, -0.9648704> lens=(-0.20432898, 37.486576, 44.73773) target=(3.2862744, 0, -90.0957) pitch=-0.27108654
Final centered rendered ray and pivot-relative intent agree: StickAimCurve=1 air=True up=False
Camera settings retain centered HUD: StickAimCurve=1 air=True up=False
Authoritative articulation follows camera intent within network/pose tolerance: StickAimCurve=1 air=True up=False
Shared body clearance remains safe: StickAimCurve=1 air=True up=False
AIM_REMOTE StickAimCurve=1 air=True up=False: acceptedYaw=-0.025882484 renderedYaw=6.2573028 acceptedPitch=-0.11470981 renderedPitch=-0.11470978
Remote mount yaw and payload pitch settle to accepted StickAimCurve=1 air=True up=False aim on actual presentation nodes
Local preference leaves host tuning and peer camera unchanged: StickAimCurve=1 air=True up=False
CAMERA_AIM_SAMPLE StickAimCurve=1 air=True up=True expected=<0.025592798, 0.14836375, -0.9886017> actual=<0.025592798, 0.14836375, -0.9886017> lens=(-0.27654585, 35.775005, 47.527447) target=(7.677839, 78.917435, -259.73547) pitch=0.14891349
Final centered rendered ray and pivot-relative intent agree: StickAimCurve=1 air=True up=True
Camera settings retain centered HUD: StickAimCurve=1 air=True up=True
Authoritative articulation follows camera intent within network/pose tolerance: StickAimCurve=1 air=True up=True
Shared body clearance remains safe: StickAimCurve=1 air=True up=True
AIM_REMOTE StickAimCurve=1 air=True up=True: acceptedYaw=-0.025882095 renderedYaw=6.257303 acceptedPitch=0.1489135 renderedPitch=0.14891344
Remote mount yaw and payload pitch settle to accepted StickAimCurve=1 air=True up=True aim on actual presentation nodes
Local preference leaves host tuning and peer camera unchanged: StickAimCurve=1 air=True up=True
CAMERA_AIM_SAMPLE StickAimCurve=2 air=False up=False expected=<0.00446251, -0.21302335, -0.9770369> actual=<0.00446251, -0.21302335, -0.9770369> lens=(-0.031705793, 5.817166, 43.786774) target=(0.0638908, 9.536743E-07, 22.856535) pitch=-0.27108654
Final centered rendered ray and pivot-relative intent agree: StickAimCurve=2 air=False up=False
Camera settings retain centered HUD: StickAimCurve=2 air=False up=False
Authoritative articulation follows camera intent within network/pose tolerance: StickAimCurve=2 air=False up=False
Shared body clearance remains safe: StickAimCurve=2 air=False up=False
AIM_REMOTE StickAimCurve=2 air=False up=False: acceptedYaw=-0.004567359 renderedYaw=6.2786183 acceptedPitch=-0.114746585 renderedPitch=-0.11474656
Remote mount yaw and payload pitch settle to accepted StickAimCurve=2 air=False up=False aim on actual presentation nodes
Local preference leaves host tuning and peer camera unchanged: StickAimCurve=2 air=False up=False
CAMERA_AIM_SAMPLE StickAimCurve=2 air=False up=True expected=<0.0045167967, 0.14836371, -0.98892254> actual=<0.0045167967, 0.14836371, -0.98892254> lens=(-0.033615652, 4.3094826, 44.204926) target=(1.355039, 47.55902, -259.83176) pitch=0.14891346
Final centered rendered ray and pivot-relative intent agree: StickAimCurve=2 air=False up=True
Camera settings retain centered HUD: StickAimCurve=2 air=False up=True
Authoritative articulation follows camera intent within network/pose tolerance: StickAimCurve=2 air=False up=True
Shared body clearance remains safe: StickAimCurve=2 air=False up=True
AIM_REMOTE StickAimCurve=2 air=False up=True: acceptedYaw=-0.00456736 renderedYaw=6.2786183 acceptedPitch=0.14891346 renderedPitch=0.14891344
Remote mount yaw and payload pitch settle to accepted StickAimCurve=2 air=False up=True aim on actual presentation nodes
Local preference leaves host tuning and peer camera unchanged: StickAimCurve=2 air=False up=True
CAMERA_AIM_SAMPLE StickAimCurve=2 air=True up=False expected=<0.004408374, -0.26153418, -0.96518415> actual=<0.004408374, -0.26153418, -0.96518415> lens=(-0.036060907, 37.486843, 44.740295) target=(0.5799804, 3.8146973E-06, -90.13785) pitch=-0.27108654
Final centered rendered ray and pivot-relative intent agree: StickAimCurve=2 air=True up=False
Camera settings retain centered HUD: StickAimCurve=2 air=True up=False
Authoritative articulation follows camera intent within network/pose tolerance: StickAimCurve=2 air=True up=False
Shared body clearance remains safe: StickAimCurve=2 air=True up=False
AIM_REMOTE StickAimCurve=2 air=True up=False: acceptedYaw=-0.00456736 renderedYaw=6.2786183 acceptedPitch=-0.114746496 renderedPitch=-0.11474655
Remote mount yaw and payload pitch settle to accepted StickAimCurve=2 air=True up=False aim on actual presentation nodes
Local preference leaves host tuning and peer camera unchanged: StickAimCurve=2 air=True up=False
CAMERA_AIM_SAMPLE StickAimCurve=2 air=True up=True expected=<0.0045169326, 0.14836371, -0.98892254> actual=<0.0045169326, 0.14836371, -0.98892254> lens=(-0.048808128, 35.775467, 47.530895) target=(1.3550798, 78.91743, -259.83176) pitch=0.14891346
Final centered rendered ray and pivot-relative intent agree: StickAimCurve=2 air=True up=True
Camera settings retain centered HUD: StickAimCurve=2 air=True up=True
Authoritative articulation follows camera intent within network/pose tolerance: StickAimCurve=2 air=True up=True
Shared body clearance remains safe: StickAimCurve=2 air=True up=True
AIM_REMOTE StickAimCurve=2 air=True up=True: acceptedYaw=-0.0045674974 renderedYaw=6.278618 acceptedPitch=0.14891344 renderedPitch=0.14891338
Remote mount yaw and payload pitch settle to accepted StickAimCurve=2 air=True up=True aim on actual presentation nodes
Local preference leaves host tuning and peer camera unchanged: StickAimCurve=2 air=True up=True
CAMERA_AIM_SAMPLE StickAimCurve=3 air=False up=False expected=<0.0007875249, -0.2130423, -0.9770427> actual=<0.0007875249, -0.2130423, -0.9770427> lens=(-0.005599915, 5.818386, 43.792534) target=(0.0112741785, 0, 22.857693) pitch=-0.27108654
Final centered rendered ray and pivot-relative intent agree: StickAimCurve=3 air=False up=False
Camera settings retain centered HUD: StickAimCurve=3 air=False up=False
Authoritative articulation follows camera intent within network/pose tolerance: StickAimCurve=3 air=False up=False
Shared body clearance remains safe: StickAimCurve=3 air=False up=False
AIM_REMOTE StickAimCurve=3 air=False up=False: acceptedYaw=-0.00080602913 renderedYaw=6.2823796 acceptedPitch=-0.11474777 renderedPitch=-0.11474776
Remote mount yaw and payload pitch settle to accepted StickAimCurve=3 air=False up=False aim on actual presentation nodes
Local preference leaves host tuning and peer camera unchanged: StickAimCurve=3 air=False up=False
CAMERA_AIM_SAMPLE StickAimCurve=3 air=False up=True expected=<0.0007970845, 0.14836374, -0.9889326> actual=<0.0007970845, 0.14836374, -0.9889326> lens=(-0.0059321946, 4.309491, 44.204998) target=(0.23912534, 47.55903, -259.83478) pitch=0.14891349
Final centered rendered ray and pivot-relative intent agree: StickAimCurve=3 air=False up=True
Camera settings retain centered HUD: StickAimCurve=3 air=False up=True
Authoritative articulation follows camera intent within network/pose tolerance: StickAimCurve=3 air=False up=True
Shared body clearance remains safe: StickAimCurve=3 air=False up=True
AIM_REMOTE StickAimCurve=3 air=False up=True: acceptedYaw=-0.0008060047 renderedYaw=6.2823796 acceptedPitch=0.14891349 renderedPitch=0.14891343
Remote mount yaw and payload pitch settle to accepted StickAimCurve=3 air=False up=True aim on actual presentation nodes
Local preference leaves host tuning and peer camera unchanged: StickAimCurve=3 air=False up=True
CAMERA_AIM_SAMPLE StickAimCurve=3 air=True up=False expected=<0.0007779741, -0.26153588, -0.96519345> actual=<0.0007779741, -0.26153588, -0.96519345> lens=(-0.0063638967, 37.48659, 44.740368) target=(0.1023522, 3.8146973E-06, -90.138245) pitch=-0.27108654
Final centered rendered ray and pivot-relative intent agree: StickAimCurve=3 air=True up=False
Camera settings retain centered HUD: StickAimCurve=3 air=True up=False
Authoritative articulation follows camera intent within network/pose tolerance: StickAimCurve=3 air=True up=False
Shared body clearance remains safe: StickAimCurve=3 air=True up=False
AIM_REMOTE StickAimCurve=3 air=True up=False: acceptedYaw=-0.000806029 renderedYaw=6.2823796 acceptedPitch=-0.1147478 renderedPitch=-0.11474778
Remote mount yaw and payload pitch settle to accepted StickAimCurve=3 air=True up=False aim on actual presentation nodes
Local preference leaves host tuning and peer camera unchanged: StickAimCurve=3 air=True up=False
CAMERA_AIM_SAMPLE StickAimCurve=3 air=True up=True expected=<0.00079710846, 0.14836374, -0.9889326> actual=<0.00079710846, 0.14836374, -0.9889326> lens=(-0.00861323, 35.775745, 47.531006) target=(0.23913254, 78.917435, -259.83478) pitch=0.14891349
Final centered rendered ray and pivot-relative intent agree: StickAimCurve=3 air=True up=True
Camera settings retain centered HUD: StickAimCurve=3 air=True up=True
Authoritative articulation follows camera intent within network/pose tolerance: StickAimCurve=3 air=True up=True
Shared body clearance remains safe: StickAimCurve=3 air=True up=True
AIM_REMOTE StickAimCurve=3 air=True up=True: acceptedYaw=-0.0008060289 renderedYaw=6.2823796 acceptedPitch=0.14891347 renderedPitch=0.14891346
Remote mount yaw and payload pitch settle to accepted StickAimCurve=3 air=True up=True aim on actual presentation nodes
Local preference leaves host tuning and peer camera unchanged: StickAimCurve=3 air=True up=True
Camera preference aiming matrix passed: 152 low/default/high ground/air upward/downward cases through three real UDP peers.
Vehicle drives while aiming (peak 21.85 m/s, travel 23.34 m)
Airborne shooter opens wider camera framing
Airborne shooter can aim above the horizon
Airborne camera input retains the centered shared aiming cursor
Aerial pullback cannot drift held camera aim
Airborne desired aim reaches authority and the observer
Aiming survives landing and smooth chase recovery
Landing retains camera-relative aiming presentation
Menu suppression clears marker immediately
Item switch selects shared Missile foundation
Native NOS granted
Native high-speed weapon granted
NOS request accepted
Real sustained NOS accelerates the native vehicle
Direct-fire aim resumes at high speed after selecting away from NOS
Removal retires authoritative aim and local marker
New life retires previous aiming capability
Fresh weapon restores aiming before lethal damage
Lethal damage and timed respawn fixture tuning accepted
Other vehicle receives a real missile
Real host missile use accepted
Actual missile explosion kills the aiming vehicle
Death carries authoritative missile attribution
Actual death immediately clears authoritative aim
Confirmed client death clears the camera cursor before respawn
Ordinary timed respawn creates a fresh living vehicle
Respawn cannot retain a dead weapon's marker
Weapon aiming integration passed: 1117 checks; three native UDP peers.
