"frame","phase","speed","active","grounded","fov","pullback","streaks","flame","smoke","hp"
"1","enter-sustain-exit","24","False","False","65","0","0","0","False","1000"
"2","enter-sustain-exit","24","False","True","65.01249","0","0.0004997224","0","False","1000"
"3","enter-sustain-exit","24.084047","False","True","65.02415","0","0.00096580386","0","False","1000"
"4","enter-sustain-exit","24.185892","False","True","65.03506","0","0.0014023106","0","False","1000"
"5","enter-sustain-exit","24.296915","False","True","65.04531","0","0.0018123486","0","False","1000"
"6","enter-sustain-exit","24.41555","False","True","65.05497","0","0.002198668","0","False","1000"
"7","enter-sustain-exit","24.54131","False","True","65.064095","0","0.0025637713","0","False","1000"
"8","enter-sustain-exit","24.672813","False","True","65.07275","0","0.0029098638","0","False","1000"
"9","enter-sustain-exit","24.8098","False","True","65.08097","0","0.0032389623","0","False","1000"
"10","enter-sustain-exit","24.951267","False","True","65.08882","0","0.0035528513","0","False","1000"
"11","enter-sustain-exit","25.096315","False","True","65.09633","0","0.0038531076","0","False","1000"
"12","enter-sustain-exit","25.245085","False","True","65.10353","0","0.0041411985","0","False","1000"
"13","enter-sustain-exit","25.39632","False","True","65.11046","0","0.004418377","0","False","1000"
"14","enter-sustain-exit","25.549679","False","True","65.11714","0","0.004685772","0","False","1000"
"15","enter-sustain-exit","25.70528","False","True","65.12361","0","0.004944434","0","False","1000"
"16","enter-sustain-exit","25.862255","False","True","65.12988","0","0.00519526","0","False","1000"
"17","enter-sustain-exit","26.020199","False","True","65.13598","0","0.005439044","0","False","1000"
"18","enter-sustain-exit","26.179232","False","True","65.141914","0","0.0056765256","0","False","1000"
"19","enter-sustain-exit","26.338825","False","True","65.147705","0","0.0059083425","0","False","1000"
"20","enter-sustain-exit","26.498724","False","True","65.15337","0","0.006135058","0","False","1000"
"21","enter-sustain-exit","26.658974","False","True","65.15893","0","0.006357195","0","False","1000"
"22","enter-sustain-exit","26.819225","False","True","65.16438","0","0.0065752016","0","False","1000"
"23","enter-sustain-exit","26.979385","False","True","65.16974","0","0.0067894827","0","False","1000"
"24","enter-sustain-exit","27.139286","False","True","65.17501","0","0.007000394","0","False","1000"
"25","enter-sustain-exit","27.29882","False","True","65.18021","0","0.0072082523","0","False","1000"
"26","enter-sustain-exit","27.457905","False","True","65.18533","0","0.007413339","0","False","1000"
"27","enter-sustain-exit","27.616463","False","True","65.1904","0","0.007615904","0","False","1000"
"28","enter-sustain-exit","27.77443","False","True","65.195404","0","0.007816171","0","False","1000"
"29","enter-sustain-exit","27.931753","False","True","65.200356","0","0.008014336","0","False","1000"
"30","enter-sustain-exit","28.088388","False","True","65.20526","0","0.008210578","0","False","1000"
"31","enter-sustain-exit","28.244299","False","True","65.21013","0","0.00840505","0","False","1000"
"32","enter-sustain-exit","28.399456","False","True","65.21495","0","0.008597895","0","False","1000"
"33","enter-sustain-exit","28.553837","False","True","65.219734","0","0.008789232","0","False","1000"
"34","enter-sustain-exit","28.707424","False","True","65.22448","0","0.008979174","0","False","1000"
"35","enter-sustain-exit","28.860209","False","True","65.229195","0","0.009167818","0","False","1000"
"36","enter-sustain-exit","29.012182","False","True","65.23388","0","0.009355254","0","False","1000"
"37","enter-sustain-exit","29.163347","False","True","65.23854","0","0.009541556","0","False","1000"
"38","enter-sustain-exit","29.313704","False","True","65.24317","0","0.009726798","0","False","1000"
"39","enter-sustain-exit","29.463259","False","True","65.24778","0","0.009911042","0","False","1000"
"40","enter-sustain-exit","29.61202","False","True","65.25236","0","0.010094343","0","False","1000"
"41","enter-sustain-exit","29.760002","False","True","65.25692","0","0.010276755","0","False","1000"
"42","enter-sustain-exit","29.907215","False","True","65.26146","0","0.010458324","0","False","1000"
"43","enter-sustain-exit","30.05364","False","True","65.265976","0","0.010639089","0","False","1000"
"44","enter-sustain-exit","30.199183","False","True","65.27048","0","0.010819076","0","False","1000"
"45","enter-sustain-exit","30.34373","False","True","65.274956","0","0.010998296","0","False","1000"
"46","enter-sustain-exit","30.48737","False","True","65.27942","0","0.011176765","0","False","1000"
"47","enter-sustain-exit","30.630217","False","True","65.28386","0","0.011354507","0","False","1000"
"48","enter-sustain-exit","30.772366","False","True","65.28829","0","0.011531551","0","False","1000"
"49","enter-sustain-exit","30.91389","False","True","65.2927","0","0.011707933","0","False","1000"
"50","enter-sustain-exit","31.054848","False","True","65.29709","0","0.011883683","0","False","1000"
"51","enter-sustain-exit","31.195278","False","True","65.30147","0","0.012058837","0","False","1000"
"52","enter-sustain-exit","31.33521","False","True","65.30583","0","0.012233429","0","False","1000"
"53","enter-sustain-exit","31.474669","False","True","65.31019","0","0.012407487","0","False","1000"
"54","enter-sustain-exit","31.613665","False","True","65.31453","0","0.012581042","0","False","1000"
"55","enter-sustain-exit","31.752207","False","True","65.318855","0","0.012754118","0","False","1000"
"56","enter-sustain-exit","31.8903","False","True","65.323166","0","0.012926739","0","False","1000"
"57","enter-sustain-exit","32.02795","False","True","65.32748","0","0.013098926","0","False","1000"
"58","enter-sustain-exit","32.16515","False","True","65.331764","0","0.013270695","0","False","1000"
"59","enter-sustain-exit","32.3019","False","True","65.33605","0","0.013442061","0","False","1000"
"60","enter-sustain-exit","32.438194","False","True","65.340324","0","0.013613035","0","False","1000"
"61","enter-sustain-exit","32.574028","True","True","65.717636","0.029310424","0.031412892","0","False","1000"
"62","enter-sustain-exit","33.05715","True","True","66.070526","0.05663603","0.048557855","0","True","1000"
"63","enter-sustain-exit","33.540688","True","True","66.400986","0.08213764","0.065204434","0","True","1000"
"64","enter-sustain-exit","34.02322","True","True","66.710815","0.10596183","0.08148023","0","True","1000"
"65","enter-sustain-exit","34.504757","True","True","67.001686","0.1282432","0.09748933","0","True","1000"
"66","enter-sustain-exit","34.98544","True","True","67.2751","0.14910534","0.11331649","0","True","1000"
"67","enter-sustain-exit","35.46539","True","True","67.53247","0.16866182","0.1290303","0","True","1000"
"68","enter-sustain-exit","35.9447","True","True","67.77507","0.18701686","0.1446859","0","True","1000"
"69","enter-sustain-exit","36.423428","True","True","68.00407","0.2042661","0.16032726","0","True","1000"
"70","enter-sustain-exit","36.901627","True","True","68.22055","0.22049734","0.175989","0","True","1000"
"71","enter-sustain-exit","37.379326","True","True","68.4255","0.23579103","0.191698","0","True","1000"
"72","enter-sustain-exit","37.85654","True","True","68.61981","0.25022092","0.20747457","0","True","1000"
"73","enter-sustain-exit","38.33328","True","True","68.80433","0.26385468","0.22333367","0","True","1000"
"74","enter-sustain-exit","38.80954","True","True","68.9798","0.27675414","0.23928554","0","True","1000"
"75","enter-sustain-exit","39.285313","True","True","69.146904","0.28897604","0.2553367","0","True","1000"
"76","enter-sustain-exit","39.76059","True","True","69.30629","0.30057216","0.27149034","0","True","1000"
"77","enter-sustain-exit","40.235348","True","True","69.45852","0.31159","0.28774694","0","True","1000"
"78","enter-sustain-exit","40.709568","True","True","69.604126","0.32207286","0.30410457","0","True","1000"
"79","enter-sustain-exit","41.183224","True","True","69.74359","0.33206037","0.32055932","0.37615743","True","1000"
"80","enter-sustain-exit","41.65629","True","True","69.87734","0.34158862","0.33710545","0.92592597","True","1000"
"81","enter-sustain-exit","42.128727","True","True","70.005775","0.35069057","0.35373574","1","True","1000"
"82","enter-sustain-exit","42.600502","True","True","70.12926","0.35939628","0.37044165","1","True","1000"
"83","enter-sustain-exit","43.07158","True","True","70.248116","0.36773303","0.38721335","1","True","1000"
"84","enter-sustain-exit","43.541916","True","True","70.36264","0.37572578","0.40404","1","True","1000"
"85","enter-sustain-exit","44.01147","True","True","70.4731","0.3833971","0.4209098","1","True","1000"
"86","enter-sustain-exit","44.480198","True","True","70.579735","0.3907675","0.43780997","1","True","1000"
"87","enter-sustain-exit","44.948044","True","True","70.68276","0.39785558","0.45472705","1","True","1000"
"88","enter-sustain-exit","45.414955","True","True","70.78239","0.40467817","0.47164667","1","True","1000"
"89","enter-sustain-exit","45.88088","True","True","70.878784","0.41125047","0.48855394","1","True","1000"
"90","enter-sustain-exit","46.34575","True","True","70.9721","0.41758627","0.50543314","1","True","1000"
"91","enter-sustain-exit","46.80951","True","True","71.062485","0.4236979","0.5222681","1","True","1000"
"92","enter-sustain-exit","47.272087","True","True","71.15006","0.42959648","0.53904206","1","True","1000"
"93","enter-sustain-exit","47.733414","True","True","71.23494","0.435292","0.5557376","1","True","1000"
"94","enter-sustain-exit","48.193413","True","True","71.31722","0.44079345","0.57233715","1","True","1000"
"95","enter-sustain-exit","48.652008","True","True","71.396996","0.44610876","0.58882236","1","True","1000"
"96","enter-sustain-exit","49.10911","True","True","71.474335","0.45124507","0.6051747","1","True","1000"
"97","enter-sustain-exit","49.56464","True","True","71.5493","0.45620862","0.6213754","1","True","1000"
"98","enter-sustain-exit","50.018494","True","True","71.62196","0.46100512","0.63740504","1","True","1000"
"99","enter-sustain-exit","50.470577","True","True","71.69236","0.46563938","0.6532443","1","True","1000"
"100","enter-sustain-exit","50.920784","True","True","71.760544","0.4701158","0.66887367","1","True","1000"
"101","enter-sustain-exit","51.369007","True","True","71.82654","0.4744382","0.6842733","1","True","1000"
"102","enter-sustain-exit","51.81513","True","True","71.89038","0.47860983","0.6994235","1","True","1000"
"103","enter-sustain-exit","52.259033","True","True","71.952095","0.48263362","0.7143045","1","True","1000"
"104","enter-sustain-exit","52.700577","True","True","72.01171","0.48651206","0.7288966","1","True","1000"
"105","enter-sustain-exit","53.139626","True","True","72.06923","0.4902473","0.7431803","1","True","1000"
"106","enter-sustain-exit","53.57605","True","True","72.12467","0.4938412","0.7571362","1","True","1000"
"107","enter-sustain-exit","54.00971","True","True","72.17805","0.49729538","0.7707455","1","True","1000"
"108","enter-sustain-exit","54.440456","True","True","72.22936","0.5006112","0.78398955","1","True","1000"
"109","enter-sustain-exit","54.86814","True","True","72.27863","0.5037898","0.7968502","1","True","1000"
"110","enter-sustain-exit","55.29261","True","True","72.32585","0.5068323","0.80930996","1","True","1000"
"111","enter-sustain-exit","55.713696","True","True","72.37103","0.50973964","0.82135206","1","True","1000"
"112","enter-sustain-exit","56.13124","True","True","72.41417","0.5125127","0.8329603","1","True","1000"
"113","enter-sustain-exit","56.545074","True","True","72.45527","0.5151521","0.8441194","1","True","1000"
"114","enter-sustain-exit","56.95502","True","True","72.49434","0.51765877","0.8548151","1","True","1000"
"115","enter-sustain-exit","57.360912","True","True","72.53138","0.5200333","0.86503404","1","True","1000"
"116","enter-sustain-exit","57.762573","True","True","72.56641","0.5222766","0.87476397","1","True","1000"
"117","enter-sustain-exit","58.159832","True","True","72.5994","0.52438927","0.88399374","1","True","1000"
"118","enter-sustain-exit","58.55252","True","True","72.6304","0.5263724","0.8927136","1","True","1000"
"119","enter-sustain-exit","58.94047","True","True","72.65939","0.5282267","0.90091497","1","True","1000"
"120","enter-sustain-exit","59.323524","True","True","72.68639","0.5299533","0.90859085","1","True","1000"
"121","enter-sustain-exit","59.701527","True","True","72.711426","0.5315533","0.91573554","1","True","1000"
"122","enter-sustain-exit","60.074337","True","True","72.7345","0.53302824","0.9223455","1","True","1000"
"123","enter-sustain-exit","60.44182","True","True","72.75573","0.53438526","0.92844665","1","True","1000"
"124","enter-sustain-exit","60.803852","True","True","72.77526","0.53563374","0.93407637","1","True","1000"
"125","enter-sustain-exit","61.160343","True","True","72.79323","0.5367824","0.9392701","1","True","1000"
"126","enter-sustain-exit","61.5112","True","True","72.80976","0.53783923","0.94406027","1","True","1000"
"127","enter-sustain-exit","61.85636","True","True","72.824974","0.53881156","0.9484776","1","True","1000"
"128","enter-sustain-exit","62.19578","True","True","72.83897","0.5397061","0.95255023","1","True","1000"
"129","enter-sustain-exit","62.219353","True","True","72.85184","0.5405292","0.95630443","1","True","1000"
"130","enter-sustain-exit","62.219353","True","True","72.863686","0.5412864","0.95976454","1","True","1000"
"131","enter-sustain-exit","62.219353","True","True","72.87459","0.5419831","0.96295315","1","True","1000"
"132","enter-sustain-exit","62.219353","True","True","72.88461","0.5426241","0.9658912","1","True","1000"
"133","enter-sustain-exit","62.219353","True","True","72.89384","0.54321384","0.968598","1","True","1000"
"134","enter-sustain-exit","62.219353","True","True","72.90233","0.5437564","0.9710915","1","True","1000"
"135","enter-sustain-exit","62.219353","True","True","72.91013","0.5442557","0.9733883","1","True","1000"
"136","enter-sustain-exit","62.219353","True","True","72.91732","0.5447149","0.97550374","1","True","1000"
"137","enter-sustain-exit","62.219353","True","True","72.923935","0.5451375","0.9774518","1","True","1000"
"138","enter-sustain-exit","62.219345","True","True","72.930016","0.54552627","0.9792458","1","True","1000"
"139","enter-sustain-exit","62.21931","True","True","72.93561","0.54588395","0.98089767","1","True","1000"
"140","enter-sustain-exit","62.219234","True","True","72.94076","0.5462131","0.9824187","1","True","1000"
"141","enter-sustain-exit","62.219166","True","True","72.945496","0.5465158","0.983819","1","True","1000"
"142","enter-sustain-exit","62.21901","True","True","72.94985","0.5467944","0.98510826","1","True","1000"
"143","enter-sustain-exit","62.218735","True","True","72.953865","0.5470507","0.9862951","1","True","1000"
"144","enter-sustain-exit","62.21828","True","True","72.95755","0.5472865","0.9873876","1","True","1000"
"145","enter-sustain-exit","62.217625","True","True","72.960945","0.5475035","0.98839325","1","True","1000"
"146","enter-sustain-exit","62.21664","True","True","72.964066","0.5477031","0.989319","1","True","1000"
"147","enter-sustain-exit","62.215557","True","True","72.96694","0.5478867","0.990171","1","True","1000"
"148","enter-sustain-exit","62.214428","True","True","72.96958","0.5480557","0.9909552","1","True","1000"
"149","enter-sustain-exit","62.2143","True","True","72.972015","0.54821116","0.9916769","1","True","1000"
"150","enter-sustain-exit","62.213764","True","True","72.97425","0.5483542","0.99234116","1","True","1000"
"151","enter-sustain-exit","62.213154","True","True","72.97631","0.54848576","0.9929526","1","True","1000"
"152","enter-sustain-exit","62.212242","True","True","72.9782","0.5486069","0.9935152","1","True","1000"
"153","enter-sustain-exit","62.21101","True","True","72.97995","0.5487183","0.9940329","1","True","1000"
"154","enter-sustain-exit","62.20988","True","True","72.98155","0.54882073","0.9945094","1","True","1000"
"155","enter-sustain-exit","62.209312","True","True","72.983025","0.548915","0.9949479","1","True","1000"
"156","enter-sustain-exit","62.209255","True","True","72.98438","0.54900175","0.9953514","1","True","1000"
"157","enter-sustain-exit","62.20744","True","True","72.985634","0.54908156","0.9957227","1","True","1000"
"158","enter-sustain-exit","62.205765","True","True","72.98678","0.549155","0.99606436","1","True","1000"
"159","enter-sustain-exit","62.203827","True","True","72.98784","0.5492226","0.99637884","1","True","1000"
"160","enter-sustain-exit","62.200943","True","True","72.98881","0.54928476","0.9966681","1","True","1000"
"161","enter-sustain-exit","62.19729","True","True","72.98971","0.5493419","0.9969343","1","True","1000"
"162","enter-sustain-exit","62.19639","True","True","72.99053","0.54939455","0.99717927","1","True","1000"
"163","enter-sustain-exit","62.192318","True","True","72.99129","0.54944295","0.99740475","1","True","1000"
"164","enter-sustain-exit","62.190445","True","True","72.99198","0.54948753","0.99761206","1","True","1000"
"165","enter-sustain-exit","62.186592","True","True","72.99262","0.5495285","0.9978029","1","True","1000"
"166","enter-sustain-exit","62.182377","True","True","72.99321","0.5495662","0.9979785","1","True","1000"
"167","enter-sustain-exit","62.176327","True","True","72.99376","0.5496009","0.9981401","1","True","1000"
"168","enter-sustain-exit","62.16906","True","True","72.994255","0.5496328","0.99828875","1","True","1000"
"169","enter-sustain-exit","62.16263","True","True","72.99471","0.5496622","0.99842554","1","True","1000"
"170","enter-sustain-exit","62.160076","True","True","72.99514","0.5496892","0.99855137","1","True","1000"
"171","enter-sustain-exit","62.156616","True","True","72.99553","0.549714","0.9986672","1","True","1000"
"172","enter-sustain-exit","62.14846","True","True","72.99588","0.5497369","0.99877375","1","True","1000"
"173","enter-sustain-exit","62.141243","True","True","72.996216","0.54975796","0.99887174","1","True","1000"
"174","enter-sustain-exit","62.13354","True","True","72.99651","0.54977727","0.9989619","1","True","1000"
"175","enter-sustain-exit","62.122856","True","True","72.996796","0.5497951","0.9990449","1","True","1000"
"176","enter-sustain-exit","62.11035","True","True","72.99705","0.5498115","0.99912125","1","True","1000"
"177","enter-sustain-exit","62.099506","True","True","72.997284","0.54982656","0.9991916","1","True","1000"
"178","enter-sustain-exit","62.092033","True","True","72.997505","0.54984045","0.9992562","1","True","1000"
"179","enter-sustain-exit","62.085926","True","True","72.9977","0.5498532","0.9993156","1","True","1000"
"180","enter-sustain-exit","62.076504","True","True","72.99789","0.5498649","0.99937034","1","True","1000"
"181","enter-sustain-exit","62.066788","True","True","72.998055","0.5498757","0.99942064","1","True","1000"
"182","enter-sustain-exit","62.052895","True","True","72.998215","0.54988563","0.99946696","1","True","1000"
"183","enter-sustain-exit","62.036987","True","True","72.99835","0.54989475","0.9995095","1","True","1000"
"184","enter-sustain-exit","62.023357","True","True","72.99849","0.5499032","0.9995488","1","True","1000"
"185","enter-sustain-exit","62.02045","True","True","72.998604","0.54991096","0.9995849","1","True","1000"
"186","enter-sustain-exit","62.018787","True","True","72.99872","0.54991806","0.99961805","1","True","1000"
"187","enter-sustain-exit","62.006584","True","True","72.99882","0.5499246","0.9996486","1","True","1000"
"188","enter-sustain-exit","61.99718","True","True","72.99892","0.54993063","0.9996767","1","True","1000"
"189","enter-sustain-exit","61.987694","True","True","72.999","0.5499362","0.9997025","1","True","1000"
"190","enter-sustain-exit","61.972256","True","True","72.999084","0.5499413","0.99972636","1","True","1000"
"191","enter-sustain-exit","61.954235","True","True","72.99915","0.549946","0.99974823","1","True","1000"
"192","enter-sustain-exit","61.946182","True","True","72.99922","0.5499503","0.9997684","1","True","1000"
"193","enter-sustain-exit","61.935635","True","True","72.99928","0.5499543","0.99978685","1","True","1000"
"194","enter-sustain-exit","61.933765","True","True","72.999344","0.54995793","0.9998039","1","True","1000"
"195","enter-sustain-exit","61.927803","True","True","72.9994","0.5499613","0.99981964","1","True","1000"
"196","enter-sustain-exit","61.921753","True","True","72.99944","0.5499644","0.999834","1","True","1000"
"197","enter-sustain-exit","61.90826","True","True","72.99949","0.5499673","0.9998473","1","True","1000"
"198","enter-sustain-exit","61.891277","True","True","72.99953","0.5499699","0.9998595","1","True","1000"
"199","enter-sustain-exit","61.8797","True","True","72.999565","0.5499723","0.9998707","1","True","1000"
"200","enter-sustain-exit","61.87944","True","True","72.9996","0.5499745","0.999881","1","True","1000"
"201","enter-sustain-exit","61.874058","True","True","72.99963","0.5499765","0.99989057","1","True","1000"
"202","enter-sustain-exit","61.87672","True","True","72.999664","0.54997844","0.99989927","1","True","1000"
"203","enter-sustain-exit","61.87644","True","True","72.99969","0.54998016","0.9999074","1","True","1000"
"204","enter-sustain-exit","61.871853","True","True","72.99971","0.5499817","0.99991477","1","True","1000"
"205","enter-sustain-exit","61.86404","True","True","72.99974","0.5499832","0.9999216","1","True","1000"
"206","enter-sustain-exit","61.853535","True","True","72.999756","0.5499845","0.9999279","1","True","1000"
"207","enter-sustain-exit","61.83444","True","True","72.99978","0.54998577","0.99993366","1","True","1000"
"208","enter-sustain-exit","61.816307","True","True","72.999794","0.54998696","0.999939","1","True","1000"
"209","enter-sustain-exit","61.796597","True","True","72.99981","0.549988","0.9999439","1","True","1000"
"210","enter-sustain-exit","61.77498","True","True","72.999825","0.5499889","0.9999484","1","True","1000"
"211","enter-sustain-exit","61.751453","True","True","72.99984","0.5499898","0.99995244","1","True","1000"
"212","enter-sustain-exit","61.713932","True","True","72.999855","0.54999065","0.99995625","1","True","1000"
"213","enter-sustain-exit","61.688583","True","True","72.99986","0.54999137","0.9999598","1","True","1000"
"214","enter-sustain-exit","61.651077","True","True","72.99988","0.5499921","0.99996305","1","True","1000"
"215","enter-sustain-exit","61.614952","True","True","72.999886","0.5499927","0.99996597","1","True","1000"
"216","enter-sustain-exit","61.490364","True","True","72.99989","0.5499933","0.9999687","1","True","1000"
"217","enter-sustain-exit","61.52131","True","True","72.9999","0.5499938","0.9999712","1","True","1000"
"218","enter-sustain-exit","61.492214","True","True","72.99991","0.5499943","0.9999735","1","True","1000"
"219","enter-sustain-exit","61.417145","True","True","72.999916","0.54999477","0.99997556","1","True","1000"
"220","enter-sustain-exit","61.381275","True","True","72.99992","0.5499952","0.9999775","1","True","1000"
"221","enter-sustain-exit","61.3214","True","True","72.99993","0.5499956","0.9999793","1","True","1000"
"222","enter-sustain-exit","60.199364","True","True","72.99994","0.54999596","0.999981","1","True","1000"
"223","enter-sustain-exit","60.254333","True","True","72.99994","0.54999626","0.99998254","1","True","1000"
"224","enter-sustain-exit","60.308388","True","True","72.99995","0.54999655","0.9999839","1","True","1000"
"225","enter-sustain-exit","60.36269","True","True","72.999954","0.54999685","0.9999852","1","True","1000"
"226","enter-sustain-exit","60.427044","True","True","72.999954","0.5499971","0.9999864","1","True","1000"
"227","enter-sustain-exit","60.47266","True","True","72.999954","0.5499973","0.9999874","1","True","1000"
"228","enter-sustain-exit","60.51393","True","True","72.99996","0.54999757","0.9999885","1","True","1000"
"229","enter-sustain-exit","60.526432","True","True","72.99996","0.54999775","0.99998945","1","True","1000"
"230","enter-sustain-exit","60.579254","True","True","72.99997","0.5499979","0.99999034","1","True","1000"
"231","enter-sustain-exit","60.61857","True","True","72.99997","0.5499981","0.99999106","1","True","1000"
"232","enter-sustain-exit","60.658817","True","True","72.99997","0.5499983","0.99999183","1","True","1000"
"233","enter-sustain-exit","60.70451","True","True","72.99998","0.5499984","0.9999925","1","True","1000"
"234","enter-sustain-exit","60.768597","True","True","72.99998","0.5499985","0.9999931","1","True","1000"
"235","enter-sustain-exit","60.828773","True","True","72.99998","0.54999864","0.9999937","1","True","1000"
"236","enter-sustain-exit","60.88521","True","True","72.99998","0.54999876","0.99999416","1","True","1000"
"237","enter-sustain-exit","60.941948","True","True","72.999985","0.5499989","0.9999946","1","True","1000"
"238","enter-sustain-exit","61.01905","True","True","72.999985","0.54999894","0.99999505","1","True","1000"
"239","enter-sustain-exit","61.085545","True","True","72.999985","0.54999906","0.99999547","1","True","1000"
"240","enter-sustain-exit","61.138733","True","True","72.999985","0.5499991","0.9999958","1","True","1000"
"241","enter-sustain-exit","61.17177","False","True","72.60333","0.5188337","0.94559836","1","True","1000"
"242","enter-sustain-exit","60.772526","False","True","72.229164","0.48943424","0.89428324","1","True","1000"
"243","enter-sustain-exit","60.394066","False","True","71.87619","0.46170068","0.8458758","0.9959864","True","1000"
"244","enter-sustain-exit","60.00343","False","True","71.54322","0.43553865","0.80021137","0.98435193","True","1000"
"245","enter-sustain-exit","59.61461","False","True","71.229095","0.41085905","0.7571228","0.9657064","True","1000"
"246","enter-sustain-exit","59.228844","False","True","70.93273","0.38757792","0.71644443","0.94065934","True","1000"
"247","enter-sustain-exit","58.86486","False","True","70.65309","0.365616","0.6780285","0.90982056","True","1000"
"248","enter-sustain-exit","58.4975","False","True","70.3892","0.34489855","0.6417371","0.87379956","True","1000"
"249","enter-sustain-exit","58.12939","False","True","70.140144","0.32535502","0.6074436","0.83320606","True","1000"
"250","enter-sustain-exit","57.775837","False","True","69.90506","0.30691895","0.5750346","0.7886498","True","1000"
"251","enter-sustain-exit","57.413734","False","True","69.68314","0.28952754","0.5443998","0.74074036","True","1000"
"252","enter-sustain-exit","57.034267","False","True","69.4736","0.2731216","0.5154331","0.6900875","True","1000"
"253","enter-sustain-exit","56.646435","False","True","69.27571","0.25764528","0.48803815","0.6373007","True","1000"
"254","enter-sustain-exit","56.25811","False","True","69.08879","0.24304593","0.46212757","0.58298993","True","1000"
"255","enter-sustain-exit","55.88478","False","True","68.91221","0.22927386","0.437625","0.52776456","True","1000"
"256","enter-sustain-exit","55.50725","False","True","68.74535","0.21628216","0.41445228","0.47223443","True","1000"
"257","enter-sustain-exit","55.145576","False","True","68.58768","0.20402662","0.3925432","0.4170091","True","1000"
"258","enter-sustain-exit","54.77514","False","True","68.43862","0.19246554","0.37182647","0.3626983","True","1000"
"259","enter-sustain-exit","54.38511","False","True","68.29767","0.18155958","0.35223103","0.30991164","True","1000"
"260","enter-sustain-exit","54.129726","False","True","68.16448","0.17127159","0.3337469","0.2592588","True","1000"
"261","enter-sustain-exit","53.31454","False","True","68.037964","0.16156656","0.31610283","0.21134947","True","989.2939"
"262","enter-sustain-exit","53.211338","False","True","67.918564","0.15241148","0.29953486","0.16679329","True","989.2939"
"263","enter-sustain-exit","53.10958","False","True","67.80588","0.14377517","0.28397337","0.12619992","True","989.2939"
"264","enter-sustain-exit","52.99744","False","True","67.6995","0.13562821","0.26934984","0.09017904","True","989.2939"
"265","enter-sustain-exit","52.706707","False","True","67.59884","0.1279429","0.25554457","0.05934029","True","989.2939"
"266","enter-sustain-exit","52.44153","False","True","67.50361","0.12069308","0.24252126","0.034293354","True","989.2939"
"267","enter-sustain-exit","52.170597","False","True","67.413475","0.113854066","0.23023407","0.015647883","True","989.2939"
"268","enter-sustain-exit","51.903175","False","True","67.328156","0.107402585","0.21864302","0.0040135444","True","989.2939"
"269","enter-sustain-exit","51.61833","False","True","67.24734","0.10131667","0.20770356","0","False","989.2939"
"270","enter-sustain-exit","51.3222","False","True","67.17074","0.09557561","0.19737618","0","False","989.2939"
"271","enter-sustain-exit","51.018314","False","True","67.098114","0.09015986","0.18762496","0","False","989.2939"
"272","enter-sustain-exit","50.70096","False","True","67.0292","0.08505099","0.17841446","0","False","989.2939"
"273","enter-sustain-exit","50.367893","False","True","66.96375","0.08023162","0.169711","0","False","989.2939"
"274","enter-sustain-exit","50.017094","False","True","66.90154","0.07568534","0.16148238","0","False","989.2939"
"275","enter-sustain-exit","49.660786","False","True","66.84237","0.07139667","0.15370215","0","False","989.2939"
"276","enter-sustain-exit","49.29974","False","True","66.786026","0.06735101","0.14634545","0","False","989.2939"
"277","enter-sustain-exit","48.943768","False","True","66.732376","0.063534595","0.13939127","0","False","989.2939"
"278","enter-sustain-exit","48.56557","False","True","66.6812","0.059934437","0.13281226","0","False","989.2939"
"279","enter-sustain-exit","48.18324","False","True","66.63235","0.05653828","0.12658778","0","False","989.2939"
"280","enter-sustain-exit","47.797516","False","True","66.58568","0.053334564","0.12069833","0","False","989.2939"
"281","enter-sustain-exit","47.424583","False","True","66.54107","0.050312385","0.115129426","0","False","989.2939"
"282","enter-sustain-exit","47.035862","False","True","66.498375","0.047461458","0.10985987","0","False","989.2939"
"283","enter-sustain-exit","46.65337","False","True","66.45749","0.044772074","0.10487516","0","False","989.2939"
"284","enter-sustain-exit","46.292065","False","True","66.41834","0.042235084","0.10016473","0","False","989.2939"
"285","enter-sustain-exit","45.91894","False","True","66.380806","0.039841853","0.09571034","0","False","989.2939"
"286","enter-sustain-exit","45.55021","False","True","66.344795","0.037584234","0.09149865","0","False","989.2939"
"287","enter-sustain-exit","45.194824","False","True","66.31024","0.035454538","0.08751881","0","False","989.2939"
"288","enter-sustain-exit","44.85923","False","True","66.2771","0.033445522","0.0837615","0","False","989.2939"
"289","enter-sustain-exit","44.51216","False","True","66.245255","0.031550348","0.0802109","0","False","989.2939"
"290","enter-sustain-exit","44.218155","False","True","66.21475","0.029762562","0.07686553","0","False","989.2939"
"291","enter-sustain-exit","43.950058","False","True","66.18556","0.02807608","0.07371726","0","False","989.2939"
"292","enter-sustain-exit","43.669712","False","True","66.157585","0.026485164","0.07075058","0","False","989.2939"
"293","enter-sustain-exit","43.390602","False","True","66.13074","0.024984395","0.067953855","0","False","989.2939"
"294","enter-sustain-exit","43.13618","False","True","66.10502","0.023568666","0.065320574","0","False","989.2939"
"295","enter-sustain-exit","42.870922","False","True","66.08033","0.022233158","0.06283775","0","False","989.2939"
"296","enter-sustain-exit","42.606163","False","True","66.05661","0.020973327","0.060495522","0","False","989.2939"
"297","enter-sustain-exit","42.36499","False","True","66.03385","0.019784883","0.05828871","0","False","989.2939"
"298","enter-sustain-exit","42.11269","False","True","66.01198","0.01866378","0.056206197","0","False","989.2939"
"299","enter-sustain-exit","41.868786","False","True","65.990944","0.017606208","0.05424111","0","False","989.2939"
"300","enter-sustain-exit","41.640713","False","True","65.97075","0.01660856","0.052388094","0","False","989.2939"
"301","enter-sustain-exit","41.40313","False","True","65.9513","0.015667444","0.050637946","0","False","989.2939"
"302","enter-sustain-exit","41.314182","False","True","65.93292","0.014779655","0.049006987","0","False","989.2939"
"303","enter-sustain-exit","41.22636","False","True","65.91554","0.013942173","0.047485735","0","False","989.2939"
"304","enter-sustain-exit","41.14751","False","True","65.89912","0.013152146","0.046066727","0","False","989.2939"
"305","enter-sustain-exit","40.885624","False","True","65.88314","0.012406886","0.044714812","0","False","989.2939"
"306","enter-sustain-exit","40.686512","False","True","65.867744","0.011703855","0.04343524","0","False","989.2939"
"307","enter-sustain-exit","40.48758","False","True","65.85289","0.011040662","0.042223193","0","False","989.2939"
"308","enter-sustain-exit","40.433186","False","True","65.8389","0.010415048","0.041094486","0","False","989.2939"
"309","enter-sustain-exit","40.378746","False","True","65.825714","0.009824885","0.040042322","0","False","989.2939"
"310","enter-sustain-exit","40.33159","False","True","65.813286","0.009268162","0.03906153","0","False","989.2939"
"311","enter-sustain-exit","40.290833","False","True","65.80159","0.008742986","0.038147252","0","False","989.2939"
"312","enter-sustain-exit","40.031082","False","True","65.79005","0.008247569","0.03726531","0","False","989.2939"
"313","enter-sustain-exit","39.860657","False","True","65.77886","0.007780225","0.036425985","0","False","989.2939"
"314","enter-sustain-exit","39.83131","False","True","65.768364","0.007339362","0.035644714","0","False","989.2939"
"315","enter-sustain-exit","39.807774","False","True","65.758514","0.0069234804","0.034917556","0","False","989.2939"
"316","enter-sustain-exit","39.78372","False","True","65.749275","0.006531165","0.034240104","0","False","989.2939"
"317","enter-sustain-exit","39.76565","False","True","65.740616","0.0061610797","0.033609156","0","False","989.2939"
"318","enter-sustain-exit","39.74745","False","True","65.73249","0.005811965","0.033021037","0","False","989.2939"
"319","enter-sustain-exit","39.51273","False","True","65.724335","0.005482633","0.0324462","0","False","989.2939"
"320","enter-sustain-exit","39.372784","False","True","65.7164","0.0051719625","0.03189584","0","False","989.2939"
"321","enter-sustain-exit","39.251354","False","True","65.7087","0.0048788954","0.03137069","0","False","989.2939"
"322","enter-sustain-exit","39.25432","False","True","65.701546","0.004602435","0.030883802","0","False","989.2939"
"323","enter-sustain-exit","39.257103","False","True","65.69488","0.00434164","0.030432083","0","False","989.2939"
"324","enter-sustain-exit","39.265232","False","True","65.68869","0.0040956233","0.03001336","0","False","989.2939"
"325","enter-sustain-exit","39.100285","False","True","65.682526","0.0038635465","0.02960517","0","False","989.2939"
"326","enter-sustain-exit","39.00267","False","True","65.67654","0.0036446205","0.029214846","0","False","989.2939"
"327","enter-sustain-exit","39.025024","False","True","65.67102","0.0034381","0.028854838","0","False","989.2939"
"328","enter-sustain-exit","39.047443","False","True","65.66594","0.0032432817","0.028522722","0","False","989.2939"
"329","enter-sustain-exit","38.929108","False","True","65.66092","0.0030595027","0.0282006","0","False","989.2939"
"330","enter-sustain-exit","38.832497","False","True","65.656","0.0028861375","0.027890414","0","False","989.2939"
"331","enter-sustain-exit","38.748302","False","True","65.65122","0.0027225958","0.02759284","0","False","989.2939"
"332","enter-sustain-exit","38.790157","False","True","65.64688","0.002568321","0.027320927","0","False","989.2939"
"333","enter-sustain-exit","38.83282","False","True","65.64294","0.0024227884","0.0270727","0","False","989.2939"
"334","enter-sustain-exit","38.880722","False","True","65.63939","0.0022855022","0.026846835","0","False","989.2939"
"335","enter-sustain-exit","38.933693","False","True","65.636215","0.0021559952","0.0266421","0","False","989.2939"
"336","enter-sustain-exit","38.811897","False","True","65.63296","0.002033827","0.026438085","0","False","989.2939"
"337","enter-sustain-exit","38.872944","False","True","65.63007","0.001918581","0.026254537","0","False","989.2939"
"338","enter-sustain-exit","38.938095","False","True","65.62755","0.0018098655","0.026090259","0","False","989.2939"
"339","enter-sustain-exit","39.009724","False","True","65.62537","0.0017073103","0.025944404","0","False","989.2939"
"340","enter-sustain-exit","39.085217","False","True","65.62352","0.0016105665","0.025815923","0","False","989.2939"
"341","enter-sustain-exit","39.165333","False","True","65.62198","0.0015193045","0.025703922","0","False","989.2939"
"342","enter-sustain-exit","39.04806","False","True","65.620255","0.0014332137","0.0255865","0","False","989.2939"
"343","enter-sustain-exit","38.995842","False","True","65.61851","0.0013520013","0.025471091","0","False","989.2939"
"344","enter-sustain-exit","38.9544","False","True","65.61678","0.0012753909","0.025358802","0","False","989.2939"
"345","enter-sustain-exit","39.039158","False","True","65.61537","0.0012031215","0.025262577","0","False","989.2939"
"346","enter-sustain-exit","39.126217","False","True","65.61427","0.0011349472","0.025181372","0","False","989.2939"
"347","enter-sustain-exit","39.214787","False","True","65.61346","0.001070636","0.025114154","0","False","989.2939"
"348","enter-sustain-exit","39.30402","False","True","65.61291","0.0010099689","0.025059879","0","False","989.2939"
"349","enter-sustain-exit","39.39316","False","True","65.6126","0.00095273944","0.02501752","0","False","989.2939"
"350","enter-sustain-exit","39.480927","False","True","65.61252","0.0008987529","0.024986003","0","False","989.2939"
"351","enter-sustain-exit","39.40056","False","True","65.61223","0.00084782555","0.024947431","0","False","989.2939"
"352","enter-sustain-exit","39.486668","False","True","65.61215","0.0007997839","0.02491936","0","False","989.2939"
"353","enter-sustain-exit","39.572353","False","True","65.61228","0.00075446453","0.024900934","0","False","989.2939"
"354","enter-sustain-exit","39.65724","False","True","65.612595","0.0007117131","0.024891317","0","False","989.2939"
"355","enter-sustain-exit","39.740326","False","True","65.613075","0.0006713842","0.024889652","0","False","989.2939"
"356","enter-sustain-exit","39.8223","False","True","65.6137","0.0006333406","0.024895215","0","False","989.2939"
"357","enter-sustain-exit","39.715935","False","True","65.61401","0.0005974527","0.024888625","0","False","989.2939"
"358","enter-sustain-exit","39.66047","False","True","65.61414","0.0005635983","0.024876045","0","False","989.2939"
"359","enter-sustain-exit","39.615902","False","True","65.61415","0.00053166226","0.024859125","0","False","989.2939"
"360","enter-sustain-exit","39.559216","False","True","65.61401","0.00050153583","0.024837067","0","False","989.2939"
"361","repeated-use","24","False","False","65","0","0","0","False","1000"
"362","repeated-use","24","False","True","65.01249","0","0.0004997224","0","False","1000"
"363","repeated-use","24.084047","False","True","65.02415","0","0.00096580386","0","False","1000"
"364","repeated-use","24.185892","False","True","65.03506","0","0.0014023106","0","False","1000"
"365","repeated-use","24.296915","False","True","65.04531","0","0.0018123486","0","False","1000"
"366","repeated-use","24.41555","False","True","65.05497","0","0.002198668","0","False","1000"
"367","repeated-use","24.54131","False","True","65.064095","0","0.0025637713","0","False","1000"
"368","repeated-use","24.672813","False","True","65.07275","0","0.0029098638","0","False","1000"
"369","repeated-use","24.8098","False","True","65.08097","0","0.0032389623","0","False","1000"
"370","repeated-use","24.951267","False","True","65.08882","0","0.0035528513","0","False","1000"
"371","repeated-use","25.096315","False","True","65.09633","0","0.0038531076","0","False","1000"
"372","repeated-use","25.245085","False","True","65.10353","0","0.0041411985","0","False","1000"
"373","repeated-use","25.39632","False","True","65.11046","0","0.004418377","0","False","1000"
"374","repeated-use","25.549679","False","True","65.11714","0","0.004685772","0","False","1000"
"375","repeated-use","25.70528","False","True","65.12361","0","0.004944434","0","False","1000"
"376","repeated-use","25.862255","False","True","65.12988","0","0.00519526","0","False","1000"
"377","repeated-use","26.020199","False","True","65.13598","0","0.005439044","0","False","1000"
"378","repeated-use","26.179232","False","True","65.141914","0","0.0056765256","0","False","1000"
"379","repeated-use","26.338825","False","True","65.147705","0","0.0059083425","0","False","1000"
"380","repeated-use","26.498724","False","True","65.15337","0","0.006135058","0","False","1000"
"381","repeated-use","26.658974","False","True","65.15893","0","0.006357195","0","False","1000"
"382","repeated-use","26.819225","False","True","65.16438","0","0.0065752016","0","False","1000"
"383","repeated-use","26.979385","False","True","65.16974","0","0.0067894827","0","False","1000"
"384","repeated-use","27.139286","False","True","65.17501","0","0.007000394","0","False","1000"
"385","repeated-use","27.29882","False","True","65.18021","0","0.0072082523","0","False","1000"
"386","repeated-use","27.457905","False","True","65.18533","0","0.007413339","0","False","1000"
"387","repeated-use","27.616463","False","True","65.1904","0","0.007615904","0","False","1000"
"388","repeated-use","27.77443","False","True","65.195404","0","0.007816171","0","False","1000"
"389","repeated-use","27.931753","False","True","65.200356","0","0.008014336","0","False","1000"
"390","repeated-use","28.088388","False","True","65.20526","0","0.008210578","0","False","1000"
"391","repeated-use","28.244299","True","True","65.54389","0.026224349","0.018023247","0","False","1000"
"392","repeated-use","28.741268","True","True","65.86088","0.05069077","0.02771531","0","False","1000"
"393","repeated-use","29.238056","True","True","66.15802","0.0735444","0.037377946","0","False","1000"
"394","repeated-use","29.733694","True","True","66.43697","0.09491777","0.047084533","0","False","1000"
"395","repeated-use","30.228065","True","True","66.699234","0.11493236","0.056893792","0","False","1000"
"396","repeated-use","30.721163","True","True","66.94618","0.1336996","0.066852316","0","False","1000"
"397","repeated-use","31.212997","True","True","67.179085","0.15132168","0.07699662","0","False","1000"
"398","repeated-use","31.703588","True","True","67.3991","0.1678923","0.087354876","0","False","1000"
"399","repeated-use","32.19259","True","True","67.60728","0.18349704","0.09794791","0","False","1000"
"400","repeated-use","32.680065","True","True","67.80459","0.19821441","0.108790845","0","False","1000"
"401","repeated-use","33.16601","True","True","67.99191","0.2121163","0.119893976","0","False","1000"
"402","repeated-use","33.650326","True","True","68.17007","0.22526842","0.13126354","0","False","1000"
"403","repeated-use","34.133255","True","True","68.339775","0.23773116","0.14290285","0","False","1000"
"404","repeated-use","34.615036","True","True","68.50173","0.24955988","0.15481295","0","False","1000"
"405","repeated-use","35.09585","True","True","68.65655","0.2608054","0.16699302","0","False","1000"
"406","repeated-use","35.575844","True","True","68.8048","0.2715143","0.17944069","0","False","1000"
"407","repeated-use","36.055122","True","True","68.94701","0.28172916","0.19215235","0","False","1000"
"408","repeated-use","36.533768","True","True","69.08364","0.29148898","0.2051232","0","False","1000"
"409","repeated-use","37.01184","True","True","69.21513","0.3008294","0.21834767","0","True","1000"
"410","repeated-use","37.489376","True","True","69.34189","0.30978298","0.23181926","0","True","1000"
"411","repeated-use","37.966404","True","True","69.464264","0.3183793","0.2455307","0","True","1000"
"412","repeated-use","38.442936","True","True","69.58257","0.3266455","0.25947407","0","True","1000"
"413","repeated-use","38.918976","True","True","69.69712","0.334606","0.2736408","0","True","1000"
"414","repeated-use","39.39452","True","True","69.808174","0.34228325","0.28802177","0","True","1000"
"415","repeated-use","39.869556","True","True","69.91597","0.34969744","0.30260718","0","True","1000"
"416","repeated-use","40.34407","True","True","70.02073","0.356867","0.31738672","0","True","1000"
"417","repeated-use","40.818043","True","True","70.12265","0.36380848","0.33234942","0","True","1000"
"418","repeated-use","41.291447","True","True","70.2219","0.37053686","0.34748384","0","True","1000"
"419","repeated-use","41.764256","True","True","70.31864","0.37706566","0.36277798","0","True","1000"
"420","repeated-use","42.236435","True","True","70.41302","0.38340703","0.37821916","0","True","1000"
"421","repeated-use","42.70795","True","True","70.50514","0.38957182","0.39379424","0","True","1000"
"422","repeated-use","43.17877","True","True","70.59512","0.39556977","0.4094895","0","True","1000"
"423","repeated-use","43.64884","True","True","70.68307","0.40140954","0.4252906","0","True","1000"
"424","repeated-use","44.118126","True","True","70.76905","0.4070988","0.44118273","0","True","1000"
"425","repeated-use","44.586575","True","True","70.85315","0.41264436","0.45715046","0","True","1000"
"426","repeated-use","45.054134","True","True","70.935425","0.41805217","0.47317782","0.37615743","True","1000"
"427","repeated-use","45.520756","True","True","71.01593","0.42332745","0.48924828","0.92592597","True","1000"
"428","repeated-use","45.986378","True","True","71.09471","0.42847472","0.5053448","1","True","1000"
"429","repeated-use","46.450943","True","True","71.1718","0.43349794","0.52144986","1","True","1000"
"430","repeated-use","46.914383","True","True","71.24722","0.43840036","0.5375456","1","True","1000"
"431","repeated-use","47.376637","True","True","71.321014","0.44318485","0.55361336","1","True","1000"
"432","repeated-use","47.837627","True","True","71.39319","0.4478537","0.56963426","1","True","1000"
"433","repeated-use","48.297276","True","True","71.46375","0.45240885","0.58558905","1","True","1000"
"434","repeated-use","48.755505","True","True","71.53271","0.45685175","0.60145813","1","True","1000"
"435","repeated-use","49.212227","True","True","71.60007","0.46118358","0.61722136","1","True","1000"
"436","repeated-use","49.66735","True","True","71.66583","0.46540517","0.6328585","1","True","1000"
"437","repeated-use","50.120785","True","True","71.72999","0.46951708","0.64834917","1","True","1000"
"438","repeated-use","50.57243","True","True","71.79253","0.47351956","0.6636725","1","True","1000"
"439","repeated-use","51.02218","True","True","71.853455","0.47741276","0.67880774","1","True","1000"
"440","repeated-use","51.469917","True","True","71.912735","0.48119646","0.6937339","1","True","1000"
"441","repeated-use","51.91553","True","True","71.970375","0.4848705","0.7084302","1","True","1000"
"442","repeated-use","52.3589","True","True","72.026344","0.48843434","0.7228757","1","True","1000"
"443","repeated-use","52.799873","True","True","72.080635","0.49188748","0.73704976","1","True","1000"
"444","repeated-use","53.23833","True","True","72.133224","0.49522927","0.75093174","1","True","1000"
"445","repeated-use","53.674133","True","True","72.1841","0.49845898","0.76450133","1","True","1000"
"446","repeated-use","54.107136","True","True","72.23324","0.5015758","0.7777388","1","True","1000"
"447","repeated-use","54.537197","True","True","72.28062","0.5045791","0.7906248","1","True","1000"
"448","repeated-use","54.964165","True","True","72.326225","0.507468","0.8031403","1","True","1000"
"449","repeated-use","55.38788","True","True","72.37005","0.5102416","0.8152671","1","True","1000"
"450","repeated-use","55.808178","True","True","72.41206","0.5128994","0.82698756","1","True","1000"
"451","repeated-use","56.2249","True","True","72.45225","0.5154405","0.8382851","1","True","1000"
"452","repeated-use","56.637867","True","True","72.4906","0.51786435","0.8491438","1","True","1000"
"453","repeated-use","57.046913","True","True","72.52711","0.5201704","0.85954875","1","True","1000"
"454","repeated-use","57.451866","True","True","72.56176","0.52235824","0.86948615","1","True","1000"
"455","repeated-use","57.85255","True","True","72.594536","0.5244274","0.8789433","1","True","1000"
"456","repeated-use","58.24879","True","True","72.62545","0.52637786","0.88790876","1","True","1000"
"457","repeated-use","58.640427","True","True","72.65448","0.5282095","0.89637244","1","True","1000"
"458","repeated-use","59.027287","True","True","72.68163","0.52992237","0.90432537","1","True","1000"
"459","repeated-use","59.409214","True","True","72.70692","0.5315168","0.91176033","1","True","1000"
"460","repeated-use","59.786057","True","True","72.73032","0.5329932","0.91867125","1","True","1000"
"461","repeated-use","60.157677","True","True","72.751884","0.53435296","0.9250577","1","True","1000"
"462","repeated-use","60.52394","True","True","72.77173","0.53560406","0.93095136","1","True","1000"
"463","repeated-use","60.88474","True","True","72.78998","0.5367551","0.9363889","1","True","1000"
"464","repeated-use","61.239967","True","True","72.80677","0.5378141","0.9414045","1","True","1000"
"465","repeated-use","61.589546","True","True","72.82222","0.53878844","0.9460299","1","True","1000"
"466","repeated-use","61.93342","True","True","72.83643","0.53968483","0.95029455","1","True","1000"
"467","repeated-use","62.2196","True","True","72.84951","0.5405096","0.954226","1","True","1000"
"468","repeated-use","62.2196","True","True","72.86154","0.5412684","0.95784974","1","True","1000"
"469","repeated-use","62.2196","True","True","72.87261","0.54196656","0.96118927","1","True","1000"
"470","repeated-use","62.2196","True","True","72.8828","0.54260886","0.9642664","1","True","1000"
"471","repeated-use","62.2196","True","True","72.89217","0.54319984","0.9671016","1","True","1000"
"472","repeated-use","62.2196","True","True","72.900795","0.54374355","0.9697134","1","True","1000"
"473","repeated-use","62.2196","True","True","72.90872","0.54424375","0.9721193","1","True","1000"
"474","repeated-use","62.2196","True","True","72.91602","0.54470396","0.9743351","1","True","1000"
"475","repeated-use","62.2196","True","True","72.92274","0.54512745","0.9763759","1","True","1000"
"476","repeated-use","62.2196","True","True","72.92892","0.545517","0.9782552","1","True","1000"
"477","repeated-use","62.2196","True","True","72.9346","0.5458755","0.9799858","1","True","1000"
"478","repeated-use","62.2196","True","True","72.93983","0.5462053","0.9815792","1","True","1000"
"479","repeated-use","62.2196","True","True","72.94464","0.54650867","0.98304623","1","True","1000"
"480","repeated-use","62.2196","True","True","72.949066","0.5467878","0.9843969","1","True","1000"
"481","repeated-use","62.2196","True","True","72.95314","0.54704463","0.9856402","1","True","1000"
"482","repeated-use","62.2196","True","True","72.95689","0.5472809","0.98678493","1","True","1000"
"483","repeated-use","62.2196","True","True","72.960335","0.54749835","0.98783857","1","True","1000"
"484","repeated-use","62.2196","True","True","72.9635","0.5476983","0.9888084","1","True","1000"
"485","repeated-use","62.2196","True","True","72.96642","0.5478824","0.9897011","1","True","1000"
"486","repeated-use","62.2196","True","True","72.96911","0.5480517","0.99052274","1","True","1000"
"487","repeated-use","62.219593","True","True","72.97157","0.5482075","0.99127895","1","True","1000"
"488","repeated-use","62.21956","True","True","72.97385","0.5483508","0.99197495","1","True","1000"
"489","repeated-use","62.219532","True","True","72.97594","0.54848266","0.9926155","1","True","1000"
"490","repeated-use","62.219456","True","True","72.97787","0.548604","0.9932051","1","True","1000"
"491","repeated-use","62.2193","True","True","72.97963","0.54871565","0.9937476","1","True","1000"
"492","repeated-use","62.219017","True","True","72.98126","0.54881835","0.9942469","1","True","1000"
"493","repeated-use","62.218563","True","True","72.98276","0.5489128","0.99470633","1","True","1000"
"494","repeated-use","62.217857","True","True","72.98414","0.5489997","0.9951291","1","True","1000"
"495","repeated-use","62.217056","True","True","72.985405","0.5490797","0.9955182","1","True","1000"
"496","repeated-use","62.21593","True","True","72.98657","0.5491533","0.99587625","1","True","1000"
"497","repeated-use","62.214783","False","True","72.590744","0.5180358","0.94190603","1","True","1000"
"498","repeated-use","62.1633","False","True","72.21734","0.48868158","0.8909685","1","True","1000"
"499","repeated-use","62.11141","False","True","71.86509","0.4609907","0.8428952","0.9959864","True","1000"
"500","repeated-use","62.058926","False","True","71.5328","0.43486887","0.79752666","0.98435193","True","1000"
"501","repeated-use","62.005642","False","True","71.21933","0.41022724","0.7547122","0.9657064","True","1000"
"502","repeated-use","61.95171","False","True","70.923615","0.3869819","0.7143094","0.94065934","True","1000"
"503","repeated-use","61.89772","False","True","70.64466","0.36505374","0.67618334","0.90982056","True","1000"
"504","repeated-use","61.84421","False","True","70.38151","0.34436816","0.64020675","0.87379956","True","1000"
"505","repeated-use","61.78966","True","True","70.590866","0.36080956","0.66893834","0.83320606","True","1000"
"506","repeated-use","62.124916","True","True","70.78349","0.3759364","0.6953781","0.7886498","True","1000"
"507","repeated-use","62.205666","True","True","70.96072","0.38985375","0.7197086","0.74074036","True","1000"
"508","repeated-use","62.20362","True","True","71.123764","0.4026583","0.7420977","0.6900875","True","1000"
"509","repeated-use","62.200455","True","True","71.27378","0.41443914","0.76269996","0.6373007","True","1000"
"510","repeated-use","62.199688","True","True","71.411804","0.425278","0.7816579","0.58298993","True","1000"
"511","repeated-use","62.198555","True","True","71.53879","0.43525022","0.7991023","0.52776456","True","1000"
"512","repeated-use","62.194786","True","True","71.655624","0.4444251","0.815154","0.47223443","True","1000"
"513","repeated-use","62.191402","True","True","71.763115","0.4528664","0.82992405","0.4170091","True","1000"
"514","repeated-use","62.18759","True","True","71.86201","0.4606328","0.8435145","0.3626983","True","1000"
"515","repeated-use","62.18216","True","True","71.952995","0.4677782","0.8560197","0.30991164","True","1000"
"516","repeated-use","62.175583","True","True","72.03671","0.4743523","0.86752594","0.2592588","True","1000"
"517","repeated-use","62.169746","True","True","72.11373","0.48040074","0.8781131","0.21134947","True","1000"
"518","repeated-use","62.16591","True","True","72.18459","0.48596558","0.88785446","0.16679329","True","1000"
"519","repeated-use","62.164032","True","True","72.24979","0.4910855","0.8968177","0.12619992","True","1000"
"520","repeated-use","62.15643","True","True","72.30978","0.49579605","0.90506476","0.09017904","True","1000"
"521","repeated-use","62.149742","True","True","72.36496","0.50013","0.9126529","0.05934029","True","1000"
"522","repeated-use","62.140423","True","True","72.41573","0.50411737","0.91963464","0.034293354","True","1000"
"523","repeated-use","62.132053","True","True","72.46245","0.5077859","0.9260585","0.37615743","True","1000"
"524","repeated-use","62.120377","True","True","72.50543","0.51116115","0.93196905","0.92592597","True","1000"
"525","repeated-use","62.11633","True","True","72.544975","0.51426655","0.93740726","1","True","1000"
"526","repeated-use","62.10471","True","True","72.58136","0.51712364","0.94241077","1","True","1000"
"527","repeated-use","62.098724","True","True","72.61483","0.5197523","0.94701445","1","True","1000"
"528","repeated-use","62.089413","True","True","72.64562","0.5221708","0.95125014","1","True","1000"
"529","repeated-use","62.079845","True","True","72.67396","0.5243959","0.9551473","1","True","1000"
"530","repeated-use","62.066216","True","True","72.70003","0.52644306","0.958733","1","True","1000"
"531","repeated-use","62.050632","True","True","72.724014","0.52832663","0.9620321","1","True","1000"
"532","repeated-use","62.037292","True","True","72.74608","0.5300595","0.96506745","1","True","1000"
"533","repeated-use","62.02902","True","True","72.76638","0.5316539","0.9678601","1","True","1000"
"534","repeated-use","62.02391","True","True","72.785065","0.53312075","0.9704296","1","True","1000"
"535","repeated-use","62.01503","True","True","72.802246","0.5344704","0.97279376","1","True","1000"
"536","repeated-use","62.005955","True","True","72.81806","0.535712","0.97496885","1","True","1000"
"537","repeated-use","61.99112","True","True","72.8326","0.53685445","0.97697","1","True","1000"
"538","repeated-use","61.979336","True","True","72.84599","0.5379055","0.97881126","1","True","1000"
"539","repeated-use","61.961952","True","True","72.85831","0.53887254","0.9805053","1","True","1000"
"540","repeated-use","61.961708","True","True","72.86964","0.53976226","0.98206395","1","True","1000"
"541","repeated-use","61.962963","True","True","72.88006","0.5405808","0.983498","1","True","1000"
"542","repeated-use","61.952328","True","True","72.88965","0.5413339","0.9848174","1","True","1000"
"543","repeated-use","61.944542","True","True","72.89847","0.5420268","0.98603123","1","True","1000"
"544","repeated-use","61.93676","True","True","72.906586","0.54266435","0.98714805","1","True","1000"
"545","repeated-use","61.921932","False","True","72.51523","0.5119145","0.9334819","1","True","1000"
"546","repeated-use","61.837147","False","True","72.14605","0.48290715","0.88285625","1","True","1000"
"547","repeated-use","61.75419","False","True","71.79779","0.45554343","0.8350988","0.9959864","True","1000"
"548","repeated-use","61.68246","False","True","71.46926","0.4297303","0.7900473","0.98435193","True","1000"
"549","repeated-use","61.61999","False","True","71.15935","0.40537983","0.7475482","0.9657064","True","1000"
"550","repeated-use","61.55708","False","True","70.867","0.38240916","0.70745707","0.94065934","True","1000"
"551","repeated-use","61.492397","False","True","70.59121","0.36074013","0.66963744","0.90982056","True","1000"
"552","repeated-use","61.418636","False","True","70.331055","0.34029895","0.6339606","0.87379956","True","1000"
"553","repeated-use","61.342964","True","True","70.54445","0.35706574","0.6632268","0.83320606","True","1000"
"554","repeated-use","61.65543","True","True","70.74078","0.3724919","0.6901531","0.7886498","True","1000"
"555","repeated-use","61.840946","True","True","70.921425","0.38668466","0.71492666","0.74074036","True","1000"
"556","repeated-use","61.825813","True","True","71.087616","0.39974263","0.7377194","0.6900875","True","1000"
"557","repeated-use","61.80897","True","True","71.240524","0.41175658","0.7586899","0.6373007","True","1000"
"558","repeated-use","61.78578","True","True","71.3812","0.4228099","0.7779837","0.58298993","True","1000"
"559","repeated-use","61.76339","True","True","71.510635","0.43297946","0.79573494","0.52776456","True","1000"
"560","repeated-use","61.739326","True","True","71.629715","0.4423359","0.81206685","0.47223443","True","1000"
"561","repeated-use","61.71518","True","True","71.73928","0.45094424","0.82709295","0.4170091","True","1000"
"562","repeated-use","61.68829","True","True","71.84008","0.4588643","0.8409177","0.3626983","True","1000"
"563","repeated-use","61.659473","True","True","71.93282","0.46615112","0.85363704","0.30991164","True","1000"
"564","repeated-use","61.63638","True","True","72.01815","0.47285533","0.8653395","0.2592588","True","1000"
"565","repeated-use","61.606686","True","True","72.09666","0.47902346","0.87610626","0.21134947","True","1000"
"566","repeated-use","61.56728","True","True","72.168884","0.4846984","0.88601214","0.16679329","True","1000"
"567","repeated-use","59.987003","True","True","72.23534","0.48991963","0.895126","0.12619992","True","969.2046"
"568","repeated-use","60.28829","True","True","72.29647","0.49472338","0.90351117","0.09017904","True","969.2046"
"569","repeated-use","60.579445","True","True","72.35272","0.49914306","0.911226","0.05934029","True","969.2046"
"570","repeated-use","60.86204","True","True","72.40448","0.50320935","0.9183239","0.034293354","True","969.2046"
"571","repeated-use","60.866096","True","True","72.452095","0.5069505","0.9248543","0.37615743","True","969.2046"
"572","repeated-use","59.424393","True","True","72.495735","0.51038224","0.9308127","0.92592597","True","969.2046"
"573","repeated-use","51.80784","True","True","72.50602","0.51167685","0.9272975","1","True","969.2046"
"574","repeated-use","52.13111","True","True","72.51767","0.51300406","0.9246944","1","True","969.2046"
"575","repeated-use","52.46026","True","True","72.53054","0.5143593","0.9229239","1","True","969.2046"
"576","repeated-use","52.791313","True","True","72.544464","0.5157363","0.9219038","1","True","969.2046"
"577","repeated-use","53.120644","True","True","72.55927","0.5171278","0.92155105","1","True","969.2046"
"578","repeated-use","53.44492","True","True","72.57479","0.51852614","0.92178357","1","True","969.2046"
"579","repeated-use","53.761204","True","True","72.590836","0.5199231","0.92252123","1","True","969.2046"
"580","repeated-use","54.066933","True","True","72.60725","0.5213106","0.92368746","1","True","969.2046"
"581","repeated-use","53.29551","True","True","72.618065","0.52232075","0.92346454","1","True","969.2046"
"582","repeated-use","53.608585","True","True","72.62981","0.52336156","0.9237931","1","True","969.2046"
"583","repeated-use","53.91144","True","True","72.64227","0.5244227","0.92459244","1","True","969.2046"
"584","repeated-use","54.202503","True","False","72.655266","0.5254945","0.9257876","1","True","969.2046"
"585","repeated-use","54.298332","True","False","72.66772","0.52651113","0.9270335","1","True","969.2046"
"586","repeated-use","54.408833","True","False","72.679726","0.52748114","0.9283469","1","True","969.2046"
"587","repeated-use","54.508213","True","False","72.69127","0.52840424","0.9297035","1","True","969.2046"
"588","repeated-use","54.762337","True","False","72.70311","0.52932984","0.93132275","1","True","969.2046"
"589","repeated-use","54.832714","True","False","72.71433","0.53020203","0.932913","1","True","969.2046"
"590","repeated-use","54.892254","True","False","72.72493","0.53102165","0.9344604","1","True","969.2046"
"591","repeated-use","54.943","True","False","72.734924","0.53179026","0.9359556","1","True","969.2046"
"592","repeated-use","54.98018","True","False","72.74428","0.53250796","0.9373833","1","True","969.2046"
"593","repeated-use","54.99748","False","False","72.360466","0.50233364","0.8866619","1","True","969.2046"
"594","repeated-use","54.94748","False","False","71.998344","0.47386914","0.838748","1","True","969.2046"
"595","repeated-use","54.719734","False","False","71.656525","0.44701758","0.79335254","0.9959864","True","969.2046"
"596","repeated-use","54.505966","False","False","71.33386","0.42168754","0.7503719","0.98435193","True","969.2046"
"597","repeated-use","54.559395","False","False","71.02954","0.39779285","0.7098938","0.9657064","True","955.9992"
"598","repeated-use","54.44334","False","False","70.742355","0.3752521","0.6716467","0.94065934","True","955.9992"
"599","repeated-use","54.388103","False","False","70.47139","0.35398862","0.63555616","0.90982056","True","955.9992"
"600","repeated-use","54.334038","False","False","70.21573","0.33393002","0.6015037","0.87379956","True","955.9992"
"601","repeated-use","54.28404","True","False","70.423164","0.35025877","0.6287735","0.83320606","True","955.9992"
"602","repeated-use","54.42393","True","False","70.61471","0.3653258","0.6540156","0.7886498","True","955.9992"
"603","repeated-use","54.407337","True","False","70.79086","0.37918302","0.67720884","0.74074036","True","955.9992"
"604","repeated-use","54.374012","True","False","70.95276","0.39192188","0.69849616","0.6900875","True","955.9992"
"605","repeated-use","54.336464","True","False","71.101524","0.4036304","0.71802354","0.6373007","True","955.9992"
"606","repeated-use","54.468","True","False","71.23906","0.41444373","0.7361528","0.58298993","True","955.9992"
"607","repeated-use","54.597717","True","False","71.36623","0.42443204","0.7529981","0.52776456","True","955.9992"
"608","repeated-use","54.726654","True","False","71.48384","0.43366027","0.7686643","0.47223443","True","955.9992"
"609","repeated-use","54.855797","True","False","71.59266","0.4421884","0.78324753","0.4170091","True","955.9992"
"610","repeated-use","54.986073","True","False","71.693375","0.45007196","0.79683656","0.3626983","True","955.9992"
"611","repeated-use","55.118366","True","False","71.78663","0.45736215","0.8095131","0.30991164","True","955.9992"
"612","repeated-use","55.253483","True","False","71.87302","0.46410632","0.82135236","0.2592588","True","955.9992"
"613","repeated-use","55.392155","True","False","71.953094","0.47034812","0.83242375","0.21134947","True","955.9992"
"614","repeated-use","55.535038","True","False","72.02736","0.4761278","0.84279096","0.16679329","True","955.9992"
"615","repeated-use","55.682682","True","False","72.096275","0.4814825","0.8525125","0.12619992","True","955.9992"
"616","repeated-use","55.835556","True","False","72.160286","0.48644626","0.8616418","0.09017904","True","955.9992"
"617","repeated-use","55.99386","True","False","72.21977","0.49105045","0.87022763","0.05934029","True","955.9992"
"618","repeated-use","56.15732","True","False","72.2751","0.4953236","0.8783133","0.034293354","True","955.9992"
"619","repeated-use","56.32564","True","False","72.32659","0.49929178","0.8859378","0.37615743","True","955.9992"
"620","repeated-use","56.49852","True","False","72.37454","0.50297886","0.89313585","0.92592597","True","955.9992"
"621","repeated-use","56.226185","True","False","72.41774","0.50631344","0.899496","1","True","955.9992"
"622","repeated-use","56.233906","True","False","72.457504","0.50938314","0.9053634","1","True","955.9992"
"623","repeated-use","56.243","True","False","72.494125","0.51220936","0.91077775","1","True","955.9992"
"624","repeated-use","56.25284","True","False","72.52785","0.5148117","0.9157751","1","True","955.9992"
"625","repeated-use","56.21352","True","True","72.55875","0.51719743","0.9203364","1","True","929.99817"
"626","repeated-use","56.1785","True","True","72.58704","0.5193847","0.92449963","1","True","929.99817"
"627","repeated-use","56.356297","True","True","72.61369","0.52143556","0.9285198","1","True","929.99817"
"628","repeated-use","56.534542","True","True","72.63881","0.5233595","0.9324016","1","True","929.99817"
"629","repeated-use","56.54664","True","True","72.66196","0.52513194","0.93598855","1","True","929.99817"
"630","repeated-use","56.558155","True","False","72.68329","0.52676505","0.93930334","1","True","929.99817"
"631","repeated-use","56.56933","False","False","72.30391","0.49691617","0.8887614","1","True","929.99817"
"632","repeated-use","56.346786","False","False","71.945854","0.46875864","0.84089375","1","True","929.99817"
"633","repeated-use","56.12488","False","False","71.607925","0.44219664","0.79557365","0.9959864","True","929.99817"
"634","repeated-use","55.906914","False","False","71.28898","0.4171398","0.75268054","0.98435193","True","929.99817"
"635","repeated-use","55.68635","False","False","70.98793","0.39350274","0.7120942","0.9657064","True","929.99817"
"636","repeated-use","55.466335","False","False","70.70376","0.3712051","0.6737009","0.94065934","True","929.99817"
"637","repeated-use","55.247185","False","False","70.4355","0.35017094","0.6373916","0.90982056","True","929.99817"
"638","repeated-use","55.028427","False","False","70.18227","0.33032867","0.60306156","0.87379956","True","929.99817"
"639","repeated-use","54.810497","False","False","69.94319","0.31161076","0.5706102","0.83320606","True","929.99817"
"640","repeated-use","54.596462","False","False","69.71747","0.29395348","0.53994346","0.7886498","True","929.99817"
"641","repeated-use","54.379757","False","False","69.50434","0.27729675","0.5109672","0.74074036","True","929.99817"
"642","repeated-use","54.16371","False","False","69.30309","0.26158386","0.4835936","0.6900875","True","929.99817"
"643","repeated-use","53.948273","False","False","69.11304","0.24676134","0.45773888","0.6373007","True","929.99817"
"644","repeated-use","53.768517","False","True","68.93359","0.23277873","0.43334073","0.58298993","True","929.0905"
"645","repeated-use","53.56409","False","True","68.76411","0.21958844","0.41030735","0.52776456","True","929.0905"
"646","repeated-use","53.36024","False","True","68.604034","0.20714556","0.3885656","0.47223443","True","929.0905"
"647","repeated-use","53.14147","False","True","68.4528","0.19540775","0.36803868","0.4170091","True","929.0905"
"648","repeated-use","52.914215","False","True","68.3099","0.18433507","0.34865767","0.3626983","True","929.0905"
"649","repeated-use","52.6713","False","True","68.17483","0.1738898","0.33035433","0.30991164","True","929.0905"
"650","repeated-use","52.41989","False","True","68.047134","0.16403642","0.31306788","0.2592588","True","929.0905"
"651","repeated-use","52.15246","False","True","67.92636","0.15474136","0.29673788","0.21134947","True","929.0905"
"652","repeated-use","51.87682","False","False","67.81212","0.14597301","0.2813109","0.16679329","True","929.0905"
"653","repeated-use","51.668316","False","False","67.70411","0.13770151","0.26676673","0.12619992","True","929.0905"
"654","repeated-use","43.83229","False","False","67.58757","0.12989873","0.24921194","0.09017904","True","929.0905"
"655","repeated-use","43.83229","False","False","67.47804","0.122538075","0.2331839","0.05934029","True","929.0905"
"656","repeated-use","43.83229","False","False","67.375084","0.11559452","0.21852666","0.034293354","True","929.0905"
"657","repeated-use","43.83229","False","False","67.278305","0.10904441","0.20510222","0.015647883","True","929.0905"
"658","repeated-use","43.83229","False","True","67.18732","0.102865465","0.19278829","0.0040135444","True","929.0905"
"659","repeated-use","43.92799","False","True","67.10199","0.097036645","0.18152106","0","False","929.0905"
"660","repeated-use","44.007523","False","True","67.02193","0.09153811","0.17118733","0","False","919.995"
"661","repeated-use","44.053116","False","True","66.94675","0.08635114","0.16168045","0","False","919.995"
"662","repeated-use","44.08474","False","True","66.8761","0.08145809","0.15291616","0","False","919.995"
"663","repeated-use","44.104626","False","True","66.8097","0.07684231","0.14482108","0","False","919.995"
"664","repeated-use","44.111088","False","True","66.74725","0.07248808","0.1373298","0","False","919.995"
"665","repeated-use","44.107204","False","True","66.68851","0.06838057","0.13038565","0","False","919.995"
"666","repeated-use","44.095528","False","True","66.63321","0.064505816","0.123939134","0","False","919.995"
"667","repeated-use","44.073505","False","True","66.58114","0.060850628","0.117945306","0","False","919.995"
"668","repeated-use","44.035603","False","True","66.53206","0.057402555","0.11236241","0","False","919.995"
"669","repeated-use","43.92692","False","True","66.48564","0.054149866","0.10713692","0","False","919.995"
"670","repeated-use","43.637093","False","True","66.44132","0.051081486","0.10219118","0","False","919.995"
"671","repeated-use","43.435806","False","True","66.399185","0.04818698","0.097536355","0","False","919.995"
"672","repeated-use","43.197517","False","True","66.359024","0.045456488","0.093144625","0","False","919.995"
"673","repeated-use","42.938553","False","True","66.32066","0.042880718","0.08899568","0","False","919.995"
"674","repeated-use","42.659584","False","True","66.28397","0.040450905","0.085071206","0","False","919.995"
"675","repeated-use","42.372856","False","True","66.24883","0.03815877","0.08135754","0","False","919.995"
"676","repeated-use","42.0547","False","True","66.21507","0.035996523","0.077836126","0","False","919.995"
"677","repeated-use","41.729294","False","True","66.18262","0.033956796","0.074495964","0","False","919.995"
"678","repeated-use","41.406296","False","True","66.15138","0.032032654","0.07132877","0","False","919.995"
"679","repeated-use","41.06162","False","True","66.121254","0.030217538","0.06832107","0","False","919.995"
"680","repeated-use","40.72704","False","True","66.0922","0.028505277","0.06546737","0","False","919.995"
"681","repeated-use","40.41013","False","True","66.06419","0.02689004","0.06276355","0","False","919.995"
"682","repeated-use","40.085194","False","True","66.03716","0.025366329","0.06019976","0","False","919.995"
"683","repeated-use","39.812675","False","True","66.01118","0.023928957","0.05777887","0","False","919.995"
"684","repeated-use","39.534985","False","True","65.98617","0.022573033","0.055490937","0","False","919.995"
"685","repeated-use","39.276722","False","True","65.96213","0.021293942","0.053331427","0","False","919.995"
"686","repeated-use","39.07389","False","True","65.939125","0.02008733","0.05130227","0","False","919.995"
"687","repeated-use","38.85708","False","True","65.917076","0.018949091","0.04939162","0","False","919.995"
"688","repeated-use","38.651115","False","True","65.89594","0.017875351","0.047593176","0","False","919.995"
"689","repeated-use","38.44992","False","True","65.87569","0.016862452","0.045899864","0","False","919.995"
"690","repeated-use","38.250706","False","True","65.856255","0.015906949","0.044304598","0","False","919.995"
"691","repeated-use","38.038548","False","True","65.83756","0.015005589","0.04279836","0","False","919.995"
"692","repeated-use","37.829395","False","True","65.81958","0.014155306","0.04137557","0","False","919.995"
"693","repeated-use","37.60576","False","True","65.80223","0.013353202","0.040028233","0","False","919.995"
"694","repeated-use","37.384697","False","True","65.785484","0.012596549","0.038751774","0","False","919.995"
"695","repeated-use","37.16239","False","True","65.769295","0.011882771","0.037541322","0","False","919.995"
"696","repeated-use","36.923717","False","True","65.75359","0.0112094395","0.03639009","0","False","919.995"
"697","repeated-use","36.7007","False","True","65.73839","0.010574263","0.03529663","0","False","919.995"
"698","repeated-use","36.441605","False","True","65.723564","0.009975077","0.034251973","0","False","919.995"
"699","repeated-use","36.21718","False","True","65.70919","0.009409844","0.033258136","0","False","919.995"
"700","repeated-use","35.95327","False","True","65.69514","0.00887664","0.032306295","0","False","919.995"
"701","repeated-use","35.69286","False","True","65.6814","0.00837365","0.031394493","0","False","919.995"
"702","repeated-use","35.43224","False","True","65.66796","0.0078991605","0.030520346","0","False","919.995"
"703","repeated-use","35.171104","False","True","65.6548","0.0074515585","0.029681547","0","False","919.995"
"704","repeated-use","34.908047","False","True","65.64191","0.0070293196","0.028875748","0","False","919.995"
"705","repeated-use","33.104595","False","True","65.62544","0.0066310065","0.02790412","0","False","919.995"
"706","repeated-use","32.736248","False","True","65.609276","0.0062552635","0.026969487","0","False","919.995"
"707","repeated-use","32.37807","False","True","65.593414","0.005900812","0.026070757","0","False","919.995"
"708","repeated-use","32.10559","False","True","65.57805","0.005566445","0.025215954","0","False","919.995"
"709","repeated-use","31.824724","False","True","65.563126","0.0052510253","0.024400672","0","False","919.995"
"710","repeated-use","31.446388","False","True","65.54839","0.0049534785","0.02361048","0","False","919.995"
"711","repeated-use","31.063019","False","True","65.53384","0.0046727923","0.022843437","0","False","919.995"
"712","repeated-use","30.676159","False","True","65.51943","0.0044080107","0.022097943","0","False","919.995"
"713","repeated-use","30.286427","False","True","65.50517","0.004158233","0.0213726","0","False","919.995"
"714","repeated-use","29.893625","False","True","65.491066","0.003922608","0.020666104","0","False","919.995"
"715","repeated-use","29.499123","False","True","65.4771","0.0037003357","0.019977408","0","False","919.995"
"716","repeated-use","29.094742","False","True","65.46325","0.003490658","0.01930468","0","False","919.995"
"717","repeated-use","28.700043","False","True","65.44955","0.0032928616","0.01864832","0","False","919.995"
"718","repeated-use","28.322456","False","True","65.43603","0.003106273","0.018009389","0","False","919.995"
"719","repeated-use","27.937904","False","True","65.422676","0.0029302577","0.01738634","0","False","919.995"
"720","repeated-use","27.554544","False","True","65.40949","0.0027642162","0.016778598","0","False","919.995"
"721","steering-traffic","24","False","False","65","0","0","0","False","1000"
"722","steering-traffic","24","False","True","65.01249","0","0.0004997224","0","False","1000"
"723","steering-traffic","24.084047","False","True","65.02415","0","0.00096580386","0","False","1000"
"724","steering-traffic","24.185892","False","True","65.03506","0","0.0014023106","0","False","1000"
"725","steering-traffic","24.296915","False","True","65.04531","0","0.0018123486","0","False","1000"
"726","steering-traffic","24.41555","False","True","65.05497","0","0.002198668","0","False","1000"
"727","steering-traffic","24.54131","False","True","65.064095","0","0.0025637713","0","False","1000"
"728","steering-traffic","24.672813","False","True","65.07275","0","0.0029098638","0","False","1000"
"729","steering-traffic","24.8098","False","True","65.08097","0","0.0032389623","0","False","1000"
"730","steering-traffic","24.951267","False","True","65.08882","0","0.0035528513","0","False","1000"
"731","steering-traffic","25.096317","False","True","65.09633","0","0.0038531078","0","False","1000"
"732","steering-traffic","25.245087","False","True","65.10353","0","0.0041411985","0","False","1000"
"733","steering-traffic","25.396322","False","True","65.11046","0","0.0044183773","0","False","1000"
"734","steering-traffic","25.54968","False","True","65.11714","0","0.004685772","0","False","1000"
"735","steering-traffic","25.705282","False","True","65.12361","0","0.0049444344","0","False","1000"
"736","steering-traffic","25.862255","False","True","65.12988","0","0.0051952605","0","False","1000"
"737","steering-traffic","26.020197","False","True","65.13598","0","0.005439044","0","False","1000"
"738","steering-traffic","26.17923","False","True","65.141914","0","0.0056765256","0","False","1000"
"739","steering-traffic","26.33882","False","True","65.147705","0","0.005908342","0","False","1000"
"740","steering-traffic","26.498716","False","True","65.15337","0","0.006135057","0","False","1000"
"741","steering-traffic","26.658958","False","True","65.15893","0","0.006357192","0","False","1000"
"742","steering-traffic","26.8192","False","True","65.16438","0","0.0065751974","0","False","1000"
"743","steering-traffic","26.979345","False","True","65.16974","0","0.0067894757","0","False","1000"
"744","steering-traffic","27.139227","False","True","65.17501","0","0.007000383","0","False","1000"
"745","steering-traffic","27.298737","False","True","65.18021","0","0.007208235","0","False","1000"
"746","steering-traffic","27.457785","False","True","65.18533","0","0.007413313","0","False","1000"
"747","steering-traffic","27.616299","False","True","65.1904","0","0.0076158657","0","False","1000"
"748","steering-traffic","27.774214","False","True","65.195404","0","0.007816116","0","False","1000"
"749","steering-traffic","27.93147","False","True","65.200356","0","0.008014262","0","False","1000"
"750","steering-traffic","28.088022","False","True","65.20526","0","0.0082104765","0","False","1000"
"751","steering-traffic","28.243834","True","True","65.543884","0.026224034","0.01802284","0","False","1000"
"752","steering-traffic","28.740685","True","True","65.86086","0.05069008","0.027714478","0","False","1000"
"753","steering-traffic","29.237331","True","True","66.158","0.073543265","0.037376534","0","False","1000"
"754","steering-traffic","29.732796","True","True","66.43694","0.09491608","0.04708234","0","False","1000"
"755","steering-traffic","30.226955","True","True","66.699196","0.11493002","0.05689056","0","False","1000"
"756","steering-traffic","30.7198","True","True","66.94613","0.13369647","0.06684772","0","False","1000"
"757","steering-traffic","31.211332","True","True","67.179016","0.15131758","0.07699026","0","False","1000"
"758","steering-traffic","31.701439","True","True","67.39901","0.16788696","0.08734613","0","False","1000"
"759","steering-traffic","32.19003","True","True","67.60717","0.18349025","0.09793617","0","False","1000"
"760","steering-traffic","32.67701","True","True","67.80445","0.19820589","0.10877537","0","False","1000"
"761","steering-traffic","33.162277","True","True","67.991745","0.21210568","0.119873755","0","False","1000"
"762","steering-traffic","33.645927","True","True","68.16985","0.22525537","0.13123752","0","False","1000"
"763","steering-traffic","34.128075","True","True","68.33952","0.23771524","0.1428698","0","False","1000"
"764","steering-traffic","34.60893","True","True","68.50142","0.24954063","0.15477139","0","False","1000"
"765","steering-traffic","35.08866","True","True","68.65617","0.26078227","0.16694118","0","False","1000"
"766","steering-traffic","35.567398","True","True","68.80435","0.2714866","0.1793765","0","False","1000"
"767","steering-traffic","36.045235","True","True","68.94648","0.28169623","0.19207337","0","False","1000"
"768","steering-traffic","36.522224","True","True","69.083015","0.29145","0.20502672","0","False","1000"
"769","steering-traffic","36.998413","True","True","69.2144","0.30078343","0.21823043","0","True","1000"
"770","steering-traffic","37.473816","True","True","69.34103","0.30972895","0.23167759","0","True","1000"
"771","steering-traffic","37.948444","True","True","69.46325","0.31831616","0.24536051","0","True","1000"
"772","steering-traffic","38.422287","True","True","69.58139","0.3265719","0.25927076","0","True","1000"
"773","steering-traffic","38.89533","True","True","69.695755","0.3345207","0.27339932","0","True","1000"
"774","steering-traffic","39.367542","True","True","69.806595","0.34218478","0.2877364","0","True","1000"
"775","steering-traffic","39.838898","True","True","69.914154","0.34958428","0.30227178","0","True","1000"
"776","steering-traffic","40.309353","True","True","70.018654","0.3567375","0.31699455","0","True","1000"
"777","steering-traffic","40.778877","True","True","70.120285","0.36366093","0.3318932","0","True","1000"
"778","steering-traffic","41.24742","True","True","70.219215","0.37036943","0.34695578","0","True","1000"
"779","steering-traffic","41.71494","True","True","70.31561","0.3768765","0.36216977","0","True","1000"
"780","steering-traffic","42.181385","True","True","70.4096","0.3831942","0.377522","0","True","1000"
"781","steering-traffic","42.646687","True","True","70.50131","0.3893333","0.39299878","0","True","1000"
"782","steering-traffic","43.110786","True","True","70.59085","0.3953035","0.40858606","0","True","1000"
"783","steering-traffic","43.57363","True","True","70.67832","0.40111342","0.42426902","0","True","1000"
"784","steering-traffic","44.035183","True","True","70.763794","0.40677077","0.44003263","0","True","1000"
"785","steering-traffic","44.49539","True","True","70.84735","0.41228238","0.4558613","0","True","1000"
"786","steering-traffic","44.95421","True","True","70.92905","0.41765422","0.47173893","0.37615743","True","1000"
"787","steering-traffic","45.411594","True","True","71.00894","0.42289165","0.48764926","0.92592597","True","1000"
"788","steering-traffic","45.867493","True","True","71.08709","0.42799932","0.5035754","1","True","1000"
"789","steering-traffic","46.321857","True","True","71.16351","0.4329812","0.51950014","1","True","1000"
"790","steering-traffic","46.77463","True","True","71.23826","0.43784088","0.53540605","1","True","1000"
"791","steering-traffic","47.22577","True","True","71.31134","0.44258136","0.55127543","1","True","1000"
"792","steering-traffic","47.675224","True","True","71.38279","0.44720516","0.5670901","1","True","1000"
"793","steering-traffic","48.12296","True","True","71.452614","0.45171452","0.58283204","1","True","1000"
"794","steering-traffic","37.961834","True","True","71.41638","0.4497618","0.57104367","1","True","900"
"795","steering-traffic","34.728348","True","True","71.352394","0.4461907","0.55155104","1","True","900"
"796","steering-traffic","35.284843","True","True","71.29764","0.44311953","0.5351959","1","True","900"
"797","steering-traffic","35.82966","True","True","71.25143","0.44051412","0.52164483","1","True","900"
"798","steering-traffic","36.359154","True","True","71.213066","0.43833995","0.5105934","1","True","900"
"799","steering-traffic","36.078476","True","True","71.174515","0.43613863","0.49971643","1","True","900"
"800","steering-traffic","35.67132","True","True","71.134605","0.43384397","0.48868093","1","True","900"
"801","steering-traffic","35.998325","True","True","71.10025","0.43185452","0.47938022","1","True","900"
"802","steering-traffic","35.871655","True","True","71.06687","0.4299099","0.47050965","1","True","900"
"803","steering-traffic","35.833286","True","True","71.035225","0.42805493","0.46225715","1","True","900"
"804","steering-traffic","35.877396","True","True","71.005974","0.42632872","0.454777","1","True","900"
"805","steering-traffic","35.882103","True","True","70.97859","0.42470282","0.4479052","1","True","900"
"806","steering-traffic","35.92736","True","True","70.95334","0.4231933","0.44169098","1","True","900"
"807","steering-traffic","35.893513","True","True","70.929344","0.4217512","0.4358838","1","True","900"
"808","steering-traffic","35.997837","True","True","70.90781","0.4204467","0.43078938","1","True","900"
"809","steering-traffic","36.061584","True","True","70.88821","0.41925028","0.42624876","1","True","900"
"810","steering-traffic","36.14274","True","True","70.87057","0.4181651","0.42225832","1","True","900"
"811","steering-traffic","36.22685","True","True","70.854805","0.41718647","0.41878","1","True","900"
"812","steering-traffic","36.313965","True","True","70.84082","0.41630992","0.41577917","1","True","900"
"813","steering-traffic","36.242752","True","True","70.827034","0.41544494","0.41283464","1","True","900"
"814","steering-traffic","36.53321","True","True","70.816795","0.4147845","0.4108142","1","True","900"
"815","steering-traffic","36.824245","True","False","70.80989","0.41431725","0.40964487","1","True","900"
"816","steering-traffic","37.11534","True","False","70.806114","0.41403213","0.40925965","1","True","900"
"817","steering-traffic","37.40649","True","False","70.80525","0.4139187","0.4095979","1","True","900"
"818","steering-traffic","37.697693","True","False","70.80738","0.41398692","0.41062346","1","True","900"
"819","steering-traffic","37.988945","True","False","70.81285","0.41426852","0.4123254","1","True","900"
"820","steering-traffic","38.28025","True","False","70.82138","0.41474605","0.41465122","1","True","900"
"821","steering-traffic","38.57161","True","False","70.832726","0.41540334","0.41755328","1","True","900"
"822","steering-traffic","38.863018","True","False","70.84665","0.4162255","0.42098844","1","True","900"
"823","steering-traffic","39.15448","True","False","70.86294","0.41719875","0.42491743","1","True","900"
"824","steering-traffic","39.445988","True","False","70.881386","0.4183103","0.42930436","1","True","900"
"825","steering-traffic","39.738266","True","True","70.901825","0.41954902","0.43411827","1","True","900"
"826","steering-traffic","40.031998","True","True","70.924095","0.42090487","0.43933252","1","True","900"
"827","steering-traffic","40.327717","True","True","70.94806","0.42236903","0.44492394","1","True","900"
"828","steering-traffic","40.625828","True","True","70.973595","0.42393363","0.45087227","1","True","900"
"829","steering-traffic","40.92661","True","True","71.00059","0.42559144","0.45715943","1","True","900"
"830","steering-traffic","41.230217","True","True","71.02894","0.4273359","0.46376896","1","True","900"
"831","steering-traffic","41.536724","True","False","71.05855","0.42916086","0.4706858","1","True","900"
"832","steering-traffic","41.846115","True","False","71.089325","0.4310606","0.47789565","1","True","900"
"833","steering-traffic","42.15823","True","False","71.12119","0.43302962","0.4853847","1","True","900"
"834","steering-traffic","42.472904","True","False","71.15406","0.43506256","0.4931393","1","True","900"
"835","steering-traffic","42.789974","True","False","71.18785","0.43715432","0.5011462","1","True","900"
"836","steering-traffic","43.10928","True","False","71.22248","0.4392999","0.50939214","1","True","900"
"837","steering-traffic","43.430653","True","False","71.25788","0.44149458","0.5178641","1","True","900"
"838","steering-traffic","43.753925","True","False","71.293976","0.44373366","0.52654916","1","True","900"
"839","steering-traffic","44.078938","True","False","71.330696","0.44601265","0.5354343","1","True","900"
"840","steering-traffic","44.405506","True","False","71.367966","0.4483271","0.5445065","1","True","900"
"841","steering-traffic","44.73322","True","False","71.40572","0.4506726","0.5537521","1","True","900"
"842","steering-traffic","45.062035","True","False","71.4439","0.45304495","0.56315774","1","True","900"
"843","steering-traffic","45.392017","True","False","71.48244","0.45544016","0.5727106","1","True","900"
"844","steering-traffic","45.72313","True","False","71.52126","0.45785445","0.582398","1","True","900"
"845","steering-traffic","46.0552","True","False","71.560326","0.46028405","0.5922073","1","True","900"
"846","steering-traffic","46.387917","True","False","71.59956","0.46272528","0.60212505","1","True","900"
"847","steering-traffic","46.7208","True","False","71.63892","0.46517423","0.6121372","1","True","900"
"848","steering-traffic","47.05328","True","False","71.67833","0.46762696","0.62222844","1","True","900"
"849","steering-traffic","47.38475","True","False","71.71773","0.47007936","0.6323827","1","True","900"
"850","steering-traffic","47.714554","True","False","71.75705","0.47252724","0.6425827","1","True","900"
"851","steering-traffic","48.042015","True","False","71.79622","0.47496626","0.6528105","1","True","900"
"852","steering-traffic","48.366436","True","False","71.835175","0.47739205","0.6630472","1","True","900"
"853","steering-traffic","48.687126","True","False","71.87384","0.47980025","0.67327344","1","True","900"
"854","steering-traffic","49.003387","True","False","71.91215","0.48218647","0.6834693","1","True","900"
"855","steering-traffic","49.31453","True","True","71.950035","0.48454636","0.69361454","1","True","900"
"856","steering-traffic","49.629932","True","True","71.9875","0.48688084","0.7037113","1","True","900"
"857","steering-traffic","49.941086","True","True","72.024506","0.48918623","0.7137417","1","True","900"
"858","steering-traffic","50.246056","True","True","72.060974","0.49145833","0.7236851","1","True","900"
"859","steering-traffic","50.545994","True","True","72.09685","0.4936939","0.7335249","1","True","900"
"860","steering-traffic","50.842148","True","True","72.1321","0.4958906","0.7432484","1","True","900"
"861","steering-traffic","51.135616","True","True","72.1667","0.49804696","0.75284594","1","True","900"
"862","steering-traffic","51.427277","True","False","72.20064","0.500162","0.76231015","1","True","900"
"863","steering-traffic","51.716263","True","False","72.233894","0.5022344","0.7716325","1","True","900"
"864","steering-traffic","52.00523","True","False","72.26646","0.5042642","0.78080964","1","True","900"
"865","steering-traffic","52.29415","True","False","72.29833","0.5062511","0.7898384","1","True","900"
"866","steering-traffic","52.583","True","False","72.32952","0.508195","0.7987149","1","True","900"
"867","steering-traffic","52.871746","True","False","72.360016","0.5100958","0.80743545","1","True","900"
"868","steering-traffic","53.160362","True","False","72.38981","0.51195306","0.8159958","1","True","900"
"869","steering-traffic","53.448814","True","False","72.4189","0.51376647","0.8243919","1","True","900"
"870","steering-traffic","53.737083","True","False","72.44727","0.5155357","0.8326193","1","True","900"
"871","steering-traffic","54.02514","True","False","72.47494","0.5172604","0.8406735","1","True","900"
"872","steering-traffic","54.312515","True","False","72.50188","0.51893985","0.8485491","1","True","900"
"873","steering-traffic","54.59877","True","False","72.52808","0.52057344","0.85624033","1","True","900"
"874","steering-traffic","54.88322","True","False","72.553535","0.5221603","0.8637406","1","True","900"
"875","steering-traffic","55.165085","True","False","72.57822","0.52369946","0.8710428","1","True","900"
"876","steering-traffic","55.443516","True","False","72.60212","0.5251899","0.8781392","1","True","900"
"877","steering-traffic","55.4438","True","False","72.624115","0.5265612","0.88469136","1","True","900"
"878","steering-traffic","55.47801","True","True","72.64449","0.52783173","0.8907813","1","True","862.26025"
"879","steering-traffic","55.562912","True","True","72.66359","0.5290224","0.8965052","1","True","862.26025"
"880","steering-traffic","55.83163","True","True","72.68222","0.53018415","0.90210557","1","True","862.26025"
"881","steering-traffic","56.099735","True","True","72.70036","0.5313154","0.90757364","1","True","862.26025"
"882","steering-traffic","56.367943","True","True","72.718","0.53241485","0.9129019","1","True","862.26025"
"883","steering-traffic","56.637085","True","False","72.7351","0.53348136","0.9180835","1","True","862.26025"
"884","steering-traffic","56.90786","True","False","72.75166","0.53451395","0.92311263","1","True","862.26025"
"885","steering-traffic","57.180256","True","False","72.76766","0.53551155","0.9279829","1","True","862.26025"
"886","steering-traffic","57.397476","True","True","72.78294","0.5364644","0.93264526","1","True","862.26025"
"887","steering-traffic","57.671425","True","True","72.797646","0.5373814","0.937142","1","True","862.26025"
"888","steering-traffic","57.937996","True","True","72.81174","0.5382602","0.9414607","1","True","862.26025"
"889","steering-traffic","58.202538","True","True","72.8252","0.5390997","0.945594","1","True","862.26025"
"890","steering-traffic","58.468685","True","True","72.83802","0.539899","0.949537","1","True","862.26025"
"891","steering-traffic","58.73489","True","True","72.850174","0.5406571","0.9532836","1","True","862.26025"
"892","steering-traffic","59.003716","True","True","72.861664","0.54137325","0.95682913","1","True","862.26025"
"893","steering-traffic","59.283676","True","True","72.87247","0.542047","0.96016985","1","True","862.26025"
"894","steering-traffic","59.5578","True","True","72.88257","0.5426768","0.96329725","1","True","862.26025"
"895","steering-traffic","59.681202","True","False","72.89191","0.54325914","0.9661932","1","True","862.26025"
"896","steering-traffic","59.810688","True","True","72.90053","0.54379696","0.9688713","1","True","862.26025"
"897","steering-traffic","59.90887","True","True","72.90848","0.5442927","0.97134256","1","True","862.26025"
"898","steering-traffic","60.01107","True","True","72.915794","0.544749","0.97362006","1","True","862.26025"
"899","steering-traffic","60.295578","True","True","72.92253","0.5451688","0.97571754","1","True","862.26025"
"900","steering-traffic","60.403908","True","True","72.92872","0.5455551","0.9776491","1","True","862.26025"
"901","steering-traffic","60.6997","True","True","72.93442","0.54591054","0.9794278","1","True","862.26025"
"902","steering-traffic","60.715416","True","True","72.93967","0.54623747","0.98106563","1","True","862.26025"
"903","steering-traffic","60.731506","True","True","72.94449","0.54653835","0.9825735","1","True","862.26025"
"904","steering-traffic","60.73953","True","True","72.94893","0.5468151","0.98396176","1","True","862.26025"
"905","steering-traffic","60.74014","True","True","72.95301","0.5470698","0.9852398","1","True","862.26025"
"906","steering-traffic","59.50874","True","True","72.95665","0.5472965","0.9863785","1","True","862.26025"
"907","steering-traffic","59.654087","True","True","72.96005","0.54750896","0.98744565","1","True","862.26025"
"908","steering-traffic","59.976654","True","True","72.96325","0.5477081","0.9884467","1","True","862.26025"
"909","steering-traffic","60.298954","True","True","72.96619","0.5478913","0.9893682","1","True","862.26025"
"910","steering-traffic","60.62103","True","True","72.96889","0.54805994","0.9902164","1","True","862.26025"
"911","steering-traffic","60.94293","True","True","72.971375","0.5482151","0.9909971","1","True","862.26025"
"912","steering-traffic","61.264698","True","True","72.97366","0.5483578","0.9917155","1","True","862.26025"
"913","steering-traffic","61.586384","True","True","72.97577","0.54848903","0.99237674","1","True","862.26025"
"914","steering-traffic","61.90803","True","True","72.97771","0.54860985","0.99298525","1","True","862.26025"
"915","steering-traffic","62.046562","True","True","72.97949","0.548721","0.99354535","1","True","862.26025"
"916","steering-traffic","62.18128","True","True","72.98113","0.5488233","0.99406075","1","True","862.26025"
"917","steering-traffic","62.315735","True","True","72.982635","0.54891735","0.9945351","1","True","862.26025"
"918","steering-traffic","62.44978","True","True","72.984024","0.54900396","0.9949715","1","True","862.26025"
"919","steering-traffic","62.583035","True","True","72.985306","0.5490836","0.99537313","1","True","862.26025"
"920","steering-traffic","62.71608","True","True","72.98648","0.54915684","0.99574274","1","True","862.26025"
"921","steering-traffic","63.038094","True","True","72.98756","0.54922426","0.9960828","1","True","862.26025"
"922","steering-traffic","63.172886","True","True","72.988556","0.54928625","0.9963957","1","True","862.26025"
"923","steering-traffic","63.304737","True","True","72.98947","0.54934335","0.9966837","1","True","862.26025"
"924","steering-traffic","63.349285","True","True","72.99031","0.54939586","0.99694866","1","True","862.26025"
"925","steering-traffic","63.386814","True","True","72.99109","0.5494442","0.9971925","1","True","862.26025"
"926","steering-traffic","63.4236","True","True","72.9918","0.54948866","0.99741685","1","True","862.26025"
"927","steering-traffic","63.459354","True","True","72.992455","0.5495295","0.99762326","1","True","862.26025"
"928","steering-traffic","63.74277","True","True","72.99306","0.54956716","0.9978132","1","True","862.26025"
"929","steering-traffic","64.02129","True","True","72.993614","0.5496018","0.997988","1","True","862.26025"
"930","steering-traffic","64.16411","True","True","72.994125","0.5496336","0.9981488","1","True","862.26025"
"931","steering-traffic","64.1444","True","True","72.99459","0.5496629","0.99829674","1","True","862.26025"
"932","steering-traffic","64.121086","True","True","72.995026","0.5496898","0.9984328","1","True","862.26025"
"933","steering-traffic","63.884384","True","True","72.99542","0.5497146","0.9985581","1","True","862.26025"
"934","steering-traffic","63.958694","True","True","72.99579","0.54973745","0.9986734","1","True","862.26025"
"935","steering-traffic","64.017586","True","True","72.996124","0.54975843","0.9987794","1","True","862.26025"
"936","steering-traffic","64.04114","True","True","72.99644","0.54977775","0.9988769","1","True","862.26025"
"937","steering-traffic","64.08389","True","True","72.99672","0.5497955","0.9989667","1","True","862.26025"
"938","steering-traffic","64.07995","True","True","72.99698","0.5498119","0.9990493","1","True","862.26025"
"939","steering-traffic","64.25067","True","True","72.99722","0.5498269","0.9991253","1","True","862.26025"
"940","steering-traffic","64.344215","True","True","72.997444","0.54984075","0.99919516","1","True","862.26025"
"941","steering-traffic","64.51977","True","True","72.99765","0.54985344","0.99925953","1","True","862.26025"
"942","steering-traffic","63.982914","True","True","72.99784","0.5498652","0.9993187","1","True","862.26025"
"943","steering-traffic","64.0364","True","True","72.99801","0.549876","0.9993731","1","True","862.26025"
"944","steering-traffic","64.11111","True","True","72.99817","0.54988587","0.99942327","1","True","862.26025"
"945","steering-traffic","64.173035","True","True","72.998314","0.549895","0.9994694","1","True","862.26025"
"946","steering-traffic","64.2295","True","True","72.99845","0.5499034","0.99951184","1","True","862.26025"
"947","steering-traffic","64.30396","True","True","72.99857","0.54991114","0.9995509","1","True","862.26025"
"948","steering-traffic","64.3639","True","True","72.99869","0.54991823","0.9995868","1","True","862.26025"
"949","steering-traffic","64.15764","True","True","72.998795","0.5499248","0.99961984","1","True","862.26025"
"950","steering-traffic","64.29962","True","True","72.998886","0.54993075","0.9996501","1","True","862.26025"
"951","steering-traffic","64.43929","True","True","72.99898","0.5499363","0.99967813","1","True","862.26025"
"952","steering-traffic","64.504776","True","True","72.99906","0.5499414","0.9997039","1","True","862.26025"
"953","steering-traffic","64.5411","True","True","72.99914","0.54994607","0.99972755","1","True","862.26025"
"954","steering-traffic","64.57788","True","True","72.99921","0.5499504","0.99974936","1","True","862.26025"
"955","steering-traffic","64.60541","True","True","72.99927","0.54995435","0.9997694","1","True","862.26025"
"956","steering-traffic","64.628525","True","True","72.99933","0.549958","0.9997878","1","True","862.26025"
"957","steering-traffic","64.64882","True","True","72.99938","0.5499614","0.99980474","1","True","862.26025"
"958","steering-traffic","64.66654","True","True","72.99943","0.5499644","0.9998203","1","True","862.26025"
"959","steering-traffic","64.68227","True","True","72.99947","0.5499673","0.9998347","1","True","862.26025"
"960","steering-traffic","64.696175","True","True","72.99952","0.5499699","0.99984795","1","True","862.26025"
"961","steering-traffic","64.58077","False","True","72.6029","0.51880616","0.945466","1","True","862.26025"
"962","steering-traffic","64.313805","False","True","72.228745","0.48940822","0.89416444","1","True","862.26025"
"963","steering-traffic","64.04224","False","True","71.8758","0.46167615","0.8457691","0.9959864","True","862.26025"
"964","steering-traffic","63.72794","False","True","71.542854","0.43551546","0.8001154","0.98435193","True","862.26025"
"965","steering-traffic","63.447727","False","True","71.228775","0.41083717","0.75704795","0.9657064","True","862.26025"
"966","steering-traffic","61.45648","False","True","70.93249","0.38755727","0.71642035","0.94065934","True","830.94696"
"967","steering-traffic","61.40648","False","True","70.65299","0.36559653","0.6780945","0.90982056","True","830.94696"
"968","steering-traffic","61.35648","False","True","70.389336","0.3448802","0.6419399","0.87379956","True","830.94696"
"969","steering-traffic","61.205406","False","True","70.14062","0.3253377","0.6078336","0.83320606","True","830.94696"
"970","steering-traffic","60.972218","False","False","69.90599","0.30690262","0.5756597","0.7886498","True","830.94696"
"971","steering-traffic","60.73811","False","False","69.68466","0.28951213","0.54530853","0.74074036","True","830.94696"
"972","steering-traffic","60.502583","False","False","69.47587","0.27310705","0.516677","0.6900875","True","830.94696"
"973","steering-traffic","60.267956","False","False","69.278915","0.25763157","0.4896677","0.6373007","True","830.94696"
"974","steering-traffic","60.033966","False","False","69.09312","0.24303302","0.46418867","0.58298993","True","830.94696"
"975","steering-traffic","59.800766","False","False","68.91785","0.22926167","0.44015142","0.52776456","True","830.94696"
"976","steering-traffic","59.568245","False","False","68.75249","0.21627067","0.41747","0.47223443","True","830.94696"
"977","steering-traffic","59.336506","False","False","68.59647","0.20401579","0.39606428","0.4170091","True","830.94696"
"978","steering-traffic","59.105427","False","False","68.449265","0.19245534","0.37585968","0.3626983","True","830.94696"
"979","steering-traffic","59.055428","False","False","68.310394","0.18154994","0.35679996","0.30991164","True","830.94696"
"980","steering-traffic","58.8219","False","False","68.17934","0.17126249","0.33880654","0.2592588","True","830.94696"
"981","steering-traffic","58.592464","False","False","68.05566","0.16155799","0.3218183","0.21134947","True","830.94696"
"982","steering-traffic","58.36375","False","False","67.93891","0.15240338","0.30577782","0.16679329","True","830.94696"
"983","steering-traffic","58.13577","False","False","67.828705","0.14376752","0.29063126","0.12619992","True","830.94696"
"984","steering-traffic","57.90848","False","False","67.72467","0.13562101","0.27632806","0.09017904","True","830.94696"
"985","steering-traffic","57.681828","False","False","67.626434","0.1279361","0.2628207","0.05934029","True","830.94696"
"986","steering-traffic","57.63183","False","False","67.53375","0.120686665","0.25008592","0.034293354","True","830.94696"
"987","steering-traffic","57.396465","False","False","67.44621","0.113848016","0.23805718","0.015647883","True","830.94696"
"988","steering-traffic","57.17148","False","False","67.363525","0.10739686","0.22669633","0.0040135444","True","830.94696"
"989","steering-traffic","56.947155","False","False","67.285416","0.101311274","0.21596617","0","False","830.94696"
"990","steering-traffic","56.723526","False","False","67.2116","0.09557052","0.20583163","0","False","830.94696"
"991","steering-traffic","56.503765","False","False","67.141846","0.09015506","0.1962601","0","False","830.94696"
"992","steering-traffic","56.281494","False","False","67.07591","0.08504646","0.18721986","0","False","830.94696"
"993","steering-traffic","56.059948","False","False","67.013565","0.080227345","0.1786815","0","False","830.94696"
"994","steering-traffic","55.839","False","False","66.95461","0.0756813","0.17061716","0","False","830.94696"
"995","steering-traffic","55.61882","False","False","66.89884","0.07139286","0.16300066","0","False","830.94696"
"996","steering-traffic","55.568825","False","False","66.84622","0.067347415","0.15582982","0","False","830.94696"
"997","steering-traffic","55.51882","False","False","66.79656","0.063531205","0.14907764","0","False","830.94696"
"998","steering-traffic","55.468826","False","False","66.7497","0.05993124","0.14271887","0","False","830.94696"
"999","steering-traffic","55.418827","False","False","66.70548","0.056535266","0.13672982","0","False","830.94696"
"1000","steering-traffic","55.368824","False","False","66.66374","0.05333172","0.13108835","0","False","830.94696"
"1001","steering-traffic","30.300104","False","True","66.57253","0.050309706","0.11915062","0","False","730.94696"
"1002","steering-traffic","30.209341","False","False","66.4875","0.04745893","0.10852406","0","False","730.94696"
"1003","steering-traffic","30.118849","False","False","66.40821","0.044769693","0.09905332","0","False","730.94696"
"1004","steering-traffic","30.028627","False","False","66.33425","0.04223284","0.09060227","0","False","730.94696"
"1005","steering-traffic","30.028627","False","False","66.26546","0.039839737","0.08307466","0","False","730.94696"
"1006","steering-traffic","30.028627","False","False","66.201454","0.037582237","0.07636147","0","False","730.94696"
"1007","steering-traffic","30.028627","False","False","66.1419","0.035452656","0.07036718","0","False","730.94696"
"1008","steering-traffic","30.028627","False","False","66.08647","0.03344375","0.06500805","0","False","730.94696"
"1009","steering-traffic","30.028627","False","False","66.03488","0.031548675","0.060210638","0","False","730.94696"
"1010","steering-traffic","30.028627","False","False","65.986855","0.029760985","0.055910483","0","False","730.94696"
"1011","steering-traffic","30.028627","False","False","65.94214","0.028074592","0.052050956","0","False","730.94696"
"1012","steering-traffic","30.028627","False","False","65.9005","0.026483761","0.04858231","0","False","730.94696"
"1013","steering-traffic","30.028627","False","False","65.86171","0.02498307","0.045460783","0","False","730.94696"
"1014","steering-traffic","30.028627","False","False","65.825584","0.023567418","0.04264785","0","False","730.94696"
"1015","steering-traffic","30.028627","False","False","65.79192","0.022231981","0.040109582","0","False","730.94696"
"1016","steering-traffic","30.028627","False","False","65.76056","0.020972218","0.03781607","0","False","730.94696"
"1017","steering-traffic","30.028627","False","False","65.73133","0.019783838","0.035740927","0","False","730.94696"
"1018","steering-traffic","30.028627","False","False","65.70409","0.018662795","0.033860844","0","False","730.94696"
"1019","steering-traffic","30.028627","False","False","65.67869","0.017605277","0.03215522","0","False","730.94696"
"1020","steering-traffic","30.028627","False","False","65.655014","0.016607683","0.030605821","0","False","730.94696"
"1021","steering-traffic","30.028627","False","False","65.63293","0.015666617","0.029196514","0","False","730.94696"
"1022","steering-traffic","30.028627","False","False","65.61233","0.014778875","0.027912982","0","False","730.94696"
"1023","steering-traffic","30.028627","False","False","65.59312","0.013941437","0.026742522","0","False","730.94696"
"1024","steering-traffic","30.028627","False","False","65.575195","0.013151453","0.025673855","0","False","730.94696"
"1025","steering-traffic","30.028627","False","False","65.558464","0.012406231","0.024696939","0","False","730.94696"
"1026","steering-traffic","30.028627","False","False","65.542854","0.011703238","0.023802837","0","False","730.94696"
"1027","steering-traffic","30.028627","False","False","65.52829","0.011040079","0.022983585","0","False","730.94696"
"1028","steering-traffic","30.028627","False","False","65.51469","0.010414499","0.022232065","0","False","730.94696"
"1029","steering-traffic","30.028627","False","False","65.50198","0.009824366","0.021541927","0","False","730.94696"
"1030","steering-traffic","30.028627","False","False","65.49013","0.009267674","0.02090748","0","False","730.94696"
"1031","steering-traffic","30.028627","False","False","65.47905","0.008742525","0.020323634","0","False","730.94696"
"1032","steering-traffic","30.028627","False","False","65.468704","0.008247134","0.019785814","0","False","730.94696"
"1033","steering-traffic","30.028627","False","False","65.45904","0.007779815","0.019289918","0","False","730.94696"
"1034","steering-traffic","30.028627","False","False","65.45001","0.0073389756","0.018832253","0","False","730.94696"
"1035","steering-traffic","30.028627","False","False","65.441574","0.006923116","0.018409496","0","False","730.94696"
"1036","steering-traffic","30.028627","False","False","65.433685","0.006530821","0.01801865","0","False","730.94696"
"1037","steering-traffic","30.028627","False","False","65.42631","0.0061607547","0.017657008","0","False","730.94696"
"1038","steering-traffic","30.028627","False","False","65.41941","0.0058116587","0.017322125","0","False","730.94696"
"1039","steering-traffic","30.028627","False","False","65.41297","0.0054823435","0.017011784","0","False","730.94696"
"1040","steering-traffic","30.028627","False","False","65.40694","0.0051716887","0.01672398","0","False","730.94696"
"1041","steering-traffic","30.028627","False","False","65.4013","0.0048786374","0.016456889","0","False","730.94696"
"1042","steering-traffic","30.028627","False","False","65.39603","0.004602192","0.01620886","0","False","730.94696"
"1043","steering-traffic","30.028627","False","False","65.39109","0.004341411","0.015978385","0","False","730.94696"
"1044","steering-traffic","30.028627","False","False","65.386475","0.0040954067","0.015764091","0","False","730.94696"
"1045","steering-traffic","30.028627","False","False","65.38216","0.0038633423","0.015564729","0","False","730.94696"
"1046","steering-traffic","30.028627","False","False","65.378105","0.003644428","0.015379156","0","False","730.94696"
"1047","steering-traffic","30.028627","False","False","65.37432","0.0034379181","0.015206329","0","False","730.94696"
"1048","steering-traffic","30.028627","False","False","65.37078","0.0032431101","0.01504529","0","False","730.94696"
"1049","steering-traffic","30.028627","False","False","65.36746","0.0030593409","0.014895165","0","False","730.94696"
"1050","steering-traffic","30.028627","False","False","65.36435","0.0028859845","0.014755153","0","False","730.94696"
"1051","steering-traffic","30.028627","False","False","65.36144","0.0027224517","0.014624514","0","False","730.94696"
"1052","steering-traffic","30.028627","False","False","65.35871","0.002568185","0.01450257","0","False","730.94696"
"1053","steering-traffic","30.028627","False","False","65.356155","0.0024226601","0.0143887","0","False","730.94696"
"1054","steering-traffic","30.028627","False","False","65.35377","0.002285381","0.014282328","0","False","730.94696"
"1055","steering-traffic","30.028627","False","False","65.351524","0.002155881","0.014182924","0","False","730.94696"
"1056","steering-traffic","30.028627","False","False","65.34942","0.0020337189","0.014090004","0","False","730.94696"
"1057","steering-traffic","30.028627","False","False","65.34745","0.0019184792","0.014003116","0","False","730.94696"
"1058","steering-traffic","30.028627","False","False","65.345604","0.0018097694","0.013921841","0","False","730.94696"
"1059","steering-traffic","30.028627","False","False","65.34387","0.0017072198","0.013845797","0","False","730.94696"
"1060","steering-traffic","30.028627","False","False","65.342255","0.001610481","0.013774627","0","False","730.94696"
"1061","steering-traffic","30.028627","False","False","65.34073","0.0015192238","0.013707999","0","False","730.94696"
"1062","steering-traffic","30.028627","False","False","65.3393","0.0014331377","0.013645609","0","False","730.94696"
"1063","steering-traffic","30.028627","False","False","65.33797","0.0013519296","0.013587173","0","False","730.94696"
"1064","steering-traffic","30.028627","False","False","65.33671","0.0012753232","0.013532427","0","False","730.94696"
"1065","steering-traffic","30.028627","False","False","65.33553","0.0012030577","0.013481129","0","False","730.94696"
"1066","steering-traffic","30.028627","False","False","65.33443","0.001134887","0.0134330485","0","False","730.94696"
"1067","steering-traffic","30.028627","False","False","65.33339","0.0010705792","0.013387976","0","False","730.94696"
"1068","steering-traffic","30.028627","False","False","65.33241","0.0010099153","0.0133457165","0","False","730.94696"
"1069","steering-traffic","30.028627","False","False","65.3315","0.0009526889","0.013306085","0","False","730.94696"
"1070","steering-traffic","30.028627","False","False","65.33064","0.0008987053","0.013268912","0","False","730.94696"
"1071","steering-traffic","30.028627","False","False","65.32984","0.00084778055","0.013234041","0","False","730.94696"
"1072","steering-traffic","30.028627","False","False","65.32909","0.00079974154","0.013201321","0","False","730.94696"
"1073","steering-traffic","30.028627","False","False","65.32838","0.00075442455","0.013170618","0","False","730.94696"
"1074","steering-traffic","30.028627","False","False","65.327705","0.00071167544","0.0131418","0","False","730.94696"
"1075","steering-traffic","30.028627","False","False","65.32708","0.0006713487","0.013114748","0","False","730.94696"
"1076","steering-traffic","30.028627","False","False","65.32649","0.00063330703","0.013089351","0","False","730.94696"
"1077","steering-traffic","30.028627","False","False","65.32594","0.00059742096","0.013065505","0","False","730.94696"
"1078","steering-traffic","30.028627","False","False","65.325424","0.0005635684","0.01304311","0","False","730.94696"
"1079","steering-traffic","30.028627","False","False","65.324936","0.000531634","0.013022079","0","False","730.94696"
"1080","steering-traffic","30.028627","False","False","65.32448","0.00050150923","0.013002325","0","False","730.94696"
"1081","high-speed-no-boost","58","False","False","65","0","0","0","False","1000"
"1082","high-speed-no-boost","58","False","True","65.07955","0","0.0031820282","0","False","1000"
"1083","high-speed-no-boost","58.000282","False","True","65.15274","0","0.0061096405","0","False","1000"
"1084","high-speed-no-boost","58.000557","False","True","65.22008","0","0.008803178","0","False","1000"
"1085","high-speed-no-boost","58.00076","False","True","65.282036","0","0.011281355","0","False","1000"
"1086","high-speed-no-boost","58.000954","False","True","65.339035","0","0.013561391","0","False","1000"
"1087","high-speed-no-boost","58.00108","False","True","65.39148","0","0.015659127","0","False","1000"
"1088","high-speed-no-boost","58.00115","False","True","65.43973","0","0.017589139","0","False","1000"
"1089","high-speed-no-boost","58.00118","False","True","65.48412","0","0.019364838","0","False","1000"
"1090","high-speed-no-boost","58.001186","False","True","65.52496","0","0.020998556","0","False","1000"
"1091","high-speed-no-boost","58.001194","False","True","65.56254","0","0.022501651","0","False","1000"
"1092","high-speed-no-boost","58.001194","False","True","65.597115","0","0.023884568","0","False","1000"
"1093","high-speed-no-boost","58.001194","False","True","65.62892","0","0.02515691","0","False","1000"
"1094","high-speed-no-boost","58.001194","False","True","65.65819","0","0.02632752","0","False","1000"
"1095","high-speed-no-boost","58.001194","False","True","65.68511","0","0.027404537","0","False","1000"
"1096","high-speed-no-boost","58.001194","False","True","65.709885","0","0.028395437","0","False","1000"
"1097","high-speed-no-boost","58.001194","False","True","65.73268","0","0.029307112","0","False","1000"
"1098","high-speed-no-boost","58.001194","False","True","65.75365","0","0.030145893","0","False","1000"
"1099","high-speed-no-boost","58.001194","False","True","65.77294","0","0.030917607","0","False","1000"
"1100","high-speed-no-boost","58.001194","False","True","65.79069","0","0.03162762","0","False","1000"
"1101","high-speed-no-boost","58.001194","False","True","65.80702","0","0.032280862","0","False","1000"
"1102","high-speed-no-boost","58.001194","False","True","65.822044","0","0.03288188","0","False","1000"
"1103","high-speed-no-boost","58.001194","False","True","65.83587","0","0.033434834","0","False","1000"
"1104","high-speed-no-boost","58.001194","False","True","65.84859","0","0.033943582","0","False","1000"
"1105","high-speed-no-boost","58.001194","False","True","65.86029","0","0.03441165","0","False","1000"
"1106","high-speed-no-boost","58.001194","False","True","65.871056","0","0.034842294","0","False","1000"
"1107","high-speed-no-boost","58.001194","False","True","65.88097","0","0.035238504","0","False","1000"
"1108","high-speed-no-boost","58.001194","False","True","65.890076","0","0.035603035","0","False","1000"
"1109","high-speed-no-boost","58.001194","False","True","65.89846","0","0.035938423","0","False","1000"
"1110","high-speed-no-boost","58.001194","False","True","65.90617","0","0.036246993","0","False","1000"
"1111","high-speed-no-boost","58.001194","False","True","65.91327","0","0.036530893","0","False","1000"
"1112","high-speed-no-boost","58.001194","False","True","65.9198","0","0.036792092","0","False","1000"
"1113","high-speed-no-boost","58.001194","False","True","65.92581","0","0.037032407","0","False","1000"
"1114","high-speed-no-boost","58.001194","False","True","65.931335","0","0.037253506","0","False","1000"
"1115","high-speed-no-boost","58.001194","False","True","65.936424","0","0.037456926","0","False","1000"
"1116","high-speed-no-boost","58.001194","False","True","65.9411","0","0.03764408","0","False","1000"
"1117","high-speed-no-boost","58.001194","False","True","65.945404","0","0.037816275","0","False","1000"
"1118","high-speed-no-boost","58.001194","False","True","65.94937","0","0.0379747","0","False","1000"
"1119","high-speed-no-boost","58.001194","False","True","65.95301","0","0.038120456","0","False","1000"
"1120","high-speed-no-boost","58.001194","False","True","65.95637","0","0.03825456","0","False","1000"
"1121","high-speed-no-boost","58.001194","False","True","65.95945","0","0.03837794","0","False","1000"
"1122","high-speed-no-boost","58.001194","False","True","65.96229","0","0.038491458","0","False","1000"
"1123","high-speed-no-boost","58.001194","False","True","65.9649","0","0.0385959","0","False","1000"
"1124","high-speed-no-boost","58.001194","False","True","65.9673","0","0.03869199","0","False","1000"
"1125","high-speed-no-boost","58.001194","False","True","65.96951","0","0.0387804","0","False","1000"
"1126","high-speed-no-boost","58.001194","False","True","65.97154","0","0.038861737","0","False","1000"
"1127","high-speed-no-boost","58.001194","False","True","65.97341","0","0.03893657","0","False","1000"
"1128","high-speed-no-boost","58.001194","False","True","65.975136","0","0.03900542","0","False","1000"
"1129","high-speed-no-boost","58.001194","False","True","65.97672","0","0.039068766","0","False","1000"
"1130","high-speed-no-boost","58.001194","False","True","65.97818","0","0.039127048","0","False","1000"
"1131","high-speed-no-boost","58.001194","False","True","65.979515","0","0.03918067","0","False","1000"
"1132","high-speed-no-boost","58.001194","False","True","65.98075","0","0.039230004","0","False","1000"
"1133","high-speed-no-boost","58.001194","False","True","65.98189","0","0.039275397","0","False","1000"
"1134","high-speed-no-boost","58.001194","False","True","65.982925","0","0.039317157","0","False","1000"
"1135","high-speed-no-boost","58.001194","False","True","65.98389","0","0.039355576","0","False","1000"
"1136","high-speed-no-boost","58.001194","False","True","65.98477","0","0.03939093","0","False","1000"
"1137","high-speed-no-boost","58.001194","False","True","65.98559","0","0.03942345","0","False","1000"
"1138","high-speed-no-boost","58.001194","False","True","65.986336","0","0.039453372","0","False","1000"
"1139","high-speed-no-boost","58.001194","False","True","65.98702","0","0.039480902","0","False","1000"
"1140","high-speed-no-boost","58.001194","False","True","65.987656","0","0.03950623","0","False","1000"
"1141","high-speed-no-boost","58.001194","False","True","65.988235","0","0.039529536","0","False","1000"
"1142","high-speed-no-boost","58.001194","False","True","65.98878","0","0.039550975","0","False","1000"
"1143","high-speed-no-boost","58.001194","False","True","65.989265","0","0.039570704","0","False","1000"
"1144","high-speed-no-boost","58.001194","False","True","65.98972","0","0.03958885","0","False","1000"
"1145","high-speed-no-boost","58.001194","False","True","65.990135","0","0.03960555","0","False","1000"
"1146","high-speed-no-boost","58.001194","False","True","65.990524","0","0.039620914","0","False","1000"
"1147","high-speed-no-boost","58.001194","False","True","65.990875","0","0.039635047","0","False","1000"
"1148","high-speed-no-boost","58.001194","False","True","65.9912","0","0.03964805","0","False","1000"
"1149","high-speed-no-boost","58.001194","False","True","65.9915","0","0.039660014","0","False","1000"
"1150","high-speed-no-boost","58.001194","False","True","65.991776","0","0.039671022","0","False","1000"
"1151","high-speed-no-boost","58.001194","False","True","65.99203","0","0.03968115","0","False","1000"
"1152","high-speed-no-boost","58.001194","False","True","65.99226","0","0.03969047","0","False","1000"
"1153","high-speed-no-boost","58.001194","False","True","65.99248","0","0.03969904","0","False","1000"
"1154","high-speed-no-boost","58.001194","False","True","65.992676","0","0.039706927","0","False","1000"
"1155","high-speed-no-boost","58.001194","False","True","65.99285","0","0.039714184","0","False","1000"
"1156","high-speed-no-boost","58.001194","False","True","65.99302","0","0.03972086","0","False","1000"
"1157","high-speed-no-boost","58.001194","False","True","65.99317","0","0.039727006","0","False","1000"
"1158","high-speed-no-boost","58.001194","False","True","65.99332","0","0.039732657","0","False","1000"
"1159","high-speed-no-boost","58.001194","False","True","65.99345","0","0.039737858","0","False","1000"
"1160","high-speed-no-boost","58.001194","False","True","65.99357","0","0.03974264","0","False","1000"
"1161","high-speed-no-boost","58.001194","False","True","65.993675","0","0.039747044","0","False","1000"
"1162","high-speed-no-boost","58.001194","False","True","65.993774","0","0.039751094","0","False","1000"
"1163","high-speed-no-boost","58.001194","False","True","65.99387","0","0.03975482","0","False","1000"
"1164","high-speed-no-boost","58.001194","False","True","65.99396","0","0.039758246","0","False","1000"
"1165","high-speed-no-boost","58.001194","False","True","65.99403","0","0.0397614","0","False","1000"
"1166","high-speed-no-boost","58.001194","False","True","65.99411","0","0.039764304","0","False","1000"
"1167","high-speed-no-boost","58.001194","False","True","65.99417","0","0.039766975","0","False","1000"
"1168","high-speed-no-boost","58.001194","False","True","65.99423","0","0.03976943","0","False","1000"
"1169","high-speed-no-boost","58.001194","False","True","65.99429","0","0.03977169","0","False","1000"
"1170","high-speed-no-boost","58.001194","False","True","65.99435","0","0.03977377","0","False","1000"
"1171","high-speed-no-boost","58.001194","False","True","65.99439","0","0.03977568","0","False","1000"
"1172","high-speed-no-boost","58.001194","False","True","65.99444","0","0.03977744","0","False","1000"
"1173","high-speed-no-boost","58.001194","False","True","65.99448","0","0.03977906","0","False","1000"
"1174","high-speed-no-boost","58.001194","False","True","65.994514","0","0.03978055","0","False","1000"
"1175","high-speed-no-boost","58.001194","False","True","65.994545","0","0.03978192","0","False","1000"
"1176","high-speed-no-boost","58.001194","False","True","65.99458","0","0.03978318","0","False","1000"
"1177","high-speed-no-boost","58.001186","False","True","65.994606","0","0.03978434","0","False","1000"
"1178","high-speed-no-boost","58.001152","False","True","65.99464","0","0.039785407","0","False","1000"
"1179","high-speed-no-boost","58.00107","False","True","65.99466","0","0.039786387","0","False","1000"
"1180","high-speed-no-boost","58.00092","False","True","65.99468","0","0.039787285","0","False","1000"
"1181","high-speed-no-boost","58.000763","False","True","65.994705","0","0.03978811","0","False","1000"
"1182","high-speed-no-boost","58.000492","False","True","65.99472","0","0.039788865","0","False","1000"
"1183","high-speed-no-boost","58.000046","False","True","65.994736","0","0.03978955","0","False","1000"
"1184","high-speed-no-boost","57.99935","False","True","65.99475","0","0.039790176","0","False","1000"
"1185","high-speed-no-boost","57.998543","False","True","65.99477","0","0.03979073","0","False","1000"
"1186","high-speed-no-boost","57.9977","False","True","65.99478","0","0.039791234","0","False","1000"
"1187","high-speed-no-boost","57.996563","False","True","65.99479","0","0.039791677","0","False","1000"
"1188","high-speed-no-boost","57.995026","False","True","65.994804","0","0.039792057","0","False","1000"
"1189","high-speed-no-boost","57.99291","False","True","65.99481","0","0.039792374","0","False","1000"
"1190","high-speed-no-boost","57.990658","False","True","65.99481","0","0.03979263","0","False","1000"
"1191","high-speed-no-boost","57.988422","False","True","65.99482","0","0.039792832","0","False","1000"
"1192","high-speed-no-boost","57.985703","False","True","65.99483","0","0.039792974","0","False","1000"
"1193","high-speed-no-boost","57.98221","False","True","65.99483","0","0.039793048","0","False","1000"
"1194","high-speed-no-boost","57.97772","False","True","65.99483","0","0.03979304","0","False","1000"
"1195","high-speed-no-boost","57.973507","False","True","65.99483","0","0.03979297","0","False","1000"
"1196","high-speed-no-boost","57.969543","False","True","65.99482","0","0.039792836","0","False","1000"
"1197","high-speed-no-boost","57.964474","False","True","65.99482","0","0.039792635","0","False","1000"
"1198","high-speed-no-boost","57.958187","False","True","65.99481","0","0.039792348","0","False","1000"
"1199","high-speed-no-boost","57.95036","False","True","65.9948","0","0.039791953","0","False","1000"
"1200","high-speed-no-boost","57.941605","False","True","65.99479","0","0.039791446","0","False","1000"
"1201","high-speed-no-boost","57.93528","False","True","65.994774","0","0.039790876","0","False","1000"
"1202","high-speed-no-boost","57.927338","False","True","65.99476","0","0.039790224","0","False","1000"
"1203","high-speed-no-boost","57.9185","False","True","65.994736","0","0.039789476","0","False","1000"
"1204","high-speed-no-boost","57.907818","False","True","65.99471","0","0.03978861","0","False","1000"
"1205","high-speed-no-boost","57.89487","False","True","65.99469","0","0.039787598","0","False","1000"
"1206","high-speed-no-boost","57.882812","False","True","65.99466","0","0.03978646","0","False","1000"
"1207","high-speed-no-boost","57.871845","False","True","65.99463","0","0.039785232","0","False","1000"
"1208","high-speed-no-boost","57.85989","False","True","65.9946","0","0.039783895","0","False","1000"
"1209","high-speed-no-boost","57.845543","False","True","65.99456","0","0.039782424","0","False","1000"
"1210","high-speed-no-boost","57.828373","False","True","65.99452","0","0.039780773","0","False","1000"
"1211","high-speed-no-boost","57.812805","False","True","65.99448","0","0.039778985","0","False","1000"
"1212","high-speed-no-boost","57.798904","False","True","65.99443","0","0.039777096","0","False","1000"
"1213","high-speed-no-boost","57.784","False","True","65.99438","0","0.0397751","0","False","1000"
"1214","high-speed-no-boost","57.766155","False","True","65.99432","0","0.039772946","0","False","1000"
"1215","high-speed-no-boost","57.74492","False","True","65.99426","0","0.039770585","0","False","1000"
"1216","high-speed-no-boost","57.726116","False","True","65.9942","0","0.039768077","0","False","1000"
"1217","high-speed-no-boost","57.70999","False","True","65.99414","0","0.039765477","0","False","1000"
"1218","high-speed-no-boost","57.692787","False","True","65.99407","0","0.03976277","0","False","1000"
"1219","high-speed-no-boost","57.671886","False","True","65.993996","0","0.039759897","0","False","1000"
"1220","high-speed-no-boost","57.647053","False","True","65.99392","0","0.039756794","0","False","1000"
"1221","high-speed-no-boost","57.6288","False","True","65.99384","0","0.039753597","0","False","1000"
"1222","high-speed-no-boost","57.611073","False","True","65.99376","0","0.03975032","0","False","1000"
"1223","high-speed-no-boost","57.59216","False","True","65.993675","0","0.039746948","0","False","1000"
"1224","high-speed-no-boost","57.568672","False","True","65.99358","0","0.039743394","0","False","1000"
"1225","high-speed-no-boost","57.54086","False","True","65.99349","0","0.039739586","0","False","1000"
"1226","high-speed-no-boost","57.52216","False","True","65.99339","0","0.03973572","0","False","1000"
"1227","high-speed-no-boost","57.5039","False","True","65.99329","0","0.0397318","0","False","1000"
"1228","high-speed-no-boost","57.484535","False","True","65.993195","0","0.039727814","0","False","1000"
"1229","high-speed-no-boost","57.45939","False","True","65.99309","0","0.03972365","0","False","1000"
"1230","high-speed-no-boost","57.429207","False","True","65.99298","0","0.039719205","0","False","1000"
"1231","high-speed-no-boost","57.41086","False","True","65.99287","0","0.039714742","0","False","1000"
"1232","high-speed-no-boost","57.39903","False","True","65.99276","0","0.039710395","0","False","1000"
"1233","high-speed-no-boost","57.378544","False","True","65.99265","0","0.039705977","0","False","1000"
"1234","high-speed-no-boost","57.351658","False","True","65.99253","0","0.03970135","0","False","1000"
"1235","high-speed-no-boost","57.319473","False","True","65.99241","0","0.03969642","0","False","1000"
"1236","high-speed-no-boost","57.301308","False","True","65.99229","0","0.039691504","0","False","1000"
"1237","high-speed-no-boost","57.290413","False","True","65.99217","0","0.039686747","0","False","1000"
"1238","high-speed-no-boost","57.27004","False","True","65.99205","0","0.039681934","0","False","1000"
"1239","high-speed-no-boost","57.24267","False","True","65.99192","0","0.039676916","0","False","1000"
"1240","high-speed-no-boost","57.20972","False","True","65.99179","0","0.03967158","0","False","1000"
"1241","high-speed-no-boost","57.192764","False","True","65.99166","0","0.039666303","0","False","1000"
"1242","high-speed-no-boost","57.175823","False","True","65.99152","0","0.039661072","0","False","1000"
"1243","high-speed-no-boost","57.15888","False","True","65.991394","0","0.039655887","0","False","1000"
"1244","high-speed-no-boost","57.13486","False","True","65.991264","0","0.039650574","0","False","1000"
"1245","high-speed-no-boost","57.111523","False","True","65.99113","0","0.03964516","0","False","1000"
"1246","high-speed-no-boost","57.096058","False","True","65.991","0","0.03963983","0","False","1000"
"1247","high-speed-no-boost","57.071487","False","True","65.99086","0","0.03963437","0","False","1000"
"1248","high-speed-no-boost","57.044907","False","True","65.990715","0","0.03962873","0","False","1000"
"1249","high-speed-no-boost","57.016644","False","True","65.99057","0","0.039622884","0","False","1000"
"1250","high-speed-no-boost","56.992924","False","True","65.990425","0","0.039616954","0","False","1000"
"1251","high-speed-no-boost","56.95935","False","True","65.990265","0","0.039610706","0","False","1000"
"1252","high-speed-no-boost","56.923134","False","True","65.990105","0","0.03960409","0","False","1000"
"1253","high-speed-no-boost","56.884476","False","True","65.98993","0","0.039597075","0","False","1000"
"1254","high-speed-no-boost","56.83905","False","True","65.98974","0","0.03958951","0","False","1000"
"1255","high-speed-no-boost","56.792942","False","True","65.98953","0","0.039581407","0","False","1000"
"1256","high-speed-no-boost","56.744682","False","True","65.98932","0","0.039572738","0","False","1000"
"1257","high-speed-no-boost","56.70105","False","True","65.98909","0","0.039563656","0","False","1000"
"1258","high-speed-no-boost","56.65559","False","True","65.98885","0","0.039554127","0","False","1000"
"1259","high-speed-no-boost","56.606792","False","True","65.9886","0","0.03954409","0","False","1000"
"1260","high-speed-no-boost","56.542736","False","True","65.98833","0","0.03953316","0","False","1000"
"1261","high-speed-no-boost","56.478123","False","True","65.98804","0","0.03952136","0","False","1000"
"1262","high-speed-no-boost","56.41131","False","True","65.98772","0","0.03950867","0","False","1000"
"1263","high-speed-no-boost","56.35834","False","True","65.98739","0","0.03949552","0","False","1000"
"1264","high-speed-no-boost","56.246784","False","True","65.98701","0","0.039480254","0","False","1000"
"1265","high-speed-no-boost","56.17195","False","True","65.9866","0","0.03946403","0","False","1000"
"1266","high-speed-no-boost","56.09446","False","True","65.98617","0","0.03944681","0","False","1000"
"1267","high-speed-no-boost","54.918705","False","True","65.98478","0","0.039391108","0","False","1000"
"1268","high-speed-no-boost","54.706654","False","True","65.98329","0","0.039331686","0","False","1000"
"1269","high-speed-no-boost","54.46275","False","True","65.98168","0","0.039267257","0","False","1000"
"1270","high-speed-no-boost","54.214695","False","True","65.97994","0","0.039197665","0","False","1000"
"1271","high-speed-no-boost","53.98261","False","True","65.97809","0","0.03912363","0","False","1000"
"1272","high-speed-no-boost","53.74145","False","True","65.97612","0","0.039044764","0","False","1000"
"1273","high-speed-no-boost","53.51322","False","True","65.974045","0","0.038961697","0","False","1000"
"1274","high-speed-no-boost","53.2537","False","True","65.971825","0","0.038872946","0","False","1000"
"1275","high-speed-no-boost","52.97014","False","True","65.96944","0","0.038777355","0","False","1000"
"1276","high-speed-no-boost","52.687428","False","True","65.96687","0","0.038675044","0","False","1000"
"1277","high-speed-no-boost","52.42433","False","True","65.96418","0","0.038567133","0","False","1000"
"1278","high-speed-no-boost","52.17536","False","True","65.961365","0","0.038454447","0","False","1000"
"1279","high-speed-no-boost","51.8768","False","True","65.95836","0","0.03833423","0","False","1000"
"1280","high-speed-no-boost","51.58694","False","True","65.95518","0","0.03820711","0","False","1000"
"1281","high-speed-no-boost","51.314144","False","True","65.95186","0","0.038074188","0","False","1000"
"1282","high-speed-no-boost","51.03616","False","True","65.94838","0","0.03793522","0","False","1000"
"1283","high-speed-no-boost","50.774624","False","True","65.944786","0","0.0377913","0","False","1000"
"1284","high-speed-no-boost","50.468548","False","True","65.940994","0","0.03763966","0","False","1000"
"1285","high-speed-no-boost","50.167454","False","True","65.93702","0","0.037480757","0","False","1000"
"1286","high-speed-no-boost","49.882877","False","True","65.9329","0","0.03731583","0","False","1000"
"1287","high-speed-no-boost","49.621","False","True","65.928665","0","0.037146512","0","False","1000"
"1288","high-speed-no-boost","49.34941","False","True","65.9243","0","0.036972158","0","False","1000"
"1289","high-speed-no-boost","49.033916","False","True","65.91975","0","0.03678974","0","False","1000"
"1290","high-speed-no-boost","48.735394","False","True","65.915016","0","0.03660067","0","False","1000"
"1291","high-speed-no-boost","48.457172","False","True","65.910164","0","0.036406573","0","False","1000"
"1292","high-speed-no-boost","48.17193","False","True","65.905174","0","0.03620699","0","False","1000"
"1293","high-speed-no-boost","47.848442","False","True","65.89998","0","0.035999134","0","False","1000"
"1294","high-speed-no-boost","47.539368","False","True","65.89461","0","0.035784338","0","False","1000"
"1295","high-speed-no-boost","47.230507","False","True","65.88907","0","0.035562795","0","False","1000"
"1296","high-speed-no-boost","46.908363","False","True","65.88334","0","0.03533362","0","False","1000"
"1297","high-speed-no-boost","46.598995","False","True","65.87745","0","0.035098054","0","False","1000"
"1298","high-speed-no-boost","46.33905","False","True","65.871506","0","0.034860287","0","False","1000"
"1299","high-speed-no-boost","46.064774","False","True","65.86548","0","0.034619074","0","False","1000"
"1300","high-speed-no-boost","45.776196","False","True","65.85933","0","0.03437323","0","False","1000"
"1301","high-speed-no-boost","45.510254","False","True","65.85312","0","0.034124758","0","False","1000"
"1302","high-speed-no-boost","45.28098","False","True","65.84692","0","0.03387675","0","False","1000"
"1303","high-speed-no-boost","45.005905","False","True","65.84063","0","0.033625074","0","False","1000"
"1304","high-speed-no-boost","44.756752","False","True","65.8343","0","0.033372026","0","False","1000"
"1305","high-speed-no-boost","44.54189","False","True","65.82801","0","0.033120524","0","False","1000"
"1306","high-speed-no-boost","44.282124","False","True","65.821655","0","0.03286636","0","False","1000"
"1307","high-speed-no-boost","44.046383","False","True","65.81529","0","0.032611683","0","False","1000"
"1308","high-speed-no-boost","43.842625","False","True","65.80898","0","0.03235924","0","False","1000"
"1309","high-speed-no-boost","43.607006","False","True","65.80264","0","0.032105863","0","False","1000"
"1310","high-speed-no-boost","43.379784","False","True","65.7963","0","0.031852257","0","False","1000"
"1311","high-speed-no-boost","43.183407","False","True","65.79002","0","0.031601105","0","False","1000"
"1312","high-speed-no-boost","42.957058","False","True","65.78374","0","0.031349376","0","False","1000"
"1313","high-speed-no-boost","42.737785","False","True","65.77744","0","0.031097643","0","False","1000"
"1314","high-speed-no-boost","42.546646","False","True","65.77121","0","0.030848397","0","False","1000"
"1315","high-speed-no-boost","42.31786","False","True","65.764946","0","0.030597858","0","False","1000"
"1316","high-speed-no-boost","42.111706","False","True","65.758705","0","0.030348126","0","False","1000"
"1317","high-speed-no-boost","41.917397","False","True","65.7525","0","0.030100163","0","False","1000"
"1318","high-speed-no-boost","41.699314","False","True","65.746284","0","0.029851507","0","False","1000"
"1319","high-speed-no-boost","41.498432","False","True","65.7401","0","0.029603748","0","False","1000"
"1320","high-speed-no-boost","41.43133","False","True","65.73424","0","0.02936944","0","False","1000"
"1321","high-speed-no-boost","41.354515","False","True","65.72867","0","0.029146574","0","False","1000"
"1322","high-speed-no-boost","41.293003","False","True","65.72339","0","0.028935684","0","False","1000"
"1323","high-speed-no-boost","41.21838","False","True","65.71836","0","0.028734555","0","False","1000"
"1324","high-speed-no-boost","41.145824","False","True","65.71356","0","0.028542595","0","False","1000"
"1325","high-speed-no-boost","41.076","False","True","65.708984","0","0.02835932","0","False","1000"
"1326","high-speed-no-boost","40.99098","False","True","65.70457","0","0.028182575","0","False","1000"
"1327","high-speed-no-boost","40.922688","False","True","65.70033","0","0.028013429","0","False","1000"
"1328","high-speed-no-boost","40.558884","False","True","65.69557","0","0.027822865","0","False","1000"
"1329","high-speed-no-boost","40.367146","False","True","65.69073","0","0.027629038","0","False","1000"
"1330","high-speed-no-boost","40.18581","False","True","65.68583","0","0.02743316","0","False","1000"
"1331","high-speed-no-boost","39.99352","False","True","65.680855","0","0.027234284","0","False","1000"
"1332","high-speed-no-boost","39.80431","False","True","65.67582","0","0.027032899","0","False","1000"
"1333","high-speed-no-boost","39.61254","False","True","65.67072","0","0.026828906","0","False","1000"
"1334","high-speed-no-boost","39.41736","False","True","65.66555","0","0.026622135","0","False","1000"
"1335","high-speed-no-boost","39.229965","False","True","65.66034","0","0.026413526","0","False","1000"
"1336","high-speed-no-boost","39.03727","False","True","65.65507","0","0.026202666","0","False","1000"
"1337","high-speed-no-boost","38.80611","False","True","65.64965","0","0.025985906","0","False","1000"
"1338","high-speed-no-boost","38.585224","False","True","65.64412","0","0.02576468","0","False","1000"
"1339","high-speed-no-boost","38.36128","False","True","65.63847","0","0.025538998","0","False","1000"
"1340","high-speed-no-boost","38.154488","False","True","65.632774","0","0.025310874","0","False","1000"
"1341","high-speed-no-boost","37.94744","False","True","65.627014","0","0.02508045","0","False","1000"
"1342","high-speed-no-boost","37.746086","False","True","65.62121","0","0.02484844","0","False","1000"
"1343","high-speed-no-boost","37.541615","False","True","65.615364","0","0.024614645","0","False","1000"
"1344","high-speed-no-boost","37.34897","False","True","65.60951","0","0.02438036","0","False","1000"
"1345","high-speed-no-boost","37.15605","False","True","65.60364","0","0.024145577","0","False","1000"
"1346","high-speed-no-boost","36.965553","False","True","65.59776","0","0.023910565","0","False","1000"
"1347","high-speed-no-boost","36.78378","False","True","65.5919","0","0.0236762","0","False","1000"
"1348","high-speed-no-boost","36.59384","False","True","65.58604","0","0.023441605","0","False","1000"
"1349","high-speed-no-boost","36.41841","False","True","65.58021","0","0.023208244","0","False","1000"
"1350","high-speed-no-boost","36.24056","False","True","65.574394","0","0.022975769","0","False","1000"
"1351","high-speed-no-boost","36.073727","False","True","65.568634","0","0.022745209","0","False","1000"
"1352","high-speed-no-boost","35.904858","False","True","65.562904","0","0.022516204","0","False","1000"
"1353","high-speed-no-boost","35.73333","False","True","65.55721","0","0.022288369","0","False","1000"
"1354","high-speed-no-boost","35.579193","False","True","65.55158","0","0.022063348","0","False","1000"
"1355","high-speed-no-boost","35.41379","False","True","65.546","0","0.021839794","0","False","1000"
"1356","high-speed-no-boost","35.373363","False","True","65.54075","0","0.021630079","0","False","1000"
"1357","high-speed-no-boost","35.213932","False","True","65.53553","0","0.02142121","0","False","1000"
"1358","high-speed-no-boost","35.073666","False","True","65.53037","0","0.02121504","0","False","1000"
"1359","high-speed-no-boost","34.926968","False","True","65.52527","0","0.021010717","0","False","1000"
"1360","high-speed-no-boost","34.898636","False","True","65.5205","0","0.020819906","0","False","1000"
"1361","high-speed-no-boost","34.876137","False","True","65.51605","0","0.02064211","0","False","1000"
"1362","high-speed-no-boost","34.859417","False","True","65.511925","0","0.020476859","0","False","1000"
"1363","high-speed-no-boost","34.848484","False","True","65.508095","0","0.020323731","0","False","1000"
"1364","high-speed-no-boost","34.65218","False","True","65.50408","0","0.020163283","0","False","1000"
"1365","high-speed-no-boost","34.53776","False","True","65.50011","0","0.020004265","0","False","1000"
"1366","high-speed-no-boost","34.53304","False","True","65.49644","0","0.019857492","0","False","1000"
"1367","high-speed-no-boost","34.535515","False","True","65.493065","0","0.0197227","0","False","1000"
"1368","high-speed-no-boost","34.54421","False","True","65.48999","0","0.019599553","0","False","1000"
"1369","high-speed-no-boost","34.558933","False","True","65.48719","0","0.019487716","0","False","1000"
"1370","high-speed-no-boost","34.579678","False","True","65.48467","0","0.01938689","0","False","1000"
"1371","high-speed-no-boost","34.36633","False","True","65.48182","0","0.019272888","0","False","1000"
"1372","high-speed-no-boost","34.281105","False","True","65.47899","0","0.019159524","0","False","1000"
"1373","high-speed-no-boost","34.305855","False","True","65.47644","0","0.019057686","0","False","1000"
"1374","high-speed-no-boost","34.336716","False","True","65.474174","0","0.018967059","0","False","1000"
"1375","high-speed-no-boost","34.374496","False","True","65.47218","0","0.018887438","0","False","1000"
"1376","high-speed-no-boost","34.418114","False","True","65.47047","0","0.018818522","0","False","1000"
"1377","high-speed-no-boost","34.46832","False","True","65.469","0","0.018760111","0","False","1000"
"1378","high-speed-no-boost","34.368317","False","True","65.46741","0","0.018696422","0","False","1000"
"1379","high-speed-no-boost","34.311577","False","True","65.465805","0","0.01863218","0","False","1000"
"1380","high-speed-no-boost","34.26482","False","True","65.46421","0","0.018568425","0","False","1000"
"1381","high-speed-no-boost","34.3273","False","True","65.4629","0","0.018515982","0","False","1000"
"1382","high-speed-no-boost","34.397327","False","True","65.46187","0","0.018474696","0","False","1000"
"1383","high-speed-no-boost","34.47273","False","True","65.461105","0","0.018444218","0","False","1000"
"1384","high-speed-no-boost","34.559174","False","True","65.46062","0","0.018424781","0","False","1000"
"1385","high-speed-no-boost","34.65236","False","True","65.4604","0","0.018416181","0","False","1000"
"1386","high-speed-no-boost","34.560413","False","True","65.45998","0","0.01839911","0","False","1000"
"1387","high-speed-no-boost","34.542347","False","True","65.45954","0","0.018381607","0","False","1000"
"1388","high-speed-no-boost","34.63531","False","True","65.459366","0","0.01837476","0","False","1000"
"1389","high-speed-no-boost","34.738297","False","True","65.459465","0","0.018378722","0","False","1000"
"1390","high-speed-no-boost","34.85694","False","True","65.459854","0","0.018394196","0","False","1000"
"1391","high-speed-no-boost","34.98419","False","True","65.460526","0","0.018421127","0","False","1000"
"1392","high-speed-no-boost","35.116444","False","True","65.46148","0","0.018459098","0","False","1000"
"1393","high-speed-no-boost","35.24989","False","True","65.462685","0","0.018507358","0","False","1000"
"1394","high-speed-no-boost","35.3829","False","True","65.46413","0","0.01856504","0","False","1000"
"1395","high-speed-no-boost","35.335266","False","True","65.46533","0","0.018613353","0","False","1000"
"1396","high-speed-no-boost","35.34461","False","True","65.46647","0","0.018658737","0","False","1000"
"1397","high-speed-no-boost","35.348557","False","True","65.46752","0","0.018700885","0","False","1000"
"1398","high-speed-no-boost","35.358868","False","True","65.46852","0","0.018740695","0","False","1000"
"1399","high-speed-no-boost","35.364555","False","True","65.469444","0","0.018777888","0","False","1000"
"1400","high-speed-no-boost","35.37666","False","True","65.47033","0","0.018813318","0","False","1000"
"1401","high-speed-no-boost","35.386703","False","True","65.471176","0","0.018846916","0","False","1000"
"1402","high-speed-no-boost","35.399544","False","True","65.47198","0","0.018879112","0","False","1000"
"1403","high-speed-no-boost","35.4135","False","True","65.472755","0","0.018910129","0","False","1000"
"1404","high-speed-no-boost","35.42948","False","True","65.4735","0","0.01894026","0","False","1000"
"1405","high-speed-no-boost","35.536587","False","True","65.474464","0","0.018978681","0","False","1000"
"1406","high-speed-no-boost","35.6427","False","True","65.47562","0","0.019024635","0","False","1000"
"1407","high-speed-no-boost","35.7545","False","True","65.47695","0","0.019078085","0","False","1000"
"1408","high-speed-no-boost","35.869686","False","True","65.47847","0","0.019138774","0","False","1000"
"1409","high-speed-no-boost","35.987526","False","True","65.480156","0","0.019206386","0","False","1000"
"1410","high-speed-no-boost","36.10733","False","True","65.48202","0","0.019280568","0","False","1000"
"1411","high-speed-no-boost","36.2283","False","True","65.484024","0","0.019360907","0","False","1000"
"1412","high-speed-no-boost","36.137688","False","True","65.48564","0","0.019425767","0","False","1000"
"1413","high-speed-no-boost","36.1151","False","True","65.487076","0","0.019483183","0","False","1000"
"1414","high-speed-no-boost","36.08723","False","True","65.48833","0","0.019533224","0","False","1000"
"1415","high-speed-no-boost","36.069984","False","True","65.48944","0","0.01957754","0","False","1000"
"1416","high-speed-no-boost","36.04647","False","True","65.4904","0","0.019615961","0","False","1000"
"1417","high-speed-no-boost","36.039543","False","True","65.491264","0","0.01965062","0","False","1000"
"1418","high-speed-no-boost","36.149963","False","True","65.49234","0","0.019693542","0","False","1000"
"1419","high-speed-no-boost","36.26027","False","True","65.4936","0","0.019744057","0","False","1000"
"1420","high-speed-no-boost","36.37039","False","True","65.49504","0","0.019801538","0","False","1000"
"1421","high-speed-no-boost","36.473022","False","True","65.49662","0","0.019864675","0","False","1000"
"1422","high-speed-no-boost","36.39709","False","True","65.49788","0","0.019915178","0","False","1000"
"1423","high-speed-no-boost","36.497116","False","True","65.49929","0","0.019971637","0","False","1000"
"1424","high-speed-no-boost","36.598618","False","True","65.50084","0","0.02003372","0","False","1000"
"1425","high-speed-no-boost","36.70349","False","True","65.50253","0","0.020101316","0","False","1000"
"1426","high-speed-no-boost","36.808617","False","True","65.50435","0","0.020174002","0","False","1000"
"1427","high-speed-no-boost","36.72755","False","True","65.50582","0","0.020232782","0","False","1000"
"1428","high-speed-no-boost","36.70112","False","True","65.5071","0","0.020284222","0","False","1000"
"1429","high-speed-no-boost","36.68554","False","True","65.50825","0","0.020329995","0","False","1000"
"1430","high-speed-no-boost","36.660076","False","True","65.50924","0","0.020369565","0","False","1000"
"1431","high-speed-no-boost","36.646927","False","True","65.51012","0","0.020404657","0","False","1000"
"1432","high-speed-no-boost","36.62299","False","True","65.510864","0","0.020434553","0","False","1000"
"1433","high-speed-no-boost","36.612682","False","True","65.51153","0","0.02046103","0","False","1000"
"1434","high-speed-no-boost","36.584023","False","True","65.51206","0","0.020482525","0","False","1000"
"1435","high-speed-no-boost","36.57116","False","True","65.51253","0","0.020501018","0","False","1000"
"1436","high-speed-no-boost","36.680676","False","True","65.51322","0","0.020528968","0","False","1000"
"1437","high-speed-no-boost","36.79138","False","True","65.514145","0","0.02056574","0","False","1000"
"1438","high-speed-no-boost","36.902733","False","True","65.51527","0","0.020610686","0","False","1000"
"1439","high-speed-no-boost","37.01418","False","True","65.51658","0","0.02066316","0","False","1000"
"1440","high-speed-no-boost","36.949177","False","True","65.517624","0","0.020704953","0","False","1000"
"1441","airborne-boost","24","False","False","65","0","0","0","False","1000"
"1442","airborne-boost","24","False","False","65.01249","0","0.0004997224","0","False","1000"
"1443","airborne-boost","24","False","False","65.02399","0","0.0009594891","0","False","1000"
"1444","airborne-boost","24","False","False","65.03456","0","0.0013824948","0","False","1000"
"1445","airborne-boost","24","False","False","65.04429","0","0.001771679","0","False","1000"
"1446","airborne-boost","24","False","False","65.053246","0","0.0021297457","0","False","1000"
"1447","airborne-boost","24","False","False","65.06148","0","0.0024591829","0","False","1000"
"1448","airborne-boost","24","False","False","65.06905","0","0.00276228","0","False","1000"
"1449","airborne-boost","24","False","False","65.07603","0","0.0030411428","0","False","1000"
"1450","airborne-boost","24","False","False","65.08244","0","0.003297709","0","False","1000"
"1451","airborne-boost","24","False","False","65.08834","0","0.003533761","0","False","1000"
"1452","airborne-boost","24","False","False","65.09377","0","0.0037509396","0","False","1000"
"1453","airborne-boost","24","False","False","65.09877","0","0.0039507532","0","False","1000"
"1454","airborne-boost","24","False","False","65.10336","0","0.004134591","0","False","1000"
"1455","airborne-boost","24","False","False","65.10759","0","0.0043037296","0","False","1000"
"1456","airborne-boost","24","False","False","65.11148","0","0.004459345","0","False","1000"
"1457","airborne-boost","24","False","False","65.11507","0","0.0046025175","0","False","1000"
"1458","airborne-boost","24","False","False","65.118355","0","0.0047342433","0","False","1000"
"1459","airborne-boost","24","False","False","65.12138","0","0.0048554363","0","False","1000"
"1460","airborne-boost","24","False","False","65.124176","0","0.0049669393","0","False","1000"
"1461","airborne-boost","24","False","False","65.12674","0","0.005069527","0","False","1000"
"1462","airborne-boost","24","False","False","65.1291","0","0.005163912","0","False","1000"
"1463","airborne-boost","24","False","False","65.13127","0","0.0052507506","0","False","1000"
"1464","airborne-boost","24","False","False","65.13326","0","0.005330646","0","False","1000"
"1465","airborne-boost","24","False","False","65.1351","0","0.0054041534","0","False","1000"
"1466","airborne-boost","24","False","False","65.136795","0","0.0054717837","0","False","1000"
"1467","airborne-boost","24","False","False","65.13835","0","0.0055340063","0","False","1000"
"1468","airborne-boost","24","False","False","65.13978","0","0.005591254","0","False","1000"
"1469","airborne-boost","24","False","False","65.1411","0","0.005643924","0","False","1000"
"1470","airborne-boost","24","False","False","65.14231","0","0.0056923837","0","False","1000"
"1471","airborne-boost","24","True","False","65.44338","0.023568155","0.011637029","0","False","1000"
"1472","airborne-boost","24.333334","True","False","65.72344","0.045442596","0.01731066","0","False","1000"
"1473","airborne-boost","24.666668","True","False","65.984215","0.06576215","0.02279132","0","False","1000"
"1474","airborne-boost","25.000002","True","False","66.22731","0.08465444","0.028143369","0","False","1000"
"1475","airborne-boost","25.333336","True","False","66.45418","0.10223679","0.03341974","0","False","1000"
"1476","airborne-boost","25.66667","True","False","66.66618","0.11861706","0.038663875","0","False","1000"
"1477","airborne-boost","26.000004","True","False","66.86454","0.13389435","0.043911304","0","False","1000"
"1478","airborne-boost","26.333338","True","False","67.05041","0.14815979","0.04919098","0","False","1000"
"1479","airborne-boost","26.666672","True","False","67.224815","0.1614971","0.054526445","0","False","1000"
"1480","airborne-boost","27.000006","True","False","67.388725","0.17398319","0.05993672","0","False","1000"
"1481","airborne-boost","27.33334","True","False","67.54303","0.18568875","0.06543714","0","False","1000"
"1482","airborne-boost","27.666674","True","False","67.68852","0.19667873","0.07103999","0","False","1000"
"1483","airborne-boost","28.000008","True","False","67.82596","0.20701277","0.07675505","0","False","1000"
"1484","airborne-boost","28.333342","True","False","67.95602","0.21674564","0.082590036","0","False","1000"
"1485","airborne-boost","28.666676","True","False","68.079315","0.22592767","0.08855103","0","False","1000"
"1486","airborne-boost","29.00001","True","False","68.196434","0.234605","0.09464272","0","False","1000"
"1487","airborne-boost","29.333344","True","False","68.30791","0.24282004","0.1008687","0","False","1000"
"1488","airborne-boost","29.666677","True","False","68.41421","0.25061172","0.10723169","0","False","1000"
"1489","airborne-boost","30.000011","True","False","68.51578","0.25801572","0.11373366","0","True","1000"
"1490","airborne-boost","30.333345","True","False","68.61303","0.26506475","0.12037601","0","True","1000"
"1491","airborne-boost","30.66668","True","False","68.70634","0.2717889","0.12715967","0","True","1000"
"1492","airborne-boost","31.000013","True","False","68.79603","0.27821568","0.13408521","0","True","1000"
"1493","airborne-boost","31.333347","True","False","68.88243","0.28437033","0.14115284","0","True","1000"
"1494","airborne-boost","31.666681","True","False","68.96582","0.290276","0.14836259","0","True","1000"
"1495","airborne-boost","32.000015","True","False","69.046455","0.29595375","0.15571423","0","True","1000"
"1496","airborne-boost","32.333347","True","False","69.12459","0.3014231","0.16320735","0","True","1000"
"1497","airborne-boost","32.66668","True","False","69.20042","0.30670172","0.17084144","0","True","1000"
"1498","airborne-boost","33.00001","True","False","69.27416","0.31180584","0.17861584","0","True","1000"
"1499","airborne-boost","33.333344","True","False","69.345985","0.31675026","0.18652974","0","True","1000"
"1500","airborne-boost","33.666676","True","False","69.41607","0.32154855","0.19458228","0","True","1000"
"1501","airborne-boost","34.000008","True","False","69.48455","0.3262131","0.20277244","0","True","1000"
"1502","airborne-boost","34.33334","True","False","69.551575","0.33075514","0.21109915","0","True","1000"
"1503","airborne-boost","34.66667","True","False","69.61726","0.33518496","0.2195612","0","True","1000"
"1504","airborne-boost","35.000004","True","False","69.681725","0.339512","0.22815727","0","True","1000"
"1505","airborne-boost","35.333336","True","False","69.74507","0.34374464","0.23688596","0","True","1000"
"1506","airborne-boost","35.666668","True","False","69.80739","0.34789068","0.24574575","0.37615743","True","1000"
"1507","airborne-boost","36","True","False","69.86877","0.35195714","0.25473496","0.92592597","True","1000"
"1508","airborne-boost","36.333332","True","False","69.92927","0.35595042","0.2638519","1","True","1000"
"1509","airborne-boost","36.666664","True","False","69.988976","0.35987625","0.27309465","1","True","1000"
"1510","airborne-boost","36.999996","True","False","70.04794","0.3637398","0.28246117","1","True","1000"
"1511","airborne-boost","37.33333","True","False","70.106224","0.36754578","0.29194927","1","True","1000"
"1512","airborne-boost","37.66666","True","False","70.16387","0.37129843","0.30155674","1","True","1000"
"1513","airborne-boost","37.999992","True","False","70.220924","0.3750015","0.31128103","1","True","1000"
"1514","airborne-boost","38.333324","True","False","70.27742","0.37865835","0.32111958","1","True","1000"
"1515","airborne-boost","38.666656","True","False","70.3334","0.38227203","0.33106965","1","True","1000"
"1516","airborne-boost","38.99999","True","False","70.38888","0.3858452","0.34112826","1","True","1000"
"1517","airborne-boost","39.33332","True","False","70.44389","0.38938025","0.3512924","1","True","1000"
"1518","airborne-boost","39.666653","True","False","70.49847","0.39287922","0.3615588","1","True","1000"
"1519","airborne-boost","39.999985","True","False","70.55261","0.39634395","0.37192398","1","True","1000"
"1520","airborne-boost","40.333317","True","False","70.60634","0.39977598","0.38238445","1","True","1000"
"1521","airborne-boost","40.66665","True","False","70.659676","0.4031767","0.39293632","1","True","1000"
"1522","airborne-boost","40.99998","True","False","70.712616","0.40654722","0.40357575","1","True","1000"
"1523","airborne-boost","41.333313","True","False","70.76518","0.4098885","0.41429853","1","True","1000"
"1524","airborne-boost","41.666645","True","False","70.81737","0.41320136","0.42510045","1","True","1000"
"1525","airborne-boost","41.999977","True","False","70.86919","0.41648638","0.43597698","1","True","1000"
"1526","airborne-boost","42.33331","True","False","70.92063","0.41974404","0.44692352","1","True","1000"
"1527","airborne-boost","42.66664","True","False","70.9717","0.4229747","0.45793518","1","True","1000"
"1528","airborne-boost","42.999973","True","False","71.02241","0.42617857","0.46900702","1","True","1000"
"1529","airborne-boost","43.333305","True","False","71.07274","0.4293557","0.4801338","1","True","1000"
"1530","airborne-boost","43.666637","True","False","71.12269","0.43250617","0.49131015","1","True","1000"
"1531","airborne-boost","43.99997","True","False","71.17225","0.43562987","0.50253063","1","True","1000"
"1532","airborne-boost","44.3333","True","False","71.22142","0.43872654","0.5137895","1","True","1000"
"1533","airborne-boost","44.666634","True","False","71.270195","0.44179597","0.52508074","1","True","1000"
"1534","airborne-boost","44.999966","True","False","71.318565","0.4448378","0.5363986","1","True","1000"
"1535","airborne-boost","45.333298","True","False","71.366516","0.4478516","0.5477366","1","True","1000"
"1536","airborne-boost","45.66663","True","False","71.41404","0.45083687","0.5590884","1","True","1000"
"1537","airborne-boost","45.99996","True","False","71.46112","0.4537931","0.5704476","1","True","1000"
"1538","airborne-boost","46.333294","True","False","71.50775","0.4567197","0.58180743","1","True","1000"
"1539","airborne-boost","46.666626","True","False","71.553925","0.459616","0.59316105","1","True","1000"
"1540","airborne-boost","46.999958","True","False","71.599625","0.46248138","0.6045015","1","True","1000"
"1541","airborne-boost","47.33329","True","False","71.64483","0.465315","0.61582154","1","True","1000"
"1542","airborne-boost","47.666622","True","False","71.68953","0.46811616","0.62711406","1","True","1000"
"1543","airborne-boost","47.999954","True","False","71.73372","0.47088405","0.6383714","1","True","1000"
"1544","airborne-boost","48.333286","True","False","71.777374","0.47361785","0.6495862","1","True","1000"
"1545","airborne-boost","48.66662","True","False","71.82048","0.47631663","0.6607506","1","True","1000"
"1546","airborne-boost","48.99995","True","False","71.86303","0.47897953","0.6718569","1","True","1000"
"1547","airborne-boost","49.333282","True","False","71.905","0.48160565","0.68289715","1","True","1000"
"1548","airborne-boost","49.666615","True","False","71.94637","0.48419398","0.69386333","1","True","1000"
"1549","airborne-boost","49.999947","True","False","71.98714","0.4867436","0.70474714","1","True","1000"
"1550","airborne-boost","50.33328","True","False","72.02727","0.48925355","0.71554047","1","True","1000"
"1551","airborne-boost","50.66661","True","False","72.066765","0.4917228","0.7262348","1","True","1000"
"1552","airborne-boost","50.999943","True","False","72.10559","0.4941503","0.7368217","1","True","1000"
"1553","airborne-boost","51.333275","True","False","72.143745","0.49653503","0.7472927","1","True","1000"
"1554","airborne-boost","51.666607","True","False","72.1812","0.49887595","0.75763905","1","True","1000"
"1555","airborne-boost","51.99994","True","False","72.21794","0.50117195","0.76785207","1","True","1000"
"1556","airborne-boost","52.33327","True","False","72.25395","0.503422","0.777923","1","True","1000"
"1557","airborne-boost","52.666603","True","False","72.289215","0.50562507","0.787843","1","True","1000"
"1558","airborne-boost","52.999935","True","False","72.32371","0.5077799","0.797603","1","True","1000"
"1559","airborne-boost","53.333267","True","False","72.35742","0.50988555","0.80719435","1","True","1000"
"1560","airborne-boost","53.6666","True","False","72.39033","0.51194084","0.8166079","1","True","1000"
"1561","airborne-boost","53.99993","True","False","72.42241","0.51394457","0.82583445","1","True","1000"
"1562","airborne-boost","54.333263","True","False","72.45365","0.5158957","0.83486515","1","True","1000"
"1563","airborne-boost","54.666595","True","False","72.48404","0.51779306","0.8436908","1","True","1000"
"1564","airborne-boost","54.999928","True","False","72.51354","0.5196355","0.85230225","1","True","1000"
"1565","airborne-boost","55.33326","True","True","72.54215","0.5214219","0.8606904","1","True","1000"
"1566","airborne-boost","55.408974","True","True","72.5688","0.5230854","0.8685349","1","True","1000"
"1567","airborne-boost","55.484333","True","True","72.59363","0.52463543","0.8758733","1","True","1000"
"1568","airborne-boost","55.55934","True","True","72.616776","0.5260808","0.882741","1","True","1000"
"1569","airborne-boost","54.47473","True","True","72.63319","0.52710557","0.8876203","1","True","1000"
"1570","airborne-boost","53.790653","True","True","72.64472","0.5278266","0.8910558","1","True","1000"
"1571","airborne-boost","53.807293","True","True","72.65543","0.5284956","0.8942491","1","True","1000"
"1572","airborne-boost","53.889935","True","True","72.66573","0.5291391","0.8973259","1","True","1000"
"1573","airborne-boost","53.972157","True","True","72.675644","0.5297586","0.9002931","1","True","1000"
"1574","airborne-boost","54.053978","True","True","72.6852","0.5303555","0.9031573","1","True","1000"
"1575","airborne-boost","54.13541","True","True","72.69442","0.53093123","0.9059244","1","True","1000"
"1576","airborne-boost","54.21645","True","True","72.70332","0.5314871","0.9086","1","True","1000"
"1577","airborne-boost","54.297085","True","True","72.71192","0.5320242","0.9111891","1","True","1000"
"1578","airborne-boost","54.37731","True","True","72.72024","0.53254354","0.9136966","1","True","1000"
"1579","airborne-boost","54.457108","True","True","72.72829","0.53304625","0.91612667","1","True","1000"
"1580","airborne-boost","54.53648","True","True","72.736084","0.53353304","0.9184835","1","True","1000"
"1581","airborne-boost","54.615486","True","True","72.743645","0.53400487","0.92077076","1","True","1000"
"1582","airborne-boost","54.69416","True","True","72.75097","0.5344625","0.92299205","1","True","1000"
"1583","airborne-boost","54.772514","True","True","72.75809","0.53490674","0.92515075","1","True","1000"
"1584","airborne-boost","54.850555","True","True","72.765","0.53533816","0.9272499","1","True","1000"
"1585","airborne-boost","54.928272","True","True","72.77171","0.5357574","0.9292923","1","True","1000"
"1586","airborne-boost","55.005653","True","True","72.778244","0.5361652","0.9312806","1","True","1000"
"1587","airborne-boost","55.082714","True","True","72.7846","0.53656185","0.93321735","1","True","1000"
"1588","airborne-boost","55.1594","True","True","72.79079","0.536948","0.9351045","1","True","1000"
"1589","airborne-boost","55.23568","True","True","72.796814","0.5373241","0.93694407","1","True","1000"
"1590","airborne-boost","55.311493","True","True","72.80268","0.53769034","0.9387379","1","True","1000"
"1591","airborne-boost","55.386875","True","True","72.8084","0.5380473","0.9404877","1","True","1000"
"1592","airborne-boost","55.461903","True","True","72.81398","0.5383953","0.94219506","1","True","1000"
"1593","airborne-boost","55.536396","True","True","72.81941","0.5387346","0.9438613","1","True","1000"
"1594","airborne-boost","55.61026","True","True","72.824715","0.5390655","0.9454876","1","True","1000"
"1595","airborne-boost","55.683628","True","True","72.82989","0.5393882","0.94707507","1","True","1000"
"1596","airborne-boost","55.756718","True","True","72.83493","0.5397031","0.94862527","1","True","1000"
"1597","airborne-boost","55.829018","True","True","72.83986","0.54001015","0.95013875","1","True","1000"
"1598","airborne-boost","55.90044","True","True","72.84466","0.5403098","0.9516162","1","True","1000"
"1599","airborne-boost","55.97086","True","True","72.84934","0.5406019","0.95305794","1","True","1000"
"1600","airborne-boost","56.04107","True","True","72.853905","0.5408869","0.9544654","1","True","1000"
"1601","airborne-boost","56.111176","True","True","72.85837","0.541165","0.9558398","1","True","1000"
"1602","airborne-boost","56.180107","True","True","72.86272","0.54143625","0.95718145","1","True","1000"
"1603","airborne-boost","56.247906","True","True","72.86695","0.5417007","0.95849025","1","True","1000"
"1604","airborne-boost","56.31486","True","True","72.871086","0.5419585","0.9597669","1","True","1000"
"1605","airborne-boost","56.382347","True","True","72.875114","0.54221","0.9610133","1","True","1000"
"1606","airborne-boost","56.448406","True","True","72.87904","0.5424552","0.96222925","1","True","1000"
"1607","airborne-boost","56.513493","True","True","72.88287","0.54269415","0.9634149","1","True","1000"
"1608","airborne-boost","56.577053","True","True","72.886604","0.54292685","0.9645701","1","True","1000"
"1609","airborne-boost","56.640446","True","True","72.890236","0.5431535","0.9656962","1","True","1000"
"1610","airborne-boost","56.704155","True","True","72.89378","0.54337454","0.96679455","1","True","1000"
"1611","airborne-boost","56.766018","True","True","72.89723","0.54358965","0.9678646","1","True","1000"
"1612","airborne-boost","56.82678","True","True","72.90059","0.5437991","0.96890646","1","True","1000"
"1613","airborne-boost","56.88555","True","True","72.90385","0.54400265","0.96991974","1","True","1000"
"1614","airborne-boost","56.944492","True","True","72.90702","0.5442006","0.9709058","1","True","1000"
"1615","airborne-boost","57.00421","True","True","72.91012","0.5443934","0.9718666","1","True","1000"
"1616","airborne-boost","57.061565","True","True","72.91312","0.5445809","0.9728011","1","True","1000"
"1617","airborne-boost","57.117744","True","True","72.91604","0.544763","0.9737095","1","True","1000"
"1618","airborne-boost","57.171417","True","True","72.91887","0.5449397","0.97459096","1","True","1000"
"1619","airborne-boost","57.225796","True","True","72.92162","0.54511124","0.9754474","1","True","1000"
"1620","airborne-boost","57.28165","True","True","72.9243","0.5452782","0.97628117","1","True","1000"
"1621","airborne-boost","57.33447","False","True","72.531586","0.5143803","0.9236941","1","True","1000"
"1622","airborne-boost","57.002903","False","True","72.160934","0.4852332","0.8738596","1","True","1000"
"1623","airborne-boost","56.670216","False","True","71.81107","0.45773768","0.82664245","0.9959864","True","1000"
"1624","airborne-boost","56.340775","False","True","71.480804","0.4318002","0.78191596","0.98435193","True","1000"
"1625","airborne-boost","56.015522","False","True","71.16902","0.40733242","0.73956007","0.9657064","True","1000"
"1626","airborne-boost","55.68836","False","True","70.87466","0.38425112","0.6994563","0.94065934","True","1000"
"1627","airborne-boost","55.362007","False","True","70.59671","0.3624777","0.66149366","0.90982056","True","1000"
"1628","airborne-boost","55.03999","False","True","70.33424","0.34193808","0.6255679","0.87379956","True","1000"
"1629","airborne-boost","54.72282","False","True","70.08637","0.3225623","0.5915799","0.83320606","True","1000"
"1630","airborne-boost","54.402542","False","True","69.85225","0.30428445","0.55942994","0.7886498","True","1000"
"1631","airborne-boost","54.080013","False","True","69.631096","0.28704232","0.52902365","0.74074036","True","1000"
"1632","airborne-boost","53.755733","False","True","69.42215","0.2707772","0.50027144","0.6900875","True","1000"
"1633","airborne-boost","53.444813","False","True","69.22473","0.25543374","0.47309655","0.6373007","True","1000"
"1634","airborne-boost","53.129936","False","True","69.03817","0.2409597","0.44741514","0.58298993","True","1000"
"1635","airborne-boost","52.8122","False","True","68.86183","0.22730583","0.42314816","0.52776456","True","1000"
"1636","airborne-boost","52.500343","False","True","68.69515","0.21442565","0.40022525","0.47223443","True","1000"
"1637","airborne-boost","52.194477","False","True","68.53757","0.20227532","0.378579","0.4170091","True","1000"
"1638","airborne-boost","51.88434","False","True","68.38855","0.19081348","0.35813943","0.3626983","True","1000"
"1639","airborne-boost","51.571037","False","True","68.247604","0.18000112","0.33884084","0.30991164","True","1000"
"1640","airborne-boost","51.259754","False","True","68.114265","0.16980144","0.32062358","0.2592588","True","1000"
"1641","airborne-boost","50.960445","False","True","67.98811","0.16017973","0.30343556","0.21134947","True","1000"
"1642","airborne-boost","50.65149","False","True","67.86872","0.15110323","0.2872161","0.16679329","True","1000"
"1643","airborne-boost","50.34001","False","True","67.755684","0.14254102","0.27191162","0.12619992","True","1000"
"1644","airborne-boost","50.046616","False","True","67.648674","0.134464","0.25748062","0.09017904","True","1000"
"1645","airborne-boost","49.74761","False","True","67.547325","0.12684466","0.24387209","0.05934029","True","1000"
"1646","airborne-boost","49.444542","False","True","67.45131","0.11965707","0.23103867","0.034293354","True","1000"
"1647","airborne-boost","49.15503","False","True","67.360344","0.112876765","0.21894303","0.015647883","True","1000"
"1648","airborne-boost","48.859806","False","True","67.27412","0.10648066","0.20754118","0.0040135444","True","1000"
"1649","airborne-boost","48.560616","False","True","67.192345","0.10044698","0.19679245","0","False","1000"
"1650","airborne-boost","48.26918","False","True","67.11479","0.094755195","0.18666312","0","False","1000"
"1651","airborne-boost","47.9792","False","True","67.041214","0.08938594","0.1771184","0","False","1000"
"1652","airborne-boost","47.68501","False","True","66.971375","0.084320925","0.16812329","0","False","1000"
"1653","airborne-boost","47.398605","False","True","66.90507","0.07954292","0.15964909","0","False","1000"
"1654","airborne-boost","47.11353","False","True","66.84209","0.075035654","0.15166602","0","False","1000"
"1655","airborne-boost","46.824596","False","True","66.782234","0.0707838","0.1441443","0","False","1000"
"1656","airborne-boost","46.554165","False","True","66.725365","0.06677287","0.13706297","0","False","1000"
"1657","airborne-boost","46.271576","False","True","66.67128","0.06298922","0.13039197","0","False","1000"
"1658","airborne-boost","45.985733","False","True","66.61981","0.059419964","0.12410622","0","False","1000"
"1659","airborne-boost","45.705994","False","True","66.57082","0.056052957","0.11818492","0","False","1000"
"1660","airborne-boost","45.427742","False","True","66.52416","0.05287674","0.11260682","0","False","1000"
"1661","airborne-boost","45.1488","False","True","66.479706","0.049880505","0.10735133","0","False","1000"
"1662","airborne-boost","44.870346","False","True","66.43731","0.047054052","0.1023993","0","False","1000"
"1663","airborne-boost","44.595943","False","True","66.39687","0.044387758","0.0977336","0","False","1000"
"1664","airborne-boost","44.36638","False","True","66.35838","0.041872542","0.09334811","0","False","1000"
"1665","airborne-boost","44.136536","False","True","66.32171","0.039499857","0.08922457","0","False","1000"
"1666","airborne-boost","43.906384","False","True","66.28676","0.037261616","0.08534599","0","False","1000"
"1667","airborne-boost","43.676918","False","True","66.253426","0.0351502","0.08169676","0","False","1000"
"1668","airborne-boost","43.447243","False","True","66.22162","0.033158433","0.078262106","0","False","1000"
"1669","airborne-boost","43.217358","False","True","66.19124","0.031279523","0.07502821","0","False","1000"
"1670","airborne-boost","42.988125","False","True","66.16221","0.029507084","0.07198239","0","False","1000"
"1671","airborne-boost","42.758747","False","True","66.13445","0.02783508","0.069112614","0","False","1000"
"1672","airborne-boost","42.529163","False","True","66.10789","0.026257819","0.06640759","0","False","1000"
"1673","airborne-boost","42.295803","False","True","66.082436","0.024769932","0.06385613","0","False","1000"
"1674","airborne-boost","42.06719","False","True","66.058044","0.023366354","0.061449427","0","False","1000"
"1675","airborne-boost","41.83466","False","True","66.034645","0.02204231","0.059177555","0","False","1000"
"1676","airborne-boost","41.602314","False","True","66.01218","0.020793293","0.057032015","0","False","1000"
"1677","airborne-boost","41.3701","False","True","65.99058","0.01961505","0.05500487","0","False","1000"
"1678","airborne-boost","41.13904","False","True","65.96982","0.018503573","0.05308884","0","False","1000"
"1679","airborne-boost","40.90804","False","True","65.94983","0.017455075","0.0512769","0","False","1000"
"1680","airborne-boost","40.672142","False","True","65.930565","0.016465992","0.049561642","0","False","1000"
"1681","airborne-boost","40.438126","False","True","65.91198","0.015532955","0.04793733","0","False","1000"
"1682","airborne-boost","40.20411","False","True","65.89404","0.014652787","0.046398222","0","False","1000"
"1683","airborne-boost","39.97306","False","True","65.87672","0.013822494","0.044939417","0","False","1000"
"1684","airborne-boost","39.7469","False","True","65.85998","0.013039249","0.04355656","0","False","1000"
"1685","airborne-boost","39.51025","False","True","65.84377","0.012300387","0.0422432","0","False","1000"
"1686","airborne-boost","39.28065","False","True","65.82808","0.011603391","0.04099603","0","False","1000"
"1687","airborne-boost","39.050728","False","True","65.81287","0.01094589","0.039810773","0","False","1000"
"1688","airborne-boost","38.82373","False","True","65.79812","0.010325646","0.038683906","0","False","1000"
"1689","airborne-boost","38.596153","False","True","65.783806","0.009740548","0.037611593","0","False","1000"
"1690","airborne-boost","38.358803","False","True","65.769875","0.0091886055","0.03658898","0","False","1000"
"1691","airborne-boost","38.133633","False","True","65.75634","0.0086679375","0.035614636","0","False","1000"
"1692","airborne-boost","37.899666","False","True","65.74315","0.008176773","0.03468424","0","False","1000"
"1693","airborne-boost","37.678585","False","True","65.730316","0.00771344","0.033796743","0","False","1000"
"1694","airborne-boost","37.440483","False","True","65.71778","0.0072763613","0.0329471","0","False","1000"
"1695","airborne-boost","37.21506","False","True","65.70556","0.00686405","0.032134607","0","False","1000"
"1696","airborne-boost","36.98109","False","True","65.69361","0.0064751017","0.03135576","0","False","1000"
"1697","airborne-boost","36.753086","False","True","65.68193","0.006108193","0.0306092","0","False","1000"
"1698","airborne-boost","36.51687","False","True","65.67049","0.0057620755","0.02989182","0","False","1000"
"1699","airborne-boost","35.336308","False","True","65.656906","0.00543557","0.029085053","0","False","1000"
"1700","airborne-boost","34.950005","False","True","65.64335","0.005127566","0.028297413","0","False","1000"
"1701","airborne-boost","34.526875","False","True","65.62973","0.0048370147","0.027523696","0","False","1000"
"1702","airborne-boost","34.137974","False","True","65.61615","0.0045629274","0.026767744","0","False","1000"
"1703","airborne-boost","33.742416","False","True","65.60259","0.004304372","0.026028037","0","False","1000"
"1704","airborne-boost","33.364586","False","True","65.5891","0.0040604663","0.02530601","0","False","1000"
"1705","airborne-boost","32.998714","False","True","65.57572","0.003830382","0.024602199","0","False","1000"
"1706","airborne-boost","32.624615","False","True","65.56242","0.003613335","0.023914719","0","False","1000"
"1707","airborne-boost","32.263676","False","True","65.54925","0.0034085873","0.023244254","0","False","1000"
"1708","airborne-boost","31.892805","False","True","65.536156","0.003215441","0.022588806","0","False","1000"
"1709","airborne-boost","31.516354","False","True","65.52315","0.0030332396","0.021947047","0","False","1000"
"1710","airborne-boost","31.145597","False","True","65.51023","0.0028613626","0.021318985","0","False","1000"
"1711","airborne-boost","30.791584","False","True","65.49745","0.002699225","0.020705774","0","False","1000"
"1712","airborne-boost","30.453413","False","True","65.48484","0.0025462746","0.020108296","0","False","1000"
"1713","airborne-boost","30.08215","False","True","65.47232","0.002401991","0.019522209","0","False","1000"
"1714","airborne-boost","29.749422","False","True","65.459984","0.0022658834","0.018951008","0","False","1000"
"1715","airborne-boost","29.388697","False","True","65.447754","0.0021374882","0.018391015","0","False","1000"
"1716","airborne-boost","29.086933","False","True","65.43577","0.0020163683","0.017847639","0","False","1000"
"1717","airborne-boost","28.723625","False","True","65.42388","0.0019021118","0.017313749","0","False","1000"
"1718","airborne-boost","28.398752","False","True","65.41217","0.0017943296","0.016792765","0","False","1000"
"1719","airborne-boost","28.063862","False","True","65.40062","0.0016926548","0.01628303","0","False","1000"
"1720","airborne-boost","27.723576","False","True","65.389206","0.0015967414","0.015783511","0","False","1000"
"1721","airborne-boost","27.4059","False","True","65.37798","0.0015062628","0.015295887","0","False","1000"
"1722","airborne-boost","27.059359","False","True","65.36688","0.001420911","0.0148169035","0","False","1000"
"1723","airborne-boost","26.76972","False","True","65.35602","0.0013403959","0.014351426","0","False","1000"
"1724","airborne-boost","26.443417","False","True","65.345314","0.0012644429","0.013895387","0","False","1000"
"1725","airborne-boost","26.129532","False","True","65.334785","0.0011927938","0.013449507","0","False","1000"
"1726","airborne-boost","25.816698","False","True","65.32443","0.0011252047","0.013013421","0","False","1000"
"1727","airborne-boost","25.47938","False","True","65.3142","0.0010614456","0.012584641","0","False","1000"
"1728","airborne-boost","25.193447","False","True","65.30419","0.0010012992","0.012167303","0","False","1000"
"1729","airborne-boost","24.87488","False","True","65.29434","0.0009445611","0.0117581235","0","False","1000"
"1730","airborne-boost","24.556072","False","True","65.28464","0.000891038","0.011356845","0","False","1000"
"1731","airborne-boost","24.276348","False","True","65.275154","0.0008405477","0.010966331","0","False","1000"
"1732","airborne-boost","24.025928","False","True","65.265945","0.0007929185","0.010588309","0","False","1000"
"1733","airborne-boost","23.732567","False","True","65.25691","0.0007479882","0.010218741","0","False","1000"
"1734","airborne-boost","23.416933","False","True","65.24801","0.0007056038","0.009855656","0","False","1000"
"1735","airborne-boost","23.100168","False","True","65.23924","0.0006656211","0.009498899","0","False","1000"
"1736","airborne-boost","22.812796","False","True","65.23065","0.000627904","0.009150532","0","False","1000"
"1737","airborne-boost","22.510391","False","True","65.22222","0.0005923241","0.008809203","0","False","1000"
"1738","airborne-boost","22.215555","False","True","65.21395","0.00055876037","0.008475302","0","False","1000"
"1739","airborne-boost","21.934835","False","True","65.205864","0.0005270984","0.008149598","0","False","1000"
"1740","airborne-boost","21.63944","False","True","65.197945","0.0004972307","0.007830853","0","False","1000"
"1741","airborne-boost","21.350744","False","True","65.190186","0.00046905532","0.0075193746","0","False","1000"
"1742","airborne-boost","21.075314","False","True","65.18261","0.00044247654","0.007215834","0","False","1000"
"1743","airborne-boost","20.784966","False","True","65.17519","0.0004174038","0.0069190743","0","False","1000"
"1744","airborne-boost","20.491323","False","True","65.16793","0.0003937518","0.0066288034","0","False","1000"
"1745","airborne-boost","20.223093","False","True","65.16086","0.00037144005","0.006346429","0","False","1000"
"1746","airborne-boost","19.940117","False","True","65.153946","0.00035039257","0.006070882","0","False","1000"
"1747","airborne-boost","19.653196","False","True","65.147194","0.00033053773","0.0058018444","0","False","1000"
"1748","airborne-boost","19.391499","False","True","65.140625","0.000311808","0.0055405917","0","False","1000"
"1749","airborne-boost","19.144749","False","True","65.13426","0.00029413952","0.0052876556","0","False","1000"
"1750","airborne-boost","18.852613","False","True","65.12804","0.00027747225","0.005040466","0","False","1000"
"1751","airborne-boost","18.58384","False","True","65.12198","0.0002617494","0.004800188","0","False","1000"
"1752","airborne-boost","18.32631","False","True","65.116104","0.0002469175","0.00456722","0","False","1000"
"1753","airborne-boost","18.063944","False","True","65.110405","0.00023292605","0.004341165","0","False","1000"
"1754","airborne-boost","17.784355","False","True","65.10485","0.0002197274","0.004121156","0","False","1000"
"1755","airborne-boost","17.53186","False","True","65.09947","0.00020727665","0.0039083147","0","False","1000"
"1756","airborne-boost","17.279657","False","True","65.09427","0.00019553142","0.0037024831","0","False","1000"
"1757","airborne-boost","17.013073","False","True","65.089226","0.00018445172","0.0035029666","0","False","1000"
"1758","airborne-boost","16.753683","False","True","65.08434","0.00017399984","0.003309985","0","False","1000"
"1759","airborne-boost","16.552023","False","True","65.079666","0.00016414022","0.0031254457","0","False","1000"
"1760","airborne-boost","16.359911","False","True","65.07521","0.00015483929","0.0029492585","0","False","1000"
"1761","airborne-boost","16.158836","False","True","65.07094","0.0001460654","0.0027807155","0","False","1000"
"1762","airborne-boost","15.944225","False","True","65.06684","0.00013778867","0.0026190674","0","False","1000"
"1763","airborne-boost","15.733544","False","True","65.06291","0.00012998094","0.002464193","0","False","1000"
"1764","airborne-boost","15.533475","False","True","65.05916","0.00012261563","0.002316149","0","False","1000"
"1765","airborne-boost","15.327845","False","True","65.055565","0.000115667666","0.002174526","0","False","1000"
"1766","airborne-boost","15.11119","False","True","65.05212","0.00010911341","0.0020388418","0","False","1000"
"1767","airborne-boost","14.898336","False","True","65.04882","0.00010293056","0.001909046","0","False","1000"
"1768","airborne-boost","14.646831","False","True","65.045654","9.709805E-05","0.0017841829","0","False","1000"
"1769","airborne-boost","14.412029","False","True","65.04262","9.1596026E-05","0.0016646449","0","False","1000"
"1770","airborne-boost","14.164005","False","True","65.03971","8.640578E-05","0.0015501882","0","False","1000"
"1771","airborne-boost","13.907702","False","True","65.03693","8.1509635E-05","0.0014407447","0","False","1000"
"1772","airborne-boost","13.656849","False","True","65.03428","7.689093E-05","0.0013364891","0","False","1000"
"1773","airborne-boost","13.423835","False","True","65.03177","7.253394E-05","0.0012376979","0","False","1000"
"1774","airborne-boost","13.17162","False","True","65.02939","6.842383E-05","0.0011441737","0","False","1000"
"1775","airborne-boost","12.919503","False","True","65.027145","6.454663E-05","0.0010559988","0","False","1000"
"1776","airborne-boost","12.672149","False","True","65.02504","6.0889128E-05","0.00097327994","0","False","1000"
"1777","airborne-boost","12.429413","False","True","65.02308","5.7438876E-05","0.00089609163","0","False","1000"
"1778","airborne-boost","12.202336","False","True","65.021255","5.418413E-05","0.00082449766","0","False","1000"
"1779","airborne-boost","11.95832","False","True","65.01957","5.111381E-05","0.00075847306","0","False","1000"
"1780","airborne-boost","11.723333","False","True","65.01802","4.8217473E-05","0.0006977409","0","False","1000"
"1781","airborne-boost","11.481499","False","True","65.016594","4.5485252E-05","0.00064187625","0","False","1000"
"1782","airborne-boost","11.243897","False","True","65.01528","4.290785E-05","0.0005904884","0","False","1000"
"1783","airborne-boost","11.01444","False","True","65.01407","4.0476498E-05","0.000543218","0","False","1000"
"1784","airborne-boost","10.793461","False","True","65.01296","3.8182916E-05","0.0004997348","0","False","1000"
"1785","airborne-boost","10.557374","False","True","65.01193","3.60193E-05","0.0004597349","0","False","1000"
"1786","airborne-boost","10.333781","False","True","65.010994","3.3978282E-05","0.0004229389","0","False","1000"
"1787","airborne-boost","10.098546","False","True","65.010124","3.2052918E-05","0.00038908995","0","False","1000"
"1788","airborne-boost","9.867074","False","True","65.00932","3.0236655E-05","0.0003579517","0","False","1000"
"1789","airborne-boost","9.63914","False","True","65.00858","2.8523309E-05","0.00032930687","0","False","1000"
"1790","airborne-boost","9.423011","False","True","65.007904","2.6907048E-05","0.00030295562","0","False","1000"
"1791","airborne-boost","9.223784","False","True","65.007286","2.5382375E-05","0.0002787141","0","False","1000"
"1792","airborne-boost","9.026351","False","True","65.00671","2.3944092E-05","0.00025641327","0","False","1000"
"1793","airborne-boost","8.832665","False","True","65.00618","2.2587312E-05","0.00023589765","0","False","1000"
"1794","airborne-boost","8.633748","False","True","65.00569","2.1307413E-05","0.00021702421","0","False","1000"
"1795","airborne-boost","8.412648","False","True","65.00524","2.0100038E-05","0.00019966142","0","False","1000"
"1796","airborne-boost","8.193267","False","True","65.00483","1.8961078E-05","0.00018368824","0","False","1000"
"1797","airborne-boost","7.9826717","False","True","65.00445","1.7886658E-05","0.00016899343","0","False","1000"
"1798","airborne-boost","7.767112","False","True","65.0041","1.687312E-05","0.0001554746","0","False","1000"
"1799","airborne-boost","7.548161","False","True","65.00378","1.5917012E-05","0.00014303757","0","False","1000"
"1800","airborne-boost","7.331178","False","True","65.00348","1.5015083E-05","0.00013159573","0","False","1000"
"1801","short-cancelled-pulses","24","False","False","65","0","0","0","False","1000"
"1802","short-cancelled-pulses","24","False","True","65.01249","0","0.0004997224","0","False","1000"
"1803","short-cancelled-pulses","24.084047","False","True","65.02415","0","0.00096580386","0","False","1000"
"1804","short-cancelled-pulses","24.185892","False","True","65.03506","0","0.0014023106","0","False","1000"
"1805","short-cancelled-pulses","24.296915","False","True","65.04531","0","0.0018123486","0","False","1000"
"1806","short-cancelled-pulses","24.41555","False","True","65.05497","0","0.002198668","0","False","1000"
"1807","short-cancelled-pulses","24.54131","False","True","65.064095","0","0.0025637713","0","False","1000"
"1808","short-cancelled-pulses","24.672813","False","True","65.07275","0","0.0029098638","0","False","1000"
"1809","short-cancelled-pulses","24.8098","False","True","65.08097","0","0.0032389623","0","False","1000"
"1810","short-cancelled-pulses","24.951267","False","True","65.08882","0","0.0035528513","0","False","1000"
"1811","short-cancelled-pulses","25.096315","False","True","65.09633","0","0.0038531076","0","False","1000"
"1812","short-cancelled-pulses","25.245085","False","True","65.10353","0","0.0041411985","0","False","1000"
"1813","short-cancelled-pulses","25.39632","False","True","65.11046","0","0.004418377","0","False","1000"
"1814","short-cancelled-pulses","25.549679","False","True","65.11714","0","0.004685772","0","False","1000"
"1815","short-cancelled-pulses","25.70528","False","True","65.12361","0","0.004944434","0","False","1000"
"1816","short-cancelled-pulses","25.862255","False","True","65.12988","0","0.00519526","0","False","1000"
"1817","short-cancelled-pulses","26.020199","False","True","65.13598","0","0.005439044","0","False","1000"
"1818","short-cancelled-pulses","26.179232","False","True","65.141914","0","0.0056765256","0","False","1000"
"1819","short-cancelled-pulses","26.338825","False","True","65.147705","0","0.0059083425","0","False","1000"
"1820","short-cancelled-pulses","26.498724","False","True","65.15337","0","0.006135058","0","False","1000"
"1821","short-cancelled-pulses","26.658974","False","True","65.15893","0","0.006357195","0","False","1000"
"1822","short-cancelled-pulses","26.819225","False","True","65.16438","0","0.0065752016","0","False","1000"
"1823","short-cancelled-pulses","26.979385","False","True","65.16974","0","0.0067894827","0","False","1000"
"1824","short-cancelled-pulses","27.139286","False","True","65.17501","0","0.007000394","0","False","1000"
"1825","short-cancelled-pulses","27.29882","False","True","65.18021","0","0.0072082523","0","False","1000"
"1826","short-cancelled-pulses","27.457905","False","True","65.18533","0","0.007413339","0","False","1000"
"1827","short-cancelled-pulses","27.616463","False","True","65.1904","0","0.007615904","0","False","1000"
"1828","short-cancelled-pulses","27.77443","False","True","65.195404","0","0.007816171","0","False","1000"
"1829","short-cancelled-pulses","27.931753","False","True","65.200356","0","0.008014336","0","False","1000"
"1830","short-cancelled-pulses","28.088388","False","True","65.20526","0","0.008210578","0","False","1000"
"1831","short-cancelled-pulses","28.244299","False","True","65.21013","0","0.00840505","0","False","1000"
"1832","short-cancelled-pulses","28.399456","False","True","65.21495","0","0.008597895","0","False","1000"
"1833","short-cancelled-pulses","28.553837","False","True","65.219734","0","0.008789232","0","False","1000"
"1834","short-cancelled-pulses","28.707424","False","True","65.22448","0","0.008979174","0","False","1000"
"1835","short-cancelled-pulses","28.860209","False","True","65.229195","0","0.009167818","0","False","1000"
"1836","short-cancelled-pulses","29.012182","False","True","65.23388","0","0.009355254","0","False","1000"
"1837","short-cancelled-pulses","29.163347","False","True","65.23854","0","0.009541556","0","False","1000"
"1838","short-cancelled-pulses","29.313704","False","True","65.24317","0","0.009726798","0","False","1000"
"1839","short-cancelled-pulses","29.463259","False","True","65.24778","0","0.009911042","0","False","1000"
"1840","short-cancelled-pulses","29.61202","False","True","65.25236","0","0.010094343","0","False","1000"
"1841","short-cancelled-pulses","29.760002","False","True","65.25692","0","0.010276755","0","False","1000"
"1842","short-cancelled-pulses","29.907215","False","True","65.26146","0","0.010458324","0","False","1000"
"1843","short-cancelled-pulses","30.05364","False","True","65.265976","0","0.010639089","0","False","1000"
"1844","short-cancelled-pulses","30.199183","False","True","65.27048","0","0.010819076","0","False","1000"
"1845","short-cancelled-pulses","30.34373","False","True","65.274956","0","0.010998296","0","False","1000"
"1846","short-cancelled-pulses","30.48737","False","True","65.27942","0","0.011176765","0","False","1000"
"1847","short-cancelled-pulses","30.630217","False","True","65.28386","0","0.011354507","0","False","1000"
"1848","short-cancelled-pulses","30.772366","False","True","65.28829","0","0.011531551","0","False","1000"
"1849","short-cancelled-pulses","30.91389","False","True","65.2927","0","0.011707933","0","False","1000"
"1850","short-cancelled-pulses","31.054848","False","True","65.29709","0","0.011883683","0","False","1000"
"1851","short-cancelled-pulses","31.195278","False","True","65.30147","0","0.012058837","0","False","1000"
"1852","short-cancelled-pulses","31.33521","False","True","65.30583","0","0.012233429","0","False","1000"
"1853","short-cancelled-pulses","31.474669","False","True","65.31019","0","0.012407487","0","False","1000"
"1854","short-cancelled-pulses","31.613665","False","True","65.31453","0","0.012581042","0","False","1000"
"1855","short-cancelled-pulses","31.752207","False","True","65.318855","0","0.012754118","0","False","1000"
"1856","short-cancelled-pulses","31.8903","False","True","65.323166","0","0.012926739","0","False","1000"
"1857","short-cancelled-pulses","32.02795","False","True","65.32748","0","0.013098926","0","False","1000"
"1858","short-cancelled-pulses","32.16515","False","True","65.331764","0","0.013270695","0","False","1000"
"1859","short-cancelled-pulses","32.3019","False","True","65.33605","0","0.013442061","0","False","1000"
"1860","short-cancelled-pulses","32.438194","False","True","65.340324","0","0.013613035","0","False","1000"
"1861","short-cancelled-pulses","32.574028","False","True","65.34459","0","0.013783627","0","False","1000"
"1862","short-cancelled-pulses","32.709393","False","True","65.34885","0","0.013953844","0","False","1000"
"1863","short-cancelled-pulses","32.844284","False","True","65.353096","0","0.014123688","0","False","1000"
"1864","short-cancelled-pulses","32.97869","False","True","65.35733","0","0.014293165","0","False","1000"
"1865","short-cancelled-pulses","33.112606","False","True","65.36156","0","0.014462272","0","False","1000"
"1866","short-cancelled-pulses","33.246017","False","True","65.365776","0","0.014631006","0","False","1000"
"1867","short-cancelled-pulses","33.378918","False","True","65.36999","0","0.014799366","0","False","1000"
"1868","short-cancelled-pulses","33.5113","False","True","65.37418","0","0.014967345","0","False","1000"
"1869","short-cancelled-pulses","33.64315","False","True","65.37837","0","0.015134936","0","False","1000"
"1870","short-cancelled-pulses","33.77446","False","True","65.38255","0","0.015302132","0","False","1000"
"1871","short-cancelled-pulses","33.905216","False","True","65.38673","0","0.015468922","0","False","1000"
"1872","short-cancelled-pulses","34.03541","False","True","65.390884","0","0.015635295","0","False","1000"
"1873","short-cancelled-pulses","34.165035","True","True","65.78319","0.030498069","0.036829926","0","False","1000"
"1874","short-cancelled-pulses","34.646614","True","True","66.14994","0.058920022","0.05714344","0","True","1000"
"1875","short-cancelled-pulses","35.129154","True","True","66.493195","0.0854334","0.07675683","0","True","1000"
"1876","short-cancelled-pulses","35.610756","True","True","66.81484","0.110190645","0.095818006","0","True","1000"
"1877","short-cancelled-pulses","36.091362","True","True","67.11659","0.13333163","0.11444824","0","True","1000"
"1878","short-cancelled-pulses","36.57109","True","True","67.40003","0.15498488","0.13274671","0","True","1000"
"1879","short-cancelled-pulses","37.050053","True","True","67.66661","0.17526841","0.15079415","0","True","1000"
"1880","short-cancelled-pulses","37.528328","True","True","67.91765","0.1942906","0.168656","0","True","1000"
"1881","short-cancelled-pulses","38.00597","False","True","67.786934","0.18328121","0.1634941","0","True","1000"
"1882","short-cancelled-pulses","38.11027","False","True","67.66367","0.17289567","0.1583067","0","False","1000"
"1883","short-cancelled-pulses","38.212414","False","True","67.54744","0.16309862","0.15313174","0","False","1000"
"1884","short-cancelled-pulses","38.3138","False","True","67.43784","0.15385671","0.14800161","0","False","1000"
"1885","short-cancelled-pulses","38.414413","False","True","67.334526","0.1451385","0.14294285","0","False","1000"
"1886","short-cancelled-pulses","38.514145","False","True","67.23713","0.1369143","0.13797681","0","False","1000"
"1887","short-cancelled-pulses","38.61296","False","True","67.145325","0.12915611","0.13312058","0","False","1000"
"1888","short-cancelled-pulses","38.710846","False","True","67.0588","0.12183755","0.12838754","0","False","1000"
"1889","short-cancelled-pulses","38.807785","False","True","66.977264","0.11493368","0.12378799","0","False","1000"
"1890","short-cancelled-pulses","38.903763","False","True","66.90044","0.10842101","0.11932956","0","False","1000"
"1891","short-cancelled-pulses","38.998768","False","True","66.82806","0.10227739","0.11501766","0","False","1000"
"1892","short-cancelled-pulses","39.092785","False","True","66.75988","0.0964819","0.11085579","0","False","1000"
"1893","short-cancelled-pulses","39.185806","False","True","66.695656","0.091014795","0.10684591","0","False","1000"
"1894","short-cancelled-pulses","39.277817","False","True","66.63518","0.08585749","0.1029886","0","False","1000"
"1895","short-cancelled-pulses","39.36881","False","True","66.578224","0.080992416","0.09928341","0","False","1000"
"1896","short-cancelled-pulses","39.45877","False","True","66.524605","0.07640302","0.09572894","0","False","1000"
"1897","short-cancelled-pulses","39.5477","True","True","66.891136","0.10483839","0.12416778","0","False","1000"
"1898","short-cancelled-pulses","40.02032","True","True","67.23395","0.13134852","0.15138954","0","True","1000"
"1899","short-cancelled-pulses","40.49785","True","True","67.55495","0.15608856","0.1775839","0","True","1000"
"1900","short-cancelled-pulses","40.97507","True","True","67.85584","0.17919715","0.20290309","0","True","1000"
"1901","short-cancelled-pulses","41.451088","True","True","68.138176","0.20080087","0.22747181","0","True","1000"
"1902","short-cancelled-pulses","41.925926","True","True","68.403366","0.22101599","0.25139266","0","True","1000"
"1903","short-cancelled-pulses","42.399673","True","True","68.65272","0.23994924","0.27475","0","True","1000"
"1904","short-cancelled-pulses","42.872395","True","True","68.88742","0.25769863","0.2976126","0","True","1000"
"1905","short-cancelled-pulses","43.34412","False","True","68.71075","0.24309626","0.2863847","0","True","1000"
"1906","short-cancelled-pulses","43.36926","False","True","68.54392","0.22932133","0.27529544","0","False","1000"
"1907","short-cancelled-pulses","43.39379","False","True","68.38641","0.21632695","0.2644006","0","False","1000"
"1908","short-cancelled-pulses","43.417793","False","True","68.23769","0.20406888","0.25374463","0","False","1000"
"1909","short-cancelled-pulses","43.441273","False","True","68.09729","0.1925054","0.24336231","0","False","1000"
"1910","short-cancelled-pulses","43.46424","False","True","67.96474","0.18159717","0.23328017","0","False","1000"
"1911","short-cancelled-pulses","43.486706","False","True","67.8396","0.17130706","0.22351784","0","False","1000"
"1912","short-cancelled-pulses","43.50868","False","True","67.721466","0.16160004","0.21408913","0","False","1000"
"1913","short-cancelled-pulses","43.53017","False","True","67.60995","0.15244305","0.20500287","0","False","1000"
"1914","short-cancelled-pulses","43.55119","False","True","67.50468","0.14380494","0.19626394","0","False","1000"
"1915","short-cancelled-pulses","43.571743","False","True","67.40531","0.1356563","0.18787377","0","False","1000"
"1916","short-cancelled-pulses","43.591843","False","True","67.31152","0.1279694","0.17983101","0","False","1000"
"1917","short-cancelled-pulses","43.611496","False","True","67.22299","0.12071807","0.17213205","0","False","1000"
"1918","short-cancelled-pulses","43.630714","False","True","67.13944","0.11387764","0.16477141","0","False","1000"
"1919","short-cancelled-pulses","43.6495","False","True","67.060585","0.10742482","0.15774217","0","False","1000"
"1920","short-cancelled-pulses","43.66787","False","True","66.98615","0.10133764","0.1510362","0","False","1000"
"1921","short-cancelled-pulses","43.68583","True","True","67.36306","0.130728","0.18752408","0","False","1000"
"1922","short-cancelled-pulses","44.145016","True","True","67.71478","0.15807776","0.22205417","0","True","1000"
"1923","short-cancelled-pulses","44.615227","True","True","68.043396","0.1835528","0.25488672","0","True","1000"
"1924","short-cancelled-pulses","45.085606","True","True","68.350655","0.20729814","0.28622752","0","True","1000"
"1925","short-cancelled-pulses","45.554676","True","True","68.63817","0.22944598","0.316247","0","True","1000"
"1926","short-cancelled-pulses","46.022144","True","True","68.907425","0.2501175","0.34508693","0","True","1000"
"1927","short-cancelled-pulses","46.488117","True","True","69.15976","0.2694241","0.37286592","0","True","1000"
"1928","short-cancelled-pulses","46.95268","True","True","69.39643","0.2874681","0.39968264","0","True","1000"
"1929","short-cancelled-pulses","47.41585","False","True","69.19647","0.27117884","0.3824869","0","True","1000"
"1930","short-cancelled-pulses","47.365852","False","True","69.00758","0.25581264","0.3657512","0","False","1000"
"1931","short-cancelled-pulses","47.315853","False","True","68.82914","0.24131714","0.34951904","0","False","1000"
"1932","short-cancelled-pulses","47.265854","False","True","68.660576","0.22764301","0.33382198","0","False","1000"
"1933","short-cancelled-pulses","47.215855","False","True","68.501335","0.21474373","0.31868201","0","False","1000"
"1934","short-cancelled-pulses","47.165855","False","True","68.35091","0.20257537","0.30411264","0","False","1000"
"1935","short-cancelled-pulses","47.115856","False","True","68.20879","0.19109653","0.29012075","0","False","1000"
"1936","short-cancelled-pulses","47.065857","False","True","68.07455","0.18026814","0.2767075","0","False","1000"
"1937","short-cancelled-pulses","47.015858","False","True","67.94773","0.17005333","0.26386946","0","False","1000"
"1938","short-cancelled-pulses","46.96586","False","True","67.82792","0.16041733","0.25159943","0","False","1000"
"1939","short-cancelled-pulses","46.91586","False","True","67.71474","0.15132736","0.23988715","0","False","1000"
"1940","short-cancelled-pulses","46.86586","False","True","67.60781","0.14275245","0.22872008","0","False","1000"
"1941","short-cancelled-pulses","46.81586","False","True","67.50679","0.13466346","0.21808375","0","False","1000"
"1942","short-cancelled-pulses","46.76586","False","True","67.41135","0.12703282","0.20796227","0","False","1000"
"1943","short-cancelled-pulses","46.715862","False","True","67.32118","0.119834565","0.19833873","0","False","1000"
"1944","short-cancelled-pulses","46.665863","False","True","67.235985","0.1130442","0.18919554","0","False","1000"
"1945","short-cancelled-pulses","46.615864","True","True","67.623215","0.14338847","0.23171966","0","False","1000"
"1946","short-cancelled-pulses","47.0681","True","True","67.98384","0.17157859","0.2716248","0","True","1000"
"1947","short-cancelled-pulses","47.53097","True","True","68.32","0.19778705","0.30922768","0","True","1000"
"1948","short-cancelled-pulses","47.993294","True","True","68.633545","0.22216548","0.34478247","0","True","1000"
"1949","short-cancelled-pulses","48.45378","True","True","68.92615","0.24485248","0.37850243","0","True","1000"
"1950","short-cancelled-pulses","48.912464","True","True","69.199356","0.2659754","0.41056743","0","True","1000"
"1951","short-cancelled-pulses","49.3694","True","True","69.454605","0.28565118","0.44112965","0","True","1000"
"1952","short-cancelled-pulses","49.824593","True","True","69.693184","0.3039874","0.47031745","0","True","1000"
"1953","short-cancelled-pulses","50.27812","False","True","69.4795","0.28676212","0.44853023","0","True","1000"
"1954","short-cancelled-pulses","50.228085","False","True","69.2777","0.27051288","0.42756456","0","False","1000"
"1955","short-cancelled-pulses","50.178055","False","True","69.08715","0.25518438","0.40742996","0","False","1000"
"1956","short-cancelled-pulses","50.12798","False","True","68.9072","0.24072449","0.3881277","0","False","1000"
"1957","short-cancelled-pulses","50.0778","False","True","68.737274","0.22708394","0.36965266","0","False","1000"
"1958","short-cancelled-pulses","50.027645","False","True","68.57681","0.21421634","0.35199416","0","False","1000"
"1959","short-cancelled-pulses","49.977375","False","True","68.42528","0.20207787","0.33513752","0","False","1000"
"1960","short-cancelled-pulses","49.9269","False","True","68.28218","0.19062722","0.31906438","0","False","1000"
"1961","short-cancelled-pulses","49.87652","False","True","68.14705","0.17982541","0.30375403","0","False","1000"
"1962","short-cancelled-pulses","49.82591","False","True","68.01943","0.1696357","0.2891836","0","False","1000"
"1963","short-cancelled-pulses","49.774967","False","True","67.89891","0.16002338","0.27532864","0","False","1000"
"1964","short-cancelled-pulses","49.723892","False","True","67.785095","0.15095572","0.26216388","0","False","1000"
"1965","short-cancelled-pulses","49.67279","False","True","67.677605","0.14240187","0.2496635","0","False","1000"
"1966","short-cancelled-pulses","49.62131","False","True","67.57609","0.13433275","0.23780109","0","False","1000"
"1967","short-cancelled-pulses","49.56966","False","True","67.4802","0.12672085","0.22655036","0","False","1000"
"1968","short-cancelled-pulses","49.517906","False","True","67.38964","0.11954027","0.21588518","0","False","1000"
"1969","short-cancelled-pulses","49.465614","True","True","67.79039","0.1509744","0.26372617","0","False","1000"
"1970","short-cancelled-pulses","49.924316","True","True","68.16284","0.18012898","0.30843604","0","True","1000"
"1971","short-cancelled-pulses","50.38638","True","True","68.50916","0.20718025","0.35034513","0","True","1000"
"1972","short-cancelled-pulses","50.847015","True","True","68.83131","0.23228762","0.38972968","0","True","1000"
"1973","short-cancelled-pulses","51.30632","True","True","69.13106","0.25559765","0.42682564","0","True","1000"
"1974","short-cancelled-pulses","51.762165","True","True","69.41006","0.2772441","0.46183166","0","True","1000"
"1975","short-cancelled-pulses","52.214268","True","True","69.6698","0.29734987","0.49491695","0","True","1000"
"1976","short-cancelled-pulses","52.66359","True","True","69.91166","0.31602833","0.52622753","0","True","1000"
"1977","short-cancelled-pulses","53.109467","False","True","69.68811","0.29812074","0.5008721","0","True","1000"
"1978","short-cancelled-pulses","53.05469","False","True","69.47706","0.28122783","0.47661334","0","False","1000"
"1979","short-cancelled-pulses","52.998646","False","True","69.27781","0.2652922","0.45343447","0","False","1000"
"1980","short-cancelled-pulses","52.941242","False","True","69.08969","0.25025955","0.43131343","0","False","1000"
"1981","short-cancelled-pulses","52.882153","False","True","68.91209","0.23607871","0.41022423","0","False","1000"
"1982","short-cancelled-pulses","52.82487","False","True","68.7444","0.22270142","0.3901396","0","False","1000"
"1983","short-cancelled-pulses","52.766743","False","True","68.58609","0.21008216","0.3710284","0","False","1000"
"1984","short-cancelled-pulses","52.706905","False","True","68.436615","0.19817795","0.35285714","0","False","1000"
"1985","short-cancelled-pulses","52.647484","False","True","68.29549","0.18694828","0.33559257","0","False","1000"
"1986","short-cancelled-pulses","52.587982","False","True","68.16224","0.17635496","0.31920034","0","False","1000"
"1987","short-cancelled-pulses","52.527576","False","True","68.03642","0.16636188","0.3036454","0","False","1000"
"1988","short-cancelled-pulses","52.4637","False","True","67.91762","0.15693507","0.28889164","0","False","1000"
"1989","short-cancelled-pulses","52.4009","False","True","67.805435","0.14804241","0.2749054","0","False","1000"
"1990","short-cancelled-pulses","52.339344","False","True","67.69951","0.13965365","0.26165336","0","False","1000"
"1991","short-cancelled-pulses","52.275463","False","True","67.59947","0.13174024","0.24910136","0","False","1000"
"1992","short-cancelled-pulses","52.208878","False","True","67.505005","0.12427525","0.23721603","0","False","1000"
"1993","short-cancelled-pulses","52.14826","True","True","67.916626","0.15658452","0.2894153","0","False","1000"
"1994","short-cancelled-pulses","52.586567","True","True","68.29818","0.18648767","0.337982","0","True","1000"
"1995","short-cancelled-pulses","53.02396","True","True","68.651924","0.2141684","0.38325724","0","True","1000"
"1996","short-cancelled-pulses","53.455463","True","True","68.97991","0.23979373","0.42553064","0","True","1000"
"1997","short-cancelled-pulses","53.88529","True","True","69.284065","0.26351896","0.46505758","0","True","1000"
"1998","short-cancelled-pulses","54.310516","True","True","69.566124","0.28548583","0.5020571","0","True","1000"
"1999","short-cancelled-pulses","54.72947","True","True","69.82768","0.30582443","0.536718","0","True","1000"
"2000","short-cancelled-pulses","55.14123","True","True","70.07021","0.32465434","0.5692051","0","True","1000"
"2001","short-cancelled-pulses","55.554085","False","True","69.83908","0.30625793","0.5408056","0","True","1000"
"2002","short-cancelled-pulses","55.48652","False","True","69.62092","0.28890398","0.51376903","0","False","1000"
"2003","short-cancelled-pulses","55.41501","False","True","69.415","0.27253336","0.48804995","0","False","1000"
"2004","short-cancelled-pulses","55.33953","False","True","69.22063","0.2570904","0.46360108","0","False","1000"
"2005","short-cancelled-pulses","55.267757","False","True","69.03715","0.24252248","0.44037756","0","False","1000"
"2006","short-cancelled-pulses","55.200424","False","True","68.86397","0.22878006","0.4183336","0","False","1000"
"2007","short-cancelled-pulses","55.13198","False","True","68.70049","0.21581635","0.3974206","0","False","1000"
"2008","short-cancelled-pulses","55.05482","False","True","68.54617","0.2035872","0.3775876","0","False","1000"
"2009","short-cancelled-pulses","54.98667","False","True","68.40051","0.19205102","0.35879108","0","False","1000"
"2010","short-cancelled-pulses","54.919033","False","True","68.26301","0.18116854","0.3409847","0","False","1000"
"2011","short-cancelled-pulses","54.850273","False","True","68.13321","0.17090273","0.32412237","0","False","1000"
"2012","short-cancelled-pulses","54.77584","False","True","68.01067","0.16121861","0.30815792","0","False","1000"
"2013","short-cancelled-pulses","54.69675","False","True","67.89499","0.15208322","0.29304725","0","False","1000"
"2014","short-cancelled-pulses","54.63636","False","True","67.78578","0.14346549","0.2787545","0","False","1000"
"2015","short-cancelled-pulses","54.56743","False","True","67.682686","0.13533609","0.26523653","0","False","1000"
"2016","short-cancelled-pulses","54.49223","False","True","67.58535","0.12766734","0.25245273","0","False","1000"
"2017","short-cancelled-pulses","54.412033","True","True","68.00374","0.16052812","0.3075949","0","False","1000"
"2018","short-cancelled-pulses","54.819313","True","True","68.39064","0.19088413","0.35870138","0","True","1000"
"2019","short-cancelled-pulses","55.226624","True","True","68.74844","0.21892744","0.40612516","0","True","1000"
"2020","short-cancelled-pulses","55.630215","True","True","69.079315","0.24483368","0.45017302","0","True","1000"
"2021","short-cancelled-pulses","56.021072","True","True","69.38525","0.26876238","0.4911078","0","True","1000"
"2022","short-cancelled-pulses","56.416878","True","True","69.668106","0.2908647","0.52917504","0","True","1000"
"2023","short-cancelled-pulses","56.80852","True","True","69.929596","0.31127745","0.5645856","0","True","1000"
"2024","short-cancelled-pulses","57.195553","True","True","70.17127","0.33012658","0.59752685","0","True","1000"
"2025","short-cancelled-pulses","57.57299","False","True","69.93503","0.3114201","0.5669358","0","True","1000"
"2026","short-cancelled-pulses","57.494255","False","True","69.71208","0.29377365","0.5379237","0","False","1000"
"2027","short-cancelled-pulses","57.42367","False","True","69.50169","0.27712712","0.5104238","0","False","1000"
"2028","short-cancelled-pulses","57.352367","False","True","69.30316","0.26142383","0.48436794","0","False","1000"
"2029","short-cancelled-pulses","57.28815","False","True","69.115814","0.24661037","0.4596915","0","False","1000"
"2030","short-cancelled-pulses","57.220997","False","True","68.93902","0.23263632","0.43632865","0","False","1000"
"2031","short-cancelled-pulses","57.143764","False","True","68.77217","0.2194541","0.41421404","0","False","1000"
"2032","short-cancelled-pulses","57.06388","False","True","68.614716","0.20701884","0.39328656","0","False","1000"
"2033","short-cancelled-pulses","56.98153","False","True","68.46611","0.19528821","0.37348732","0","False","1000"
"2034","short-cancelled-pulses","56.892757","False","True","68.32586","0.1842223","0.35475886","0","False","1000"
"2035","short-cancelled-pulses","56.80822","False","True","68.19349","0.17378342","0.33704835","0","False","1000"
"2036","short-cancelled-pulses","56.71617","False","True","68.06855","0.16393606","0.32030252","0","False","1000"
"2037","short-cancelled-pulses","56.628166","False","True","67.95063","0.15464671","0.3044728","0","False","1000"
"2038","short-cancelled-pulses","56.544792","False","True","67.839325","0.14588371","0.28951275","0","False","1000"
"2039","short-cancelled-pulses","56.451393","False","True","67.73425","0.13761729","0.27537498","0","False","1000"
"2040","short-cancelled-pulses","56.344086","False","True","67.63506","0.12981926","0.26201376","0","False","1000"
"2041","short-cancelled-pulses","56.241684","False","True","67.54142","0.12246312","0.24938942","0","False","1000"
"2042","short-cancelled-pulses","56.13136","False","True","67.453","0.11552381","0.2374615","0","False","1000"
"2043","short-cancelled-pulses","56.026352","False","True","67.36952","0.108977705","0.22619407","0","False","1000"
"2044","short-cancelled-pulses","55.926308","False","True","67.290695","0.10280254","0.21555272","0","False","1000"
"2045","short-cancelled-pulses","55.824043","False","True","67.21626","0.09697728","0.20550328","0","False","1000"
"2046","short-cancelled-pulses","55.698887","False","True","67.14595","0.09148211","0.19601004","0","False","1000"
"2047","short-cancelled-pulses","55.572006","False","True","67.07953","0.086298324","0.18704295","0","False","1000"
"2048","short-cancelled-pulses","55.450935","False","True","67.01678","0.08140827","0.1785746","0","False","1000"
"2049","short-cancelled-pulses","55.307163","False","True","66.957466","0.07679531","0.17057447","0","False","1000"
"2050","short-cancelled-pulses","54.155148","False","True","66.900406","0.07244374","0.16285165","0","False","1000"
"2051","short-cancelled-pulses","53.98834","False","True","66.84644","0.068338744","0.1555672","0","False","1000"
"2052","short-cancelled-pulses","53.849773","False","True","66.79542","0.064466365","0.14870088","0","False","1000"
"2053","short-cancelled-pulses","53.678593","False","True","66.74714","0.060813405","0.14222279","0","False","1000"
"2054","short-cancelled-pulses","53.468895","False","True","66.701385","0.057367444","0.13610452","0","False","1000"
"2055","short-cancelled-pulses","53.162407","False","True","66.657906","0.054116745","0.13031037","0","False","1000"
"2056","short-cancelled-pulses","52.81383","False","True","66.61651","0.051050246","0.12481667","0","False","1000"
"2057","short-cancelled-pulses","52.50034","False","True","66.5771","0.04815751","0.11961404","0","False","1000"
"2058","short-cancelled-pulses","52.130455","False","True","66.53949","0.045428686","0.114678085","0","False","1000"
"2059","short-cancelled-pulses","51.764656","False","True","66.50357","0.042854488","0.109996065","0","False","1000"
"2060","short-cancelled-pulses","51.422455","False","True","66.46926","0.040426157","0.10555889","0","False","1000"
"2061","short-cancelled-pulses","51.056923","False","True","66.43643","0.038135428","0.10134993","0","False","1000"
"2062","short-cancelled-pulses","50.72508","False","True","66.405045","0.0359745","0.09736278","0","False","1000"
"2063","short-cancelled-pulses","50.330074","False","True","66.37489","0.03393602","0.093575396","0","False","1000"
"2064","short-cancelled-pulses","49.95652","False","True","66.34594","0.03201305","0.08998103","0","False","1000"
"2065","short-cancelled-pulses","49.593845","False","True","66.31812","0.030199045","0.086571224","0","False","1000"
"2066","short-cancelled-pulses","49.277817","False","True","66.29146","0.028487831","0.083343305","0","False","1000"
"2067","short-cancelled-pulses","48.884464","False","True","66.26572","0.026873581","0.08027494","0","False","1000"
"2068","short-cancelled-pulses","48.51053","False","True","66.24089","0.025350804","0.077360764","0","False","1000"
"2069","short-cancelled-pulses","48.161312","False","True","66.21695","0.023914313","0.07459617","0","False","1000"
"2070","short-cancelled-pulses","47.82657","False","True","66.19388","0.02255922","0.07197485","0","False","1000"
"2071","short-cancelled-pulses","47.434364","False","True","66.17149","0.021280913","0.069479994","0","False","1000"
"2072","short-cancelled-pulses","47.0806","False","True","66.149826","0.02007504","0.067110464","0","False","1000"
"2073","short-cancelled-pulses","46.736603","False","True","66.12886","0.018937496","0.0648605","0","False","1000"
"2074","short-cancelled-pulses","46.543697","False","True","66.10884","0.017864414","0.062744856","0","False","1000"
"2075","short-cancelled-pulses","46.400116","False","True","66.08981","0.016852135","0.060761046","0","False","1000"
"2076","short-cancelled-pulses","46.27649","False","True","66.07176","0.015897216","0.058902197","0","False","1000"
"2077","short-cancelled-pulses","46.059822","False","True","66.05442","0.0149964085","0.057146415","0","False","1000"
"2078","short-cancelled-pulses","45.84408","False","True","66.03776","0.014146644","0.05548702","0","False","1000"
"2079","short-cancelled-pulses","45.66462","False","True","66.0218","0.01334503","0.05392251","0","False","1000"
"2080","short-cancelled-pulses","45.51345","False","True","66.00655","0.01258884","0.052450053","0","False","1000"
"2081","short-cancelled-pulses","45.149475","False","True","65.99154","0.0118755","0.05103569","0","False","1000"
"2082","short-cancelled-pulses","44.8903","False","True","65.97695","0.011202581","0.049690142","0","False","1000"
"2083","short-cancelled-pulses","44.63035","False","True","65.962776","0.010567792","0.048409086","0","False","1000"
"2084","short-cancelled-pulses","44.345127","False","True","65.94891","0.009968974","0.04718538","0","False","1000"
"2085","short-cancelled-pulses","44.139183","False","True","65.93554","0.009404086","0.04602555","0","False","1000"
"2086","short-cancelled-pulses","43.947918","False","True","65.92263","0.008871207","0.0449271","0","False","1000"
"2087","short-cancelled-pulses","43.72871","False","True","65.91011","0.008368525","0.043882396","0","False","1000"
"2088","short-cancelled-pulses","43.522785","False","True","65.89799","0.007894326","0.042889524","0","False","1000"
"2089","short-cancelled-pulses","43.44191","False","True","65.886505","0.007446998","0.041960016","0","False","1000"
"2090","short-cancelled-pulses","43.35338","False","True","65.8756","0.0070250174","0.04108805","0","False","1000"
"2091","short-cancelled-pulses","43.276917","False","True","65.86528","0.006626948","0.040270653","0","False","1000"
"2092","short-cancelled-pulses","43.201","False","True","65.85549","0.0062514353","0.03950373","0","False","1000"
"2093","short-cancelled-pulses","43.11589","False","True","65.84618","0.0058972007","0.03878241","0","False","1000"
"2094","short-cancelled-pulses","42.814785","False","True","65.83682","0.0055630384","0.038078714","0","False","1000"
"2095","short-cancelled-pulses","42.608494","False","True","65.82763","0.0052478113","0.037402853","0","False","1000"
"2096","short-cancelled-pulses","42.546097","False","True","65.81894","0.0049504465","0.036769357","0","False","1000"
"2097","short-cancelled-pulses","42.312016","False","True","65.81032","0.0046699317","0.03615578","0","False","1000"
"2098","short-cancelled-pulses","42.21167","False","True","65.80206","0.0044053127","0.035575986","0","False","1000"
"2099","short-cancelled-pulses","42.009686","False","True","65.79392","0.0041556875","0.035016257","0","False","1000"
"2100","short-cancelled-pulses","41.828354","False","True","65.78593","0.0039202073","0.034477692","0","False","1000"
"2101","short-cancelled-pulses","41.65071","False","True","65.77808","0.0036980708","0.03395938","0","False","1000"
"2102","short-cancelled-pulses","41.61571","False","True","65.77072","0.0034885213","0.033475574","0","False","1000"
"2103","short-cancelled-pulses","41.59014","False","True","65.763824","0.0032908458","0.03302457","0","False","1000"
"2104","short-cancelled-pulses","41.57507","False","True","65.757385","0.0031043717","0.03260491","0","False","1000"
"2105","short-cancelled-pulses","41.575012","False","True","65.7514","0.002928464","0.032215726","0","False","1000"
"2106","short-cancelled-pulses","41.396423","False","True","65.74543","0.002762524","0.031835645","0","False","1000"
"2107","short-cancelled-pulses","41.284897","False","True","65.73962","0.0026059868","0.031471368","0","False","1000"
"2108","short-cancelled-pulses","41.18172","False","True","65.73398","0.0024583198","0.03112271","0","False","1000"
"2109","short-cancelled-pulses","41.085896","False","True","65.728516","0.0023190202","0.03078938","0","False","1000"
"2110","short-cancelled-pulses","41.120617","False","True","65.72353","0.0021876143","0.03048398","0","False","1000"
"2111","short-cancelled-pulses","41.163692","False","True","65.71901","0.0020636541","0.030205114","0","False","1000"
"2112","short-cancelled-pulses","41.21429","False","True","65.714935","0.0019467182","0.029951423","0","False","1000"
"2113","short-cancelled-pulses","41.26855","False","True","65.71128","0.0018364083","0.029721256","0","False","1000"
"2114","short-cancelled-pulses","41.18486","False","True","65.70769","0.001732349","0.029498616","0","False","1000"
"2115","short-cancelled-pulses","41.11643","False","True","65.704185","0.0016341864","0.029284623","0","False","1000"
"2116","short-cancelled-pulses","41.053158","False","True","65.70078","0.001541586","0.029079258","0","False","1000"
"2117","short-cancelled-pulses","40.99027","False","True","65.69747","0.0014542327","0.028881999","0","False","1000"
"2118","short-cancelled-pulses","40.929474","False","True","65.69426","0.0013718293","0.028692532","0","False","1000"
"2119","short-cancelled-pulses","40.871452","False","True","65.69114","0.0012940952","0.028510638","0","False","1000"
"2120","short-cancelled-pulses","40.81297","False","True","65.6881","0.0012207659","0.028335763","0","False","1000"
"2121","short-cancelled-pulses","40.756607","False","True","65.68516","0.0011515918","0.028167665","0","False","1000"
"2122","short-cancelled-pulses","40.700554","False","True","65.68229","0.0010863373","0.028005928","0","False","1000"
"2123","short-cancelled-pulses","40.64628","False","True","65.6795","0.0010247804","0.027850315","0","False","1000"
"2124","short-cancelled-pulses","40.592323","False","True","65.67678","0.0009667118","0.027700447","0","False","1000"
"2125","short-cancelled-pulses","40.53717","False","True","65.67414","0.00091193354","0.027555825","0","False","1000"
"2126","short-cancelled-pulses","40.48388","False","True","65.671555","0.0008602593","0.027416294","0","False","1000"
"2127","short-cancelled-pulses","40.55826","False","True","65.66935","0.0008115131","0.027294267","0","False","1000"
"2128","short-cancelled-pulses","40.63163","False","True","65.66748","0.00076552905","0.027188232","0","False","1000"
"2129","short-cancelled-pulses","40.70353","False","True","65.66592","0.0007221507","0.027096765","0","False","1000"
"2130","short-cancelled-pulses","40.77405","False","True","65.664635","0.0006812304","0.02701856","0","False","1000"
"2131","short-cancelled-pulses","40.84313","False","True","65.66361","0.0006426288","0.026952429","0","False","1000"
"2132","short-cancelled-pulses","40.909916","False","True","65.66282","0.00060621457","0.02689719","0","False","1000"
"2133","short-cancelled-pulses","40.9751","False","True","65.66223","0.0005718637","0.02685183","0","False","1000"
"2134","short-cancelled-pulses","40.87198","False","True","65.66144","0.0005394593","0.02679909","0","False","1000"
"2135","short-cancelled-pulses","40.799458","False","True","65.66052","0.00050889107","0.02674264","0","False","1000"
"2136","short-cancelled-pulses","40.73257","False","True","65.65951","0.00048005502","0.026683383","0","False","1000"
"2137","short-cancelled-pulses","40.659393","False","True","65.658394","0.00045285292","0.026620986","0","False","1000"
"2138","short-cancelled-pulses","40.586205","False","True","65.65718","0.00042719222","0.02655574","0","False","1000"
"2139","short-cancelled-pulses","40.519203","False","True","65.6559","0.00040298558","0.026488539","0","False","1000"
"2140","short-cancelled-pulses","40.58156","False","True","65.65486","0.0003801506","0.026432246","0","False","1000"
"2141","short-cancelled-pulses","40.64379","False","True","65.65405","0.00035860957","0.026385993","0","False","1000"
"2142","short-cancelled-pulses","40.704845","False","True","65.65344","0.0003382891","0.026348861","0","False","1000"
"2143","short-cancelled-pulses","40.76509","False","True","65.65302","0.00031912012","0.02632005","0","False","1000"
"2144","short-cancelled-pulses","40.824432","False","True","65.65278","0.00030103733","0.026298817","0","False","1000"
"2145","short-cancelled-pulses","40.675354","False","True","65.65218","0.0002839792","0.026264312","0","False","1000"
"2146","short-cancelled-pulses","40.58741","False","True","65.65142","0.00026788766","0.026223578","0","False","1000"
"2147","short-cancelled-pulses","40.51085","False","True","65.650536","0.00025270792","0.026178243","0","False","1000"
"2148","short-cancelled-pulses","40.423855","False","True","65.6495","0.00023838835","0.026127687","0","False","1000"
"2149","short-cancelled-pulses","40.347973","False","True","65.64836","0.0002248802","0.026073433","0","False","1000"
"2150","short-cancelled-pulses","40.26219","False","True","65.6471","0.00021213747","0.026014825","0","False","1000"
"2151","short-cancelled-pulses","40.174965","False","True","65.64573","0.0002001168","0.025952095","0","False","1000"
"2152","short-cancelled-pulses","40.100372","False","True","65.64429","0.00018877727","0.025886817","0","False","1000"
"2153","short-cancelled-pulses","40.01265","False","True","65.64274","0.0001780803","0.025817927","0","False","1000"
"2154","short-cancelled-pulses","39.93899","False","True","65.64113","0.00016798946","0.025747098","0","False","1000"
"2155","short-cancelled-pulses","39.855686","False","True","65.63945","0.00015847043","0.025673559","0","False","1000"
"2156","short-cancelled-pulses","39.771397","False","True","65.63769","0.00014949078","0.02559743","0","False","1000"
"2157","short-cancelled-pulses","39.700092","False","True","65.635895","0.00014101996","0.025520207","0","False","1000"
"2158","short-cancelled-pulses","39.61754","False","True","65.63404","0.00013302913","0.025440881","0","False","1000"
"2159","short-cancelled-pulses","39.54633","False","True","65.632164","0.00012549109","0.025360737","0","False","1000"
"2160","short-cancelled-pulses","39.606033","False","True","65.63058","0.0001183802","0.025292715","0","False","1000"
"2161","simultaneous-boost","24","False","False","65","0","0","0","False","1000"
"2162","simultaneous-boost","24","False","True","65.01249","0","0.0004997224","0","False","1000"
"2163","simultaneous-boost","24.084047","False","True","65.02415","0","0.00096580386","0","False","1000"
"2164","simultaneous-boost","24.185892","False","True","65.03506","0","0.0014023106","0","False","1000"
"2165","simultaneous-boost","24.296915","False","True","65.04531","0","0.0018123486","0","False","1000"
"2166","simultaneous-boost","24.41555","False","True","65.05497","0","0.002198668","0","False","1000"
"2167","simultaneous-boost","24.54131","False","True","65.064095","0","0.0025637713","0","False","1000"
"2168","simultaneous-boost","24.672813","False","True","65.07275","0","0.0029098638","0","False","1000"
"2169","simultaneous-boost","24.8098","False","True","65.08097","0","0.0032389623","0","False","1000"
"2170","simultaneous-boost","24.951267","False","True","65.08882","0","0.0035528513","0","False","1000"
"2171","simultaneous-boost","25.096315","False","True","65.09633","0","0.0038531076","0","False","1000"
"2172","simultaneous-boost","25.245085","False","True","65.10353","0","0.0041411985","0","False","1000"
"2173","simultaneous-boost","25.39632","False","True","65.11046","0","0.004418377","0","False","1000"
"2174","simultaneous-boost","25.549679","False","True","65.11714","0","0.004685772","0","False","1000"
"2175","simultaneous-boost","25.70528","False","True","65.12361","0","0.004944434","0","False","1000"
"2176","simultaneous-boost","25.862255","False","True","65.12988","0","0.00519526","0","False","1000"
"2177","simultaneous-boost","26.020199","False","True","65.13598","0","0.005439044","0","False","1000"
"2178","simultaneous-boost","26.179232","False","True","65.141914","0","0.0056765256","0","False","1000"
"2179","simultaneous-boost","26.338825","False","True","65.147705","0","0.0059083425","0","False","1000"
"2180","simultaneous-boost","26.498724","False","True","65.15337","0","0.006135058","0","False","1000"
"2181","simultaneous-boost","26.658974","False","True","65.15893","0","0.006357195","0","False","1000"
"2182","simultaneous-boost","26.819225","False","True","65.16438","0","0.0065752016","0","False","1000"
"2183","simultaneous-boost","26.979385","False","True","65.16974","0","0.0067894827","0","False","1000"
"2184","simultaneous-boost","27.139286","False","True","65.17501","0","0.007000394","0","False","1000"
"2185","simultaneous-boost","27.29882","False","True","65.18021","0","0.0072082523","0","False","1000"
"2186","simultaneous-boost","27.457905","False","True","65.18533","0","0.007413339","0","False","1000"
"2187","simultaneous-boost","27.616463","False","True","65.1904","0","0.007615904","0","False","1000"
"2188","simultaneous-boost","27.77443","False","True","65.195404","0","0.007816171","0","False","1000"
"2189","simultaneous-boost","27.931753","False","True","65.200356","0","0.008014336","0","False","1000"
"2190","simultaneous-boost","28.088388","False","True","65.20526","0","0.008210578","0","False","1000"
"2191","simultaneous-boost","28.244299","False","True","65.21013","0","0.00840505","0","False","1000"
"2192","simultaneous-boost","28.399456","False","True","65.21495","0","0.008597895","0","False","1000"
"2193","simultaneous-boost","28.553837","False","True","65.219734","0","0.008789232","0","False","1000"
"2194","simultaneous-boost","28.707424","False","True","65.22448","0","0.008979174","0","False","1000"
"2195","simultaneous-boost","28.860209","False","True","65.229195","0","0.009167818","0","False","1000"
"2196","simultaneous-boost","29.012182","False","True","65.23388","0","0.009355254","0","False","1000"
"2197","simultaneous-boost","29.163347","False","True","65.23854","0","0.009541556","0","False","1000"
"2198","simultaneous-boost","29.313704","False","True","65.24317","0","0.009726798","0","False","1000"
"2199","simultaneous-boost","29.463259","False","True","65.24778","0","0.009911042","0","False","1000"
"2200","simultaneous-boost","29.61202","False","True","65.25236","0","0.010094343","0","False","1000"
"2201","simultaneous-boost","29.760002","False","True","65.25692","0","0.010276755","0","False","1000"
"2202","simultaneous-boost","29.907215","False","True","65.26146","0","0.010458324","0","False","1000"
"2203","simultaneous-boost","30.05364","False","True","65.265976","0","0.010639089","0","False","1000"
"2204","simultaneous-boost","30.199183","False","True","65.27048","0","0.010819076","0","False","1000"
"2205","simultaneous-boost","30.34373","False","True","65.274956","0","0.010998296","0","False","1000"
"2206","simultaneous-boost","30.48737","False","True","65.27942","0","0.011176765","0","False","1000"
"2207","simultaneous-boost","30.630217","False","True","65.28386","0","0.011354507","0","False","1000"
"2208","simultaneous-boost","30.772366","False","True","65.28829","0","0.011531551","0","False","1000"
"2209","simultaneous-boost","30.91389","False","True","65.2927","0","0.011707933","0","False","1000"
"2210","simultaneous-boost","31.054848","False","True","65.29709","0","0.011883683","0","False","1000"
"2211","simultaneous-boost","31.195278","False","True","65.30147","0","0.012058837","0","False","1000"
"2212","simultaneous-boost","31.33521","False","True","65.30583","0","0.012233429","0","False","1000"
"2213","simultaneous-boost","31.474669","False","True","65.31019","0","0.012407487","0","False","1000"
"2214","simultaneous-boost","31.613665","False","True","65.31453","0","0.012581042","0","False","1000"
"2215","simultaneous-boost","31.752207","False","True","65.318855","0","0.012754118","0","False","1000"
"2216","simultaneous-boost","31.8903","False","True","65.323166","0","0.012926739","0","False","1000"
"2217","simultaneous-boost","32.02795","False","True","65.32748","0","0.013098926","0","False","1000"
"2218","simultaneous-boost","32.16515","False","True","65.331764","0","0.013270695","0","False","1000"
"2219","simultaneous-boost","32.3019","False","True","65.33605","0","0.013442061","0","False","1000"
"2220","simultaneous-boost","32.438194","False","True","65.340324","0","0.013613035","0","False","1000"
"2221","simultaneous-boost","32.574028","True","True","65.717636","0.029310424","0.031412892","0","False","1000"
"2222","simultaneous-boost","33.05715","True","True","66.070526","0.05663603","0.048557855","0","True","1000"
"2223","simultaneous-boost","33.540688","True","True","66.400986","0.08213764","0.065204434","0","True","1000"
"2224","simultaneous-boost","34.02322","True","True","66.710815","0.10596183","0.08148023","0","True","1000"
"2225","simultaneous-boost","34.504757","True","True","67.001686","0.1282432","0.09748933","0","True","1000"
"2226","simultaneous-boost","34.98544","True","True","67.2751","0.14910534","0.11331649","0","True","1000"
"2227","simultaneous-boost","35.46539","True","True","67.53247","0.16866182","0.1290303","0","True","1000"
"2228","simultaneous-boost","35.9447","True","True","67.77507","0.18701686","0.1446859","0","True","1000"
"2229","simultaneous-boost","36.423428","True","True","68.00407","0.2042661","0.16032726","0","True","1000"
"2230","simultaneous-boost","36.901627","True","True","68.22055","0.22049734","0.175989","0","True","1000"
"2231","simultaneous-boost","37.379326","True","True","68.4255","0.23579103","0.191698","0","True","1000"
"2232","simultaneous-boost","37.85654","True","True","68.61981","0.25022092","0.20747457","0","True","1000"
"2233","simultaneous-boost","38.33328","True","True","68.80433","0.26385468","0.22333367","0","True","1000"
"2234","simultaneous-boost","38.80954","True","True","68.9798","0.27675414","0.23928554","0","True","1000"
"2235","simultaneous-boost","39.285313","True","True","69.146904","0.28897604","0.2553367","0","True","1000"
"2236","simultaneous-boost","39.76059","True","True","69.30629","0.30057216","0.27149034","0","True","1000"
"2237","simultaneous-boost","40.235348","True","True","69.45852","0.31159","0.28774694","0","True","1000"
"2238","simultaneous-boost","40.709568","True","True","69.604126","0.32207286","0.30410457","0","True","1000"
"2239","simultaneous-boost","41.183224","True","True","69.74359","0.33206037","0.32055932","0.37615743","True","1000"
"2240","simultaneous-boost","41.65629","True","True","69.87734","0.34158862","0.33710545","0.92592597","True","1000"
"2241","simultaneous-boost","42.128727","True","True","70.005775","0.35069057","0.35373574","1","True","1000"
"2242","simultaneous-boost","42.600502","True","True","70.12926","0.35939628","0.37044165","1","True","1000"
"2243","simultaneous-boost","43.07158","True","True","70.248116","0.36773303","0.38721335","1","True","1000"
"2244","simultaneous-boost","43.541916","True","True","70.36264","0.37572578","0.40404","1","True","1000"
"2245","simultaneous-boost","44.01147","True","True","70.4731","0.3833971","0.4209098","1","True","1000"
"2246","simultaneous-boost","44.480198","True","True","70.579735","0.3907675","0.43780997","1","True","1000"
"2247","simultaneous-boost","44.948044","True","True","70.68276","0.39785558","0.45472705","1","True","1000"
"2248","simultaneous-boost","45.414955","True","True","70.78239","0.40467817","0.47164667","1","True","1000"
"2249","simultaneous-boost","45.88088","True","True","70.878784","0.41125047","0.48855394","1","True","1000"
"2250","simultaneous-boost","46.34575","True","True","70.9721","0.41758627","0.50543314","1","True","1000"
"2251","simultaneous-boost","46.80951","True","True","71.062485","0.4236979","0.5222681","1","True","1000"
"2252","simultaneous-boost","47.272087","True","True","71.15006","0.42959648","0.53904206","1","True","1000"
"2253","simultaneous-boost","47.733414","True","True","71.23494","0.435292","0.5557376","1","True","1000"
"2254","simultaneous-boost","48.193413","True","True","71.31722","0.44079345","0.57233715","1","True","1000"
"2255","simultaneous-boost","48.652008","True","True","71.396996","0.44610876","0.58882236","1","True","1000"
"2256","simultaneous-boost","49.10911","True","True","71.474335","0.45124507","0.6051747","1","True","1000"
"2257","simultaneous-boost","49.56464","True","True","71.5493","0.45620862","0.6213754","1","True","1000"
"2258","simultaneous-boost","50.018494","True","True","71.62196","0.46100512","0.63740504","1","True","1000"
"2259","simultaneous-boost","50.470577","True","True","71.69236","0.46563938","0.6532443","1","True","1000"
"2260","simultaneous-boost","50.920784","True","True","71.760544","0.4701158","0.66887367","1","True","1000"
"2261","simultaneous-boost","51.369007","True","True","71.82654","0.4744382","0.6842733","1","True","1000"
"2262","simultaneous-boost","51.81513","True","True","71.89038","0.47860983","0.6994235","1","True","1000"
"2263","simultaneous-boost","52.259033","True","True","71.952095","0.48263362","0.7143045","1","True","1000"
"2264","simultaneous-boost","52.700577","True","True","72.01171","0.48651206","0.7288966","1","True","1000"
"2265","simultaneous-boost","53.139626","True","True","72.06923","0.4902473","0.7431803","1","True","1000"
"2266","simultaneous-boost","53.57605","True","True","72.12467","0.4938412","0.7571362","1","True","1000"
"2267","simultaneous-boost","54.00971","True","True","72.17805","0.49729538","0.7707455","1","True","1000"
"2268","simultaneous-boost","54.440456","True","True","72.22936","0.5006112","0.78398955","1","True","1000"
"2269","simultaneous-boost","54.86814","True","True","72.27863","0.5037898","0.7968502","1","True","1000"
"2270","simultaneous-boost","55.29261","True","True","72.32585","0.5068323","0.80930996","1","True","1000"
"2271","simultaneous-boost","55.713696","True","True","72.37103","0.50973964","0.82135206","1","True","1000"
"2272","simultaneous-boost","56.13124","True","True","72.41417","0.5125127","0.8329603","1","True","1000"
"2273","simultaneous-boost","56.545074","True","True","72.45527","0.5151521","0.8441194","1","True","1000"
"2274","simultaneous-boost","56.95502","True","True","72.49434","0.51765877","0.8548151","1","True","1000"
"2275","simultaneous-boost","57.360912","True","True","72.53138","0.5200333","0.86503404","1","True","1000"
"2276","simultaneous-boost","57.762573","True","True","72.56641","0.5222766","0.87476397","1","True","1000"
"2277","simultaneous-boost","58.159832","True","True","72.5994","0.52438927","0.88399374","1","True","1000"
"2278","simultaneous-boost","58.55252","True","True","72.6304","0.5263724","0.8927136","1","True","1000"
"2279","simultaneous-boost","58.94047","True","True","72.65939","0.5282267","0.90091497","1","True","1000"
"2280","simultaneous-boost","59.323524","True","True","72.68639","0.5299533","0.90859085","1","True","1000"
"2281","simultaneous-boost","59.701527","True","True","72.711426","0.5315533","0.91573554","1","True","1000"
"2282","simultaneous-boost","60.074337","True","True","72.7345","0.53302824","0.9223455","1","True","1000"
"2283","simultaneous-boost","60.44182","True","True","72.75573","0.53438526","0.92844665","1","True","1000"
"2284","simultaneous-boost","60.803852","True","True","72.77526","0.53563374","0.93407637","1","True","1000"
"2285","simultaneous-boost","61.160343","True","True","72.79323","0.5367824","0.9392701","1","True","1000"
"2286","simultaneous-boost","61.5112","True","True","72.80976","0.53783923","0.94406027","1","True","1000"
"2287","simultaneous-boost","61.85636","True","True","72.824974","0.53881156","0.9484776","1","True","1000"
"2288","simultaneous-boost","62.19578","True","True","72.83897","0.5397061","0.95255023","1","True","1000"
"2289","simultaneous-boost","62.219353","True","True","72.85184","0.5405292","0.95630443","1","True","1000"
"2290","simultaneous-boost","62.219353","True","True","72.863686","0.5412864","0.95976454","1","True","1000"
"2291","simultaneous-boost","62.219353","True","True","72.87459","0.5419831","0.96295315","1","True","1000"
"2292","simultaneous-boost","62.219353","True","True","72.88461","0.5426241","0.9658912","1","True","1000"
"2293","simultaneous-boost","62.219353","True","True","72.89384","0.54321384","0.968598","1","True","1000"
"2294","simultaneous-boost","62.219353","True","True","72.90233","0.5437564","0.9710915","1","True","1000"
"2295","simultaneous-boost","62.219353","True","True","72.91013","0.5442557","0.9733883","1","True","1000"
"2296","simultaneous-boost","62.219353","True","True","72.91732","0.5447149","0.97550374","1","True","1000"
"2297","simultaneous-boost","62.219353","True","True","72.923935","0.5451375","0.9774518","1","True","1000"
"2298","simultaneous-boost","62.219345","True","True","72.930016","0.54552627","0.9792458","1","True","1000"
"2299","simultaneous-boost","62.21931","True","True","72.93561","0.54588395","0.98089767","1","True","1000"
"2300","simultaneous-boost","62.219234","True","True","72.94076","0.5462131","0.9824187","1","True","1000"
"2301","simultaneous-boost","62.219166","True","True","72.945496","0.5465158","0.983819","1","True","1000"
"2302","simultaneous-boost","62.21901","True","True","72.94985","0.5467944","0.98510826","1","True","1000"
"2303","simultaneous-boost","62.218735","True","True","72.953865","0.5470507","0.9862951","1","True","1000"
"2304","simultaneous-boost","62.21828","True","True","72.95755","0.5472865","0.9873876","1","True","1000"
"2305","simultaneous-boost","62.217625","True","True","72.960945","0.5475035","0.98839325","1","True","1000"
"2306","simultaneous-boost","62.21664","True","True","72.964066","0.5477031","0.989319","1","True","1000"
"2307","simultaneous-boost","62.215557","True","True","72.96694","0.5478867","0.990171","1","True","1000"
"2308","simultaneous-boost","62.214428","True","True","72.96958","0.5480557","0.9909552","1","True","1000"
"2309","simultaneous-boost","62.2143","True","True","72.972015","0.54821116","0.9916769","1","True","1000"
"2310","simultaneous-boost","62.213764","True","True","72.97425","0.5483542","0.99234116","1","True","1000"
"2311","simultaneous-boost","62.213154","True","True","72.97631","0.54848576","0.9929526","1","True","1000"
"2312","simultaneous-boost","62.212242","True","True","72.9782","0.5486069","0.9935152","1","True","1000"
"2313","simultaneous-boost","62.21101","True","True","72.97995","0.5487183","0.9940329","1","True","1000"
"2314","simultaneous-boost","62.20988","True","True","72.98155","0.54882073","0.9945094","1","True","1000"
"2315","simultaneous-boost","62.209312","True","True","72.983025","0.548915","0.9949479","1","True","1000"
"2316","simultaneous-boost","62.209255","True","True","72.98438","0.54900175","0.9953514","1","True","1000"
"2317","simultaneous-boost","62.20744","True","True","72.985634","0.54908156","0.9957227","1","True","1000"
"2318","simultaneous-boost","62.205765","True","True","72.98678","0.549155","0.99606436","1","True","1000"
"2319","simultaneous-boost","62.203827","True","True","72.98784","0.5492226","0.99637884","1","True","1000"
"2320","simultaneous-boost","62.200943","True","True","72.98881","0.54928476","0.9966681","1","True","1000"
"2321","simultaneous-boost","62.19729","True","True","72.98971","0.5493419","0.9969343","1","True","1000"
"2322","simultaneous-boost","62.19639","True","True","72.99053","0.54939455","0.99717927","1","True","1000"
"2323","simultaneous-boost","62.192318","True","True","72.99129","0.54944295","0.99740475","1","True","1000"
"2324","simultaneous-boost","62.190445","True","True","72.99198","0.54948753","0.99761206","1","True","1000"
"2325","simultaneous-boost","62.186592","True","True","72.99262","0.5495285","0.9978029","1","True","1000"
"2326","simultaneous-boost","62.182377","True","True","72.99321","0.5495662","0.9979785","1","True","1000"
"2327","simultaneous-boost","62.176327","True","True","72.99376","0.5496009","0.9981401","1","True","1000"
"2328","simultaneous-boost","62.16906","True","True","72.994255","0.5496328","0.99828875","1","True","1000"
"2329","simultaneous-boost","62.16263","True","True","72.99471","0.5496622","0.99842554","1","True","1000"
"2330","simultaneous-boost","62.160076","True","True","72.99514","0.5496892","0.99855137","1","True","1000"
"2331","simultaneous-boost","62.156616","True","True","72.99553","0.549714","0.9986672","1","True","1000"
"2332","simultaneous-boost","62.14846","True","True","72.99588","0.5497369","0.99877375","1","True","1000"
"2333","simultaneous-boost","62.141243","True","True","72.996216","0.54975796","0.99887174","1","True","1000"
"2334","simultaneous-boost","62.13354","True","True","72.99651","0.54977727","0.9989619","1","True","1000"
"2335","simultaneous-boost","62.122856","True","True","72.996796","0.5497951","0.9990449","1","True","1000"
"2336","simultaneous-boost","62.11035","True","True","72.99705","0.5498115","0.99912125","1","True","1000"
"2337","simultaneous-boost","62.099506","True","True","72.997284","0.54982656","0.9991916","1","True","1000"
"2338","simultaneous-boost","62.092033","True","True","72.997505","0.54984045","0.9992562","1","True","1000"
"2339","simultaneous-boost","62.085926","True","True","72.9977","0.5498532","0.9993156","1","True","1000"
"2340","simultaneous-boost","62.076504","True","True","72.99789","0.5498649","0.99937034","1","True","1000"
"2341","simultaneous-boost","62.066788","True","True","72.998055","0.5498757","0.99942064","1","True","1000"
"2342","simultaneous-boost","62.052895","True","True","72.998215","0.54988563","0.99946696","1","True","1000"
"2343","simultaneous-boost","62.036987","True","True","72.99835","0.54989475","0.9995095","1","True","1000"
"2344","simultaneous-boost","62.023357","True","True","72.99849","0.5499032","0.9995488","1","True","1000"
"2345","simultaneous-boost","62.02045","True","True","72.998604","0.54991096","0.9995849","1","True","1000"
"2346","simultaneous-boost","62.018787","True","True","72.99872","0.54991806","0.99961805","1","True","1000"
"2347","simultaneous-boost","62.006584","True","True","72.99882","0.5499246","0.9996486","1","True","1000"
"2348","simultaneous-boost","61.99718","True","True","72.99892","0.54993063","0.9996767","1","True","1000"
"2349","simultaneous-boost","61.987694","True","True","72.999","0.5499362","0.9997025","1","True","1000"
"2350","simultaneous-boost","61.972256","True","True","72.999084","0.5499413","0.99972636","1","True","1000"
"2351","simultaneous-boost","61.954235","True","True","72.99915","0.549946","0.99974823","1","True","1000"
"2352","simultaneous-boost","61.946182","True","True","72.99922","0.5499503","0.9997684","1","True","1000"
"2353","simultaneous-boost","61.935635","True","True","72.99928","0.5499543","0.99978685","1","True","1000"
"2354","simultaneous-boost","61.933765","True","True","72.999344","0.54995793","0.9998039","1","True","1000"
"2355","simultaneous-boost","61.927803","True","True","72.9994","0.5499613","0.99981964","1","True","1000"
"2356","simultaneous-boost","61.921753","True","True","72.99944","0.5499644","0.999834","1","True","1000"
"2357","simultaneous-boost","61.90826","True","True","72.99949","0.5499673","0.9998473","1","True","1000"
"2358","simultaneous-boost","61.891277","True","True","72.99953","0.5499699","0.9998595","1","True","1000"
"2359","simultaneous-boost","61.8797","True","True","72.999565","0.5499723","0.9998707","1","True","1000"
"2360","simultaneous-boost","61.87944","True","True","72.9996","0.5499745","0.999881","1","True","1000"
"2361","simultaneous-boost","61.874058","True","True","72.99963","0.5499765","0.99989057","1","True","1000"
"2362","simultaneous-boost","61.87672","True","True","72.999664","0.54997844","0.99989927","1","True","1000"
"2363","simultaneous-boost","61.87644","True","True","72.99969","0.54998016","0.9999074","1","True","1000"
"2364","simultaneous-boost","61.871853","True","True","72.99971","0.5499817","0.99991477","1","True","1000"
"2365","simultaneous-boost","61.86404","True","True","72.99974","0.5499832","0.9999216","1","True","1000"
"2366","simultaneous-boost","61.853535","True","True","72.999756","0.5499845","0.9999279","1","True","1000"
"2367","simultaneous-boost","61.83444","True","True","72.99978","0.54998577","0.99993366","1","True","1000"
"2368","simultaneous-boost","61.816307","True","True","72.999794","0.54998696","0.999939","1","True","1000"
"2369","simultaneous-boost","61.796597","True","True","72.99981","0.549988","0.9999439","1","True","1000"
"2370","simultaneous-boost","61.77498","True","True","72.999825","0.5499889","0.9999484","1","True","1000"
"2371","simultaneous-boost","61.751453","True","True","72.99984","0.5499898","0.99995244","1","True","1000"
"2372","simultaneous-boost","61.713932","True","True","72.999855","0.54999065","0.99995625","1","True","1000"
"2373","simultaneous-boost","61.688583","True","True","72.99986","0.54999137","0.9999598","1","True","1000"
"2374","simultaneous-boost","61.651077","True","True","72.99988","0.5499921","0.99996305","1","True","1000"
"2375","simultaneous-boost","61.614952","True","True","72.999886","0.5499927","0.99996597","1","True","1000"
"2376","simultaneous-boost","61.490364","True","True","72.99989","0.5499933","0.9999687","1","True","1000"
"2377","simultaneous-boost","61.52131","True","True","72.9999","0.5499938","0.9999712","1","True","1000"
"2378","simultaneous-boost","61.492214","True","True","72.99991","0.5499943","0.9999735","1","True","1000"
"2379","simultaneous-boost","61.417145","True","True","72.999916","0.54999477","0.99997556","1","True","1000"
"2380","simultaneous-boost","61.381275","True","True","72.99992","0.5499952","0.9999775","1","True","1000"
"2381","simultaneous-boost","61.3214","True","True","72.99993","0.5499956","0.9999793","1","True","1000"
"2382","simultaneous-boost","60.199364","True","True","72.99994","0.54999596","0.999981","1","True","1000"
"2383","simultaneous-boost","60.254333","True","True","72.99994","0.54999626","0.99998254","1","True","1000"
"2384","simultaneous-boost","60.308388","True","True","72.99995","0.54999655","0.9999839","1","True","1000"
"2385","simultaneous-boost","60.36269","True","True","72.999954","0.54999685","0.9999852","1","True","1000"
"2386","simultaneous-boost","60.427044","True","True","72.999954","0.5499971","0.9999864","1","True","1000"
"2387","simultaneous-boost","60.47266","True","True","72.999954","0.5499973","0.9999874","1","True","1000"
"2388","simultaneous-boost","60.51393","True","True","72.99996","0.54999757","0.9999885","1","True","1000"
"2389","simultaneous-boost","60.526432","True","True","72.99996","0.54999775","0.99998945","1","True","1000"
"2390","simultaneous-boost","60.579254","True","True","72.99997","0.5499979","0.99999034","1","True","1000"
"2391","simultaneous-boost","60.61857","True","True","72.99997","0.5499981","0.99999106","1","True","1000"
"2392","simultaneous-boost","60.658817","True","True","72.99997","0.5499983","0.99999183","1","True","1000"
"2393","simultaneous-boost","60.70451","True","True","72.99998","0.5499984","0.9999925","1","True","1000"
"2394","simultaneous-boost","60.768597","True","True","72.99998","0.5499985","0.9999931","1","True","1000"
"2395","simultaneous-boost","60.828773","True","True","72.99998","0.54999864","0.9999937","1","True","1000"
"2396","simultaneous-boost","60.88521","True","True","72.99998","0.54999876","0.99999416","1","True","1000"
"2397","simultaneous-boost","60.941948","True","True","72.999985","0.5499989","0.9999946","1","True","1000"
"2398","simultaneous-boost","61.01905","True","True","72.999985","0.54999894","0.99999505","1","True","1000"
"2399","simultaneous-boost","61.085545","True","True","72.999985","0.54999906","0.99999547","1","True","1000"
"2400","simultaneous-boost","61.138733","True","True","72.999985","0.5499991","0.9999958","1","True","1000"
"2401","simultaneous-boost","61.17177","False","True","72.60333","0.5188337","0.94559836","1","True","1000"
"2402","simultaneous-boost","60.772526","False","True","72.229164","0.48943424","0.89428324","1","True","1000"
"2403","simultaneous-boost","60.394066","False","True","71.87619","0.46170068","0.8458758","0.9959864","True","1000"
"2404","simultaneous-boost","60.00343","False","True","71.54322","0.43553865","0.80021137","0.98435193","True","1000"
"2405","simultaneous-boost","59.61461","False","True","71.229095","0.41085905","0.7571228","0.9657064","True","1000"
"2406","simultaneous-boost","59.228844","False","True","70.93273","0.38757792","0.71644443","0.94065934","True","1000"
"2407","simultaneous-boost","58.86486","False","True","70.65309","0.365616","0.6780285","0.90982056","True","1000"
"2408","simultaneous-boost","58.4975","False","True","70.3892","0.34489855","0.6417371","0.87379956","True","1000"
"2409","simultaneous-boost","58.12939","False","True","70.140144","0.32535502","0.6074436","0.83320606","True","1000"
"2410","simultaneous-boost","57.775837","False","True","69.90506","0.30691895","0.5750346","0.7886498","True","1000"
"2411","simultaneous-boost","57.413734","False","True","69.68314","0.28952754","0.5443998","0.74074036","True","1000"
"2412","simultaneous-boost","57.034267","False","True","69.4736","0.2731216","0.5154331","0.6900875","True","1000"
"2413","simultaneous-boost","56.646435","False","True","69.27571","0.25764528","0.48803815","0.6373007","True","1000"
"2414","simultaneous-boost","56.25811","False","True","69.08879","0.24304593","0.46212757","0.58298993","True","1000"
"2415","simultaneous-boost","55.88478","False","True","68.91221","0.22927386","0.437625","0.52776456","True","1000"
"2416","simultaneous-boost","55.50725","False","True","68.74535","0.21628216","0.41445228","0.47223443","True","1000"
"2417","simultaneous-boost","55.145576","False","True","68.58768","0.20402662","0.3925432","0.4170091","True","1000"
"2418","simultaneous-boost","54.77514","False","True","68.43862","0.19246554","0.37182647","0.3626983","True","1000"
"2419","simultaneous-boost","54.38511","False","True","68.29767","0.18155958","0.35223103","0.30991164","True","1000"
"2420","simultaneous-boost","54.129726","False","True","68.16448","0.17127159","0.3337469","0.2592588","True","1000"
"2421","simultaneous-boost","53.31454","False","True","68.037964","0.16156656","0.31610283","0.21134947","True","989.2939"
"2422","simultaneous-boost","53.211338","False","True","67.918564","0.15241148","0.29953486","0.16679329","True","989.2939"
"2423","simultaneous-boost","53.10958","False","True","67.80588","0.14377517","0.28397337","0.12619992","True","989.2939"
"2424","simultaneous-boost","52.99744","False","True","67.6995","0.13562821","0.26934984","0.09017904","True","989.2939"
"2425","simultaneous-boost","52.706707","False","True","67.59884","0.1279429","0.25554457","0.05934029","True","989.2939"
"2426","simultaneous-boost","52.44153","False","True","67.50361","0.12069308","0.24252126","0.034293354","True","989.2939"
"2427","simultaneous-boost","52.170597","False","True","67.413475","0.113854066","0.23023407","0.015647883","True","989.2939"
"2428","simultaneous-boost","51.903175","False","True","67.328156","0.107402585","0.21864302","0.0040135444","True","989.2939"
"2429","simultaneous-boost","51.61833","False","True","67.24734","0.10131667","0.20770356","0","False","989.2939"
"2430","simultaneous-boost","51.3222","False","True","67.17074","0.09557561","0.19737618","0","False","989.2939"
"2431","simultaneous-boost","51.018314","False","True","67.098114","0.09015986","0.18762496","0","False","989.2939"
"2432","simultaneous-boost","50.70096","False","True","67.0292","0.08505099","0.17841446","0","False","989.2939"
"2433","simultaneous-boost","50.367893","False","True","66.96375","0.08023162","0.169711","0","False","989.2939"
"2434","simultaneous-boost","50.017094","False","True","66.90154","0.07568534","0.16148238","0","False","989.2939"
"2435","simultaneous-boost","49.660786","False","True","66.84237","0.07139667","0.15370215","0","False","989.2939"
"2436","simultaneous-boost","49.29974","False","True","66.786026","0.06735101","0.14634545","0","False","989.2939"
"2437","simultaneous-boost","48.943768","False","True","66.732376","0.063534595","0.13939127","0","False","989.2939"
"2438","simultaneous-boost","48.56557","False","True","66.6812","0.059934437","0.13281226","0","False","989.2939"
"2439","simultaneous-boost","48.18324","False","True","66.63235","0.05653828","0.12658778","0","False","989.2939"
"2440","simultaneous-boost","47.797516","False","True","66.58568","0.053334564","0.12069833","0","False","989.2939"
"2441","simultaneous-boost","47.424583","False","True","66.54107","0.050312385","0.115129426","0","False","989.2939"
"2442","simultaneous-boost","47.035862","False","True","66.498375","0.047461458","0.10985987","0","False","989.2939"
"2443","simultaneous-boost","46.65337","False","True","66.45749","0.044772074","0.10487516","0","False","989.2939"
"2444","simultaneous-boost","46.292065","False","True","66.41834","0.042235084","0.10016473","0","False","989.2939"
"2445","simultaneous-boost","45.91894","False","True","66.380806","0.039841853","0.09571034","0","False","989.2939"
"2446","simultaneous-boost","45.55021","False","True","66.344795","0.037584234","0.09149865","0","False","989.2939"
"2447","simultaneous-boost","45.194824","False","True","66.31024","0.035454538","0.08751881","0","False","989.2939"
"2448","simultaneous-boost","44.85923","False","True","66.2771","0.033445522","0.0837615","0","False","989.2939"
"2449","simultaneous-boost","44.51216","False","True","66.245255","0.031550348","0.0802109","0","False","989.2939"
"2450","simultaneous-boost","44.218155","False","True","66.21475","0.029762562","0.07686553","0","False","989.2939"
"2451","simultaneous-boost","43.950058","False","True","66.18556","0.02807608","0.07371726","0","False","989.2939"
"2452","simultaneous-boost","43.669712","False","True","66.157585","0.026485164","0.07075058","0","False","989.2939"
"2453","simultaneous-boost","43.390602","False","True","66.13074","0.024984395","0.067953855","0","False","989.2939"
"2454","simultaneous-boost","43.13618","False","True","66.10502","0.023568666","0.065320574","0","False","989.2939"
"2455","simultaneous-boost","42.870922","False","True","66.08033","0.022233158","0.06283775","0","False","989.2939"
"2456","simultaneous-boost","42.606163","False","True","66.05661","0.020973327","0.060495522","0","False","989.2939"
"2457","simultaneous-boost","42.36499","False","True","66.03385","0.019784883","0.05828871","0","False","989.2939"
"2458","simultaneous-boost","42.11269","False","True","66.01198","0.01866378","0.056206197","0","False","989.2939"
"2459","simultaneous-boost","41.868786","False","True","65.990944","0.017606208","0.05424111","0","False","989.2939"
"2460","simultaneous-boost","41.640713","False","True","65.97075","0.01660856","0.052388094","0","False","989.2939"
"2461","simultaneous-boost","41.40313","False","True","65.9513","0.015667444","0.050637946","0","False","989.2939"
"2462","simultaneous-boost","41.314182","False","True","65.93292","0.014779655","0.049006987","0","False","989.2939"
"2463","simultaneous-boost","41.22636","False","True","65.91554","0.013942173","0.047485735","0","False","989.2939"
"2464","simultaneous-boost","41.14751","False","True","65.89912","0.013152146","0.046066727","0","False","989.2939"
"2465","simultaneous-boost","40.885624","False","True","65.88314","0.012406886","0.044714812","0","False","989.2939"
"2466","simultaneous-boost","40.686512","False","True","65.867744","0.011703855","0.04343524","0","False","989.2939"
"2467","simultaneous-boost","40.48758","False","True","65.85289","0.011040662","0.042223193","0","False","989.2939"
"2468","simultaneous-boost","40.433186","False","True","65.8389","0.010415048","0.041094486","0","False","989.2939"
"2469","simultaneous-boost","40.378746","False","True","65.825714","0.009824885","0.040042322","0","False","989.2939"
"2470","simultaneous-boost","40.33159","False","True","65.813286","0.009268162","0.03906153","0","False","989.2939"
"2471","simultaneous-boost","40.290833","False","True","65.80159","0.008742986","0.038147252","0","False","989.2939"
"2472","simultaneous-boost","40.031082","False","True","65.79005","0.008247569","0.03726531","0","False","989.2939"
"2473","simultaneous-boost","39.860657","False","True","65.77886","0.007780225","0.036425985","0","False","989.2939"
"2474","simultaneous-boost","39.83131","False","True","65.768364","0.007339362","0.035644714","0","False","989.2939"
"2475","simultaneous-boost","39.807774","False","True","65.758514","0.0069234804","0.034917556","0","False","989.2939"
"2476","simultaneous-boost","39.78372","False","True","65.749275","0.006531165","0.034240104","0","False","989.2939"
"2477","simultaneous-boost","39.76565","False","True","65.740616","0.0061610797","0.033609156","0","False","989.2939"
"2478","simultaneous-boost","39.74745","False","True","65.73249","0.005811965","0.033021037","0","False","989.2939"
"2479","simultaneous-boost","39.51273","False","True","65.724335","0.005482633","0.0324462","0","False","989.2939"
"2480","simultaneous-boost","39.372784","False","True","65.7164","0.0051719625","0.03189584","0","False","989.2939"
"2481","simultaneous-boost","39.251354","False","True","65.7087","0.0048788954","0.03137069","0","False","989.2939"
"2482","simultaneous-boost","39.25432","False","True","65.701546","0.004602435","0.030883802","0","False","989.2939"
"2483","simultaneous-boost","39.257103","False","True","65.69488","0.00434164","0.030432083","0","False","989.2939"
"2484","simultaneous-boost","39.265232","False","True","65.68869","0.0040956233","0.03001336","0","False","989.2939"
"2485","simultaneous-boost","39.100285","False","True","65.682526","0.0038635465","0.02960517","0","False","989.2939"
"2486","simultaneous-boost","39.00267","False","True","65.67654","0.0036446205","0.029214846","0","False","989.2939"
"2487","simultaneous-boost","39.025024","False","True","65.67102","0.0034381","0.028854838","0","False","989.2939"
"2488","simultaneous-boost","39.047443","False","True","65.66594","0.0032432817","0.028522722","0","False","989.2939"
"2489","simultaneous-boost","38.929108","False","True","65.66092","0.0030595027","0.0282006","0","False","989.2939"
"2490","simultaneous-boost","38.832497","False","True","65.656","0.0028861375","0.027890414","0","False","989.2939"
"2491","simultaneous-boost","38.748302","False","True","65.65122","0.0027225958","0.02759284","0","False","989.2939"
"2492","simultaneous-boost","38.790157","False","True","65.64688","0.002568321","0.027320927","0","False","989.2939"
"2493","simultaneous-boost","38.83282","False","True","65.64294","0.0024227884","0.0270727","0","False","989.2939"
"2494","simultaneous-boost","38.880722","False","True","65.63939","0.0022855022","0.026846835","0","False","989.2939"
"2495","simultaneous-boost","38.933693","False","True","65.636215","0.0021559952","0.0266421","0","False","989.2939"
"2496","simultaneous-boost","38.811897","False","True","65.63296","0.002033827","0.026438085","0","False","989.2939"
"2497","simultaneous-boost","38.872944","False","True","65.63007","0.001918581","0.026254537","0","False","989.2939"
"2498","simultaneous-boost","38.938095","False","True","65.62755","0.0018098655","0.026090259","0","False","989.2939"
"2499","simultaneous-boost","39.009724","False","True","65.62537","0.0017073103","0.025944404","0","False","989.2939"
"2500","simultaneous-boost","39.085217","False","True","65.62352","0.0016105665","0.025815923","0","False","989.2939"
"2501","simultaneous-boost","39.165333","False","True","65.62198","0.0015193045","0.025703922","0","False","989.2939"
"2502","simultaneous-boost","39.04806","False","True","65.620255","0.0014332137","0.0255865","0","False","989.2939"
"2503","simultaneous-boost","38.995842","False","True","65.61851","0.0013520013","0.025471091","0","False","989.2939"
"2504","simultaneous-boost","38.9544","False","True","65.61678","0.0012753909","0.025358802","0","False","989.2939"
"2505","simultaneous-boost","39.039158","False","True","65.61537","0.0012031215","0.025262577","0","False","989.2939"
"2506","simultaneous-boost","39.126217","False","True","65.61427","0.0011349472","0.025181372","0","False","989.2939"
"2507","simultaneous-boost","39.214787","False","True","65.61346","0.001070636","0.025114154","0","False","989.2939"
"2508","simultaneous-boost","39.30402","False","True","65.61291","0.0010099689","0.025059879","0","False","989.2939"
"2509","simultaneous-boost","39.39316","False","True","65.6126","0.00095273944","0.02501752","0","False","989.2939"
"2510","simultaneous-boost","39.480927","False","True","65.61252","0.0008987529","0.024986003","0","False","989.2939"
"2511","simultaneous-boost","39.40056","False","True","65.61223","0.00084782555","0.024947431","0","False","989.2939"
"2512","simultaneous-boost","39.486668","False","True","65.61215","0.0007997839","0.02491936","0","False","989.2939"
"2513","simultaneous-boost","39.572353","False","True","65.61228","0.00075446453","0.024900934","0","False","989.2939"
"2514","simultaneous-boost","39.65724","False","True","65.612595","0.0007117131","0.024891317","0","False","989.2939"
"2515","simultaneous-boost","39.740326","False","True","65.613075","0.0006713842","0.024889652","0","False","989.2939"
"2516","simultaneous-boost","39.8223","False","True","65.6137","0.0006333406","0.024895215","0","False","989.2939"
"2517","simultaneous-boost","39.715935","False","True","65.61401","0.0005974527","0.024888625","0","False","989.2939"
"2518","simultaneous-boost","39.66047","False","True","65.61414","0.0005635983","0.024876045","0","False","989.2939"
"2519","simultaneous-boost","39.615902","False","True","65.61415","0.00053166226","0.024859125","0","False","989.2939"
"2520","simultaneous-boost","39.559216","False","True","65.61401","0.00050153583","0.024837067","0","False","989.2939"
