"frame","phase","speed","active","grounded","fov","pullback","streaks","hp"
"1","enter-sustain-exit","24","False","False","65","0","0","1000"
"2","enter-sustain-exit","24","False","True","65.01249","0","0.0004997224","1000"
"3","enter-sustain-exit","24.084047","False","True","65.02415","0","0.00096580386","1000"
"4","enter-sustain-exit","24.185892","False","True","65.03506","0","0.0014023106","1000"
"5","enter-sustain-exit","24.296915","False","True","65.04531","0","0.0018123486","1000"
"6","enter-sustain-exit","24.41555","False","True","65.05497","0","0.002198668","1000"
"7","enter-sustain-exit","24.54131","False","True","65.064095","0","0.0025637713","1000"
"8","enter-sustain-exit","24.672813","False","True","65.07275","0","0.0029098638","1000"
"9","enter-sustain-exit","24.8098","False","True","65.08097","0","0.0032389623","1000"
"10","enter-sustain-exit","24.951267","False","True","65.08882","0","0.0035528513","1000"
"11","enter-sustain-exit","25.096315","False","True","65.09633","0","0.0038531076","1000"
"12","enter-sustain-exit","25.245085","False","True","65.10353","0","0.0041411985","1000"
"13","enter-sustain-exit","25.39632","False","True","65.11046","0","0.004418377","1000"
"14","enter-sustain-exit","25.549679","False","True","65.11714","0","0.004685772","1000"
"15","enter-sustain-exit","25.70528","False","True","65.12361","0","0.004944434","1000"
"16","enter-sustain-exit","25.862255","False","True","65.12988","0","0.00519526","1000"
"17","enter-sustain-exit","26.020199","False","True","65.13598","0","0.005439044","1000"
"18","enter-sustain-exit","26.179232","False","True","65.141914","0","0.0056765256","1000"
"19","enter-sustain-exit","26.338825","False","True","65.147705","0","0.0059083425","1000"
"20","enter-sustain-exit","26.498724","False","True","65.15337","0","0.006135058","1000"
"21","enter-sustain-exit","26.658974","False","True","65.15893","0","0.006357195","1000"
"22","enter-sustain-exit","26.819225","False","True","65.16438","0","0.0065752016","1000"
"23","enter-sustain-exit","26.979385","False","True","65.16974","0","0.0067894827","1000"
"24","enter-sustain-exit","27.139286","False","True","65.17501","0","0.007000394","1000"
"25","enter-sustain-exit","27.29882","False","True","65.18021","0","0.0072082523","1000"
"26","enter-sustain-exit","27.457905","False","True","65.18533","0","0.007413339","1000"
"27","enter-sustain-exit","27.616463","False","True","65.1904","0","0.007615904","1000"
"28","enter-sustain-exit","27.77443","False","True","65.195404","0","0.007816171","1000"
"29","enter-sustain-exit","27.931753","False","True","65.200356","0","0.008014336","1000"
"30","enter-sustain-exit","28.088388","False","True","65.20526","0","0.008210578","1000"
"31","enter-sustain-exit","28.244299","False","True","65.21013","0","0.00840505","1000"
"32","enter-sustain-exit","28.399456","False","True","65.21495","0","0.008597895","1000"
"33","enter-sustain-exit","28.553837","False","True","65.219734","0","0.008789232","1000"
"34","enter-sustain-exit","28.707424","False","True","65.22448","0","0.008979174","1000"
"35","enter-sustain-exit","28.860209","False","True","65.229195","0","0.009167818","1000"
"36","enter-sustain-exit","29.012182","False","True","65.23388","0","0.009355254","1000"
"37","enter-sustain-exit","29.163347","False","True","65.23854","0","0.009541556","1000"
"38","enter-sustain-exit","29.313704","False","True","65.24317","0","0.009726798","1000"
"39","enter-sustain-exit","29.463259","False","True","65.24778","0","0.009911042","1000"
"40","enter-sustain-exit","29.61202","False","True","65.25236","0","0.010094343","1000"
"41","enter-sustain-exit","29.760002","False","True","65.25692","0","0.010276755","1000"
"42","enter-sustain-exit","29.907215","False","True","65.26146","0","0.010458324","1000"
"43","enter-sustain-exit","30.05364","False","True","65.265976","0","0.010639089","1000"
"44","enter-sustain-exit","30.199183","False","True","65.27048","0","0.010819076","1000"
"45","enter-sustain-exit","30.34373","False","True","65.274956","0","0.010998296","1000"
"46","enter-sustain-exit","30.48737","False","True","65.27942","0","0.011176765","1000"
"47","enter-sustain-exit","30.630217","False","True","65.28386","0","0.011354507","1000"
"48","enter-sustain-exit","30.772366","False","True","65.28829","0","0.011531551","1000"
"49","enter-sustain-exit","30.91389","False","True","65.2927","0","0.011707933","1000"
"50","enter-sustain-exit","31.054848","False","True","65.29709","0","0.011883683","1000"
"51","enter-sustain-exit","31.195278","False","True","65.30147","0","0.012058837","1000"
"52","enter-sustain-exit","31.33521","False","True","65.30583","0","0.012233429","1000"
"53","enter-sustain-exit","31.474669","False","True","65.31019","0","0.012407487","1000"
"54","enter-sustain-exit","31.613665","False","True","65.31453","0","0.012581042","1000"
"55","enter-sustain-exit","31.752207","False","True","65.318855","0","0.012754118","1000"
"56","enter-sustain-exit","31.8903","False","True","65.323166","0","0.012926739","1000"
"57","enter-sustain-exit","32.02795","False","True","65.32748","0","0.013098926","1000"
"58","enter-sustain-exit","32.16515","False","True","65.331764","0","0.013270695","1000"
"59","enter-sustain-exit","32.3019","False","True","65.33605","0","0.013442061","1000"
"60","enter-sustain-exit","32.438194","False","True","65.340324","0","0.013613035","1000"
"61","enter-sustain-exit","32.574028","True","True","65.717636","0.029310424","0.031412892","1000"
"62","enter-sustain-exit","33.05715","True","True","66.070526","0.05663603","0.048557855","1000"
"63","enter-sustain-exit","33.540688","True","True","66.400986","0.08213764","0.065204434","1000"
"64","enter-sustain-exit","34.02322","True","True","66.710815","0.10596183","0.08148023","1000"
"65","enter-sustain-exit","34.504757","True","True","67.001686","0.1282432","0.09748933","1000"
"66","enter-sustain-exit","34.98544","True","True","67.2751","0.14910534","0.11331649","1000"
"67","enter-sustain-exit","35.46539","True","True","67.53247","0.16866182","0.1290303","1000"
"68","enter-sustain-exit","35.9447","True","True","67.77507","0.18701686","0.1446859","1000"
"69","enter-sustain-exit","36.423428","True","True","68.00407","0.2042661","0.16032726","1000"
"70","enter-sustain-exit","36.901627","True","True","68.22055","0.22049734","0.175989","1000"
"71","enter-sustain-exit","37.379326","True","True","68.4255","0.23579103","0.191698","1000"
"72","enter-sustain-exit","37.85654","True","True","68.61981","0.25022092","0.20747457","1000"
"73","enter-sustain-exit","38.33328","True","True","68.80433","0.26385468","0.22333367","1000"
"74","enter-sustain-exit","38.80954","True","True","68.9798","0.27675414","0.23928554","1000"
"75","enter-sustain-exit","39.285313","True","True","69.146904","0.28897604","0.2553367","1000"
"76","enter-sustain-exit","39.76059","True","True","69.30629","0.30057216","0.27149034","1000"
"77","enter-sustain-exit","40.235348","True","True","69.45852","0.31159","0.28774694","1000"
"78","enter-sustain-exit","40.709568","True","True","69.604126","0.32207286","0.30410457","1000"
"79","enter-sustain-exit","41.183224","True","True","69.74359","0.33206037","0.32055932","1000"
"80","enter-sustain-exit","41.65629","True","True","69.87734","0.34158862","0.33710545","1000"
"81","enter-sustain-exit","42.128727","True","True","70.005775","0.35069057","0.35373574","1000"
"82","enter-sustain-exit","42.600502","True","True","70.12926","0.35939628","0.37044165","1000"
"83","enter-sustain-exit","43.07158","True","True","70.248116","0.36773303","0.38721335","1000"
"84","enter-sustain-exit","43.541916","True","True","70.36264","0.37572578","0.40404","1000"
"85","enter-sustain-exit","44.01147","True","True","70.4731","0.3833971","0.4209098","1000"
"86","enter-sustain-exit","44.480198","True","True","70.579735","0.3907675","0.43780997","1000"
"87","enter-sustain-exit","44.948044","True","True","70.68276","0.39785558","0.45472705","1000"
"88","enter-sustain-exit","45.414955","True","True","70.78239","0.40467817","0.47164667","1000"
"89","enter-sustain-exit","45.88088","True","True","70.878784","0.41125047","0.48855394","1000"
"90","enter-sustain-exit","46.34575","True","True","70.9721","0.41758627","0.50543314","1000"
"91","enter-sustain-exit","46.80951","True","True","71.062485","0.4236979","0.5222681","1000"
"92","enter-sustain-exit","47.272087","True","True","71.15006","0.42959648","0.53904206","1000"
"93","enter-sustain-exit","47.733414","True","True","71.23494","0.435292","0.5557376","1000"
"94","enter-sustain-exit","48.193413","True","True","71.31722","0.44079345","0.57233715","1000"
"95","enter-sustain-exit","48.652008","True","True","71.396996","0.44610876","0.58882236","1000"
"96","enter-sustain-exit","49.10911","True","True","71.474335","0.45124507","0.6051747","1000"
"97","enter-sustain-exit","49.56464","True","True","71.5493","0.45620862","0.6213754","1000"
"98","enter-sustain-exit","50.018494","True","True","71.62196","0.46100512","0.63740504","1000"
"99","enter-sustain-exit","50.470577","True","True","71.69236","0.46563938","0.6532443","1000"
"100","enter-sustain-exit","50.920784","True","True","71.760544","0.4701158","0.66887367","1000"
"101","enter-sustain-exit","51.369007","True","True","71.82654","0.4744382","0.6842733","1000"
"102","enter-sustain-exit","51.81513","True","True","71.89038","0.47860983","0.6994235","1000"
"103","enter-sustain-exit","52.259033","True","True","71.952095","0.48263362","0.7143045","1000"
"104","enter-sustain-exit","52.700577","True","True","72.01171","0.48651206","0.7288966","1000"
"105","enter-sustain-exit","53.139626","True","True","72.06923","0.4902473","0.7431803","1000"
"106","enter-sustain-exit","53.57605","True","True","72.12467","0.4938412","0.7571362","1000"
"107","enter-sustain-exit","54.00971","True","True","72.17805","0.49729538","0.7707455","1000"
"108","enter-sustain-exit","54.440456","True","True","72.22936","0.5006112","0.78398955","1000"
"109","enter-sustain-exit","54.86814","True","True","72.27863","0.5037898","0.7968502","1000"
"110","enter-sustain-exit","55.29261","True","True","72.32585","0.5068323","0.80930996","1000"
"111","enter-sustain-exit","55.713696","True","True","72.37103","0.50973964","0.82135206","1000"
"112","enter-sustain-exit","56.13124","True","True","72.41417","0.5125127","0.8329603","1000"
"113","enter-sustain-exit","56.545074","True","True","72.45527","0.5151521","0.8441194","1000"
"114","enter-sustain-exit","56.95502","True","True","72.49434","0.51765877","0.8548151","1000"
"115","enter-sustain-exit","57.360912","True","True","72.53138","0.5200333","0.86503404","1000"
"116","enter-sustain-exit","57.762573","True","True","72.56641","0.5222766","0.87476397","1000"
"117","enter-sustain-exit","58.159832","True","True","72.5994","0.52438927","0.88399374","1000"
"118","enter-sustain-exit","58.55252","True","True","72.6304","0.5263724","0.8927136","1000"
"119","enter-sustain-exit","58.94047","True","True","72.65939","0.5282267","0.90091497","1000"
"120","enter-sustain-exit","59.323524","True","True","72.68639","0.5299533","0.90859085","1000"
"121","enter-sustain-exit","59.701527","True","True","72.711426","0.5315533","0.91573554","1000"
"122","enter-sustain-exit","60.074337","True","True","72.7345","0.53302824","0.9223455","1000"
"123","enter-sustain-exit","60.44182","True","True","72.75573","0.53438526","0.92844665","1000"
"124","enter-sustain-exit","60.803852","True","True","72.77526","0.53563374","0.93407637","1000"
"125","enter-sustain-exit","61.160343","True","True","72.79323","0.5367824","0.9392701","1000"
"126","enter-sustain-exit","61.5112","True","True","72.80976","0.53783923","0.94406027","1000"
"127","enter-sustain-exit","61.85636","True","True","72.824974","0.53881156","0.9484776","1000"
"128","enter-sustain-exit","62.19578","True","True","72.83897","0.5397061","0.95255023","1000"
"129","enter-sustain-exit","62.219353","True","True","72.85184","0.5405292","0.95630443","1000"
"130","enter-sustain-exit","62.219353","True","True","72.863686","0.5412864","0.95976454","1000"
"131","enter-sustain-exit","62.219353","True","True","72.87459","0.5419831","0.96295315","1000"
"132","enter-sustain-exit","62.219353","True","True","72.88461","0.5426241","0.9658912","1000"
"133","enter-sustain-exit","62.219353","True","True","72.89384","0.54321384","0.968598","1000"
"134","enter-sustain-exit","62.219353","True","True","72.90233","0.5437564","0.9710915","1000"
"135","enter-sustain-exit","62.219353","True","True","72.91013","0.5442557","0.9733883","1000"
"136","enter-sustain-exit","62.219353","True","True","72.91732","0.5447149","0.97550374","1000"
"137","enter-sustain-exit","62.219353","True","True","72.923935","0.5451375","0.9774518","1000"
"138","enter-sustain-exit","62.219345","True","True","72.930016","0.54552627","0.9792458","1000"
"139","enter-sustain-exit","62.21931","True","True","72.93561","0.54588395","0.98089767","1000"
"140","enter-sustain-exit","62.219234","True","True","72.94076","0.5462131","0.9824187","1000"
"141","enter-sustain-exit","62.219166","True","True","72.945496","0.5465158","0.983819","1000"
"142","enter-sustain-exit","62.21901","True","True","72.94985","0.5467944","0.98510826","1000"
"143","enter-sustain-exit","62.218735","True","True","72.953865","0.5470507","0.9862951","1000"
"144","enter-sustain-exit","62.21828","True","True","72.95755","0.5472865","0.9873876","1000"
"145","enter-sustain-exit","62.217625","True","True","72.960945","0.5475035","0.98839325","1000"
"146","enter-sustain-exit","62.21664","True","True","72.964066","0.5477031","0.989319","1000"
"147","enter-sustain-exit","62.215557","True","True","72.96694","0.5478867","0.990171","1000"
"148","enter-sustain-exit","62.214428","True","True","72.96958","0.5480557","0.9909552","1000"
"149","enter-sustain-exit","62.2143","True","True","72.972015","0.54821116","0.9916769","1000"
"150","enter-sustain-exit","62.213764","True","True","72.97425","0.5483542","0.99234116","1000"
"151","enter-sustain-exit","62.213154","True","True","72.97631","0.54848576","0.9929526","1000"
"152","enter-sustain-exit","62.212242","True","True","72.9782","0.5486069","0.9935152","1000"
"153","enter-sustain-exit","62.21101","True","True","72.97995","0.5487183","0.9940329","1000"
"154","enter-sustain-exit","62.20988","True","True","72.98155","0.54882073","0.9945094","1000"
"155","enter-sustain-exit","62.209312","True","True","72.983025","0.548915","0.9949479","1000"
"156","enter-sustain-exit","62.209255","True","True","72.98438","0.54900175","0.9953514","1000"
"157","enter-sustain-exit","62.20744","True","True","72.985634","0.54908156","0.9957227","1000"
"158","enter-sustain-exit","62.205765","True","True","72.98678","0.549155","0.99606436","1000"
"159","enter-sustain-exit","62.203827","True","True","72.98784","0.5492226","0.99637884","1000"
"160","enter-sustain-exit","62.200943","True","True","72.98881","0.54928476","0.9966681","1000"
"161","enter-sustain-exit","62.19729","True","True","72.98971","0.5493419","0.9969343","1000"
"162","enter-sustain-exit","62.19639","True","True","72.99053","0.54939455","0.99717927","1000"
"163","enter-sustain-exit","62.192318","True","True","72.99129","0.54944295","0.99740475","1000"
"164","enter-sustain-exit","62.190445","True","True","72.99198","0.54948753","0.99761206","1000"
"165","enter-sustain-exit","62.186592","True","True","72.99262","0.5495285","0.9978029","1000"
"166","enter-sustain-exit","62.182377","True","True","72.99321","0.5495662","0.9979785","1000"
"167","enter-sustain-exit","62.176327","True","True","72.99376","0.5496009","0.9981401","1000"
"168","enter-sustain-exit","62.16906","True","True","72.994255","0.5496328","0.99828875","1000"
"169","enter-sustain-exit","62.16263","True","True","72.99471","0.5496622","0.99842554","1000"
"170","enter-sustain-exit","62.160076","True","True","72.99514","0.5496892","0.99855137","1000"
"171","enter-sustain-exit","62.156616","True","True","72.99553","0.549714","0.9986672","1000"
"172","enter-sustain-exit","62.14846","True","True","72.99588","0.5497369","0.99877375","1000"
"173","enter-sustain-exit","62.141243","True","True","72.996216","0.54975796","0.99887174","1000"
"174","enter-sustain-exit","62.13354","True","True","72.99651","0.54977727","0.9989619","1000"
"175","enter-sustain-exit","62.122856","True","True","72.996796","0.5497951","0.9990449","1000"
"176","enter-sustain-exit","62.11035","True","True","72.99705","0.5498115","0.99912125","1000"
"177","enter-sustain-exit","62.099506","True","True","72.997284","0.54982656","0.9991916","1000"
"178","enter-sustain-exit","62.092033","True","True","72.997505","0.54984045","0.9992562","1000"
"179","enter-sustain-exit","62.085926","True","True","72.9977","0.5498532","0.9993156","1000"
"180","enter-sustain-exit","62.076504","True","True","72.99789","0.5498649","0.99937034","1000"
"181","enter-sustain-exit","62.066788","True","True","72.998055","0.5498757","0.99942064","1000"
"182","enter-sustain-exit","62.052895","True","True","72.998215","0.54988563","0.99946696","1000"
"183","enter-sustain-exit","62.036987","True","True","72.99835","0.54989475","0.9995095","1000"
"184","enter-sustain-exit","62.023357","True","True","72.99849","0.5499032","0.9995488","1000"
"185","enter-sustain-exit","62.02045","True","True","72.998604","0.54991096","0.9995849","1000"
"186","enter-sustain-exit","62.018787","True","True","72.99872","0.54991806","0.99961805","1000"
"187","enter-sustain-exit","62.006584","True","True","72.99882","0.5499246","0.9996486","1000"
"188","enter-sustain-exit","61.99718","True","True","72.99892","0.54993063","0.9996767","1000"
"189","enter-sustain-exit","61.987694","True","True","72.999","0.5499362","0.9997025","1000"
"190","enter-sustain-exit","61.972256","True","True","72.999084","0.5499413","0.99972636","1000"
"191","enter-sustain-exit","61.954235","True","True","72.99915","0.549946","0.99974823","1000"
"192","enter-sustain-exit","61.946182","True","True","72.99922","0.5499503","0.9997684","1000"
"193","enter-sustain-exit","61.935635","True","True","72.99928","0.5499543","0.99978685","1000"
"194","enter-sustain-exit","61.933765","True","True","72.999344","0.54995793","0.9998039","1000"
"195","enter-sustain-exit","61.927803","True","True","72.9994","0.5499613","0.99981964","1000"
"196","enter-sustain-exit","61.921753","True","True","72.99944","0.5499644","0.999834","1000"
"197","enter-sustain-exit","61.90826","True","True","72.99949","0.5499673","0.9998473","1000"
"198","enter-sustain-exit","61.891277","True","True","72.99953","0.5499699","0.9998595","1000"
"199","enter-sustain-exit","61.8797","True","True","72.999565","0.5499723","0.9998707","1000"
"200","enter-sustain-exit","61.87944","True","True","72.9996","0.5499745","0.999881","1000"
"201","enter-sustain-exit","61.874058","True","True","72.99963","0.5499765","0.99989057","1000"
"202","enter-sustain-exit","61.87672","True","True","72.999664","0.54997844","0.99989927","1000"
"203","enter-sustain-exit","61.87644","True","True","72.99969","0.54998016","0.9999074","1000"
"204","enter-sustain-exit","61.871853","True","True","72.99971","0.5499817","0.99991477","1000"
"205","enter-sustain-exit","61.86404","True","True","72.99974","0.5499832","0.9999216","1000"
"206","enter-sustain-exit","61.853535","True","True","72.999756","0.5499845","0.9999279","1000"
"207","enter-sustain-exit","61.83444","True","True","72.99978","0.54998577","0.99993366","1000"
"208","enter-sustain-exit","61.816307","True","True","72.999794","0.54998696","0.999939","1000"
"209","enter-sustain-exit","61.796597","True","True","72.99981","0.549988","0.9999439","1000"
"210","enter-sustain-exit","61.77498","True","True","72.999825","0.5499889","0.9999484","1000"
"211","enter-sustain-exit","61.751453","True","True","72.99984","0.5499898","0.99995244","1000"
"212","enter-sustain-exit","61.713932","True","True","72.999855","0.54999065","0.99995625","1000"
"213","enter-sustain-exit","61.688583","True","True","72.99986","0.54999137","0.9999598","1000"
"214","enter-sustain-exit","61.651077","True","True","72.99988","0.5499921","0.99996305","1000"
"215","enter-sustain-exit","61.614952","True","True","72.999886","0.5499927","0.99996597","1000"
"216","enter-sustain-exit","61.490364","True","True","72.99989","0.5499933","0.9999687","1000"
"217","enter-sustain-exit","61.52131","True","True","72.9999","0.5499938","0.9999712","1000"
"218","enter-sustain-exit","61.492214","True","True","72.99991","0.5499943","0.9999735","1000"
"219","enter-sustain-exit","61.417145","True","True","72.999916","0.54999477","0.99997556","1000"
"220","enter-sustain-exit","61.381275","True","True","72.99992","0.5499952","0.9999775","1000"
"221","enter-sustain-exit","61.3214","True","True","72.99993","0.5499956","0.9999793","1000"
"222","enter-sustain-exit","60.199364","True","True","72.99994","0.54999596","0.999981","1000"
"223","enter-sustain-exit","60.254333","True","True","72.99994","0.54999626","0.99998254","1000"
"224","enter-sustain-exit","60.308388","True","True","72.99995","0.54999655","0.9999839","1000"
"225","enter-sustain-exit","60.36269","True","True","72.999954","0.54999685","0.9999852","1000"
"226","enter-sustain-exit","60.427044","True","True","72.999954","0.5499971","0.9999864","1000"
"227","enter-sustain-exit","60.47266","True","True","72.999954","0.5499973","0.9999874","1000"
"228","enter-sustain-exit","60.51393","True","True","72.99996","0.54999757","0.9999885","1000"
"229","enter-sustain-exit","60.526432","True","True","72.99996","0.54999775","0.99998945","1000"
"230","enter-sustain-exit","60.579254","True","True","72.99997","0.5499979","0.99999034","1000"
"231","enter-sustain-exit","60.61857","True","True","72.99997","0.5499981","0.99999106","1000"
"232","enter-sustain-exit","60.658817","True","True","72.99997","0.5499983","0.99999183","1000"
"233","enter-sustain-exit","60.70451","True","True","72.99998","0.5499984","0.9999925","1000"
"234","enter-sustain-exit","60.768597","True","True","72.99998","0.5499985","0.9999931","1000"
"235","enter-sustain-exit","60.828773","True","True","72.99998","0.54999864","0.9999937","1000"
"236","enter-sustain-exit","60.88521","True","True","72.99998","0.54999876","0.99999416","1000"
"237","enter-sustain-exit","60.941948","True","True","72.999985","0.5499989","0.9999946","1000"
"238","enter-sustain-exit","61.01905","True","True","72.999985","0.54999894","0.99999505","1000"
"239","enter-sustain-exit","61.085545","True","True","72.999985","0.54999906","0.99999547","1000"
"240","enter-sustain-exit","61.138733","True","True","72.999985","0.5499991","0.9999958","1000"
"241","enter-sustain-exit","61.17177","False","True","72.60333","0.5188337","0.94559836","1000"
"242","enter-sustain-exit","60.772526","False","True","72.229164","0.48943424","0.89428324","1000"
"243","enter-sustain-exit","60.394066","False","True","71.87619","0.46170068","0.8458758","1000"
"244","enter-sustain-exit","60.00343","False","True","71.54322","0.43553865","0.80021137","1000"
"245","enter-sustain-exit","59.61461","False","True","71.229095","0.41085905","0.7571228","1000"
"246","enter-sustain-exit","59.228844","False","True","70.93273","0.38757792","0.71644443","1000"
"247","enter-sustain-exit","58.86486","False","True","70.65309","0.365616","0.6780285","1000"
"248","enter-sustain-exit","58.4975","False","True","70.3892","0.34489855","0.6417371","1000"
"249","enter-sustain-exit","58.12939","False","True","70.140144","0.32535502","0.6074436","1000"
"250","enter-sustain-exit","57.775837","False","True","69.90506","0.30691895","0.5750346","1000"
"251","enter-sustain-exit","57.413734","False","True","69.68314","0.28952754","0.5443998","1000"
"252","enter-sustain-exit","57.034267","False","True","69.4736","0.2731216","0.5154331","1000"
"253","enter-sustain-exit","56.646435","False","True","69.27571","0.25764528","0.48803815","1000"
"254","enter-sustain-exit","56.25811","False","True","69.08879","0.24304593","0.46212757","1000"
"255","enter-sustain-exit","55.88478","False","True","68.91221","0.22927386","0.437625","1000"
"256","enter-sustain-exit","55.50725","False","True","68.74535","0.21628216","0.41445228","1000"
"257","enter-sustain-exit","55.145576","False","True","68.58768","0.20402662","0.3925432","1000"
"258","enter-sustain-exit","54.77514","False","True","68.43862","0.19246554","0.37182647","1000"
"259","enter-sustain-exit","54.38511","False","True","68.29767","0.18155958","0.35223103","1000"
"260","enter-sustain-exit","54.129726","False","True","68.16448","0.17127159","0.3337469","1000"
"261","enter-sustain-exit","53.31454","False","True","68.037964","0.16156656","0.31610283","989.2939"
"262","enter-sustain-exit","53.211338","False","True","67.918564","0.15241148","0.29953486","989.2939"
"263","enter-sustain-exit","53.10958","False","True","67.80588","0.14377517","0.28397337","989.2939"
"264","enter-sustain-exit","52.99744","False","True","67.6995","0.13562821","0.26934984","989.2939"
"265","enter-sustain-exit","52.706707","False","True","67.59884","0.1279429","0.25554457","989.2939"
"266","enter-sustain-exit","52.44153","False","True","67.50361","0.12069308","0.24252126","989.2939"
"267","enter-sustain-exit","52.170597","False","True","67.413475","0.113854066","0.23023407","989.2939"
"268","enter-sustain-exit","51.903175","False","True","67.328156","0.107402585","0.21864302","989.2939"
"269","enter-sustain-exit","51.61833","False","True","67.24734","0.10131667","0.20770356","989.2939"
"270","enter-sustain-exit","51.3222","False","True","67.17074","0.09557561","0.19737618","989.2939"
"271","enter-sustain-exit","51.018314","False","True","67.098114","0.09015986","0.18762496","989.2939"
"272","enter-sustain-exit","50.70096","False","True","67.0292","0.08505099","0.17841446","989.2939"
"273","enter-sustain-exit","50.367893","False","True","66.96375","0.08023162","0.169711","989.2939"
"274","enter-sustain-exit","50.017094","False","True","66.90154","0.07568534","0.16148238","989.2939"
"275","enter-sustain-exit","49.660786","False","True","66.84237","0.07139667","0.15370215","989.2939"
"276","enter-sustain-exit","49.29974","False","True","66.786026","0.06735101","0.14634545","989.2939"
"277","enter-sustain-exit","48.943768","False","True","66.732376","0.063534595","0.13939127","989.2939"
"278","enter-sustain-exit","48.56557","False","True","66.6812","0.059934437","0.13281226","989.2939"
"279","enter-sustain-exit","48.18324","False","True","66.63235","0.05653828","0.12658778","989.2939"
"280","enter-sustain-exit","47.797516","False","True","66.58568","0.053334564","0.12069833","989.2939"
"281","enter-sustain-exit","47.424583","False","True","66.54107","0.050312385","0.115129426","989.2939"
"282","enter-sustain-exit","47.035862","False","True","66.498375","0.047461458","0.10985987","989.2939"
"283","enter-sustain-exit","46.65337","False","True","66.45749","0.044772074","0.10487516","989.2939"
"284","enter-sustain-exit","46.292065","False","True","66.41834","0.042235084","0.10016473","989.2939"
"285","enter-sustain-exit","45.91894","False","True","66.380806","0.039841853","0.09571034","989.2939"
"286","enter-sustain-exit","45.55021","False","True","66.344795","0.037584234","0.09149865","989.2939"
"287","enter-sustain-exit","45.194824","False","True","66.31024","0.035454538","0.08751881","989.2939"
"288","enter-sustain-exit","44.85923","False","True","66.2771","0.033445522","0.0837615","989.2939"
"289","enter-sustain-exit","44.51216","False","True","66.245255","0.031550348","0.0802109","989.2939"
"290","enter-sustain-exit","44.218155","False","True","66.21475","0.029762562","0.07686553","989.2939"
"291","enter-sustain-exit","43.950058","False","True","66.18556","0.02807608","0.07371726","989.2939"
"292","enter-sustain-exit","43.669712","False","True","66.157585","0.026485164","0.07075058","989.2939"
"293","enter-sustain-exit","43.390602","False","True","66.13074","0.024984395","0.067953855","989.2939"
"294","enter-sustain-exit","43.13618","False","True","66.10502","0.023568666","0.065320574","989.2939"
"295","enter-sustain-exit","42.870922","False","True","66.08033","0.022233158","0.06283775","989.2939"
"296","enter-sustain-exit","42.606163","False","True","66.05661","0.020973327","0.060495522","989.2939"
"297","enter-sustain-exit","42.36499","False","True","66.03385","0.019784883","0.05828871","989.2939"
"298","enter-sustain-exit","42.11269","False","True","66.01198","0.01866378","0.056206197","989.2939"
"299","enter-sustain-exit","41.868786","False","True","65.990944","0.017606208","0.05424111","989.2939"
"300","enter-sustain-exit","41.640713","False","True","65.97075","0.01660856","0.052388094","989.2939"
"301","enter-sustain-exit","41.40313","False","True","65.9513","0.015667444","0.050637946","989.2939"
"302","enter-sustain-exit","41.314182","False","True","65.93292","0.014779655","0.049006987","989.2939"
"303","enter-sustain-exit","41.22636","False","True","65.91554","0.013942173","0.047485735","989.2939"
"304","enter-sustain-exit","41.14751","False","True","65.89912","0.013152146","0.046066727","989.2939"
"305","enter-sustain-exit","40.885624","False","True","65.88314","0.012406886","0.044714812","989.2939"
"306","enter-sustain-exit","40.686512","False","True","65.867744","0.011703855","0.04343524","989.2939"
"307","enter-sustain-exit","40.48758","False","True","65.85289","0.011040662","0.042223193","989.2939"
"308","enter-sustain-exit","40.433186","False","True","65.8389","0.010415048","0.041094486","989.2939"
"309","enter-sustain-exit","40.378746","False","True","65.825714","0.009824885","0.040042322","989.2939"
"310","enter-sustain-exit","40.33159","False","True","65.813286","0.009268162","0.03906153","989.2939"
"311","enter-sustain-exit","40.290833","False","True","65.80159","0.008742986","0.038147252","989.2939"
"312","enter-sustain-exit","40.031082","False","True","65.79005","0.008247569","0.03726531","989.2939"
"313","enter-sustain-exit","39.860657","False","True","65.77886","0.007780225","0.036425985","989.2939"
"314","enter-sustain-exit","39.83131","False","True","65.768364","0.007339362","0.035644714","989.2939"
"315","enter-sustain-exit","39.807774","False","True","65.758514","0.0069234804","0.034917556","989.2939"
"316","enter-sustain-exit","39.78372","False","True","65.749275","0.006531165","0.034240104","989.2939"
"317","enter-sustain-exit","39.76565","False","True","65.740616","0.0061610797","0.033609156","989.2939"
"318","enter-sustain-exit","39.74745","False","True","65.73249","0.005811965","0.033021037","989.2939"
"319","enter-sustain-exit","39.51273","False","True","65.724335","0.005482633","0.0324462","989.2939"
"320","enter-sustain-exit","39.372784","False","True","65.7164","0.0051719625","0.03189584","989.2939"
"321","enter-sustain-exit","39.251354","False","True","65.7087","0.0048788954","0.03137069","989.2939"
"322","enter-sustain-exit","39.25432","False","True","65.701546","0.004602435","0.030883802","989.2939"
"323","enter-sustain-exit","39.257103","False","True","65.69488","0.00434164","0.030432083","989.2939"
"324","enter-sustain-exit","39.265232","False","True","65.68869","0.0040956233","0.03001336","989.2939"
"325","enter-sustain-exit","39.100285","False","True","65.682526","0.0038635465","0.02960517","989.2939"
"326","enter-sustain-exit","39.00267","False","True","65.67654","0.0036446205","0.029214846","989.2939"
"327","enter-sustain-exit","39.025024","False","True","65.67102","0.0034381","0.028854838","989.2939"
"328","enter-sustain-exit","39.047443","False","True","65.66594","0.0032432817","0.028522722","989.2939"
"329","enter-sustain-exit","38.929108","False","True","65.66092","0.0030595027","0.0282006","989.2939"
"330","enter-sustain-exit","38.832497","False","True","65.656","0.0028861375","0.027890414","989.2939"
"331","enter-sustain-exit","38.748302","False","True","65.65122","0.0027225958","0.02759284","989.2939"
"332","enter-sustain-exit","38.790157","False","True","65.64688","0.002568321","0.027320927","989.2939"
"333","enter-sustain-exit","38.83282","False","True","65.64294","0.0024227884","0.0270727","989.2939"
"334","enter-sustain-exit","38.880722","False","True","65.63939","0.0022855022","0.026846835","989.2939"
"335","enter-sustain-exit","38.933693","False","True","65.636215","0.0021559952","0.0266421","989.2939"
"336","enter-sustain-exit","38.811897","False","True","65.63296","0.002033827","0.026438085","989.2939"
"337","enter-sustain-exit","38.872944","False","True","65.63007","0.001918581","0.026254537","989.2939"
"338","enter-sustain-exit","38.938095","False","True","65.62755","0.0018098655","0.026090259","989.2939"
"339","enter-sustain-exit","39.009724","False","True","65.62537","0.0017073103","0.025944404","989.2939"
"340","enter-sustain-exit","39.085217","False","True","65.62352","0.0016105665","0.025815923","989.2939"
"341","enter-sustain-exit","39.165333","False","True","65.62198","0.0015193045","0.025703922","989.2939"
"342","enter-sustain-exit","39.04806","False","True","65.620255","0.0014332137","0.0255865","989.2939"
"343","enter-sustain-exit","38.995842","False","True","65.61851","0.0013520013","0.025471091","989.2939"
"344","enter-sustain-exit","38.9544","False","True","65.61678","0.0012753909","0.025358802","989.2939"
"345","enter-sustain-exit","39.039158","False","True","65.61537","0.0012031215","0.025262577","989.2939"
"346","enter-sustain-exit","39.126217","False","True","65.61427","0.0011349472","0.025181372","989.2939"
"347","enter-sustain-exit","39.214787","False","True","65.61346","0.001070636","0.025114154","989.2939"
"348","enter-sustain-exit","39.30402","False","True","65.61291","0.0010099689","0.025059879","989.2939"
"349","enter-sustain-exit","39.39316","False","True","65.6126","0.00095273944","0.02501752","989.2939"
"350","enter-sustain-exit","39.480927","False","True","65.61252","0.0008987529","0.024986003","989.2939"
"351","enter-sustain-exit","39.40056","False","True","65.61223","0.00084782555","0.024947431","989.2939"
"352","enter-sustain-exit","39.486668","False","True","65.61215","0.0007997839","0.02491936","989.2939"
"353","enter-sustain-exit","39.572353","False","True","65.61228","0.00075446453","0.024900934","989.2939"
"354","enter-sustain-exit","39.65724","False","True","65.612595","0.0007117131","0.024891317","989.2939"
"355","enter-sustain-exit","39.740326","False","True","65.613075","0.0006713842","0.024889652","989.2939"
"356","enter-sustain-exit","39.8223","False","True","65.6137","0.0006333406","0.024895215","989.2939"
"357","enter-sustain-exit","39.715935","False","True","65.61401","0.0005974527","0.024888625","989.2939"
"358","enter-sustain-exit","39.66047","False","True","65.61414","0.0005635983","0.024876045","989.2939"
"359","enter-sustain-exit","39.615902","False","True","65.61415","0.00053166226","0.024859125","989.2939"
"360","enter-sustain-exit","39.559216","False","True","65.61401","0.00050153583","0.024837067","989.2939"
"361","repeated-use","24","False","False","65","0","0","1000"
"362","repeated-use","24","False","True","65.01249","0","0.0004997224","1000"
"363","repeated-use","24.084047","False","True","65.02415","0","0.00096580386","1000"
"364","repeated-use","24.185892","False","True","65.03506","0","0.0014023106","1000"
"365","repeated-use","24.296915","False","True","65.04531","0","0.0018123486","1000"
"366","repeated-use","24.41555","False","True","65.05497","0","0.002198668","1000"
"367","repeated-use","24.54131","False","True","65.064095","0","0.0025637713","1000"
"368","repeated-use","24.672813","False","True","65.07275","0","0.0029098638","1000"
"369","repeated-use","24.8098","False","True","65.08097","0","0.0032389623","1000"
"370","repeated-use","24.951267","False","True","65.08882","0","0.0035528513","1000"
"371","repeated-use","25.096315","False","True","65.09633","0","0.0038531076","1000"
"372","repeated-use","25.245085","False","True","65.10353","0","0.0041411985","1000"
"373","repeated-use","25.39632","False","True","65.11046","0","0.004418377","1000"
"374","repeated-use","25.549679","False","True","65.11714","0","0.004685772","1000"
"375","repeated-use","25.70528","False","True","65.12361","0","0.004944434","1000"
"376","repeated-use","25.862255","False","True","65.12988","0","0.00519526","1000"
"377","repeated-use","26.020199","False","True","65.13598","0","0.005439044","1000"
"378","repeated-use","26.179232","False","True","65.141914","0","0.0056765256","1000"
"379","repeated-use","26.338825","False","True","65.147705","0","0.0059083425","1000"
"380","repeated-use","26.498724","False","True","65.15337","0","0.006135058","1000"
"381","repeated-use","26.658974","False","True","65.15893","0","0.006357195","1000"
"382","repeated-use","26.819225","False","True","65.16438","0","0.0065752016","1000"
"383","repeated-use","26.979385","False","True","65.16974","0","0.0067894827","1000"
"384","repeated-use","27.139286","False","True","65.17501","0","0.007000394","1000"
"385","repeated-use","27.29882","False","True","65.18021","0","0.0072082523","1000"
"386","repeated-use","27.457905","False","True","65.18533","0","0.007413339","1000"
"387","repeated-use","27.616463","False","True","65.1904","0","0.007615904","1000"
"388","repeated-use","27.77443","False","True","65.195404","0","0.007816171","1000"
"389","repeated-use","27.931753","False","True","65.200356","0","0.008014336","1000"
"390","repeated-use","28.088388","False","True","65.20526","0","0.008210578","1000"
"391","repeated-use","28.244299","True","True","65.54389","0.026224349","0.018023247","1000"
"392","repeated-use","28.741268","True","True","65.86088","0.05069077","0.02771531","1000"
"393","repeated-use","29.238056","True","True","66.15802","0.0735444","0.037377946","1000"
"394","repeated-use","29.733694","True","True","66.43697","0.09491777","0.047084533","1000"
"395","repeated-use","30.228065","True","True","66.699234","0.11493236","0.056893792","1000"
"396","repeated-use","30.721163","False","True","66.62444","0.10841977","0.05606151","1000"
"397","repeated-use","30.867542","False","True","66.55405","0.10227621","0.055142675","1000"
"398","repeated-use","31.012041","False","True","66.4878","0.09648078","0.054156706","1000"
"399","repeated-use","31.15571","False","True","66.42548","0.091013744","0.05312077","1000"
"400","repeated-use","31.29865","False","True","66.36687","0.08585649","0.052049536","1000"
"401","repeated-use","31.440876","False","True","66.31175","0.08099147","0.050955504","1000"
"402","repeated-use","31.582321","False","True","66.25994","0.07640212","0.049849194","1000"
"403","repeated-use","31.72297","False","True","66.21126","0.072072834","0.048739526","1000"
"404","repeated-use","31.862732","False","True","66.16552","0.06798886","0.0476339","1000"
"405","repeated-use","32.00169","False","True","66.12256","0.064136304","0.046538558","1000"
"406","repeated-use","32.139923","False","True","66.08224","0.06050205","0.045458708","1000"
"407","repeated-use","32.27749","False","True","66.04439","0.057073727","0.044398636","1000"
"408","repeated-use","32.414433","False","True","66.00889","0.053839672","0.043361854","1000"
"409","repeated-use","32.550785","False","True","65.9756","0.050788872","0.04235118","1000"
"410","repeated-use","32.686573","False","True","65.944405","0.047910947","0.041368842","1000"
"411","repeated-use","32.821808","False","True","65.91518","0.045196097","0.040416565","1000"
"412","repeated-use","32.956497","False","True","65.88782","0.042635083","0.03949562","1000"
"413","repeated-use","33.09065","False","True","65.86221","0.040219184","0.03860693","1000"
"414","repeated-use","33.224266","False","True","65.83827","0.03794018","0.03775106","1000"
"415","repeated-use","33.357346","False","True","65.815895","0.035790317","0.036928333","1000"
"416","repeated-use","33.489883","False","True","65.795","0.033762276","0.03613882","1000"
"417","repeated-use","33.621876","False","True","65.7755","0.031849153","0.035382416","1000"
"418","repeated-use","33.753315","False","True","65.75731","0.030044438","0.034658834","1000"
"419","repeated-use","33.884193","False","True","65.74037","0.028341984","0.033967663","1000"
"420","repeated-use","34.014507","False","True","65.7246","0.026735999","0.033308372","1000"
"421","repeated-use","34.14424","True","True","66.08997","0.05508075","0.05295192","1000"
"422","repeated-use","34.62587","True","True","66.431946","0.08152154","0.07189579","1000"
"423","repeated-use","35.108433","True","True","66.7524","0.10621217","0.09029413","1000"
"424","repeated-use","35.59004","True","True","67.05308","0.12929237","0.10827212","1000"
"425","repeated-use","36.070633","True","True","67.33553","0.1508904","0.12593196","1000"
"426","repeated-use","36.550346","True","True","67.60121","0.17112406","0.14335683","1000"
"427","repeated-use","37.029285","True","True","67.85145","0.1901015","0.16061404","1000"
"428","repeated-use","37.507534","True","True","68.087456","0.20792204","0.17775775","1000"
"429","repeated-use","37.98515","True","True","68.31035","0.22467682","0.19483112","1000"
"430","repeated-use","38.46217","True","True","68.52116","0.24044938","0.21186797","1000"
"431","repeated-use","38.93862","True","True","68.7208","0.2553164","0.22889458","1000"
"432","repeated-use","39.414513","True","True","68.91016","0.26934808","0.24593061","1000"
"433","repeated-use","39.889847","True","True","69.09","0.28260884","0.26299044","1000"
"434","repeated-use","40.364616","True","True","69.26104","0.29515752","0.28008372","1000"
"435","repeated-use","40.838806","True","True","69.42394","0.30704808","0.29721636","1000"
"436","repeated-use","41.312397","True","True","69.5793","0.31832987","0.31439087","1000"
"437","repeated-use","41.785366","True","True","69.72766","0.32904795","0.33160698","1000"
"438","repeated-use","42.257683","True","True","69.86952","0.3392436","0.34886214","1000"
"439","repeated-use","42.729317","True","True","70.00534","0.3489544","0.3661516","1000"
"440","repeated-use","43.20023","True","True","70.13553","0.3582147","0.38346887","1000"
"441","repeated-use","43.670383","True","True","70.26045","0.36705583","0.40080583","1000"
"442","repeated-use","44.139736","True","True","70.38046","0.37550634","0.4181531","1000"
"443","repeated-use","44.60824","True","True","70.49586","0.38359216","0.43549997","1000"
"444","repeated-use","45.075844","True","True","70.606926","0.3913369","0.4528346","1000"
"445","repeated-use","45.542496","True","True","70.71392","0.39876205","0.47014433","1000"
"446","repeated-use","46.00814","True","True","70.81706","0.40588707","0.48741552","1000"
"447","repeated-use","46.472717","True","True","70.916565","0.41272962","0.5046337","1000"
"448","repeated-use","46.93616","True","True","71.01261","0.41930562","0.5217837","1000"
"449","repeated-use","47.398403","True","True","71.10536","0.4256296","0.5388497","1000"
"450","repeated-use","47.859375","True","True","71.19498","0.43171453","0.55581534","1000"
"451","repeated-use","48.318996","True","True","71.28158","0.43757218","0.5726636","1000"
"452","repeated-use","48.77719","True","True","71.365295","0.4432131","0.589377","1000"
"453","repeated-use","49.23387","True","True","71.44622","0.4486468","0.60593766","1000"
"454","repeated-use","49.68895","True","True","71.52446","0.4538818","0.62232745","1000"
"455","repeated-use","50.142326","True","True","71.60009","0.4589257","0.63852775","1000"
"456","repeated-use","50.593903","False","True","71.280365","0.43292087","0.6130131","1000"
"457","repeated-use","50.543903","False","True","70.97842","0.40838963","0.5877521","1000"
"458","repeated-use","50.493904","False","True","70.69325","0.38524842","0.5628898","1000"
"459","repeated-use","50.443905","False","True","70.42396","0.3634185","0.53854203","1000"
"460","repeated-use","50.393906","False","True","70.16964","0.34282553","0.5147996","1000"
"461","repeated-use","50.343906","False","True","69.929474","0.32339948","0.4917323","1000"
"462","repeated-use","50.293907","False","True","69.70267","0.3050742","0.46939203","1000"
"463","repeated-use","50.243908","False","True","69.48849","0.2877873","0.44781578","1000"
"464","repeated-use","50.19391","False","True","69.286224","0.27147996","0.42702803","1000"
"465","repeated-use","50.14391","False","True","69.09522","0.2560967","0.4070428","1000"
"466","repeated-use","50.09391","False","True","68.91485","0.24158509","0.38786557","1000"
"467","repeated-use","50.04391","False","True","68.74451","0.22789578","0.36949465","1000"
"468","repeated-use","49.99391","False","True","68.58365","0.21498218","0.35192245","1000"
"469","repeated-use","49.943913","False","True","68.43174","0.20280032","0.3351369","1000"
"470","repeated-use","49.893913","False","True","68.288284","0.19130874","0.319122","1000"
"471","repeated-use","49.843914","False","True","68.15281","0.1804683","0.30385882","1000"
"472","repeated-use","49.793915","False","True","68.02487","0.17024216","0.2893263","1000"
"473","repeated-use","49.743916","False","True","67.904045","0.16059546","0.27550158","1000"
"474","repeated-use","49.693916","False","True","67.78994","0.1514954","0.2623606","1000"
"475","repeated-use","49.643917","False","True","67.68217","0.14291099","0.2498785","1000"
"476","repeated-use","49.593918","False","True","67.58039","0.13481301","0.23802991","1000"
"477","repeated-use","49.54392","False","True","67.48426","0.1271739","0.22678928","1000"
"478","repeated-use","49.49392","False","True","67.39347","0.11996765","0.21613109","1000"
"479","repeated-use","49.44392","False","True","67.30772","0.11316973","0.20603012","1000"
"480","repeated-use","49.39392","False","True","67.22672","0.10675702","0.19646138","1000"
"481","repeated-use","49.34392","True","True","67.63947","0.13914995","0.24567457","1000"
"482","repeated-use","49.790527","True","True","68.02291","0.16918255","0.29160404","1000"
"483","repeated-use","50.244564","True","True","68.37932","0.19703999","0.3346032","1000"
"484","repeated-use","50.697166","True","True","68.71072","0.22288777","0.3749642","1000"
"485","repeated-use","51.147434","True","True","69.01896","0.24687764","0.4129357","1000"
"486","repeated-use","51.59538","True","True","69.30576","0.26914907","0.44873038","1000"
"487","repeated-use","52.040993","True","True","69.57269","0.28983024","0.48253044","1000"
"488","repeated-use","52.484226","True","True","69.821175","0.30903903","0.5144923","1000"
"489","repeated-use","52.924995","True","True","70.05255","0.3268837","0.54475015","1000"
"490","repeated-use","53.363186","True","True","70.26803","0.34346378","0.5734197","1000"
"491","repeated-use","53.798664","True","True","70.46872","0.3588707","0.6006005","1000"
"492","repeated-use","54.231285","True","True","70.65565","0.37318853","0.62637854","1000"
"493","repeated-use","54.660896","True","True","70.829765","0.3864944","0.6508283","1000"
"494","repeated-use","55.087337","True","True","70.991936","0.39885938","0.67401457","1000"
"495","repeated-use","55.51045","True","True","71.14295","0.4103487","0.6959938","1000"
"496","repeated-use","55.930054","True","True","71.28354","0.42102244","0.71681535","1000"
"497","repeated-use","56.34599","True","True","71.41438","0.43093577","0.73652273","1000"
"498","repeated-use","56.758087","True","True","71.536095","0.44013953","0.75515455","1000"
"499","repeated-use","57.166172","True","True","71.64925","0.44868055","0.7727452","1000"
"500","repeated-use","57.570072","True","True","71.754364","0.45660192","0.7893258","1000"
"501","repeated-use","57.96964","True","True","71.85194","0.46394345","0.8049244","1000"
"502","repeated-use","58.364727","True","True","71.94241","0.47074187","0.8195673","1000"
"503","repeated-use","58.75513","True","True","72.0262","0.47703102","0.8332785","1000"
"504","repeated-use","59.14064","True","True","72.10369","0.48284233","0.84608066","1000"
"505","repeated-use","59.52111","True","True","72.17525","0.4882048","0.85799575","1000"
"506","repeated-use","59.89634","True","True","72.24118","0.49314532","0.86904454","1000"
"507","repeated-use","60.26612","True","True","72.30186","0.49769118","0.8792581","1000"
"508","repeated-use","60.63024","True","True","72.35767","0.50187355","0.8886946","1000"
"509","repeated-use","60.988724","True","True","72.409035","0.50572157","0.8974099","1000"
"510","repeated-use","61.34159","True","True","72.45628","0.5092619","0.90545666","1000"
"511","repeated-use","61.68842","True","True","72.499756","0.5125191","0.912884","1000"
"512","repeated-use","62.029205","True","True","72.53976","0.5155159","0.91973764","1000"
"513","repeated-use","62.2146","True","True","72.57655","0.5182732","0.92606056","1000"
"514","repeated-use","62.21356","True","True","72.61041","0.5208099","0.93189245","1000"
"515","repeated-use","62.212215","True","True","72.64156","0.5231438","0.9372702","1000"
"516","repeated-use","62.210907","False","True","72.26561","0.49350014","0.8875879","1000"
"517","repeated-use","62.156944","False","True","71.91093","0.46553618","0.84056824","1000"
"518","repeated-use","62.103107","False","True","71.57632","0.43915677","0.79608047","1000"
"519","repeated-use","62.048595","False","True","71.260635","0.41427216","0.7539985","1000"
"520","repeated-use","61.993366","False","True","70.96282","0.39079762","0.7142013","1000"
"521","repeated-use","61.936874","False","True","70.68186","0.36865327","0.6765723","1000"
"522","repeated-use","61.87877","False","True","70.4168","0.34776372","0.6410003","1000"
"523","repeated-use","61.819702","False","True","70.16674","0.32805786","0.6073785","1000"
"524","repeated-use","61.761013","False","True","69.93083","0.3094686","0.57560503","1000"
"525","repeated-use","61.70377","False","True","69.70828","0.29193273","0.5455827","1000"
"526","repeated-use","61.64471","False","True","69.49832","0.27539048","0.51721865","1000"
"527","repeated-use","61.58469","False","True","69.30025","0.2597856","0.49042457","1000"
"528","repeated-use","61.52257","False","True","69.11338","0.24506497","0.46511644","1000"
"529","repeated-use","61.45942","False","True","68.93709","0.23117848","0.44121432","1000"
"530","repeated-use","61.393623","False","True","68.77078","0.21807887","0.41864216","1000"
"531","repeated-use","61.32912","False","True","68.61389","0.20572153","0.39732784","1000"
"532","repeated-use","61.26763","False","True","68.46587","0.19406442","0.37720284","1000"
"533","repeated-use","61.20347","False","True","68.32624","0.18306786","0.35820222","1000"
"534","repeated-use","61.138256","False","True","68.19451","0.1726944","0.34026438","1000"
"535","repeated-use","61.070103","False","True","68.070244","0.16290876","0.32333085","1000"
"536","repeated-use","60.998554","False","True","67.953","0.15367763","0.30734634","1000"
"537","repeated-use","60.92606","False","True","67.84241","0.14496955","0.29225847","1000"
"538","repeated-use","60.85619","False","True","67.73807","0.13675493","0.27801758","1000"
"539","repeated-use","60.789116","False","True","67.63964","0.12900577","0.26457676","1000"
"540","repeated-use","60.72102","False","True","67.54678","0.12169572","0.25189158","1000"
"541","repeated-use","60.65203","True","True","67.982796","0.15594104","0.3115931","1000"
"542","repeated-use","60.985897","True","True","68.38395","0.18744826","0.36653867","1000"
"543","repeated-use","61.31006","True","True","68.75303","0.2164363","0.41710582","1000"
"544","repeated-use","61.628006","True","True","69.0926","0.24310657","0.4636424","1000"
"545","repeated-use","61.94456","True","True","69.40502","0.2676444","0.5064687","1000"
"546","repeated-use","62.049503","True","True","69.69246","0.29022032","0.5458798","1000"
"547","repeated-use","62.040318","True","True","69.95692","0.31099117","0.5821473","1000"
"548","repeated-use","62.030884","True","True","70.200226","0.33010125","0.6155215","1000"
"549","repeated-use","62.016666","True","True","70.42408","0.3476834","0.64623266","1000"
"550","repeated-use","62.00008","True","True","70.63004","0.36385974","0.67449296","1000"
"551","repeated-use","61.98618","True","True","70.819534","0.3787427","0.70049757","1000"
"552","repeated-use","61.978706","True","True","70.99387","0.39243567","0.7244262","1000"
"553","repeated-use","61.982407","True","True","71.154274","0.40503383","0.7464444","1000"
"554","repeated-use","61.971695","True","True","71.30185","0.41662467","0.7667045","1000"
"555","repeated-use","61.963676","True","True","71.43763","0.42728877","0.7853468","1000"
"556","repeated-use","61.949","True","True","71.562546","0.43710023","0.8025001","1000"
"557","repeated-use","61.937805","True","True","71.67748","0.4461272","0.81828344","1000"
"558","repeated-use","61.92052","True","True","71.783226","0.4544324","0.832806","1000"
"559","repeated-use","61.92233","True","True","71.88051","0.46207356","0.84616834","1000"
"560","repeated-use","61.909576","True","True","71.97002","0.46910378","0.8584632","1000"
"561","repeated-use","61.909176","True","True","72.052376","0.47557187","0.86977583","1000"
"562","repeated-use","61.904877","True","True","72.12814","0.48152283","0.88018453","1000"
"563","repeated-use","61.90129","True","True","72.19785","0.48699796","0.88976157","1000"
"564","repeated-use","61.890434","True","True","72.261986","0.49203533","0.8985733","1000"
"565","repeated-use","61.882748","True","True","72.321","0.49666995","0.9066808","1000"
"566","repeated-use","61.87565","True","True","72.37528","0.50093395","0.91414046","1000"
"567","repeated-use","61.86725","True","True","72.42523","0.50485706","0.9210039","1000"
"568","repeated-use","61.857727","True","True","72.47119","0.5084665","0.92731875","1000"
"569","repeated-use","61.84553","True","True","72.51347","0.5117873","0.933129","1000"
"570","repeated-use","61.831547","True","True","72.55237","0.5148426","0.9384748","1000"
"571","repeated-use","61.81592","True","True","72.588165","0.51765364","0.9433933","1000"
"572","repeated-use","61.793102","True","True","72.62109","0.52023995","0.94791865","1000"
"573","repeated-use","61.771473","True","True","72.65139","0.5226194","0.95208234","1000"
"574","repeated-use","61.755096","True","True","72.67926","0.52480865","0.9559132","1000"
"575","repeated-use","61.73319","True","True","72.7049","0.52682287","0.9594377","1000"
"576","repeated-use","61.709023","False","True","72.32498","0.49697068","0.90734607","1000"
"577","repeated-use","61.609447","False","True","71.966576","0.46881008","0.8582052","1000"
"578","repeated-use","61.506516","False","True","71.62849","0.4422452","0.8118479","1000"
"579","repeated-use","61.400055","False","True","71.309555","0.41718557","0.7681167","1000"
"580","repeated-use","61.18993","False","True","71.00869","0.39354596","0.7268628","1000"
"581","repeated-use","61.064857","False","True","70.72488","0.37124586","0.6879459","1000"
"582","repeated-use","60.93718","False","True","70.457146","0.3502094","0.6512338","1000"
"583","repeated-use","60.817417","False","True","70.20459","0.3303649","0.6166014","1000"
"584","repeated-use","60.693718","False","True","69.96634","0.31164494","0.5839311","1000"
"585","repeated-use","59.37341","False","True","69.74155","0.29398572","0.5530893","1000"
"586","repeated-use","59.185738","False","True","69.529465","0.27732718","0.5239831","1000"
"587","repeated-use","58.979424","False","True","69.32937","0.26161256","0.49651098","1000"
"588","repeated-use","58.79921","False","True","69.14057","0.2467884","0.47058216","1000"
"589","repeated-use","58.45542","False","True","68.96238","0.23280425","0.44608742","1000"
"590","repeated-use","58.00268","False","True","68.79413","0.21961251","0.42292422","1000"
"591","repeated-use","57.527237","False","True","68.6352","0.20716827","0.40100726","1000"
"592","repeated-use","57.05949","False","True","68.485054","0.19542918","0.38026375","1000"
"593","repeated-use","56.61814","False","True","68.343155","0.18435527","0.3606317","1000"
"594","repeated-use","56.162815","False","True","68.20901","0.17390886","0.34204495","1000"
"595","repeated-use","55.79986","False","True","68.08221","0.1640544","0.32446966","1000"
"596","repeated-use","55.40858","False","True","67.962296","0.15475833","0.30784288","1000"
"597","repeated-use","54.965496","False","True","67.84882","0.14598903","0.29209885","1000"
"598","repeated-use","54.481857","False","True","67.74135","0.13771664","0.27717885","1000"
"599","repeated-use","54.027317","False","True","67.639534","0.12991299","0.26304823","1000"
"600","repeated-use","53.562252","False","True","67.54302","0.12255152","0.24966246","1000"
"601","repeated-use","53.179184","True","True","67.95808","0.15540206","0.3050942","1000"
"602","repeated-use","53.218315","True","True","68.34017","0.1856404","0.355827","1000"
"603","repeated-use","53.258568","True","True","68.69195","0.21347573","0.40229163","1000"
"604","repeated-use","53.301052","True","True","69.015854","0.23910095","0.44487724","1000"
"605","repeated-use","53.33533","True","True","69.31406","0.2626897","0.48392263","1000"
"606","repeated-use","53.41155","True","True","69.58885","0.2844198","0.51979446","1000"
"607","repeated-use","53.460186","True","True","69.841965","0.30442986","0.5527418","1000"
"608","repeated-use","53.48669","True","True","70.07498","0.3228494","0.582993","1000"
"609","repeated-use","53.49341","True","True","70.289406","0.33979857","0.61075413","1000"
"610","repeated-use","53.517715","True","True","70.48683","0.35540116","0.63626146","1000"
"611","repeated-use","53.57259","True","True","70.66877","0.36977556","0.65974987","1000"
"612","repeated-use","53.628872","True","True","70.83649","0.38302028","0.6813949","1000"
"613","repeated-use","53.664383","True","True","70.99099","0.39521834","0.7013247","1000"
"614","repeated-use","53.677986","True","True","71.13321","0.40644583","0.7196524","1000"
"615","repeated-use","53.673046","True","True","71.26403","0.41677392","0.7364842","1000"
"616","repeated-use","53.68843","True","True","71.38448","0.4262815","0.75197315","1000"
"617","repeated-use","53.741352","True","True","71.49559","0.43504712","0.76628584","1000"
"618","repeated-use","53.773296","True","True","71.59799","0.4431228","0.7794896","1000"
"619","repeated-use","53.784107","True","True","71.69227","0.4505565","0.79164445","1000"
"620","repeated-use","53.77733","True","True","71.77897","0.4573935","0.8028094","1000"
"621","repeated-use","53.796387","True","True","71.85884","0.46369034","0.81310415","1000"
"622","repeated-use","53.806896","True","True","71.93238","0.46948728","0.82258654","1000"
"623","repeated-use","53.8552","True","True","72.000305","0.47483706","0.8313808","1000"
"624","repeated-use","53.882122","True","True","72.06294","0.4797682","0.8395106","1000"
"625","repeated-use","53.890106","True","True","72.12061","0.4843077","0.84700096","1000"
"626","repeated-use","53.882744","True","True","72.17364","0.48848182","0.8538796","1000"
"627","repeated-use","53.895542","True","True","72.22249","0.49232647","0.8602268","1000"
"628","repeated-use","53.92522","True","True","72.26759","0.4958737","0.866112","1000"
"629","repeated-use","53.97159","True","True","72.30934","0.4991527","0.8715984","1000"
"630","repeated-use","53.99331","True","True","72.34786","0.50217676","0.87668014","1000"
"631","repeated-use","54.00067","False","True","71.98574","0.47372115","0.8292073","1000"
"632","repeated-use","53.49377","False","True","71.64357","0.44687796","0.7839493","1000"
"633","repeated-use","53.00752","False","True","71.320206","0.42155582","0.740856","1000"
"634","repeated-use","52.538815","False","True","71.014595","0.39766857","0.6998707","1000"
"635","repeated-use","52.239697","False","True","70.72594","0.37513486","0.6610783","1000"
"636","repeated-use","51.922123","False","True","70.45324","0.35387802","0.6243595","1000"
"637","repeated-use","51.41531","False","True","70.19532","0.33382568","0.58944654","1000"
"638","repeated-use","50.953167","False","True","69.951385","0.3149096","0.55631447","1000"
"639","repeated-use","50.507744","False","True","69.72066","0.2970654","0.5249066","1000"
"640","repeated-use","50.217464","False","True","69.502625","0.28023237","0.49528345","1000"
"641","repeated-use","49.915237","False","True","69.29653","0.26435313","0.46733928","1000"
"642","repeated-use","49.42839","False","True","69.101395","0.24937369","0.44083494","1000"
"643","repeated-use","49.006447","False","True","68.91668","0.23524304","0.41576397","1000"
"644","repeated-use","48.74525","False","True","68.74208","0.22191311","0.39218366","1000"
"645","repeated-use","48.463535","False","True","68.57698","0.20933852","0.36999035","1000"
"646","repeated-use","48.18729","False","True","68.42085","0.19747645","0.349108","1000"
"647","repeated-use","47.724655","False","True","68.27281","0.18628652","0.3293314","1000"
"648","repeated-use","47.489445","False","True","68.13285","0.17573069","0.31076586","1000"
"649","repeated-use","47.24097","False","True","68.000465","0.16577299","0.29332662","1000"
"650","repeated-use","47.00636","False","True","67.87525","0.15637954","0.27695277","1000"
"651","repeated-use","46.600456","False","True","67.756454","0.14751837","0.2614755","1000"
"652","repeated-use","46.23747","False","True","67.6438","0.1391593","0.2468773","1000"
"653","repeated-use","45.87832","False","True","67.53693","0.13127391","0.2331142","1000"
"654","repeated-use","45.53812","False","True","67.435555","0.12383534","0.22015196","1000"
"655","repeated-use","45.21286","False","True","67.33939","0.116818264","0.2079538","1000"
"656","repeated-use","45.023342","False","True","67.248436","0.11019881","0.19654365","1000"
"657","repeated-use","44.83537","False","True","67.162384","0.10395445","0.18586718","1000"
"658","repeated-use","44.489204","False","True","67.08061","0.098063916","0.17580062","1000"
"659","repeated-use","44.21531","False","True","67.00302","0.092507176","0.1663435","1000"
"660","repeated-use","43.955967","False","True","66.92942","0.087265305","0.1574645","1000"
"661","repeated-use","43.709457","False","True","66.859604","0.08232045","0.14913256","1000"
"662","repeated-use","43.454914","False","True","66.79332","0.07765581","0.14130938","1000"
"663","repeated-use","43.21256","False","True","66.730415","0.07325548","0.13396749","1000"
"664","repeated-use","43.11225","False","True","66.671","0.06910449","0.12712799","1000"
"665","repeated-use","43.010307","False","True","66.614876","0.06518872","0.120751284","1000"
"666","repeated-use","42.915176","False","True","66.56186","0.06149483","0.11480419","1000"
"667","repeated-use","42.63814","False","True","66.51135","0.058010258","0.10919483","1000"
"668","repeated-use","42.416283","False","True","66.46333","0.054723132","0.103921875","1000"
"669","repeated-use","42.192875","False","True","66.41766","0.05162227","0.09896385","1000"
"670","repeated-use","41.9903","False","True","66.374245","0.04869712","0.094307214","1000"
"671","repeated-use","41.915432","False","True","66.33326","0.045937724","0.08996854","1000"
"672","repeated-use","41.839428","False","True","66.294556","0.043334685","0.08592265","1000"
"673","repeated-use","41.77019","False","True","66.25802","0.040879145","0.08214878","1000"
"674","repeated-use","41.490387","False","True","66.22301","0.03856275","0.07857265","1000"
"675","repeated-use","41.296795","False","True","66.189644","0.036377605","0.075205944","1000"
"676","repeated-use","41.24019","False","True","66.15817","0.034316286","0.072068244","1000"
"677","repeated-use","41.189827","False","True","66.12849","0.03237177","0.0691431","1000"
"678","repeated-use","41.138435","False","True","66.10047","0.030537438","0.06641373","1000"
"679","repeated-use","41.09336","False","True","66.07405","0.028807048","0.06386652","1000"
"680","repeated-use","40.826347","False","True","66.04859","0.02717471","0.061441135","1000"
"681","repeated-use","40.6493","False","True","66.024254","0.025634868","0.059150893","1000"
"682","repeated-use","40.61654","False","True","66.00133","0.02418228","0.057016358","1000"
"683","repeated-use","40.58383","False","True","65.97973","0.022812003","0.05502537","1000"
"684","repeated-use","40.55753","False","True","65.95938","0.021519372","0.053168055","1000"
"685","repeated-use","40.536877","False","True","65.94023","0.020299986","0.05143517","1000"
"686","repeated-use","40.516323","False","True","65.9222","0.019149698","0.049817212","1000"
"687","repeated-use","40.315334","False","True","65.904785","0.01806459","0.04827436","1000"
"688","repeated-use","40.176666","False","True","65.88811","0.017040968","0.046813894","1000"
"689","repeated-use","40.04685","False","True","65.87215","0.01607535","0.045432504","1000"
"690","repeated-use","40.047417","False","True","65.85717","0.015164448","0.044146523","1000"
"691","repeated-use","40.052746","False","True","65.84314","0.014305162","0.042949215","1000"
"692","repeated-use","39.91147","False","True","65.82963","0.013494567","0.041811034","1000"
"693","repeated-use","39.79602","False","True","65.81668","0.012729904","0.040732764","1000"
"694","repeated-use","39.680233","False","True","65.80425","0.012008569","0.039710827","1000"
"695","repeated-use","39.579536","False","True","65.792366","0.01132811","0.038744103","1000"
"696","repeated-use","39.605846","False","True","65.78129","0.010686208","0.03784737","1000"
"697","repeated-use","39.63978","False","True","65.77099","0.010080678","0.037016094","1000"
"698","repeated-use","39.675755","False","True","65.76143","0.009509462","0.036245324","1000"
"699","repeated-use","39.71678","False","True","65.752556","0.008970614","0.03553098","1000"
"700","repeated-use","39.57608","False","True","65.74389","0.008462298","0.03484434","1000"
"701","repeated-use","39.491398","False","True","65.73556","0.007982786","0.03419177","1000"
"702","repeated-use","39.409836","False","True","65.727554","0.007530445","0.033571746","1000"
"703","repeated-use","39.341717","False","True","65.71989","0.007103736","0.03298411","1000"
"704","repeated-use","39.270794","False","True","65.71253","0.0067012063","0.032426532","1000"
"705","repeated-use","39.21216","False","True","65.705505","0.006321485","0.03189873","1000"
"706","repeated-use","39.151917","False","True","65.69878","0.005963281","0.031398628","1000"
"707","repeated-use","39.09339","False","True","65.69234","0.005625374","0.030924704","1000"
"708","repeated-use","39.04667","False","True","65.6862","0.005306615","0.030476745","1000"
"709","repeated-use","38.998055","False","True","65.680336","0.0050059184","0.03005283","1000"
"710","repeated-use","38.959476","False","True","65.67476","0.0047222604","0.029652605","1000"
"711","repeated-use","39.043266","False","True","65.66975","0.004454676","0.029288877","1000"
"712","repeated-use","38.99029","False","True","65.66493","0.0042022537","0.028942738","1000"
"713","repeated-use","38.957523","False","True","65.66034","0.0039641354","0.028615482","1000"
"714","repeated-use","38.92084","False","True","65.65596","0.0037395095","0.028305447","1000"
"715","repeated-use","38.892475","False","True","65.65179","0.003527612","0.02801249","1000"
"716","repeated-use","38.86112","False","True","65.64781","0.0033277215","0.027735164","1000"
"717","repeated-use","38.82789","False","True","65.64401","0.0031391578","0.027472261","1000"
"718","repeated-use","38.80138","False","True","65.640396","0.002961279","0.027223622","1000"
"719","repeated-use","38.770496","False","True","65.63694","0.0027934795","0.02698784","1000"
"720","repeated-use","38.745914","False","True","65.63365","0.0026351884","0.026764793","1000"
"721","steering-traffic","24","False","False","65","0","0","1000"
"722","steering-traffic","24","False","True","65.01249","0","0.0004997224","1000"
"723","steering-traffic","24.084047","False","True","65.02415","0","0.00096580386","1000"
"724","steering-traffic","24.185892","False","True","65.03506","0","0.0014023106","1000"
"725","steering-traffic","24.296915","False","True","65.04531","0","0.0018123486","1000"
"726","steering-traffic","24.41555","False","True","65.05497","0","0.002198668","1000"
"727","steering-traffic","24.54131","False","True","65.064095","0","0.0025637713","1000"
"728","steering-traffic","24.672813","False","True","65.07275","0","0.0029098638","1000"
"729","steering-traffic","24.8098","False","True","65.08097","0","0.0032389623","1000"
"730","steering-traffic","24.951267","False","True","65.08882","0","0.0035528513","1000"
"731","steering-traffic","25.096317","False","True","65.09633","0","0.0038531078","1000"
"732","steering-traffic","25.245087","False","True","65.10353","0","0.0041411985","1000"
"733","steering-traffic","25.396322","False","True","65.11046","0","0.0044183773","1000"
"734","steering-traffic","25.54968","False","True","65.11714","0","0.004685772","1000"
"735","steering-traffic","25.705282","False","True","65.12361","0","0.0049444344","1000"
"736","steering-traffic","25.862255","False","True","65.12988","0","0.0051952605","1000"
"737","steering-traffic","26.020197","False","True","65.13598","0","0.005439044","1000"
"738","steering-traffic","26.17923","False","True","65.141914","0","0.0056765256","1000"
"739","steering-traffic","26.33882","False","True","65.147705","0","0.005908342","1000"
"740","steering-traffic","26.498716","False","True","65.15337","0","0.006135057","1000"
"741","steering-traffic","26.658958","False","True","65.15893","0","0.006357192","1000"
"742","steering-traffic","26.8192","False","True","65.16438","0","0.0065751974","1000"
"743","steering-traffic","26.979345","False","True","65.16974","0","0.0067894757","1000"
"744","steering-traffic","27.139227","False","True","65.17501","0","0.007000383","1000"
"745","steering-traffic","27.298737","False","True","65.18021","0","0.007208235","1000"
"746","steering-traffic","27.457785","False","True","65.18533","0","0.007413313","1000"
"747","steering-traffic","27.616299","False","True","65.1904","0","0.0076158657","1000"
"748","steering-traffic","27.774214","False","True","65.195404","0","0.007816116","1000"
"749","steering-traffic","27.93147","False","True","65.200356","0","0.008014262","1000"
"750","steering-traffic","28.088022","False","True","65.20526","0","0.0082104765","1000"
"751","steering-traffic","28.243834","True","True","65.543884","0.026224034","0.01802284","1000"
"752","steering-traffic","28.740685","True","True","65.86086","0.05069008","0.027714478","1000"
"753","steering-traffic","29.237331","True","True","66.158","0.073543265","0.037376534","1000"
"754","steering-traffic","29.732796","True","True","66.43694","0.09491608","0.04708234","1000"
"755","steering-traffic","30.226955","True","True","66.699196","0.11493002","0.05689056","1000"
"756","steering-traffic","30.7198","True","True","66.94613","0.13369647","0.06684772","1000"
"757","steering-traffic","31.211332","True","True","67.179016","0.15131758","0.07699026","1000"
"758","steering-traffic","31.701439","True","True","67.39901","0.16788696","0.08734613","1000"
"759","steering-traffic","32.19003","True","True","67.60717","0.18349025","0.09793617","1000"
"760","steering-traffic","32.67701","True","True","67.80445","0.19820589","0.10877537","1000"
"761","steering-traffic","33.162277","True","True","67.991745","0.21210568","0.119873755","1000"
"762","steering-traffic","33.645927","True","True","68.16985","0.22525537","0.13123752","1000"
"763","steering-traffic","34.128075","True","True","68.33952","0.23771524","0.1428698","1000"
"764","steering-traffic","34.60893","True","True","68.50142","0.24954063","0.15477139","1000"
"765","steering-traffic","35.08866","True","True","68.65617","0.26078227","0.16694118","1000"
"766","steering-traffic","35.567398","True","True","68.80435","0.2714866","0.1793765","1000"
"767","steering-traffic","36.045235","True","True","68.94648","0.28169623","0.19207337","1000"
"768","steering-traffic","36.522224","True","True","69.083015","0.29145","0.20502672","1000"
"769","steering-traffic","36.998413","True","True","69.2144","0.30078343","0.21823043","1000"
"770","steering-traffic","37.473816","True","True","69.34103","0.30972895","0.23167759","1000"
"771","steering-traffic","37.948444","True","True","69.46325","0.31831616","0.24536051","1000"
"772","steering-traffic","38.422287","True","True","69.58139","0.3265719","0.25927076","1000"
"773","steering-traffic","38.89533","True","True","69.695755","0.3345207","0.27339932","1000"
"774","steering-traffic","39.367542","True","True","69.806595","0.34218478","0.2877364","1000"
"775","steering-traffic","39.838898","True","True","69.914154","0.34958428","0.30227178","1000"
"776","steering-traffic","40.309353","True","True","70.018654","0.3567375","0.31699455","1000"
"777","steering-traffic","40.778877","True","True","70.120285","0.36366093","0.3318932","1000"
"778","steering-traffic","41.24742","True","True","70.219215","0.37036943","0.34695578","1000"
"779","steering-traffic","41.71494","True","True","70.31561","0.3768765","0.36216977","1000"
"780","steering-traffic","42.181385","True","True","70.4096","0.3831942","0.377522","1000"
"781","steering-traffic","42.646687","True","True","70.50131","0.3893333","0.39299878","1000"
"782","steering-traffic","43.110786","True","True","70.59085","0.3953035","0.40858606","1000"
"783","steering-traffic","43.57363","True","True","70.67832","0.40111342","0.42426902","1000"
"784","steering-traffic","44.035183","True","True","70.763794","0.40677077","0.44003263","1000"
"785","steering-traffic","44.49539","True","True","70.84735","0.41228238","0.4558613","1000"
"786","steering-traffic","44.95421","True","True","70.92905","0.41765422","0.47173893","1000"
"787","steering-traffic","45.411594","True","True","71.00894","0.42289165","0.48764926","1000"
"788","steering-traffic","45.867493","True","True","71.08709","0.42799932","0.5035754","1000"
"789","steering-traffic","46.321857","True","True","71.16351","0.4329812","0.51950014","1000"
"790","steering-traffic","46.77463","True","True","71.23826","0.43784088","0.53540605","1000"
"791","steering-traffic","47.22577","True","True","71.31134","0.44258136","0.55127543","1000"
"792","steering-traffic","47.675224","True","True","71.38279","0.44720516","0.5670901","1000"
"793","steering-traffic","48.12296","True","True","71.452614","0.45171452","0.58283204","1000"
"794","steering-traffic","37.961834","True","True","71.41638","0.4497618","0.57104367","900"
"795","steering-traffic","34.728348","True","True","71.352394","0.4461907","0.55155104","900"
"796","steering-traffic","35.284843","True","True","71.29764","0.44311953","0.5351959","900"
"797","steering-traffic","35.82966","True","True","71.25143","0.44051412","0.52164483","900"
"798","steering-traffic","36.359154","True","True","71.213066","0.43833995","0.5105934","900"
"799","steering-traffic","36.078476","True","True","71.174515","0.43613863","0.49971643","900"
"800","steering-traffic","35.67132","True","True","71.134605","0.43384397","0.48868093","900"
"801","steering-traffic","35.998325","True","True","71.10025","0.43185452","0.47938022","900"
"802","steering-traffic","35.871655","True","True","71.06687","0.4299099","0.47050965","900"
"803","steering-traffic","35.833286","True","True","71.035225","0.42805493","0.46225715","900"
"804","steering-traffic","35.877396","True","True","71.005974","0.42632872","0.454777","900"
"805","steering-traffic","35.882103","True","True","70.97859","0.42470282","0.4479052","900"
"806","steering-traffic","35.92736","True","True","70.95334","0.4231933","0.44169098","900"
"807","steering-traffic","35.893513","True","True","70.929344","0.4217512","0.4358838","900"
"808","steering-traffic","35.997837","True","True","70.90781","0.4204467","0.43078938","900"
"809","steering-traffic","36.061584","True","True","70.88821","0.41925028","0.42624876","900"
"810","steering-traffic","36.14274","True","True","70.87057","0.4181651","0.42225832","900"
"811","steering-traffic","36.22685","True","True","70.854805","0.41718647","0.41878","900"
"812","steering-traffic","36.313965","True","True","70.84082","0.41630992","0.41577917","900"
"813","steering-traffic","36.242752","True","True","70.827034","0.41544494","0.41283464","900"
"814","steering-traffic","36.53321","True","True","70.816795","0.4147845","0.4108142","900"
"815","steering-traffic","36.824245","True","False","70.80989","0.41431725","0.40964487","900"
"816","steering-traffic","37.11534","True","False","70.806114","0.41403213","0.40925965","900"
"817","steering-traffic","37.40649","True","False","70.80525","0.4139187","0.4095979","900"
"818","steering-traffic","37.697693","True","False","70.80738","0.41398692","0.41062346","900"
"819","steering-traffic","37.988945","True","False","70.81285","0.41426852","0.4123254","900"
"820","steering-traffic","38.28025","True","False","70.82138","0.41474605","0.41465122","900"
"821","steering-traffic","38.57161","True","False","70.832726","0.41540334","0.41755328","900"
"822","steering-traffic","38.863018","True","False","70.84665","0.4162255","0.42098844","900"
"823","steering-traffic","39.15448","True","False","70.86294","0.41719875","0.42491743","900"
"824","steering-traffic","39.445988","True","False","70.881386","0.4183103","0.42930436","900"
"825","steering-traffic","39.738266","True","True","70.901825","0.41954902","0.43411827","900"
"826","steering-traffic","40.031998","True","True","70.924095","0.42090487","0.43933252","900"
"827","steering-traffic","40.327717","True","True","70.94806","0.42236903","0.44492394","900"
"828","steering-traffic","40.625828","True","True","70.973595","0.42393363","0.45087227","900"
"829","steering-traffic","40.92661","True","True","71.00059","0.42559144","0.45715943","900"
"830","steering-traffic","41.230217","True","True","71.02894","0.4273359","0.46376896","900"
"831","steering-traffic","41.536724","True","False","71.05855","0.42916086","0.4706858","900"
"832","steering-traffic","41.846115","True","False","71.089325","0.4310606","0.47789565","900"
"833","steering-traffic","42.15823","True","False","71.12119","0.43302962","0.4853847","900"
"834","steering-traffic","42.472904","True","False","71.15406","0.43506256","0.4931393","900"
"835","steering-traffic","42.789974","True","False","71.18785","0.43715432","0.5011462","900"
"836","steering-traffic","43.10928","True","False","71.22248","0.4392999","0.50939214","900"
"837","steering-traffic","43.430653","True","False","71.25788","0.44149458","0.5178641","900"
"838","steering-traffic","43.753925","True","False","71.293976","0.44373366","0.52654916","900"
"839","steering-traffic","44.078938","True","False","71.330696","0.44601265","0.5354343","900"
"840","steering-traffic","44.405506","True","False","71.367966","0.4483271","0.5445065","900"
"841","steering-traffic","44.73322","True","False","71.40572","0.4506726","0.5537521","900"
"842","steering-traffic","45.062035","True","False","71.4439","0.45304495","0.56315774","900"
"843","steering-traffic","45.392017","True","False","71.48244","0.45544016","0.5727106","900"
"844","steering-traffic","45.72313","True","False","71.52126","0.45785445","0.582398","900"
"845","steering-traffic","46.0552","True","False","71.560326","0.46028405","0.5922073","900"
"846","steering-traffic","46.387917","True","False","71.59956","0.46272528","0.60212505","900"
"847","steering-traffic","46.7208","True","False","71.63892","0.46517423","0.6121372","900"
"848","steering-traffic","47.05328","True","False","71.67833","0.46762696","0.62222844","900"
"849","steering-traffic","47.38475","True","False","71.71773","0.47007936","0.6323827","900"
"850","steering-traffic","47.714554","True","False","71.75705","0.47252724","0.6425827","900"
"851","steering-traffic","48.042015","True","False","71.79622","0.47496626","0.6528105","900"
"852","steering-traffic","48.366436","True","False","71.835175","0.47739205","0.6630472","900"
"853","steering-traffic","48.687126","True","False","71.87384","0.47980025","0.67327344","900"
"854","steering-traffic","49.003387","True","False","71.91215","0.48218647","0.6834693","900"
"855","steering-traffic","49.31453","True","True","71.950035","0.48454636","0.69361454","900"
"856","steering-traffic","49.629932","True","True","71.9875","0.48688084","0.7037113","900"
"857","steering-traffic","49.941086","True","True","72.024506","0.48918623","0.7137417","900"
"858","steering-traffic","50.246056","True","True","72.060974","0.49145833","0.7236851","900"
"859","steering-traffic","50.545994","True","True","72.09685","0.4936939","0.7335249","900"
"860","steering-traffic","50.842148","True","True","72.1321","0.4958906","0.7432484","900"
"861","steering-traffic","51.135616","True","True","72.1667","0.49804696","0.75284594","900"
"862","steering-traffic","51.427277","True","False","72.20064","0.500162","0.76231015","900"
"863","steering-traffic","51.716263","True","False","72.233894","0.5022344","0.7716325","900"
"864","steering-traffic","52.00523","True","False","72.26646","0.5042642","0.78080964","900"
"865","steering-traffic","52.29415","True","False","72.29833","0.5062511","0.7898384","900"
"866","steering-traffic","52.583","True","False","72.32952","0.508195","0.7987149","900"
"867","steering-traffic","52.871746","True","False","72.360016","0.5100958","0.80743545","900"
"868","steering-traffic","53.160362","True","False","72.38981","0.51195306","0.8159958","900"
"869","steering-traffic","53.448814","True","False","72.4189","0.51376647","0.8243919","900"
"870","steering-traffic","53.737083","True","False","72.44727","0.5155357","0.8326193","900"
"871","steering-traffic","54.02514","True","False","72.47494","0.5172604","0.8406735","900"
"872","steering-traffic","54.312515","True","False","72.50188","0.51893985","0.8485491","900"
"873","steering-traffic","54.59877","True","False","72.52808","0.52057344","0.85624033","900"
"874","steering-traffic","54.88322","True","False","72.553535","0.5221603","0.8637406","900"
"875","steering-traffic","55.165085","True","False","72.57822","0.52369946","0.8710428","900"
"876","steering-traffic","55.443516","True","False","72.60212","0.5251899","0.8781392","900"
"877","steering-traffic","55.4438","True","False","72.624115","0.5265612","0.88469136","900"
"878","steering-traffic","55.47801","True","True","72.64449","0.52783173","0.8907813","862.26025"
"879","steering-traffic","55.562912","True","True","72.66359","0.5290224","0.8965052","862.26025"
"880","steering-traffic","55.83163","True","True","72.68222","0.53018415","0.90210557","862.26025"
"881","steering-traffic","56.099735","True","True","72.70036","0.5313154","0.90757364","862.26025"
"882","steering-traffic","56.367943","True","True","72.718","0.53241485","0.9129019","862.26025"
"883","steering-traffic","56.637085","True","False","72.7351","0.53348136","0.9180835","862.26025"
"884","steering-traffic","56.90786","True","False","72.75166","0.53451395","0.92311263","862.26025"
"885","steering-traffic","57.180256","True","False","72.76766","0.53551155","0.9279829","862.26025"
"886","steering-traffic","57.397476","True","True","72.78294","0.5364644","0.93264526","862.26025"
"887","steering-traffic","57.671425","True","True","72.797646","0.5373814","0.937142","862.26025"
"888","steering-traffic","57.937996","True","True","72.81174","0.5382602","0.9414607","862.26025"
"889","steering-traffic","58.202538","True","True","72.8252","0.5390997","0.945594","862.26025"
"890","steering-traffic","58.468685","True","True","72.83802","0.539899","0.949537","862.26025"
"891","steering-traffic","58.73489","True","True","72.850174","0.5406571","0.9532836","862.26025"
"892","steering-traffic","59.003716","True","True","72.861664","0.54137325","0.95682913","862.26025"
"893","steering-traffic","59.283676","True","True","72.87247","0.542047","0.96016985","862.26025"
"894","steering-traffic","59.5578","True","True","72.88257","0.5426768","0.96329725","862.26025"
"895","steering-traffic","59.681202","True","False","72.89191","0.54325914","0.9661932","862.26025"
"896","steering-traffic","59.810688","True","True","72.90053","0.54379696","0.9688713","862.26025"
"897","steering-traffic","59.90887","True","True","72.90848","0.5442927","0.97134256","862.26025"
"898","steering-traffic","60.01107","True","True","72.915794","0.544749","0.97362006","862.26025"
"899","steering-traffic","60.295578","True","True","72.92253","0.5451688","0.97571754","862.26025"
"900","steering-traffic","60.403908","True","True","72.92872","0.5455551","0.9776491","862.26025"
"901","steering-traffic","60.6997","True","True","72.93442","0.54591054","0.9794278","862.26025"
"902","steering-traffic","60.715416","True","True","72.93967","0.54623747","0.98106563","862.26025"
"903","steering-traffic","60.731506","True","True","72.94449","0.54653835","0.9825735","862.26025"
"904","steering-traffic","60.73953","True","True","72.94893","0.5468151","0.98396176","862.26025"
"905","steering-traffic","60.74014","True","True","72.95301","0.5470698","0.9852398","862.26025"
"906","steering-traffic","59.50874","True","True","72.95665","0.5472965","0.9863785","862.26025"
"907","steering-traffic","59.654087","True","True","72.96005","0.54750896","0.98744565","862.26025"
"908","steering-traffic","59.976654","True","True","72.96325","0.5477081","0.9884467","862.26025"
"909","steering-traffic","60.298954","True","True","72.96619","0.5478913","0.9893682","862.26025"
"910","steering-traffic","60.62103","True","True","72.96889","0.54805994","0.9902164","862.26025"
"911","steering-traffic","60.94293","True","True","72.971375","0.5482151","0.9909971","862.26025"
"912","steering-traffic","61.264698","True","True","72.97366","0.5483578","0.9917155","862.26025"
"913","steering-traffic","61.586384","True","True","72.97577","0.54848903","0.99237674","862.26025"
"914","steering-traffic","61.90803","True","True","72.97771","0.54860985","0.99298525","862.26025"
"915","steering-traffic","62.046562","True","True","72.97949","0.548721","0.99354535","862.26025"
"916","steering-traffic","62.18128","True","True","72.98113","0.5488233","0.99406075","862.26025"
"917","steering-traffic","62.315735","True","True","72.982635","0.54891735","0.9945351","862.26025"
"918","steering-traffic","62.44978","True","True","72.984024","0.54900396","0.9949715","862.26025"
"919","steering-traffic","62.583035","True","True","72.985306","0.5490836","0.99537313","862.26025"
"920","steering-traffic","62.71608","True","True","72.98648","0.54915684","0.99574274","862.26025"
"921","steering-traffic","63.038094","True","True","72.98756","0.54922426","0.9960828","862.26025"
"922","steering-traffic","63.172886","True","True","72.988556","0.54928625","0.9963957","862.26025"
"923","steering-traffic","63.304737","True","True","72.98947","0.54934335","0.9966837","862.26025"
"924","steering-traffic","63.349285","True","True","72.99031","0.54939586","0.99694866","862.26025"
"925","steering-traffic","63.386814","True","True","72.99109","0.5494442","0.9971925","862.26025"
"926","steering-traffic","63.4236","True","True","72.9918","0.54948866","0.99741685","862.26025"
"927","steering-traffic","63.459354","True","True","72.992455","0.5495295","0.99762326","862.26025"
"928","steering-traffic","63.74277","True","True","72.99306","0.54956716","0.9978132","862.26025"
"929","steering-traffic","64.02129","True","True","72.993614","0.5496018","0.997988","862.26025"
"930","steering-traffic","64.16411","True","True","72.994125","0.5496336","0.9981488","862.26025"
"931","steering-traffic","64.1444","True","True","72.99459","0.5496629","0.99829674","862.26025"
"932","steering-traffic","64.121086","True","True","72.995026","0.5496898","0.9984328","862.26025"
"933","steering-traffic","63.884384","True","True","72.99542","0.5497146","0.9985581","862.26025"
"934","steering-traffic","63.958694","True","True","72.99579","0.54973745","0.9986734","862.26025"
"935","steering-traffic","64.017586","True","True","72.996124","0.54975843","0.9987794","862.26025"
"936","steering-traffic","64.04114","True","True","72.99644","0.54977775","0.9988769","862.26025"
"937","steering-traffic","64.08389","True","True","72.99672","0.5497955","0.9989667","862.26025"
"938","steering-traffic","64.07995","True","True","72.99698","0.5498119","0.9990493","862.26025"
"939","steering-traffic","64.25067","True","True","72.99722","0.5498269","0.9991253","862.26025"
"940","steering-traffic","64.344215","True","True","72.997444","0.54984075","0.99919516","862.26025"
"941","steering-traffic","64.51977","True","True","72.99765","0.54985344","0.99925953","862.26025"
"942","steering-traffic","63.982914","True","True","72.99784","0.5498652","0.9993187","862.26025"
"943","steering-traffic","64.0364","True","True","72.99801","0.549876","0.9993731","862.26025"
"944","steering-traffic","64.11111","True","True","72.99817","0.54988587","0.99942327","862.26025"
"945","steering-traffic","64.173035","True","True","72.998314","0.549895","0.9994694","862.26025"
"946","steering-traffic","64.2295","True","True","72.99845","0.5499034","0.99951184","862.26025"
"947","steering-traffic","64.30396","True","True","72.99857","0.54991114","0.9995509","862.26025"
"948","steering-traffic","64.3639","True","True","72.99869","0.54991823","0.9995868","862.26025"
"949","steering-traffic","64.15764","True","True","72.998795","0.5499248","0.99961984","862.26025"
"950","steering-traffic","64.29962","True","True","72.998886","0.54993075","0.9996501","862.26025"
"951","steering-traffic","64.43929","True","True","72.99898","0.5499363","0.99967813","862.26025"
"952","steering-traffic","64.504776","True","True","72.99906","0.5499414","0.9997039","862.26025"
"953","steering-traffic","64.5411","True","True","72.99914","0.54994607","0.99972755","862.26025"
"954","steering-traffic","64.57788","True","True","72.99921","0.5499504","0.99974936","862.26025"
"955","steering-traffic","64.60541","True","True","72.99927","0.54995435","0.9997694","862.26025"
"956","steering-traffic","64.628525","True","True","72.99933","0.549958","0.9997878","862.26025"
"957","steering-traffic","64.64882","True","True","72.99938","0.5499614","0.99980474","862.26025"
"958","steering-traffic","64.66654","True","True","72.99943","0.5499644","0.9998203","862.26025"
"959","steering-traffic","64.68227","True","True","72.99947","0.5499673","0.9998347","862.26025"
"960","steering-traffic","64.696175","True","True","72.99952","0.5499699","0.99984795","862.26025"
"961","steering-traffic","64.58077","False","True","72.6029","0.51880616","0.945466","862.26025"
"962","steering-traffic","64.313805","False","True","72.228745","0.48940822","0.89416444","862.26025"
"963","steering-traffic","64.04224","False","True","71.8758","0.46167615","0.8457691","862.26025"
"964","steering-traffic","63.72794","False","True","71.542854","0.43551546","0.8001154","862.26025"
"965","steering-traffic","63.447727","False","True","71.228775","0.41083717","0.75704795","862.26025"
"966","steering-traffic","61.45648","False","True","70.93249","0.38755727","0.71642035","830.94696"
"967","steering-traffic","61.40648","False","True","70.65299","0.36559653","0.6780945","830.94696"
"968","steering-traffic","61.35648","False","True","70.389336","0.3448802","0.6419399","830.94696"
"969","steering-traffic","61.205406","False","True","70.14062","0.3253377","0.6078336","830.94696"
"970","steering-traffic","60.972218","False","False","69.90599","0.30690262","0.5756597","830.94696"
"971","steering-traffic","60.73811","False","False","69.68466","0.28951213","0.54530853","830.94696"
"972","steering-traffic","60.502583","False","False","69.47587","0.27310705","0.516677","830.94696"
"973","steering-traffic","60.267956","False","False","69.278915","0.25763157","0.4896677","830.94696"
"974","steering-traffic","60.033966","False","False","69.09312","0.24303302","0.46418867","830.94696"
"975","steering-traffic","59.800766","False","False","68.91785","0.22926167","0.44015142","830.94696"
"976","steering-traffic","59.568245","False","False","68.75249","0.21627067","0.41747","830.94696"
"977","steering-traffic","59.336506","False","False","68.59647","0.20401579","0.39606428","830.94696"
"978","steering-traffic","59.105427","False","False","68.449265","0.19245534","0.37585968","830.94696"
"979","steering-traffic","59.055428","False","False","68.310394","0.18154994","0.35679996","830.94696"
"980","steering-traffic","58.8219","False","False","68.17934","0.17126249","0.33880654","830.94696"
"981","steering-traffic","58.592464","False","False","68.05566","0.16155799","0.3218183","830.94696"
"982","steering-traffic","58.36375","False","False","67.93891","0.15240338","0.30577782","830.94696"
"983","steering-traffic","58.13577","False","False","67.828705","0.14376752","0.29063126","830.94696"
"984","steering-traffic","57.90848","False","False","67.72467","0.13562101","0.27632806","830.94696"
"985","steering-traffic","57.681828","False","False","67.626434","0.1279361","0.2628207","830.94696"
"986","steering-traffic","57.63183","False","False","67.53375","0.120686665","0.25008592","830.94696"
"987","steering-traffic","57.396465","False","False","67.44621","0.113848016","0.23805718","830.94696"
"988","steering-traffic","57.17148","False","False","67.363525","0.10739686","0.22669633","830.94696"
"989","steering-traffic","56.947155","False","False","67.285416","0.101311274","0.21596617","830.94696"
"990","steering-traffic","56.723526","False","False","67.2116","0.09557052","0.20583163","830.94696"
"991","steering-traffic","56.503765","False","False","67.141846","0.09015506","0.1962601","830.94696"
"992","steering-traffic","56.281494","False","False","67.07591","0.08504646","0.18721986","830.94696"
"993","steering-traffic","56.059948","False","False","67.013565","0.080227345","0.1786815","830.94696"
"994","steering-traffic","55.839","False","False","66.95461","0.0756813","0.17061716","830.94696"
"995","steering-traffic","55.61882","False","False","66.89884","0.07139286","0.16300066","830.94696"
"996","steering-traffic","55.568825","False","False","66.84622","0.067347415","0.15582982","830.94696"
"997","steering-traffic","55.51882","False","False","66.79656","0.063531205","0.14907764","830.94696"
"998","steering-traffic","55.468826","False","False","66.7497","0.05993124","0.14271887","830.94696"
"999","steering-traffic","55.418827","False","False","66.70548","0.056535266","0.13672982","830.94696"
"1000","steering-traffic","55.368824","False","False","66.66374","0.05333172","0.13108835","830.94696"
"1001","steering-traffic","30.300104","False","True","66.57253","0.050309706","0.11915062","730.94696"
"1002","steering-traffic","30.209341","False","False","66.4875","0.04745893","0.10852406","730.94696"
"1003","steering-traffic","30.118849","False","False","66.40821","0.044769693","0.09905332","730.94696"
"1004","steering-traffic","30.028627","False","False","66.33425","0.04223284","0.09060227","730.94696"
"1005","steering-traffic","30.028627","False","False","66.26546","0.039839737","0.08307466","730.94696"
"1006","steering-traffic","30.028627","False","False","66.201454","0.037582237","0.07636147","730.94696"
"1007","steering-traffic","30.028627","False","False","66.1419","0.035452656","0.07036718","730.94696"
"1008","steering-traffic","30.028627","False","False","66.08647","0.03344375","0.06500805","730.94696"
"1009","steering-traffic","30.028627","False","False","66.03488","0.031548675","0.060210638","730.94696"
"1010","steering-traffic","30.028627","False","False","65.986855","0.029760985","0.055910483","730.94696"
"1011","steering-traffic","30.028627","False","False","65.94214","0.028074592","0.052050956","730.94696"
"1012","steering-traffic","30.028627","False","False","65.9005","0.026483761","0.04858231","730.94696"
"1013","steering-traffic","30.028627","False","False","65.86171","0.02498307","0.045460783","730.94696"
"1014","steering-traffic","30.028627","False","False","65.825584","0.023567418","0.04264785","730.94696"
"1015","steering-traffic","30.028627","False","False","65.79192","0.022231981","0.040109582","730.94696"
"1016","steering-traffic","30.028627","False","False","65.76056","0.020972218","0.03781607","730.94696"
"1017","steering-traffic","30.028627","False","False","65.73133","0.019783838","0.035740927","730.94696"
"1018","steering-traffic","30.028627","False","False","65.70409","0.018662795","0.033860844","730.94696"
"1019","steering-traffic","30.028627","False","False","65.67869","0.017605277","0.03215522","730.94696"
"1020","steering-traffic","30.028627","False","False","65.655014","0.016607683","0.030605821","730.94696"
"1021","steering-traffic","30.028627","False","False","65.63293","0.015666617","0.029196514","730.94696"
"1022","steering-traffic","30.028627","False","False","65.61233","0.014778875","0.027912982","730.94696"
"1023","steering-traffic","30.028627","False","False","65.59312","0.013941437","0.026742522","730.94696"
"1024","steering-traffic","30.028627","False","False","65.575195","0.013151453","0.025673855","730.94696"
"1025","steering-traffic","30.028627","False","False","65.558464","0.012406231","0.024696939","730.94696"
"1026","steering-traffic","30.028627","False","False","65.542854","0.011703238","0.023802837","730.94696"
"1027","steering-traffic","30.028627","False","False","65.52829","0.011040079","0.022983585","730.94696"
"1028","steering-traffic","30.028627","False","False","65.51469","0.010414499","0.022232065","730.94696"
"1029","steering-traffic","30.028627","False","False","65.50198","0.009824366","0.021541927","730.94696"
"1030","steering-traffic","30.028627","False","False","65.49013","0.009267674","0.02090748","730.94696"
"1031","steering-traffic","30.028627","False","False","65.47905","0.008742525","0.020323634","730.94696"
"1032","steering-traffic","30.028627","False","False","65.468704","0.008247134","0.019785814","730.94696"
"1033","steering-traffic","30.028627","False","False","65.45904","0.007779815","0.019289918","730.94696"
"1034","steering-traffic","30.028627","False","False","65.45001","0.0073389756","0.018832253","730.94696"
"1035","steering-traffic","30.028627","False","False","65.441574","0.006923116","0.018409496","730.94696"
"1036","steering-traffic","30.028627","False","False","65.433685","0.006530821","0.01801865","730.94696"
"1037","steering-traffic","30.028627","False","False","65.42631","0.0061607547","0.017657008","730.94696"
"1038","steering-traffic","30.028627","False","False","65.41941","0.0058116587","0.017322125","730.94696"
"1039","steering-traffic","30.028627","False","False","65.41297","0.0054823435","0.017011784","730.94696"
"1040","steering-traffic","30.028627","False","False","65.40694","0.0051716887","0.01672398","730.94696"
"1041","steering-traffic","30.028627","False","False","65.4013","0.0048786374","0.016456889","730.94696"
"1042","steering-traffic","30.028627","False","False","65.39603","0.004602192","0.01620886","730.94696"
"1043","steering-traffic","30.028627","False","False","65.39109","0.004341411","0.015978385","730.94696"
"1044","steering-traffic","30.028627","False","False","65.386475","0.0040954067","0.015764091","730.94696"
"1045","steering-traffic","30.028627","False","False","65.38216","0.0038633423","0.015564729","730.94696"
"1046","steering-traffic","30.028627","False","False","65.378105","0.003644428","0.015379156","730.94696"
"1047","steering-traffic","30.028627","False","False","65.37432","0.0034379181","0.015206329","730.94696"
"1048","steering-traffic","30.028627","False","False","65.37078","0.0032431101","0.01504529","730.94696"
"1049","steering-traffic","30.028627","False","False","65.36746","0.0030593409","0.014895165","730.94696"
"1050","steering-traffic","30.028627","False","False","65.36435","0.0028859845","0.014755153","730.94696"
"1051","steering-traffic","30.028627","False","False","65.36144","0.0027224517","0.014624514","730.94696"
"1052","steering-traffic","30.028627","False","False","65.35871","0.002568185","0.01450257","730.94696"
"1053","steering-traffic","30.028627","False","False","65.356155","0.0024226601","0.0143887","730.94696"
"1054","steering-traffic","30.028627","False","False","65.35377","0.002285381","0.014282328","730.94696"
"1055","steering-traffic","30.028627","False","False","65.351524","0.002155881","0.014182924","730.94696"
"1056","steering-traffic","30.028627","False","False","65.34942","0.0020337189","0.014090004","730.94696"
"1057","steering-traffic","30.028627","False","False","65.34745","0.0019184792","0.014003116","730.94696"
"1058","steering-traffic","30.028627","False","False","65.345604","0.0018097694","0.013921841","730.94696"
"1059","steering-traffic","30.028627","False","False","65.34387","0.0017072198","0.013845797","730.94696"
"1060","steering-traffic","30.028627","False","False","65.342255","0.001610481","0.013774627","730.94696"
"1061","steering-traffic","30.028627","False","False","65.34073","0.0015192238","0.013707999","730.94696"
"1062","steering-traffic","30.028627","False","False","65.3393","0.0014331377","0.013645609","730.94696"
"1063","steering-traffic","30.028627","False","False","65.33797","0.0013519296","0.013587173","730.94696"
"1064","steering-traffic","30.028627","False","False","65.33671","0.0012753232","0.013532427","730.94696"
"1065","steering-traffic","30.028627","False","False","65.33553","0.0012030577","0.013481129","730.94696"
"1066","steering-traffic","30.028627","False","False","65.33443","0.001134887","0.0134330485","730.94696"
"1067","steering-traffic","30.028627","False","False","65.33339","0.0010705792","0.013387976","730.94696"
"1068","steering-traffic","30.028627","False","False","65.33241","0.0010099153","0.0133457165","730.94696"
"1069","steering-traffic","30.028627","False","False","65.3315","0.0009526889","0.013306085","730.94696"
"1070","steering-traffic","30.028627","False","False","65.33064","0.0008987053","0.013268912","730.94696"
"1071","steering-traffic","30.028627","False","False","65.32984","0.00084778055","0.013234041","730.94696"
"1072","steering-traffic","30.028627","False","False","65.32909","0.00079974154","0.013201321","730.94696"
"1073","steering-traffic","30.028627","False","False","65.32838","0.00075442455","0.013170618","730.94696"
"1074","steering-traffic","30.028627","False","False","65.327705","0.00071167544","0.0131418","730.94696"
"1075","steering-traffic","30.028627","False","False","65.32708","0.0006713487","0.013114748","730.94696"
"1076","steering-traffic","30.028627","False","False","65.32649","0.00063330703","0.013089351","730.94696"
"1077","steering-traffic","30.028627","False","False","65.32594","0.00059742096","0.013065505","730.94696"
"1078","steering-traffic","30.028627","False","False","65.325424","0.0005635684","0.01304311","730.94696"
"1079","steering-traffic","30.028627","False","False","65.324936","0.000531634","0.013022079","730.94696"
"1080","steering-traffic","30.028627","False","False","65.32448","0.00050150923","0.013002325","730.94696"
"1081","high-speed-no-boost","58","False","False","65","0","0","1000"
"1082","high-speed-no-boost","58","False","True","65.07955","0","0.0031820282","1000"
"1083","high-speed-no-boost","58.000282","False","True","65.15274","0","0.0061096405","1000"
"1084","high-speed-no-boost","58.000557","False","True","65.22008","0","0.008803178","1000"
"1085","high-speed-no-boost","58.00076","False","True","65.282036","0","0.011281355","1000"
"1086","high-speed-no-boost","58.000954","False","True","65.339035","0","0.013561391","1000"
"1087","high-speed-no-boost","58.00108","False","True","65.39148","0","0.015659127","1000"
"1088","high-speed-no-boost","58.00115","False","True","65.43973","0","0.017589139","1000"
"1089","high-speed-no-boost","58.00118","False","True","65.48412","0","0.019364838","1000"
"1090","high-speed-no-boost","58.001186","False","True","65.52496","0","0.020998556","1000"
"1091","high-speed-no-boost","58.001194","False","True","65.56254","0","0.022501651","1000"
"1092","high-speed-no-boost","58.001194","False","True","65.597115","0","0.023884568","1000"
"1093","high-speed-no-boost","58.001194","False","True","65.62892","0","0.02515691","1000"
"1094","high-speed-no-boost","58.001194","False","True","65.65819","0","0.02632752","1000"
"1095","high-speed-no-boost","58.001194","False","True","65.68511","0","0.027404537","1000"
"1096","high-speed-no-boost","58.001194","False","True","65.709885","0","0.028395437","1000"
"1097","high-speed-no-boost","58.001194","False","True","65.73268","0","0.029307112","1000"
"1098","high-speed-no-boost","58.001194","False","True","65.75365","0","0.030145893","1000"
"1099","high-speed-no-boost","58.001194","False","True","65.77294","0","0.030917607","1000"
"1100","high-speed-no-boost","58.001194","False","True","65.79069","0","0.03162762","1000"
"1101","high-speed-no-boost","58.001194","False","True","65.80702","0","0.032280862","1000"
"1102","high-speed-no-boost","58.001194","False","True","65.822044","0","0.03288188","1000"
"1103","high-speed-no-boost","58.001194","False","True","65.83587","0","0.033434834","1000"
"1104","high-speed-no-boost","58.001194","False","True","65.84859","0","0.033943582","1000"
"1105","high-speed-no-boost","58.001194","False","True","65.86029","0","0.03441165","1000"
"1106","high-speed-no-boost","58.001194","False","True","65.871056","0","0.034842294","1000"
"1107","high-speed-no-boost","58.001194","False","True","65.88097","0","0.035238504","1000"
"1108","high-speed-no-boost","58.001194","False","True","65.890076","0","0.035603035","1000"
"1109","high-speed-no-boost","58.001194","False","True","65.89846","0","0.035938423","1000"
"1110","high-speed-no-boost","58.001194","False","True","65.90617","0","0.036246993","1000"
"1111","high-speed-no-boost","58.001194","False","True","65.91327","0","0.036530893","1000"
"1112","high-speed-no-boost","58.001194","False","True","65.9198","0","0.036792092","1000"
"1113","high-speed-no-boost","58.001194","False","True","65.92581","0","0.037032407","1000"
"1114","high-speed-no-boost","58.001194","False","True","65.931335","0","0.037253506","1000"
"1115","high-speed-no-boost","58.001194","False","True","65.936424","0","0.037456926","1000"
"1116","high-speed-no-boost","58.001194","False","True","65.9411","0","0.03764408","1000"
"1117","high-speed-no-boost","58.001194","False","True","65.945404","0","0.037816275","1000"
"1118","high-speed-no-boost","58.001194","False","True","65.94937","0","0.0379747","1000"
"1119","high-speed-no-boost","58.001194","False","True","65.95301","0","0.038120456","1000"
"1120","high-speed-no-boost","58.001194","False","True","65.95637","0","0.03825456","1000"
"1121","high-speed-no-boost","58.001194","False","True","65.95945","0","0.03837794","1000"
"1122","high-speed-no-boost","58.001194","False","True","65.96229","0","0.038491458","1000"
"1123","high-speed-no-boost","58.001194","False","True","65.9649","0","0.0385959","1000"
"1124","high-speed-no-boost","58.001194","False","True","65.9673","0","0.03869199","1000"
"1125","high-speed-no-boost","58.001194","False","True","65.96951","0","0.0387804","1000"
"1126","high-speed-no-boost","58.001194","False","True","65.97154","0","0.038861737","1000"
"1127","high-speed-no-boost","58.001194","False","True","65.97341","0","0.03893657","1000"
"1128","high-speed-no-boost","58.001194","False","True","65.975136","0","0.03900542","1000"
"1129","high-speed-no-boost","58.001194","False","True","65.97672","0","0.039068766","1000"
"1130","high-speed-no-boost","58.001194","False","True","65.97818","0","0.039127048","1000"
"1131","high-speed-no-boost","58.001194","False","True","65.979515","0","0.03918067","1000"
"1132","high-speed-no-boost","58.001194","False","True","65.98075","0","0.039230004","1000"
"1133","high-speed-no-boost","58.001194","False","True","65.98189","0","0.039275397","1000"
"1134","high-speed-no-boost","58.001194","False","True","65.982925","0","0.039317157","1000"
"1135","high-speed-no-boost","58.001194","False","True","65.98389","0","0.039355576","1000"
"1136","high-speed-no-boost","58.001194","False","True","65.98477","0","0.03939093","1000"
"1137","high-speed-no-boost","58.001194","False","True","65.98559","0","0.03942345","1000"
"1138","high-speed-no-boost","58.001194","False","True","65.986336","0","0.039453372","1000"
"1139","high-speed-no-boost","58.001194","False","True","65.98702","0","0.039480902","1000"
"1140","high-speed-no-boost","58.001194","False","True","65.987656","0","0.03950623","1000"
"1141","high-speed-no-boost","58.001194","False","True","65.988235","0","0.039529536","1000"
"1142","high-speed-no-boost","58.001194","False","True","65.98878","0","0.039550975","1000"
"1143","high-speed-no-boost","58.001194","False","True","65.989265","0","0.039570704","1000"
"1144","high-speed-no-boost","58.001194","False","True","65.98972","0","0.03958885","1000"
"1145","high-speed-no-boost","58.001194","False","True","65.990135","0","0.03960555","1000"
"1146","high-speed-no-boost","58.001194","False","True","65.990524","0","0.039620914","1000"
"1147","high-speed-no-boost","58.001194","False","True","65.990875","0","0.039635047","1000"
"1148","high-speed-no-boost","58.001194","False","True","65.9912","0","0.03964805","1000"
"1149","high-speed-no-boost","58.001194","False","True","65.9915","0","0.039660014","1000"
"1150","high-speed-no-boost","58.001194","False","True","65.991776","0","0.039671022","1000"
"1151","high-speed-no-boost","58.001194","False","True","65.99203","0","0.03968115","1000"
"1152","high-speed-no-boost","58.001194","False","True","65.99226","0","0.03969047","1000"
"1153","high-speed-no-boost","58.001194","False","True","65.99248","0","0.03969904","1000"
"1154","high-speed-no-boost","58.001194","False","True","65.992676","0","0.039706927","1000"
"1155","high-speed-no-boost","58.001194","False","True","65.99285","0","0.039714184","1000"
"1156","high-speed-no-boost","58.001194","False","True","65.99302","0","0.03972086","1000"
"1157","high-speed-no-boost","58.001194","False","True","65.99317","0","0.039727006","1000"
"1158","high-speed-no-boost","58.001194","False","True","65.99332","0","0.039732657","1000"
"1159","high-speed-no-boost","58.001194","False","True","65.99345","0","0.039737858","1000"
"1160","high-speed-no-boost","58.001194","False","True","65.99357","0","0.03974264","1000"
"1161","high-speed-no-boost","58.001194","False","True","65.993675","0","0.039747044","1000"
"1162","high-speed-no-boost","58.001194","False","True","65.993774","0","0.039751094","1000"
"1163","high-speed-no-boost","58.001194","False","True","65.99387","0","0.03975482","1000"
"1164","high-speed-no-boost","58.001194","False","True","65.99396","0","0.039758246","1000"
"1165","high-speed-no-boost","58.001194","False","True","65.99403","0","0.0397614","1000"
"1166","high-speed-no-boost","58.001194","False","True","65.99411","0","0.039764304","1000"
"1167","high-speed-no-boost","58.001194","False","True","65.99417","0","0.039766975","1000"
"1168","high-speed-no-boost","58.001194","False","True","65.99423","0","0.03976943","1000"
"1169","high-speed-no-boost","58.001194","False","True","65.99429","0","0.03977169","1000"
"1170","high-speed-no-boost","58.001194","False","True","65.99435","0","0.03977377","1000"
"1171","high-speed-no-boost","58.001194","False","True","65.99439","0","0.03977568","1000"
"1172","high-speed-no-boost","58.001194","False","True","65.99444","0","0.03977744","1000"
"1173","high-speed-no-boost","58.001194","False","True","65.99448","0","0.03977906","1000"
"1174","high-speed-no-boost","58.001194","False","True","65.994514","0","0.03978055","1000"
"1175","high-speed-no-boost","58.001194","False","True","65.994545","0","0.03978192","1000"
"1176","high-speed-no-boost","58.001194","False","True","65.99458","0","0.03978318","1000"
"1177","high-speed-no-boost","58.001186","False","True","65.994606","0","0.03978434","1000"
"1178","high-speed-no-boost","58.001152","False","True","65.99464","0","0.039785407","1000"
"1179","high-speed-no-boost","58.00107","False","True","65.99466","0","0.039786387","1000"
"1180","high-speed-no-boost","58.00092","False","True","65.99468","0","0.039787285","1000"
"1181","high-speed-no-boost","58.000763","False","True","65.994705","0","0.03978811","1000"
"1182","high-speed-no-boost","58.000492","False","True","65.99472","0","0.039788865","1000"
"1183","high-speed-no-boost","58.000046","False","True","65.994736","0","0.03978955","1000"
"1184","high-speed-no-boost","57.99935","False","True","65.99475","0","0.039790176","1000"
"1185","high-speed-no-boost","57.998543","False","True","65.99477","0","0.03979073","1000"
"1186","high-speed-no-boost","57.9977","False","True","65.99478","0","0.039791234","1000"
"1187","high-speed-no-boost","57.996563","False","True","65.99479","0","0.039791677","1000"
"1188","high-speed-no-boost","57.995026","False","True","65.994804","0","0.039792057","1000"
"1189","high-speed-no-boost","57.99291","False","True","65.99481","0","0.039792374","1000"
"1190","high-speed-no-boost","57.990658","False","True","65.99481","0","0.03979263","1000"
"1191","high-speed-no-boost","57.988422","False","True","65.99482","0","0.039792832","1000"
"1192","high-speed-no-boost","57.985703","False","True","65.99483","0","0.039792974","1000"
"1193","high-speed-no-boost","57.98221","False","True","65.99483","0","0.039793048","1000"
"1194","high-speed-no-boost","57.97772","False","True","65.99483","0","0.03979304","1000"
"1195","high-speed-no-boost","57.973507","False","True","65.99483","0","0.03979297","1000"
"1196","high-speed-no-boost","57.969543","False","True","65.99482","0","0.039792836","1000"
"1197","high-speed-no-boost","57.964474","False","True","65.99482","0","0.039792635","1000"
"1198","high-speed-no-boost","57.958187","False","True","65.99481","0","0.039792348","1000"
"1199","high-speed-no-boost","57.95036","False","True","65.9948","0","0.039791953","1000"
"1200","high-speed-no-boost","57.941605","False","True","65.99479","0","0.039791446","1000"
"1201","high-speed-no-boost","57.93528","False","True","65.994774","0","0.039790876","1000"
"1202","high-speed-no-boost","57.927338","False","True","65.99476","0","0.039790224","1000"
"1203","high-speed-no-boost","57.9185","False","True","65.994736","0","0.039789476","1000"
"1204","high-speed-no-boost","57.907818","False","True","65.99471","0","0.03978861","1000"
"1205","high-speed-no-boost","57.89487","False","True","65.99469","0","0.039787598","1000"
"1206","high-speed-no-boost","57.882812","False","True","65.99466","0","0.03978646","1000"
"1207","high-speed-no-boost","57.871845","False","True","65.99463","0","0.039785232","1000"
"1208","high-speed-no-boost","57.85989","False","True","65.9946","0","0.039783895","1000"
"1209","high-speed-no-boost","57.845543","False","True","65.99456","0","0.039782424","1000"
"1210","high-speed-no-boost","57.828373","False","True","65.99452","0","0.039780773","1000"
"1211","high-speed-no-boost","57.812805","False","True","65.99448","0","0.039778985","1000"
"1212","high-speed-no-boost","57.798904","False","True","65.99443","0","0.039777096","1000"
"1213","high-speed-no-boost","57.784","False","True","65.99438","0","0.0397751","1000"
"1214","high-speed-no-boost","57.766155","False","True","65.99432","0","0.039772946","1000"
"1215","high-speed-no-boost","57.74492","False","True","65.99426","0","0.039770585","1000"
"1216","high-speed-no-boost","57.726116","False","True","65.9942","0","0.039768077","1000"
"1217","high-speed-no-boost","57.70999","False","True","65.99414","0","0.039765477","1000"
"1218","high-speed-no-boost","57.692787","False","True","65.99407","0","0.03976277","1000"
"1219","high-speed-no-boost","57.671886","False","True","65.993996","0","0.039759897","1000"
"1220","high-speed-no-boost","57.647053","False","True","65.99392","0","0.039756794","1000"
"1221","high-speed-no-boost","57.6288","False","True","65.99384","0","0.039753597","1000"
"1222","high-speed-no-boost","57.611073","False","True","65.99376","0","0.03975032","1000"
"1223","high-speed-no-boost","57.59216","False","True","65.993675","0","0.039746948","1000"
"1224","high-speed-no-boost","57.568672","False","True","65.99358","0","0.039743394","1000"
"1225","high-speed-no-boost","57.54086","False","True","65.99349","0","0.039739586","1000"
"1226","high-speed-no-boost","57.52216","False","True","65.99339","0","0.03973572","1000"
"1227","high-speed-no-boost","57.5039","False","True","65.99329","0","0.0397318","1000"
"1228","high-speed-no-boost","57.484535","False","True","65.993195","0","0.039727814","1000"
"1229","high-speed-no-boost","57.45939","False","True","65.99309","0","0.03972365","1000"
"1230","high-speed-no-boost","57.429207","False","True","65.99298","0","0.039719205","1000"
"1231","high-speed-no-boost","57.41086","False","True","65.99287","0","0.039714742","1000"
"1232","high-speed-no-boost","57.39903","False","True","65.99276","0","0.039710395","1000"
"1233","high-speed-no-boost","57.378544","False","True","65.99265","0","0.039705977","1000"
"1234","high-speed-no-boost","57.351658","False","True","65.99253","0","0.03970135","1000"
"1235","high-speed-no-boost","57.319473","False","True","65.99241","0","0.03969642","1000"
"1236","high-speed-no-boost","57.301308","False","True","65.99229","0","0.039691504","1000"
"1237","high-speed-no-boost","57.290413","False","True","65.99217","0","0.039686747","1000"
"1238","high-speed-no-boost","57.27004","False","True","65.99205","0","0.039681934","1000"
"1239","high-speed-no-boost","57.24267","False","True","65.99192","0","0.039676916","1000"
"1240","high-speed-no-boost","57.20972","False","True","65.99179","0","0.03967158","1000"
"1241","high-speed-no-boost","57.192764","False","True","65.99166","0","0.039666303","1000"
"1242","high-speed-no-boost","57.175823","False","True","65.99152","0","0.039661072","1000"
"1243","high-speed-no-boost","57.15888","False","True","65.991394","0","0.039655887","1000"
"1244","high-speed-no-boost","57.13486","False","True","65.991264","0","0.039650574","1000"
"1245","high-speed-no-boost","57.111523","False","True","65.99113","0","0.03964516","1000"
"1246","high-speed-no-boost","57.096058","False","True","65.991","0","0.03963983","1000"
"1247","high-speed-no-boost","57.071487","False","True","65.99086","0","0.03963437","1000"
"1248","high-speed-no-boost","57.044907","False","True","65.990715","0","0.03962873","1000"
"1249","high-speed-no-boost","57.016644","False","True","65.99057","0","0.039622884","1000"
"1250","high-speed-no-boost","56.992924","False","True","65.990425","0","0.039616954","1000"
"1251","high-speed-no-boost","56.95935","False","True","65.990265","0","0.039610706","1000"
"1252","high-speed-no-boost","56.923134","False","True","65.990105","0","0.03960409","1000"
"1253","high-speed-no-boost","56.884476","False","True","65.98993","0","0.039597075","1000"
"1254","high-speed-no-boost","56.83905","False","True","65.98974","0","0.03958951","1000"
"1255","high-speed-no-boost","56.792942","False","True","65.98953","0","0.039581407","1000"
"1256","high-speed-no-boost","56.744682","False","True","65.98932","0","0.039572738","1000"
"1257","high-speed-no-boost","56.70105","False","True","65.98909","0","0.039563656","1000"
"1258","high-speed-no-boost","56.65559","False","True","65.98885","0","0.039554127","1000"
"1259","high-speed-no-boost","56.606792","False","True","65.9886","0","0.03954409","1000"
"1260","high-speed-no-boost","56.542736","False","True","65.98833","0","0.03953316","1000"
"1261","high-speed-no-boost","56.478123","False","True","65.98804","0","0.03952136","1000"
"1262","high-speed-no-boost","56.41131","False","True","65.98772","0","0.03950867","1000"
"1263","high-speed-no-boost","56.35834","False","True","65.98739","0","0.03949552","1000"
"1264","high-speed-no-boost","56.246784","False","True","65.98701","0","0.039480254","1000"
"1265","high-speed-no-boost","56.17195","False","True","65.9866","0","0.03946403","1000"
"1266","high-speed-no-boost","56.09446","False","True","65.98617","0","0.03944681","1000"
"1267","high-speed-no-boost","54.918705","False","True","65.98478","0","0.039391108","1000"
"1268","high-speed-no-boost","54.706654","False","True","65.98329","0","0.039331686","1000"
"1269","high-speed-no-boost","54.46275","False","True","65.98168","0","0.039267257","1000"
"1270","high-speed-no-boost","54.214695","False","True","65.97994","0","0.039197665","1000"
"1271","high-speed-no-boost","53.98261","False","True","65.97809","0","0.03912363","1000"
"1272","high-speed-no-boost","53.74145","False","True","65.97612","0","0.039044764","1000"
"1273","high-speed-no-boost","53.51322","False","True","65.974045","0","0.038961697","1000"
"1274","high-speed-no-boost","53.2537","False","True","65.971825","0","0.038872946","1000"
"1275","high-speed-no-boost","52.97014","False","True","65.96944","0","0.038777355","1000"
"1276","high-speed-no-boost","52.687428","False","True","65.96687","0","0.038675044","1000"
"1277","high-speed-no-boost","52.42433","False","True","65.96418","0","0.038567133","1000"
"1278","high-speed-no-boost","52.17536","False","True","65.961365","0","0.038454447","1000"
"1279","high-speed-no-boost","51.8768","False","True","65.95836","0","0.03833423","1000"
"1280","high-speed-no-boost","51.58694","False","True","65.95518","0","0.03820711","1000"
"1281","high-speed-no-boost","51.314144","False","True","65.95186","0","0.038074188","1000"
"1282","high-speed-no-boost","51.03616","False","True","65.94838","0","0.03793522","1000"
"1283","high-speed-no-boost","50.774624","False","True","65.944786","0","0.0377913","1000"
"1284","high-speed-no-boost","50.468548","False","True","65.940994","0","0.03763966","1000"
"1285","high-speed-no-boost","50.167454","False","True","65.93702","0","0.037480757","1000"
"1286","high-speed-no-boost","49.882877","False","True","65.9329","0","0.03731583","1000"
"1287","high-speed-no-boost","49.621","False","True","65.928665","0","0.037146512","1000"
"1288","high-speed-no-boost","49.34941","False","True","65.9243","0","0.036972158","1000"
"1289","high-speed-no-boost","49.033916","False","True","65.91975","0","0.03678974","1000"
"1290","high-speed-no-boost","48.735394","False","True","65.915016","0","0.03660067","1000"
"1291","high-speed-no-boost","48.457172","False","True","65.910164","0","0.036406573","1000"
"1292","high-speed-no-boost","48.17193","False","True","65.905174","0","0.03620699","1000"
"1293","high-speed-no-boost","47.848442","False","True","65.89998","0","0.035999134","1000"
"1294","high-speed-no-boost","47.539368","False","True","65.89461","0","0.035784338","1000"
"1295","high-speed-no-boost","47.230507","False","True","65.88907","0","0.035562795","1000"
"1296","high-speed-no-boost","46.908363","False","True","65.88334","0","0.03533362","1000"
"1297","high-speed-no-boost","46.598995","False","True","65.87745","0","0.035098054","1000"
"1298","high-speed-no-boost","46.33905","False","True","65.871506","0","0.034860287","1000"
"1299","high-speed-no-boost","46.064774","False","True","65.86548","0","0.034619074","1000"
"1300","high-speed-no-boost","45.776196","False","True","65.85933","0","0.03437323","1000"
"1301","high-speed-no-boost","45.510254","False","True","65.85312","0","0.034124758","1000"
"1302","high-speed-no-boost","45.28098","False","True","65.84692","0","0.03387675","1000"
"1303","high-speed-no-boost","45.005905","False","True","65.84063","0","0.033625074","1000"
"1304","high-speed-no-boost","44.756752","False","True","65.8343","0","0.033372026","1000"
"1305","high-speed-no-boost","44.54189","False","True","65.82801","0","0.033120524","1000"
"1306","high-speed-no-boost","44.282124","False","True","65.821655","0","0.03286636","1000"
"1307","high-speed-no-boost","44.046383","False","True","65.81529","0","0.032611683","1000"
"1308","high-speed-no-boost","43.842625","False","True","65.80898","0","0.03235924","1000"
"1309","high-speed-no-boost","43.607006","False","True","65.80264","0","0.032105863","1000"
"1310","high-speed-no-boost","43.379784","False","True","65.7963","0","0.031852257","1000"
"1311","high-speed-no-boost","43.183407","False","True","65.79002","0","0.031601105","1000"
"1312","high-speed-no-boost","42.957058","False","True","65.78374","0","0.031349376","1000"
"1313","high-speed-no-boost","42.737785","False","True","65.77744","0","0.031097643","1000"
"1314","high-speed-no-boost","42.546646","False","True","65.77121","0","0.030848397","1000"
"1315","high-speed-no-boost","42.31786","False","True","65.764946","0","0.030597858","1000"
"1316","high-speed-no-boost","42.111706","False","True","65.758705","0","0.030348126","1000"
"1317","high-speed-no-boost","41.917397","False","True","65.7525","0","0.030100163","1000"
"1318","high-speed-no-boost","41.699314","False","True","65.746284","0","0.029851507","1000"
"1319","high-speed-no-boost","41.498432","False","True","65.7401","0","0.029603748","1000"
"1320","high-speed-no-boost","41.43133","False","True","65.73424","0","0.02936944","1000"
"1321","high-speed-no-boost","41.354515","False","True","65.72867","0","0.029146574","1000"
"1322","high-speed-no-boost","41.293003","False","True","65.72339","0","0.028935684","1000"
"1323","high-speed-no-boost","41.21838","False","True","65.71836","0","0.028734555","1000"
"1324","high-speed-no-boost","41.145824","False","True","65.71356","0","0.028542595","1000"
"1325","high-speed-no-boost","41.076","False","True","65.708984","0","0.02835932","1000"
"1326","high-speed-no-boost","40.99098","False","True","65.70457","0","0.028182575","1000"
"1327","high-speed-no-boost","40.922688","False","True","65.70033","0","0.028013429","1000"
"1328","high-speed-no-boost","40.558884","False","True","65.69557","0","0.027822865","1000"
"1329","high-speed-no-boost","40.367146","False","True","65.69073","0","0.027629038","1000"
"1330","high-speed-no-boost","40.18581","False","True","65.68583","0","0.02743316","1000"
"1331","high-speed-no-boost","39.99352","False","True","65.680855","0","0.027234284","1000"
"1332","high-speed-no-boost","39.80431","False","True","65.67582","0","0.027032899","1000"
"1333","high-speed-no-boost","39.61254","False","True","65.67072","0","0.026828906","1000"
"1334","high-speed-no-boost","39.41736","False","True","65.66555","0","0.026622135","1000"
"1335","high-speed-no-boost","39.229965","False","True","65.66034","0","0.026413526","1000"
"1336","high-speed-no-boost","39.03727","False","True","65.65507","0","0.026202666","1000"
"1337","high-speed-no-boost","38.80611","False","True","65.64965","0","0.025985906","1000"
"1338","high-speed-no-boost","38.585224","False","True","65.64412","0","0.02576468","1000"
"1339","high-speed-no-boost","38.36128","False","True","65.63847","0","0.025538998","1000"
"1340","high-speed-no-boost","38.154488","False","True","65.632774","0","0.025310874","1000"
"1341","high-speed-no-boost","37.94744","False","True","65.627014","0","0.02508045","1000"
"1342","high-speed-no-boost","37.746086","False","True","65.62121","0","0.02484844","1000"
"1343","high-speed-no-boost","37.541615","False","True","65.615364","0","0.024614645","1000"
"1344","high-speed-no-boost","37.34897","False","True","65.60951","0","0.02438036","1000"
"1345","high-speed-no-boost","37.15605","False","True","65.60364","0","0.024145577","1000"
"1346","high-speed-no-boost","36.965553","False","True","65.59776","0","0.023910565","1000"
"1347","high-speed-no-boost","36.78378","False","True","65.5919","0","0.0236762","1000"
"1348","high-speed-no-boost","36.59384","False","True","65.58604","0","0.023441605","1000"
"1349","high-speed-no-boost","36.41841","False","True","65.58021","0","0.023208244","1000"
"1350","high-speed-no-boost","36.24056","False","True","65.574394","0","0.022975769","1000"
"1351","high-speed-no-boost","36.073727","False","True","65.568634","0","0.022745209","1000"
"1352","high-speed-no-boost","35.904858","False","True","65.562904","0","0.022516204","1000"
"1353","high-speed-no-boost","35.73333","False","True","65.55721","0","0.022288369","1000"
"1354","high-speed-no-boost","35.579193","False","True","65.55158","0","0.022063348","1000"
"1355","high-speed-no-boost","35.41379","False","True","65.546","0","0.021839794","1000"
"1356","high-speed-no-boost","35.373363","False","True","65.54075","0","0.021630079","1000"
"1357","high-speed-no-boost","35.213932","False","True","65.53553","0","0.02142121","1000"
"1358","high-speed-no-boost","35.073666","False","True","65.53037","0","0.02121504","1000"
"1359","high-speed-no-boost","34.926968","False","True","65.52527","0","0.021010717","1000"
"1360","high-speed-no-boost","34.898636","False","True","65.5205","0","0.020819906","1000"
"1361","high-speed-no-boost","34.876137","False","True","65.51605","0","0.02064211","1000"
"1362","high-speed-no-boost","34.859417","False","True","65.511925","0","0.020476859","1000"
"1363","high-speed-no-boost","34.848484","False","True","65.508095","0","0.020323731","1000"
"1364","high-speed-no-boost","34.65218","False","True","65.50408","0","0.020163283","1000"
"1365","high-speed-no-boost","34.53776","False","True","65.50011","0","0.020004265","1000"
"1366","high-speed-no-boost","34.53304","False","True","65.49644","0","0.019857492","1000"
"1367","high-speed-no-boost","34.535515","False","True","65.493065","0","0.0197227","1000"
"1368","high-speed-no-boost","34.54421","False","True","65.48999","0","0.019599553","1000"
"1369","high-speed-no-boost","34.558933","False","True","65.48719","0","0.019487716","1000"
"1370","high-speed-no-boost","34.579678","False","True","65.48467","0","0.01938689","1000"
"1371","high-speed-no-boost","34.36633","False","True","65.48182","0","0.019272888","1000"
"1372","high-speed-no-boost","34.281105","False","True","65.47899","0","0.019159524","1000"
"1373","high-speed-no-boost","34.305855","False","True","65.47644","0","0.019057686","1000"
"1374","high-speed-no-boost","34.336716","False","True","65.474174","0","0.018967059","1000"
"1375","high-speed-no-boost","34.374496","False","True","65.47218","0","0.018887438","1000"
"1376","high-speed-no-boost","34.418114","False","True","65.47047","0","0.018818522","1000"
"1377","high-speed-no-boost","34.46832","False","True","65.469","0","0.018760111","1000"
"1378","high-speed-no-boost","34.368317","False","True","65.46741","0","0.018696422","1000"
"1379","high-speed-no-boost","34.311577","False","True","65.465805","0","0.01863218","1000"
"1380","high-speed-no-boost","34.26482","False","True","65.46421","0","0.018568425","1000"
"1381","high-speed-no-boost","34.3273","False","True","65.4629","0","0.018515982","1000"
"1382","high-speed-no-boost","34.397327","False","True","65.46187","0","0.018474696","1000"
"1383","high-speed-no-boost","34.47273","False","True","65.461105","0","0.018444218","1000"
"1384","high-speed-no-boost","34.559174","False","True","65.46062","0","0.018424781","1000"
"1385","high-speed-no-boost","34.65236","False","True","65.4604","0","0.018416181","1000"
"1386","high-speed-no-boost","34.560413","False","True","65.45998","0","0.01839911","1000"
"1387","high-speed-no-boost","34.542347","False","True","65.45954","0","0.018381607","1000"
"1388","high-speed-no-boost","34.63531","False","True","65.459366","0","0.01837476","1000"
"1389","high-speed-no-boost","34.738297","False","True","65.459465","0","0.018378722","1000"
"1390","high-speed-no-boost","34.85694","False","True","65.459854","0","0.018394196","1000"
"1391","high-speed-no-boost","34.98419","False","True","65.460526","0","0.018421127","1000"
"1392","high-speed-no-boost","35.116444","False","True","65.46148","0","0.018459098","1000"
"1393","high-speed-no-boost","35.24989","False","True","65.462685","0","0.018507358","1000"
"1394","high-speed-no-boost","35.3829","False","True","65.46413","0","0.01856504","1000"
"1395","high-speed-no-boost","35.335266","False","True","65.46533","0","0.018613353","1000"
"1396","high-speed-no-boost","35.34461","False","True","65.46647","0","0.018658737","1000"
"1397","high-speed-no-boost","35.348557","False","True","65.46752","0","0.018700885","1000"
"1398","high-speed-no-boost","35.358868","False","True","65.46852","0","0.018740695","1000"
"1399","high-speed-no-boost","35.364555","False","True","65.469444","0","0.018777888","1000"
"1400","high-speed-no-boost","35.37666","False","True","65.47033","0","0.018813318","1000"
"1401","high-speed-no-boost","35.386703","False","True","65.471176","0","0.018846916","1000"
"1402","high-speed-no-boost","35.399544","False","True","65.47198","0","0.018879112","1000"
"1403","high-speed-no-boost","35.4135","False","True","65.472755","0","0.018910129","1000"
"1404","high-speed-no-boost","35.42948","False","True","65.4735","0","0.01894026","1000"
"1405","high-speed-no-boost","35.536587","False","True","65.474464","0","0.018978681","1000"
"1406","high-speed-no-boost","35.6427","False","True","65.47562","0","0.019024635","1000"
"1407","high-speed-no-boost","35.7545","False","True","65.47695","0","0.019078085","1000"
"1408","high-speed-no-boost","35.869686","False","True","65.47847","0","0.019138774","1000"
"1409","high-speed-no-boost","35.987526","False","True","65.480156","0","0.019206386","1000"
"1410","high-speed-no-boost","36.10733","False","True","65.48202","0","0.019280568","1000"
"1411","high-speed-no-boost","36.2283","False","True","65.484024","0","0.019360907","1000"
"1412","high-speed-no-boost","36.137688","False","True","65.48564","0","0.019425767","1000"
"1413","high-speed-no-boost","36.1151","False","True","65.487076","0","0.019483183","1000"
"1414","high-speed-no-boost","36.08723","False","True","65.48833","0","0.019533224","1000"
"1415","high-speed-no-boost","36.069984","False","True","65.48944","0","0.01957754","1000"
"1416","high-speed-no-boost","36.04647","False","True","65.4904","0","0.019615961","1000"
"1417","high-speed-no-boost","36.039543","False","True","65.491264","0","0.01965062","1000"
"1418","high-speed-no-boost","36.149963","False","True","65.49234","0","0.019693542","1000"
"1419","high-speed-no-boost","36.26027","False","True","65.4936","0","0.019744057","1000"
"1420","high-speed-no-boost","36.37039","False","True","65.49504","0","0.019801538","1000"
"1421","high-speed-no-boost","36.473022","False","True","65.49662","0","0.019864675","1000"
"1422","high-speed-no-boost","36.39709","False","True","65.49788","0","0.019915178","1000"
"1423","high-speed-no-boost","36.497116","False","True","65.49929","0","0.019971637","1000"
"1424","high-speed-no-boost","36.598618","False","True","65.50084","0","0.02003372","1000"
"1425","high-speed-no-boost","36.70349","False","True","65.50253","0","0.020101316","1000"
"1426","high-speed-no-boost","36.808617","False","True","65.50435","0","0.020174002","1000"
"1427","high-speed-no-boost","36.72755","False","True","65.50582","0","0.020232782","1000"
"1428","high-speed-no-boost","36.70112","False","True","65.5071","0","0.020284222","1000"
"1429","high-speed-no-boost","36.68554","False","True","65.50825","0","0.020329995","1000"
"1430","high-speed-no-boost","36.660076","False","True","65.50924","0","0.020369565","1000"
"1431","high-speed-no-boost","36.646927","False","True","65.51012","0","0.020404657","1000"
"1432","high-speed-no-boost","36.62299","False","True","65.510864","0","0.020434553","1000"
"1433","high-speed-no-boost","36.612682","False","True","65.51153","0","0.02046103","1000"
"1434","high-speed-no-boost","36.584023","False","True","65.51206","0","0.020482525","1000"
"1435","high-speed-no-boost","36.57116","False","True","65.51253","0","0.020501018","1000"
"1436","high-speed-no-boost","36.680676","False","True","65.51322","0","0.020528968","1000"
"1437","high-speed-no-boost","36.79138","False","True","65.514145","0","0.02056574","1000"
"1438","high-speed-no-boost","36.902733","False","True","65.51527","0","0.020610686","1000"
"1439","high-speed-no-boost","37.01418","False","True","65.51658","0","0.02066316","1000"
"1440","high-speed-no-boost","36.949177","False","True","65.517624","0","0.020704953","1000"
"1441","airborne-boost","24","False","False","65","0","0","1000"
"1442","airborne-boost","24","False","False","65.01249","0","0.0004997224","1000"
"1443","airborne-boost","24","False","False","65.02399","0","0.0009594891","1000"
"1444","airborne-boost","24","False","False","65.03456","0","0.0013824948","1000"
"1445","airborne-boost","24","False","False","65.04429","0","0.001771679","1000"
"1446","airborne-boost","24","False","False","65.053246","0","0.0021297457","1000"
"1447","airborne-boost","24","False","False","65.06148","0","0.0024591829","1000"
"1448","airborne-boost","24","False","False","65.06905","0","0.00276228","1000"
"1449","airborne-boost","24","False","False","65.07603","0","0.0030411428","1000"
"1450","airborne-boost","24","False","False","65.08244","0","0.003297709","1000"
"1451","airborne-boost","24","False","False","65.08834","0","0.003533761","1000"
"1452","airborne-boost","24","False","False","65.09377","0","0.0037509396","1000"
"1453","airborne-boost","24","False","False","65.09877","0","0.0039507532","1000"
"1454","airborne-boost","24","False","False","65.10336","0","0.004134591","1000"
"1455","airborne-boost","24","False","False","65.10759","0","0.0043037296","1000"
"1456","airborne-boost","24","False","False","65.11148","0","0.004459345","1000"
"1457","airborne-boost","24","False","False","65.11507","0","0.0046025175","1000"
"1458","airborne-boost","24","False","False","65.118355","0","0.0047342433","1000"
"1459","airborne-boost","24","False","False","65.12138","0","0.0048554363","1000"
"1460","airborne-boost","24","False","False","65.124176","0","0.0049669393","1000"
"1461","airborne-boost","24","False","False","65.12674","0","0.005069527","1000"
"1462","airborne-boost","24","False","False","65.1291","0","0.005163912","1000"
"1463","airborne-boost","24","False","False","65.13127","0","0.0052507506","1000"
"1464","airborne-boost","24","False","False","65.13326","0","0.005330646","1000"
"1465","airborne-boost","24","False","False","65.1351","0","0.0054041534","1000"
"1466","airborne-boost","24","False","False","65.136795","0","0.0054717837","1000"
"1467","airborne-boost","24","False","False","65.13835","0","0.0055340063","1000"
"1468","airborne-boost","24","False","False","65.13978","0","0.005591254","1000"
"1469","airborne-boost","24","False","False","65.1411","0","0.005643924","1000"
"1470","airborne-boost","24","False","False","65.14231","0","0.0056923837","1000"
"1471","airborne-boost","24","True","False","65.44338","0.023568155","0.011637029","1000"
"1472","airborne-boost","24.333334","True","False","65.72344","0.045442596","0.01731066","1000"
"1473","airborne-boost","24.666668","True","False","65.984215","0.06576215","0.02279132","1000"
"1474","airborne-boost","25.000002","True","False","66.22731","0.08465444","0.028143369","1000"
"1475","airborne-boost","25.333336","True","False","66.45418","0.10223679","0.03341974","1000"
"1476","airborne-boost","25.66667","True","False","66.66618","0.11861706","0.038663875","1000"
"1477","airborne-boost","26.000004","True","False","66.86454","0.13389435","0.043911304","1000"
"1478","airborne-boost","26.333338","True","False","67.05041","0.14815979","0.04919098","1000"
"1479","airborne-boost","26.666672","True","False","67.224815","0.1614971","0.054526445","1000"
"1480","airborne-boost","27.000006","True","False","67.388725","0.17398319","0.05993672","1000"
"1481","airborne-boost","27.33334","True","False","67.54303","0.18568875","0.06543714","1000"
"1482","airborne-boost","27.666674","True","False","67.68852","0.19667873","0.07103999","1000"
"1483","airborne-boost","28.000008","True","False","67.82596","0.20701277","0.07675505","1000"
"1484","airborne-boost","28.333342","True","False","67.95602","0.21674564","0.082590036","1000"
"1485","airborne-boost","28.666676","True","False","68.079315","0.22592767","0.08855103","1000"
"1486","airborne-boost","29.00001","True","False","68.196434","0.234605","0.09464272","1000"
"1487","airborne-boost","29.333344","True","False","68.30791","0.24282004","0.1008687","1000"
"1488","airborne-boost","29.666677","True","False","68.41421","0.25061172","0.10723169","1000"
"1489","airborne-boost","30.000011","True","False","68.51578","0.25801572","0.11373366","1000"
"1490","airborne-boost","30.333345","True","False","68.61303","0.26506475","0.12037601","1000"
"1491","airborne-boost","30.66668","True","False","68.70634","0.2717889","0.12715967","1000"
"1492","airborne-boost","31.000013","True","False","68.79603","0.27821568","0.13408521","1000"
"1493","airborne-boost","31.333347","True","False","68.88243","0.28437033","0.14115284","1000"
"1494","airborne-boost","31.666681","True","False","68.96582","0.290276","0.14836259","1000"
"1495","airborne-boost","32.000015","True","False","69.046455","0.29595375","0.15571423","1000"
"1496","airborne-boost","32.333347","True","False","69.12459","0.3014231","0.16320735","1000"
"1497","airborne-boost","32.66668","True","False","69.20042","0.30670172","0.17084144","1000"
"1498","airborne-boost","33.00001","True","False","69.27416","0.31180584","0.17861584","1000"
"1499","airborne-boost","33.333344","True","False","69.345985","0.31675026","0.18652974","1000"
"1500","airborne-boost","33.666676","True","False","69.41607","0.32154855","0.19458228","1000"
"1501","airborne-boost","34.000008","True","False","69.48455","0.3262131","0.20277244","1000"
"1502","airborne-boost","34.33334","True","False","69.551575","0.33075514","0.21109915","1000"
"1503","airborne-boost","34.66667","True","False","69.61726","0.33518496","0.2195612","1000"
"1504","airborne-boost","35.000004","True","False","69.681725","0.339512","0.22815727","1000"
"1505","airborne-boost","35.333336","True","False","69.74507","0.34374464","0.23688596","1000"
"1506","airborne-boost","35.666668","True","False","69.80739","0.34789068","0.24574575","1000"
"1507","airborne-boost","36","True","False","69.86877","0.35195714","0.25473496","1000"
"1508","airborne-boost","36.333332","True","False","69.92927","0.35595042","0.2638519","1000"
"1509","airborne-boost","36.666664","True","False","69.988976","0.35987625","0.27309465","1000"
"1510","airborne-boost","36.999996","True","False","70.04794","0.3637398","0.28246117","1000"
"1511","airborne-boost","37.33333","True","False","70.106224","0.36754578","0.29194927","1000"
"1512","airborne-boost","37.66666","True","False","70.16387","0.37129843","0.30155674","1000"
"1513","airborne-boost","37.999992","True","False","70.220924","0.3750015","0.31128103","1000"
"1514","airborne-boost","38.333324","True","False","70.27742","0.37865835","0.32111958","1000"
"1515","airborne-boost","38.666656","True","False","70.3334","0.38227203","0.33106965","1000"
"1516","airborne-boost","38.99999","True","False","70.38888","0.3858452","0.34112826","1000"
"1517","airborne-boost","39.33332","True","False","70.44389","0.38938025","0.3512924","1000"
"1518","airborne-boost","39.666653","True","False","70.49847","0.39287922","0.3615588","1000"
"1519","airborne-boost","39.999985","True","False","70.55261","0.39634395","0.37192398","1000"
"1520","airborne-boost","40.333317","True","False","70.60634","0.39977598","0.38238445","1000"
"1521","airborne-boost","40.66665","True","False","70.659676","0.4031767","0.39293632","1000"
"1522","airborne-boost","40.99998","True","False","70.712616","0.40654722","0.40357575","1000"
"1523","airborne-boost","41.333313","True","False","70.76518","0.4098885","0.41429853","1000"
"1524","airborne-boost","41.666645","True","False","70.81737","0.41320136","0.42510045","1000"
"1525","airborne-boost","41.999977","True","False","70.86919","0.41648638","0.43597698","1000"
"1526","airborne-boost","42.33331","True","False","70.92063","0.41974404","0.44692352","1000"
"1527","airborne-boost","42.66664","True","False","70.9717","0.4229747","0.45793518","1000"
"1528","airborne-boost","42.999973","True","False","71.02241","0.42617857","0.46900702","1000"
"1529","airborne-boost","43.333305","True","False","71.07274","0.4293557","0.4801338","1000"
"1530","airborne-boost","43.666637","True","False","71.12269","0.43250617","0.49131015","1000"
"1531","airborne-boost","43.99997","True","False","71.17225","0.43562987","0.50253063","1000"
"1532","airborne-boost","44.3333","True","False","71.22142","0.43872654","0.5137895","1000"
"1533","airborne-boost","44.666634","True","False","71.270195","0.44179597","0.52508074","1000"
"1534","airborne-boost","44.999966","True","False","71.318565","0.4448378","0.5363986","1000"
"1535","airborne-boost","45.333298","True","False","71.366516","0.4478516","0.5477366","1000"
"1536","airborne-boost","45.66663","True","False","71.41404","0.45083687","0.5590884","1000"
"1537","airborne-boost","45.99996","True","False","71.46112","0.4537931","0.5704476","1000"
"1538","airborne-boost","46.333294","True","False","71.50775","0.4567197","0.58180743","1000"
"1539","airborne-boost","46.666626","True","False","71.553925","0.459616","0.59316105","1000"
"1540","airborne-boost","46.999958","True","False","71.599625","0.46248138","0.6045015","1000"
"1541","airborne-boost","47.33329","True","False","71.64483","0.465315","0.61582154","1000"
"1542","airborne-boost","47.666622","True","False","71.68953","0.46811616","0.62711406","1000"
"1543","airborne-boost","47.999954","True","False","71.73372","0.47088405","0.6383714","1000"
"1544","airborne-boost","48.333286","True","False","71.777374","0.47361785","0.6495862","1000"
"1545","airborne-boost","48.66662","True","False","71.82048","0.47631663","0.6607506","1000"
"1546","airborne-boost","48.99995","True","False","71.86303","0.47897953","0.6718569","1000"
"1547","airborne-boost","49.333282","True","False","71.905","0.48160565","0.68289715","1000"
"1548","airborne-boost","49.666615","True","False","71.94637","0.48419398","0.69386333","1000"
"1549","airborne-boost","49.999947","True","False","71.98714","0.4867436","0.70474714","1000"
"1550","airborne-boost","50.33328","True","False","72.02727","0.48925355","0.71554047","1000"
"1551","airborne-boost","50.66661","True","False","72.066765","0.4917228","0.7262348","1000"
"1552","airborne-boost","50.999943","True","False","72.10559","0.4941503","0.7368217","1000"
"1553","airborne-boost","51.333275","True","False","72.143745","0.49653503","0.7472927","1000"
"1554","airborne-boost","51.666607","True","False","72.1812","0.49887595","0.75763905","1000"
"1555","airborne-boost","51.99994","True","False","72.21794","0.50117195","0.76785207","1000"
"1556","airborne-boost","52.33327","True","False","72.25395","0.503422","0.777923","1000"
"1557","airborne-boost","52.666603","True","False","72.289215","0.50562507","0.787843","1000"
"1558","airborne-boost","52.999935","True","False","72.32371","0.5077799","0.797603","1000"
"1559","airborne-boost","53.333267","True","False","72.35742","0.50988555","0.80719435","1000"
"1560","airborne-boost","53.6666","True","False","72.39033","0.51194084","0.8166079","1000"
"1561","airborne-boost","53.99993","True","False","72.42241","0.51394457","0.82583445","1000"
"1562","airborne-boost","54.333263","True","False","72.45365","0.5158957","0.83486515","1000"
"1563","airborne-boost","54.666595","True","False","72.48404","0.51779306","0.8436908","1000"
"1564","airborne-boost","54.999928","True","False","72.51354","0.5196355","0.85230225","1000"
"1565","airborne-boost","55.33326","True","True","72.54215","0.5214219","0.8606904","1000"
"1566","airborne-boost","55.408974","True","True","72.5688","0.5230854","0.8685349","1000"
"1567","airborne-boost","55.484333","True","True","72.59363","0.52463543","0.8758733","1000"
"1568","airborne-boost","55.55934","True","True","72.616776","0.5260808","0.882741","1000"
"1569","airborne-boost","54.47473","True","True","72.63319","0.52710557","0.8876203","1000"
"1570","airborne-boost","53.790653","True","True","72.64472","0.5278266","0.8910558","1000"
"1571","airborne-boost","53.807293","True","True","72.65543","0.5284956","0.8942491","1000"
"1572","airborne-boost","53.889935","True","True","72.66573","0.5291391","0.8973259","1000"
"1573","airborne-boost","53.972157","True","True","72.675644","0.5297586","0.9002931","1000"
"1574","airborne-boost","54.053978","True","True","72.6852","0.5303555","0.9031573","1000"
"1575","airborne-boost","54.13541","True","True","72.69442","0.53093123","0.9059244","1000"
"1576","airborne-boost","54.21645","True","True","72.70332","0.5314871","0.9086","1000"
"1577","airborne-boost","54.297085","True","True","72.71192","0.5320242","0.9111891","1000"
"1578","airborne-boost","54.37731","True","True","72.72024","0.53254354","0.9136966","1000"
"1579","airborne-boost","54.457108","True","True","72.72829","0.53304625","0.91612667","1000"
"1580","airborne-boost","54.53648","True","True","72.736084","0.53353304","0.9184835","1000"
"1581","airborne-boost","54.615486","True","True","72.743645","0.53400487","0.92077076","1000"
"1582","airborne-boost","54.69416","True","True","72.75097","0.5344625","0.92299205","1000"
"1583","airborne-boost","54.772514","True","True","72.75809","0.53490674","0.92515075","1000"
"1584","airborne-boost","54.850555","True","True","72.765","0.53533816","0.9272499","1000"
"1585","airborne-boost","54.928272","True","True","72.77171","0.5357574","0.9292923","1000"
"1586","airborne-boost","55.005653","True","True","72.778244","0.5361652","0.9312806","1000"
"1587","airborne-boost","55.082714","True","True","72.7846","0.53656185","0.93321735","1000"
"1588","airborne-boost","55.1594","True","True","72.79079","0.536948","0.9351045","1000"
"1589","airborne-boost","55.23568","True","True","72.796814","0.5373241","0.93694407","1000"
"1590","airborne-boost","55.311493","True","True","72.80268","0.53769034","0.9387379","1000"
"1591","airborne-boost","55.386875","True","True","72.8084","0.5380473","0.9404877","1000"
"1592","airborne-boost","55.461903","True","True","72.81398","0.5383953","0.94219506","1000"
"1593","airborne-boost","55.536396","True","True","72.81941","0.5387346","0.9438613","1000"
"1594","airborne-boost","55.61026","True","True","72.824715","0.5390655","0.9454876","1000"
"1595","airborne-boost","55.683628","True","True","72.82989","0.5393882","0.94707507","1000"
"1596","airborne-boost","55.756718","True","True","72.83493","0.5397031","0.94862527","1000"
"1597","airborne-boost","55.829018","True","True","72.83986","0.54001015","0.95013875","1000"
"1598","airborne-boost","55.90044","True","True","72.84466","0.5403098","0.9516162","1000"
"1599","airborne-boost","55.97086","True","True","72.84934","0.5406019","0.95305794","1000"
"1600","airborne-boost","56.04107","True","True","72.853905","0.5408869","0.9544654","1000"
"1601","airborne-boost","56.111176","True","True","72.85837","0.541165","0.9558398","1000"
"1602","airborne-boost","56.180107","True","True","72.86272","0.54143625","0.95718145","1000"
"1603","airborne-boost","56.247906","True","True","72.86695","0.5417007","0.95849025","1000"
"1604","airborne-boost","56.31486","True","True","72.871086","0.5419585","0.9597669","1000"
"1605","airborne-boost","56.382347","True","True","72.875114","0.54221","0.9610133","1000"
"1606","airborne-boost","56.448406","True","True","72.87904","0.5424552","0.96222925","1000"
"1607","airborne-boost","56.513493","True","True","72.88287","0.54269415","0.9634149","1000"
"1608","airborne-boost","56.577053","True","True","72.886604","0.54292685","0.9645701","1000"
"1609","airborne-boost","56.640446","True","True","72.890236","0.5431535","0.9656962","1000"
"1610","airborne-boost","56.704155","True","True","72.89378","0.54337454","0.96679455","1000"
"1611","airborne-boost","56.766018","True","True","72.89723","0.54358965","0.9678646","1000"
"1612","airborne-boost","56.82678","True","True","72.90059","0.5437991","0.96890646","1000"
"1613","airborne-boost","56.88555","True","True","72.90385","0.54400265","0.96991974","1000"
"1614","airborne-boost","56.944492","True","True","72.90702","0.5442006","0.9709058","1000"
"1615","airborne-boost","57.00421","True","True","72.91012","0.5443934","0.9718666","1000"
"1616","airborne-boost","57.061565","True","True","72.91312","0.5445809","0.9728011","1000"
"1617","airborne-boost","57.117744","True","True","72.91604","0.544763","0.9737095","1000"
"1618","airborne-boost","57.171417","True","True","72.91887","0.5449397","0.97459096","1000"
"1619","airborne-boost","57.225796","True","True","72.92162","0.54511124","0.9754474","1000"
"1620","airborne-boost","57.28165","True","True","72.9243","0.5452782","0.97628117","1000"
"1621","airborne-boost","57.33447","False","True","72.531586","0.5143803","0.9236941","1000"
"1622","airborne-boost","57.002903","False","True","72.160934","0.4852332","0.8738596","1000"
"1623","airborne-boost","56.670216","False","True","71.81107","0.45773768","0.82664245","1000"
"1624","airborne-boost","56.340775","False","True","71.480804","0.4318002","0.78191596","1000"
"1625","airborne-boost","56.015522","False","True","71.16902","0.40733242","0.73956007","1000"
"1626","airborne-boost","55.68836","False","True","70.87466","0.38425112","0.6994563","1000"
"1627","airborne-boost","55.362007","False","True","70.59671","0.3624777","0.66149366","1000"
"1628","airborne-boost","55.03999","False","True","70.33424","0.34193808","0.6255679","1000"
"1629","airborne-boost","54.72282","False","True","70.08637","0.3225623","0.5915799","1000"
"1630","airborne-boost","54.402542","False","True","69.85225","0.30428445","0.55942994","1000"
"1631","airborne-boost","54.080013","False","True","69.631096","0.28704232","0.52902365","1000"
"1632","airborne-boost","53.755733","False","True","69.42215","0.2707772","0.50027144","1000"
"1633","airborne-boost","53.444813","False","True","69.22473","0.25543374","0.47309655","1000"
"1634","airborne-boost","53.129936","False","True","69.03817","0.2409597","0.44741514","1000"
"1635","airborne-boost","52.8122","False","True","68.86183","0.22730583","0.42314816","1000"
"1636","airborne-boost","52.500343","False","True","68.69515","0.21442565","0.40022525","1000"
"1637","airborne-boost","52.194477","False","True","68.53757","0.20227532","0.378579","1000"
"1638","airborne-boost","51.88434","False","True","68.38855","0.19081348","0.35813943","1000"
"1639","airborne-boost","51.571037","False","True","68.247604","0.18000112","0.33884084","1000"
"1640","airborne-boost","51.259754","False","True","68.114265","0.16980144","0.32062358","1000"
"1641","airborne-boost","50.960445","False","True","67.98811","0.16017973","0.30343556","1000"
"1642","airborne-boost","50.65149","False","True","67.86872","0.15110323","0.2872161","1000"
"1643","airborne-boost","50.34001","False","True","67.755684","0.14254102","0.27191162","1000"
"1644","airborne-boost","50.046616","False","True","67.648674","0.134464","0.25748062","1000"
"1645","airborne-boost","49.74761","False","True","67.547325","0.12684466","0.24387209","1000"
"1646","airborne-boost","49.444542","False","True","67.45131","0.11965707","0.23103867","1000"
"1647","airborne-boost","49.15503","False","True","67.360344","0.112876765","0.21894303","1000"
"1648","airborne-boost","48.859806","False","True","67.27412","0.10648066","0.20754118","1000"
"1649","airborne-boost","48.560616","False","True","67.192345","0.10044698","0.19679245","1000"
"1650","airborne-boost","48.26918","False","True","67.11479","0.094755195","0.18666312","1000"
"1651","airborne-boost","47.9792","False","True","67.041214","0.08938594","0.1771184","1000"
"1652","airborne-boost","47.68501","False","True","66.971375","0.084320925","0.16812329","1000"
"1653","airborne-boost","47.398605","False","True","66.90507","0.07954292","0.15964909","1000"
"1654","airborne-boost","47.11353","False","True","66.84209","0.075035654","0.15166602","1000"
"1655","airborne-boost","46.824596","False","True","66.782234","0.0707838","0.1441443","1000"
"1656","airborne-boost","46.554165","False","True","66.725365","0.06677287","0.13706297","1000"
"1657","airborne-boost","46.271576","False","True","66.67128","0.06298922","0.13039197","1000"
"1658","airborne-boost","45.985733","False","True","66.61981","0.059419964","0.12410622","1000"
"1659","airborne-boost","45.705994","False","True","66.57082","0.056052957","0.11818492","1000"
"1660","airborne-boost","45.427742","False","True","66.52416","0.05287674","0.11260682","1000"
"1661","airborne-boost","45.1488","False","True","66.479706","0.049880505","0.10735133","1000"
"1662","airborne-boost","44.870346","False","True","66.43731","0.047054052","0.1023993","1000"
"1663","airborne-boost","44.595943","False","True","66.39687","0.044387758","0.0977336","1000"
"1664","airborne-boost","44.36638","False","True","66.35838","0.041872542","0.09334811","1000"
"1665","airborne-boost","44.136536","False","True","66.32171","0.039499857","0.08922457","1000"
"1666","airborne-boost","43.906384","False","True","66.28676","0.037261616","0.08534599","1000"
"1667","airborne-boost","43.676918","False","True","66.253426","0.0351502","0.08169676","1000"
"1668","airborne-boost","43.447243","False","True","66.22162","0.033158433","0.078262106","1000"
"1669","airborne-boost","43.217358","False","True","66.19124","0.031279523","0.07502821","1000"
"1670","airborne-boost","42.988125","False","True","66.16221","0.029507084","0.07198239","1000"
"1671","airborne-boost","42.758747","False","True","66.13445","0.02783508","0.069112614","1000"
"1672","airborne-boost","42.529163","False","True","66.10789","0.026257819","0.06640759","1000"
"1673","airborne-boost","42.295803","False","True","66.082436","0.024769932","0.06385613","1000"
"1674","airborne-boost","42.06719","False","True","66.058044","0.023366354","0.061449427","1000"
"1675","airborne-boost","41.83466","False","True","66.034645","0.02204231","0.059177555","1000"
"1676","airborne-boost","41.602314","False","True","66.01218","0.020793293","0.057032015","1000"
"1677","airborne-boost","41.3701","False","True","65.99058","0.01961505","0.05500487","1000"
"1678","airborne-boost","41.13904","False","True","65.96982","0.018503573","0.05308884","1000"
"1679","airborne-boost","40.90804","False","True","65.94983","0.017455075","0.0512769","1000"
"1680","airborne-boost","40.672142","False","True","65.930565","0.016465992","0.049561642","1000"
"1681","airborne-boost","40.438126","False","True","65.91198","0.015532955","0.04793733","1000"
"1682","airborne-boost","40.20411","False","True","65.89404","0.014652787","0.046398222","1000"
"1683","airborne-boost","39.97306","False","True","65.87672","0.013822494","0.044939417","1000"
"1684","airborne-boost","39.7469","False","True","65.85998","0.013039249","0.04355656","1000"
"1685","airborne-boost","39.51025","False","True","65.84377","0.012300387","0.0422432","1000"
"1686","airborne-boost","39.28065","False","True","65.82808","0.011603391","0.04099603","1000"
"1687","airborne-boost","39.050728","False","True","65.81287","0.01094589","0.039810773","1000"
"1688","airborne-boost","38.82373","False","True","65.79812","0.010325646","0.038683906","1000"
"1689","airborne-boost","38.596153","False","True","65.783806","0.009740548","0.037611593","1000"
"1690","airborne-boost","38.358803","False","True","65.769875","0.0091886055","0.03658898","1000"
"1691","airborne-boost","38.133633","False","True","65.75634","0.0086679375","0.035614636","1000"
"1692","airborne-boost","37.899666","False","True","65.74315","0.008176773","0.03468424","1000"
"1693","airborne-boost","37.678585","False","True","65.730316","0.00771344","0.033796743","1000"
"1694","airborne-boost","37.440483","False","True","65.71778","0.0072763613","0.0329471","1000"
"1695","airborne-boost","37.21506","False","True","65.70556","0.00686405","0.032134607","1000"
"1696","airborne-boost","36.98109","False","True","65.69361","0.0064751017","0.03135576","1000"
"1697","airborne-boost","36.753086","False","True","65.68193","0.006108193","0.0306092","1000"
"1698","airborne-boost","36.51687","False","True","65.67049","0.0057620755","0.02989182","1000"
"1699","airborne-boost","35.336308","False","True","65.656906","0.00543557","0.029085053","1000"
"1700","airborne-boost","34.950005","False","True","65.64335","0.005127566","0.028297413","1000"
"1701","airborne-boost","34.526875","False","True","65.62973","0.0048370147","0.027523696","1000"
"1702","airborne-boost","34.137974","False","True","65.61615","0.0045629274","0.026767744","1000"
"1703","airborne-boost","33.742416","False","True","65.60259","0.004304372","0.026028037","1000"
"1704","airborne-boost","33.364586","False","True","65.5891","0.0040604663","0.02530601","1000"
"1705","airborne-boost","32.998714","False","True","65.57572","0.003830382","0.024602199","1000"
"1706","airborne-boost","32.624615","False","True","65.56242","0.003613335","0.023914719","1000"
"1707","airborne-boost","32.263676","False","True","65.54925","0.0034085873","0.023244254","1000"
"1708","airborne-boost","31.892805","False","True","65.536156","0.003215441","0.022588806","1000"
"1709","airborne-boost","31.516354","False","True","65.52315","0.0030332396","0.021947047","1000"
"1710","airborne-boost","31.145597","False","True","65.51023","0.0028613626","0.021318985","1000"
"1711","airborne-boost","30.791584","False","True","65.49745","0.002699225","0.020705774","1000"
"1712","airborne-boost","30.453413","False","True","65.48484","0.0025462746","0.020108296","1000"
"1713","airborne-boost","30.08215","False","True","65.47232","0.002401991","0.019522209","1000"
"1714","airborne-boost","29.749422","False","True","65.459984","0.0022658834","0.018951008","1000"
"1715","airborne-boost","29.388697","False","True","65.447754","0.0021374882","0.018391015","1000"
"1716","airborne-boost","29.086933","False","True","65.43577","0.0020163683","0.017847639","1000"
"1717","airborne-boost","28.723625","False","True","65.42388","0.0019021118","0.017313749","1000"
"1718","airborne-boost","28.398752","False","True","65.41217","0.0017943296","0.016792765","1000"
"1719","airborne-boost","28.063862","False","True","65.40062","0.0016926548","0.01628303","1000"
"1720","airborne-boost","27.723576","False","True","65.389206","0.0015967414","0.015783511","1000"
"1721","airborne-boost","27.4059","False","True","65.37798","0.0015062628","0.015295887","1000"
"1722","airborne-boost","27.059359","False","True","65.36688","0.001420911","0.0148169035","1000"
"1723","airborne-boost","26.76972","False","True","65.35602","0.0013403959","0.014351426","1000"
"1724","airborne-boost","26.443417","False","True","65.345314","0.0012644429","0.013895387","1000"
"1725","airborne-boost","26.129532","False","True","65.334785","0.0011927938","0.013449507","1000"
"1726","airborne-boost","25.816698","False","True","65.32443","0.0011252047","0.013013421","1000"
"1727","airborne-boost","25.47938","False","True","65.3142","0.0010614456","0.012584641","1000"
"1728","airborne-boost","25.193447","False","True","65.30419","0.0010012992","0.012167303","1000"
"1729","airborne-boost","24.87488","False","True","65.29434","0.0009445611","0.0117581235","1000"
"1730","airborne-boost","24.556072","False","True","65.28464","0.000891038","0.011356845","1000"
"1731","airborne-boost","24.276348","False","True","65.275154","0.0008405477","0.010966331","1000"
"1732","airborne-boost","24.025928","False","True","65.265945","0.0007929185","0.010588309","1000"
"1733","airborne-boost","23.732567","False","True","65.25691","0.0007479882","0.010218741","1000"
"1734","airborne-boost","23.416933","False","True","65.24801","0.0007056038","0.009855656","1000"
"1735","airborne-boost","23.100168","False","True","65.23924","0.0006656211","0.009498899","1000"
"1736","airborne-boost","22.812796","False","True","65.23065","0.000627904","0.009150532","1000"
"1737","airborne-boost","22.510391","False","True","65.22222","0.0005923241","0.008809203","1000"
"1738","airborne-boost","22.215555","False","True","65.21395","0.00055876037","0.008475302","1000"
"1739","airborne-boost","21.934835","False","True","65.205864","0.0005270984","0.008149598","1000"
"1740","airborne-boost","21.63944","False","True","65.197945","0.0004972307","0.007830853","1000"
"1741","airborne-boost","21.350744","False","True","65.190186","0.00046905532","0.0075193746","1000"
"1742","airborne-boost","21.075314","False","True","65.18261","0.00044247654","0.007215834","1000"
"1743","airborne-boost","20.784966","False","True","65.17519","0.0004174038","0.0069190743","1000"
"1744","airborne-boost","20.491323","False","True","65.16793","0.0003937518","0.0066288034","1000"
"1745","airborne-boost","20.223093","False","True","65.16086","0.00037144005","0.006346429","1000"
"1746","airborne-boost","19.940117","False","True","65.153946","0.00035039257","0.006070882","1000"
"1747","airborne-boost","19.653196","False","True","65.147194","0.00033053773","0.0058018444","1000"
"1748","airborne-boost","19.391499","False","True","65.140625","0.000311808","0.0055405917","1000"
"1749","airborne-boost","19.144749","False","True","65.13426","0.00029413952","0.0052876556","1000"
"1750","airborne-boost","18.852613","False","True","65.12804","0.00027747225","0.005040466","1000"
"1751","airborne-boost","18.58384","False","True","65.12198","0.0002617494","0.004800188","1000"
"1752","airborne-boost","18.32631","False","True","65.116104","0.0002469175","0.00456722","1000"
"1753","airborne-boost","18.063944","False","True","65.110405","0.00023292605","0.004341165","1000"
"1754","airborne-boost","17.784355","False","True","65.10485","0.0002197274","0.004121156","1000"
"1755","airborne-boost","17.53186","False","True","65.09947","0.00020727665","0.0039083147","1000"
"1756","airborne-boost","17.279657","False","True","65.09427","0.00019553142","0.0037024831","1000"
"1757","airborne-boost","17.013073","False","True","65.089226","0.00018445172","0.0035029666","1000"
"1758","airborne-boost","16.753683","False","True","65.08434","0.00017399984","0.003309985","1000"
"1759","airborne-boost","16.552023","False","True","65.079666","0.00016414022","0.0031254457","1000"
"1760","airborne-boost","16.359911","False","True","65.07521","0.00015483929","0.0029492585","1000"
"1761","airborne-boost","16.158836","False","True","65.07094","0.0001460654","0.0027807155","1000"
"1762","airborne-boost","15.944225","False","True","65.06684","0.00013778867","0.0026190674","1000"
"1763","airborne-boost","15.733544","False","True","65.06291","0.00012998094","0.002464193","1000"
"1764","airborne-boost","15.533475","False","True","65.05916","0.00012261563","0.002316149","1000"
"1765","airborne-boost","15.327845","False","True","65.055565","0.000115667666","0.002174526","1000"
"1766","airborne-boost","15.11119","False","True","65.05212","0.00010911341","0.0020388418","1000"
"1767","airborne-boost","14.898336","False","True","65.04882","0.00010293056","0.001909046","1000"
"1768","airborne-boost","14.646831","False","True","65.045654","9.709805E-05","0.0017841829","1000"
"1769","airborne-boost","14.412029","False","True","65.04262","9.1596026E-05","0.0016646449","1000"
"1770","airborne-boost","14.164005","False","True","65.03971","8.640578E-05","0.0015501882","1000"
"1771","airborne-boost","13.907702","False","True","65.03693","8.1509635E-05","0.0014407447","1000"
"1772","airborne-boost","13.656849","False","True","65.03428","7.689093E-05","0.0013364891","1000"
"1773","airborne-boost","13.423835","False","True","65.03177","7.253394E-05","0.0012376979","1000"
"1774","airborne-boost","13.17162","False","True","65.02939","6.842383E-05","0.0011441737","1000"
"1775","airborne-boost","12.919503","False","True","65.027145","6.454663E-05","0.0010559988","1000"
"1776","airborne-boost","12.672149","False","True","65.02504","6.0889128E-05","0.00097327994","1000"
"1777","airborne-boost","12.429413","False","True","65.02308","5.7438876E-05","0.00089609163","1000"
"1778","airborne-boost","12.202336","False","True","65.021255","5.418413E-05","0.00082449766","1000"
"1779","airborne-boost","11.95832","False","True","65.01957","5.111381E-05","0.00075847306","1000"
"1780","airborne-boost","11.723333","False","True","65.01802","4.8217473E-05","0.0006977409","1000"
"1781","airborne-boost","11.481499","False","True","65.016594","4.5485252E-05","0.00064187625","1000"
"1782","airborne-boost","11.243897","False","True","65.01528","4.290785E-05","0.0005904884","1000"
"1783","airborne-boost","11.01444","False","True","65.01407","4.0476498E-05","0.000543218","1000"
"1784","airborne-boost","10.793461","False","True","65.01296","3.8182916E-05","0.0004997348","1000"
"1785","airborne-boost","10.557374","False","True","65.01193","3.60193E-05","0.0004597349","1000"
"1786","airborne-boost","10.333781","False","True","65.010994","3.3978282E-05","0.0004229389","1000"
"1787","airborne-boost","10.098546","False","True","65.010124","3.2052918E-05","0.00038908995","1000"
"1788","airborne-boost","9.867074","False","True","65.00932","3.0236655E-05","0.0003579517","1000"
"1789","airborne-boost","9.63914","False","True","65.00858","2.8523309E-05","0.00032930687","1000"
"1790","airborne-boost","9.423011","False","True","65.007904","2.6907048E-05","0.00030295562","1000"
"1791","airborne-boost","9.223784","False","True","65.007286","2.5382375E-05","0.0002787141","1000"
"1792","airborne-boost","9.026351","False","True","65.00671","2.3944092E-05","0.00025641327","1000"
"1793","airborne-boost","8.832665","False","True","65.00618","2.2587312E-05","0.00023589765","1000"
"1794","airborne-boost","8.633748","False","True","65.00569","2.1307413E-05","0.00021702421","1000"
"1795","airborne-boost","8.412648","False","True","65.00524","2.0100038E-05","0.00019966142","1000"
"1796","airborne-boost","8.193267","False","True","65.00483","1.8961078E-05","0.00018368824","1000"
"1797","airborne-boost","7.9826717","False","True","65.00445","1.7886658E-05","0.00016899343","1000"
"1798","airborne-boost","7.767112","False","True","65.0041","1.687312E-05","0.0001554746","1000"
"1799","airborne-boost","7.548161","False","True","65.00378","1.5917012E-05","0.00014303757","1000"
"1800","airborne-boost","7.331178","False","True","65.00348","1.5015083E-05","0.00013159573","1000"
