Godot Engine v4.7.2.stable.mono.official.ed1daf0bf - https://godotengine.org
OpenGL API 3.3.0 NVIDIA 591.86 - Compatibility - Using Device: NVIDIA - NVIDIA GeForce RTX 4070 Ti

Three UDP peers initialized
Host tuning applied
AIM_AT requested=(0, 22.25, 0) firstTargetDrift=(0, 0, 0) requestedScreen=(640, 400)
AIM_GEOMETRY forward: lens=(0, 24.705023, 44.205) rotation=(-0.055480227, 0, 0) targetDisplayed=(0, 21.65, 0) targetNative=(0, 21.65, 0) targetScreen=(640, 395.7504) center=(640, 400) bounds=(610.3811, 381.69623), (59.237793, 46.99292)
Machine Gun forward accepted ready
MG_GEOMETRY forward: aim=WeaponAimSolution { Vehicle = 2, Life = 1, Token = 1, Tick = 368, Yaw = 0, Pitch = -0.031048536, Origin = <0, 23.455023, 36.845>, Direction = <0, -0.031043548, -0.99951804>, Clear = True, Ready = True } target=<0, 21.65, 0> cameraDesired=<0, -0.031043548, -0.99951804>
Camera shooter submits ordinary held-use request
Machine Gun forward: native hit/damage, 28 rounds, 28 target hits
AIM_REMOTE firing-forward: acceptedYaw=0 renderedYaw=0 acceptedPitch=-0.031048536 renderedPitch=-0.031048536
Remote mount yaw and payload pitch settle to accepted firing-forward aim on actual presentation nodes
forward: fixed rack, full payload scale and shared pivot origin align on observer
AIM_AT requested=(20, 22.25, 35) firstTargetDrift=(0, 0, 0) requestedScreen=(643.73425, 399.8073)
AIM_GEOMETRY side: lens=(-7.269143, 24.99067, 37.575382) rotation=(-0.100035906, -1.4706554, 0) targetDisplayed=(20, 21.65, 35) targetNative=(20, 21.65, 35) targetScreen=(643.73834, 392.99103) center=(640, 400) bounds=(571.40533, 374.07898), (139.10016, 68.298645)
Machine Gun side accepted ready
MG_GEOMETRY side: aim=WeaponAimSolution { Vehicle = 2, Life = 1, Token = 1, Tick = 613, Yaw = -1.4706554, Pitch = -0.057543926, Origin = <0, 23.455023, 36.845>, Direction = <0.99334323, -0.05751218, -0.09980813>, Clear = True, Ready = True } target=<20, 21.65, 35> cameraDesired=<0.9933431, -0.057512175, -0.09980815>
Camera shooter submits ordinary held-use request
Machine Gun side: native hit/damage, 26 rounds, 26 target hits
AIM_REMOTE firing-side: acceptedYaw=-1.4706554 renderedYaw=-1.4706554 acceptedPitch=-0.057543926 renderedPitch=-0.057543926
Remote mount yaw and payload pitch settle to accepted firing-side aim on actual presentation nodes
side: fixed rack, full payload scale and shared pivot origin align on observer
AIM_AT requested=(0, 22.249926, 45) firstTargetDrift=(0, 5.722046E-06, 0) requestedScreen=(640, 364.55527)
AIM_GEOMETRY rear: lens=(5.853166E-07, 26.757421, 30.14976) rotation=(-0.35108444, 3.1415925, 0) targetDisplayed=(0, 21.649931, 45) targetNative=(0, 21.65, 45) targetScreen=(640, 352.82587) center=(640, 400) bounds=(559.49243, 306.91248), (161.01514, 157.76608)
Machine Gun rear accepted ready
MG_GEOMETRY rear: aim=WeaponAimSolution { Vehicle = 2, Life = 1, Token = 1, Tick = 858, Yaw = 3.1415925, Pitch = -0.21054608, Origin = <0, 23.455023, 36.845>, Direction = <-1.4766135E-07, -0.20899394, 0.97791696>, Clear = True, Ready = True } target=<0, 21.65, 45> cameraDesired=<-8.549222E-08, -0.20899394, 0.9779169>
Camera shooter submits ordinary held-use request
Machine Gun rear: native hit/damage, 28 rounds, 28 target hits
AIM_REMOTE firing-rear: acceptedYaw=3.1415925 renderedYaw=-3.141593 acceptedPitch=-0.21054608 renderedPitch=-0.21054608
Remote mount yaw and payload pitch settle to accepted firing-rear aim on actual presentation nodes
rear: fixed rack, full payload scale and shared pivot origin align on observer
AIM_AT requested=(0, 34.25, 0) firstTargetDrift=(0, 0, 0) requestedScreen=(640, 400)
AIM_GEOMETRY airborne: lens=(0, 24.705023, 44.205) rotation=(0.2126604, 0, 0) targetDisplayed=(0, 33.65, 0) targetNative=(0, 33.65, 0) targetScreen=(640, 395.93436) center=(640, 400) bounds=(610.7916, 374.92477), (58.416748, 56.1304)
Machine Gun airborne accepted ready
MG_GEOMETRY airborne: aim=WeaponAimSolution { Vehicle = 2, Life = 1, Token = 1, Tick = 1103, Yaw = 0, Pitch = 0.29011777, Origin = <0, 23.455023, 36.845>, Direction = <0, 0.28606507, -0.9582102>, Clear = True, Ready = True } target=<0, 33.65, 0> cameraDesired=<0, 0.28606507, -0.9582102>
Camera shooter submits ordinary held-use request
Machine Gun airborne: native hit/damage, 30 rounds, 30 target hits
AIM_REMOTE firing-airborne: acceptedYaw=0 renderedYaw=-6.2831855 acceptedPitch=0.29011777 renderedPitch=0.29011777
Remote mount yaw and payload pitch settle to accepted firing-airborne aim on actual presentation nodes
airborne: fixed rack, full payload scale and shared pivot origin align on observer
AIM_AT requested=(-4.5, 22.249632, 35) firstTargetDrift=(0, -3.0517578E-05, 0) requestedScreen=(603.9558, 406.55682)
AIM_GEOMETRY close-side: lens=(5.6717987, 26.955193, 40.208275) rotation=(-0.3808462, 1.0355531, 0) targetDisplayed=(-4.5, 21.64957, 35) targetNative=(-4.5, 21.65, 35) targetScreen=(603.62714, 392.31686) center=(640, 400) bounds=(439.60754, 328.35873), (326.28162, 218.10532)
Machine Gun close-side accepted ready
MG_GEOMETRY close-side: aim=WeaponAimSolution { Vehicle = 2, Life = 1, Token = 1, Tick = 1348, Yaw = 1.0355532, Pitch = -0.19638254, Origin = <0, 23.455023, 36.845>, Direction = <-0.84361166, -0.19512269, -0.5002464>, Clear = True, Ready = True } target=<-4.5, 21.65, 35> cameraDesired=<-0.8436098, -0.19513284, -0.50024563>
Camera shooter submits ordinary held-use request
Machine Gun close-side: native hit/damage, 28 rounds, 28 target hits
AIM_REMOTE firing-close-side: acceptedYaw=1.0355532 renderedYaw=-5.247632 acceptedPitch=-0.19638254 renderedPitch=-0.19638254
Remote mount yaw and payload pitch settle to accepted firing-close-side aim on actual presentation nodes
close-side: fixed rack, full payload scale and shared pivot origin align on observer
Self-blocked camera direction is not firing-ready
Self-blocked held fire spends no rounds
AIM_AT requested=(0, 34.65, 0) firstTargetDrift=(0, 0, 0) requestedScreen=(640, 400)
Two simultaneous shooters sustain default spread and cadence through real UDP
Observer receives identical ordered firing endpoints/tracers (462 rounds)
Release stops actual firing on both peers
Aim expiry stops held fire without stale-forward fallback
Fresh camera intent resumes held fire after aim expiry
Suppression clears camera aiming and firing presentation
Switch retires Machine Gun capability
Switch back does not replay earlier sustained activation
Machine Gun camera firing verified: 578 native rays, 172 target hits; fixed rack uses existing yaw/pitch payload
Centered camera cursor appears alongside remote accepted aim
AIM_AT requested=(0, 22.645048, 0) firstTargetDrift=(0, -2.4795532E-05, 0) requestedScreen=(640, 400)
Center-ray car intersection replaces square with disconnected brackets
Camera intent stays at viewport center while car brackets are shown
AIM_AT requested=(2.8, 21.995024, 0) firstTargetDrift=(0, 0, 0) requestedScreen=(640.00696, 400)
A near-axis miss returns to the small square without a target lock
Small square is centered when aiming beside a rival
AIM_AT requested=(0, 22.645023, 0) firstTargetDrift=(0, 0, 0) requestedScreen=(639.9757, 399.99997)
Intervening native cover prevents car brackets
Covered car leaves the small square at camera center
Removing cover restores brackets on the directly intersected car
AIM_FORWARD clear=True ready=True yaw=-4.6471938E-05 pitch=-0.022594262
Square remains centered immediately after mouse yaw and upward tilt under network impairment
Looking away from a car removes its brackets immediately
Cursor follows the new viewport center after resizing
Side mouse aim reaches authority with the original camera orbit limits
Deployed rack remains fixed on all peers
Observer receives accepted articulated aim
AIM_REMOTE side: acceptedYaw=-1.5600466 renderedYaw=-1.5600466 acceptedPitch=0.20244716 renderedPitch=0.20244716
Remote mount yaw and payload pitch settle to accepted side aim on actual presentation nodes
Rear aim accepted
AIM_REMOTE rear: acceptedYaw=-3.1200466 renderedYaw=-3.1200466 acceptedPitch=0.38089225 renderedPitch=0.38089225
Remote mount yaw and payload pitch settle to accepted rear aim on actual presentation nodes
Downward tilt and weapon self-clearance limits cannot displace the camera cursor
Downward articulation cannot enter owner envelope
Fine controller camera rotation retains a centered cursor
Native stick fine/full turn separation: fine=0.114, full=2.200 rad
Ordinary camera recentering retains a centered cursor
Neutral stick restores the original chase view with a weapon selected
AIM_AT requested=(0, 22.545424, 25) firstTargetDrift=(0, -0.0034637451, 0) requestedScreen=(640, 400.46637)
AIM_GEOMETRY close: lens=(0, 25.300903, 44.0786) rotation=(-0.14269963, 0, 0) targetDisplayed=(0, 21.645077, 25) targetNative=(0, 21.645079, 25) targetScreen=(640, 400.47348) center=(640, 400) bounds=(576.42163, 371.3588), (127.15674, 108.62625)
Directly intersected close car receives brackets instead of a distance-based square fallback
AIM_AT requested=(-3.7, 22.545248, 35) firstTargetDrift=(0, -0.0021800995, 0) requestedScreen=(615.0414, 405.30066)
Directly intersected side-by-side car receives onscreen corner brackets
Alongside camera cursor stays centered while the accepted weapon ray remains chassis-safe
A camera ray blocked by the owner cannot mark the weapon ready
AIM_AT requested=(0, 32.65, 0) firstTargetDrift=(0, 0, 0) requestedScreen=(640, 399.99957)
AIM_AT requested=(0, 32.65, 0) firstTargetDrift=(0, 0, 0) requestedScreen=(640, 400)
Elevated rivals can be aimed at above the horizon
Upward aiming does not lower the grounded chase camera relative to the car
Upward aiming retains the centered shared aiming cue
The upward camera ray actually intersects the elevated rival
Upward desired aim reaches authority and observer
AIM_AT requested=(0, 22.65, 5) firstTargetDrift=(-8, -10.004543, 5) requestedScreen=(640, 399.99612)
Repeated fast crossings never steer the camera while RMB holds the view
Crossing-car brackets surround the visible center-ray hit under interpolation (19 bracket frames, 0 misses)
Host accepts probe friction mouse=0.08, stick=0.28
Probe friction reaches the native client
Host accepts probe friction mouse=0, stick=0
Probe friction reaches the native client
AIM_RESPONSE case=0 default=0.0055698 zero=0.0060000 ratio=0.9283
AIM_RESPONSE case=1 default=0.0060000 zero=0.0060000 ratio=1.0000
AIM_RESPONSE case=2 default=0.0030410 zero=0.0040600 ratio=0.7490
AIM_RESPONSE case=3 default=0.0040600 zero=0.0040600 ratio=1.0000
AIM_RESPONSE case=4 default=0.0733333 zero=0.0733333 ratio=1.0000
AIM_RESPONSE case=5 default=0.1200000 zero=0.1200000 ratio=1.0000
Small native mouse input toward a visible rival receives bounded default friction
Fine native stick input toward a visible rival receives bounded default friction
Moving away/full-stick/flick bypass matches zero friction (case 1)
Moving away/full-stick/flick bypass matches zero friction (case 3)
Moving away/full-stick/flick bypass matches zero friction (case 4)
Moving away/full-stick/flick bypass matches zero friction (case 5)
Host accepts probe friction mouse=0.08, stick=0.28
Probe friction reaches the native client
Eligibility transfers from the first right-hand rival to the second left-hand rival without a retained lock
Removing both rivals from the cone releases small-input assistance
Observer has accepted aim before packet blackout
A bounded real UDP blackout expires accepted aim on shooter and observer
Fresh accepted aim resumes after packet delivery recovers (not authenticated reconnect)
Camera-intent cursor remains centered after transient packet recovery
CAMERA_AIM_SAMPLE CameraDistance=1.15 air=False up=False expected=<0.004463464, -0.21213108, -0.9772311> actual=<0.004463464, -0.21213108, -0.9772311> lens=(-0.03168749, 26.212801, 43.78266) target=(0.06219545, 20.5, 23.227926) pitch=-0.27108654
Final centered rendered ray and pivot-relative intent agree: CameraDistance=1.15 air=False up=False
Camera settings retain centered HUD: CameraDistance=1.15 air=False up=False
Authoritative articulation follows camera intent within network/pose tolerance: CameraDistance=1.15 air=False up=False
Shared body clearance remains safe: CameraDistance=1.15 air=False up=False
AIM_REMOTE CameraDistance=1.15 air=False up=False: acceptedYaw=-0.0045674285 renderedYaw=-0.004567428 acceptedPitch=-0.11474668 renderedPitch=-0.11474667
Remote mount yaw and payload pitch settle to accepted CameraDistance=1.15 air=False up=False aim on actual presentation nodes
Local preference leaves host tuning and peer camera unchanged: CameraDistance=1.15 air=False up=False
CAMERA_AIM_SAMPLE CameraDistance=1.15 air=False up=True expected=<0.004511404, 0.15621954, -0.9877121> actual=<0.004511404, 0.15621954, -0.9877121> lens=(-0.033616666, 24.706057, 44.204926) target=(1.3214631, 69.21517, -252.47183) pitch=0.14891347
Final centered rendered ray and pivot-relative intent agree: CameraDistance=1.15 air=False up=True
Camera settings retain centered HUD: CameraDistance=1.15 air=False up=True
Authoritative articulation follows camera intent within network/pose tolerance: CameraDistance=1.15 air=False up=True
Shared body clearance remains safe: CameraDistance=1.15 air=False up=True
AIM_REMOTE CameraDistance=1.15 air=False up=True: acceptedYaw=-0.0045674974 renderedYaw=-0.0045674974 acceptedPitch=0.15686227 renderedPitch=0.1568622
Remote mount yaw and payload pitch settle to accepted CameraDistance=1.15 air=False up=True aim on actual presentation nodes
Local preference leaves host tuning and peer camera unchanged: CameraDistance=1.15 air=False up=True
CAMERA_AIM_SAMPLE CameraDistance=1.15 air=True up=False expected=<0.0044094063, -0.26091355, -0.9653521> actual=<0.0044094063, -0.26091355, -0.9653521> lens=(-0.036063008, 57.562786, 44.740284) target=(0.57304627, 20.5, -88.61212) pitch=-0.27108654
Final centered rendered ray and pivot-relative intent agree: CameraDistance=1.15 air=True up=False
Camera settings retain centered HUD: CameraDistance=1.15 air=True up=False
Authoritative articulation follows camera intent within network/pose tolerance: CameraDistance=1.15 air=True up=False
Shared body clearance remains safe: CameraDistance=1.15 air=True up=False
AIM_REMOTE CameraDistance=1.15 air=True up=False: acceptedYaw=-0.004567635 renderedYaw=-0.0045676334 acceptedPitch=-0.11474662 renderedPitch=-0.11474659
Remote mount yaw and payload pitch settle to accepted CameraDistance=1.15 air=True up=False aim on actual presentation nodes
Local preference leaves host tuning and peer camera unchanged: CameraDistance=1.15 air=True up=False
CAMERA_AIM_SAMPLE CameraDistance=1.15 air=True up=True expected=<0.0045095743, 0.15863836, -0.98732644> actual=<0.0045095743, 0.15863836, -0.98732644> lens=(-0.04880742, 55.85068, 47.5309) target=(1.3062519, 100.3598, -249.14586) pitch=0.14891347
Final centered rendered ray and pivot-relative intent agree: CameraDistance=1.15 air=True up=True
Camera settings retain centered HUD: CameraDistance=1.15 air=True up=True
Authoritative articulation follows camera intent within network/pose tolerance: CameraDistance=1.15 air=True up=True
Shared body clearance remains safe: CameraDistance=1.15 air=True up=True
AIM_REMOTE CameraDistance=1.15 air=True up=True: acceptedYaw=-0.0045674285 renderedYaw=-0.004567424 acceptedPitch=0.15909658 renderedPitch=0.15900075
Remote mount yaw and payload pitch settle to accepted CameraDistance=1.15 air=True up=True aim on actual presentation nodes
Local preference leaves host tuning and peer camera unchanged: CameraDistance=1.15 air=True up=True
CAMERA_AIM_SAMPLE CameraDistance=1.3 air=False up=False expected=<0.004459678, -0.21545047, -0.9765046> actual=<0.004459678, -0.21545047, -0.9765046> lens=(-0.035990875, 26.413858, 44.725674) target=(0.061185997, 20.5, 23.44753) pitch=-0.27108654
Final centered rendered ray and pivot-relative intent agree: CameraDistance=1.3 air=False up=False
Camera settings retain centered HUD: CameraDistance=1.3 air=False up=False
Authoritative articulation follows camera intent within network/pose tolerance: CameraDistance=1.3 air=False up=False
Shared body clearance remains safe: CameraDistance=1.3 air=False up=False
AIM_REMOTE CameraDistance=1.3 air=False up=False: acceptedYaw=-0.00456695 renderedYaw=-0.0045669484 acceptedPitch=-0.11474663 renderedPitch=-0.11474659
Remote mount yaw and payload pitch settle to accepted CameraDistance=1.3 air=False up=False aim on actual presentation nodes
Local preference leaves host tuning and peer camera unchanged: CameraDistance=1.3 air=False up=False
CAMERA_AIM_SAMPLE CameraDistance=1.3 air=False up=True expected=<0.004511037, 0.15672688, -0.98763174> actual=<0.004511037, 0.15672688, -0.98763174> lens=(-0.03800144, 24.706055, 45.164913) target=(1.3170784, 69.21517, -251.51184) pitch=0.14891347
Final centered rendered ray and pivot-relative intent agree: CameraDistance=1.3 air=False up=True
Camera settings retain centered HUD: CameraDistance=1.3 air=False up=True
Authoritative articulation follows camera intent within network/pose tolerance: CameraDistance=1.3 air=False up=True
Shared body clearance remains safe: CameraDistance=1.3 air=False up=True
AIM_REMOTE CameraDistance=1.3 air=False up=True: acceptedYaw=-0.0045674974 renderedYaw=-0.0045674937 acceptedPitch=0.1573759 renderedPitch=0.15737575
Remote mount yaw and payload pitch settle to accepted CameraDistance=1.3 air=False up=True aim on actual presentation nodes
Local preference leaves host tuning and peer camera unchanged: CameraDistance=1.3 air=False up=True
CAMERA_AIM_SAMPLE CameraDistance=1.3 air=True up=False expected=<0.004408944, -0.261341, -0.9652364> actual=<0.004408944, -0.261341, -0.9652364> lens=(-0.040352214, 57.76253, 45.679184) target=(0.57204896, 20.5, -88.39191) pitch=-0.27108654
Final centered rendered ray and pivot-relative intent agree: CameraDistance=1.3 air=True up=False
Camera settings retain centered HUD: CameraDistance=1.3 air=True up=False
Authoritative articulation follows camera intent within network/pose tolerance: CameraDistance=1.3 air=True up=False
Shared body clearance remains safe: CameraDistance=1.3 air=True up=False
AIM_REMOTE CameraDistance=1.3 air=True up=False: acceptedYaw=-0.004567703 renderedYaw=-0.004567698 acceptedPitch=-0.11474672 renderedPitch=-0.114746675
Remote mount yaw and payload pitch settle to accepted CameraDistance=1.3 air=True up=False aim on actual presentation nodes
Local preference leaves host tuning and peer camera unchanged: CameraDistance=1.3 air=True up=False
CAMERA_AIM_SAMPLE CameraDistance=1.3 air=True up=True expected=<0.0045091235, 0.15915991, -0.9872425> actual=<0.0045091235, 0.15915991, -0.9872425> lens=(-0.053191356, 55.850918, 48.490894) target=(1.3018477, 100.36003, -248.18587) pitch=0.14891347
Final centered rendered ray and pivot-relative intent agree: CameraDistance=1.3 air=True up=True
Camera settings retain centered HUD: CameraDistance=1.3 air=True up=True
Authoritative articulation follows camera intent within network/pose tolerance: CameraDistance=1.3 air=True up=True
Shared body clearance remains safe: CameraDistance=1.3 air=True up=True
AIM_REMOTE CameraDistance=1.3 air=True up=True: acceptedYaw=-0.00456736 renderedYaw=-0.0045673586 acceptedPitch=0.15967402 renderedPitch=0.159602
Remote mount yaw and payload pitch settle to accepted CameraDistance=1.3 air=True up=True aim on actual presentation nodes
Local preference leaves host tuning and peer camera unchanged: CameraDistance=1.3 air=True up=True
CAMERA_AIM_SAMPLE CameraDistance=1.5 air=False up=False expected=<0.0044555375, -0.2200391, -0.97548085> actual=<0.0044555375, -0.2200391, -0.97548085> lens=(-0.041739136, 26.6819, 45.98323) target=(0.05985441, 20.5, 23.740671) pitch=-0.27108654
Final centered rendered ray and pivot-relative intent agree: CameraDistance=1.5 air=False up=False
Camera settings retain centered HUD: CameraDistance=1.5 air=False up=False
Authoritative articulation follows camera intent within network/pose tolerance: CameraDistance=1.5 air=False up=False
Shared body clearance remains safe: CameraDistance=1.5 air=False up=False
AIM_REMOTE CameraDistance=1.5 air=False up=False: acceptedYaw=-0.0045674974 renderedYaw=-0.004567494 acceptedPitch=-0.114746615 renderedPitch=-0.114746556
Remote mount yaw and payload pitch settle to accepted CameraDistance=1.5 air=False up=False aim on actual presentation nodes
Local preference leaves host tuning and peer camera unchanged: CameraDistance=1.5 air=False up=False
CAMERA_AIM_SAMPLE CameraDistance=1.5 air=False up=True expected=<0.0045106765, 0.15740839, -0.98752326> actual=<0.0045106765, 0.15740839, -0.98752326> lens=(-0.04384914, 24.706057, 46.4449) target=(1.3112712, 69.21517, -250.23186) pitch=0.14891347
Final centered rendered ray and pivot-relative intent agree: CameraDistance=1.5 air=False up=True
Camera settings retain centered HUD: CameraDistance=1.5 air=False up=True
Authoritative articulation follows camera intent within network/pose tolerance: CameraDistance=1.5 air=False up=True
Shared body clearance remains safe: CameraDistance=1.5 air=False up=True
AIM_REMOTE CameraDistance=1.5 air=False up=True: acceptedYaw=-0.0045676343 renderedYaw=-0.0045676325 acceptedPitch=0.15806597 renderedPitch=0.15806596
Remote mount yaw and payload pitch settle to accepted CameraDistance=1.5 air=False up=True aim on actual presentation nodes
Local preference leaves host tuning and peer camera unchanged: CameraDistance=1.5 air=False up=True
CAMERA_AIM_SAMPLE CameraDistance=1.5 air=True up=False expected=<0.0044109803, -0.25968924, -0.9656822> actual=<0.0044109803, -0.25968924, -0.9656822> lens=(-0.04607044, 58.02963, 46.93106) target=(0.41459012, 30, -53.91992) pitch=-0.27108654
Final centered rendered ray and pivot-relative intent agree: CameraDistance=1.5 air=True up=False
Camera settings retain centered HUD: CameraDistance=1.5 air=True up=False
Authoritative articulation follows camera intent within network/pose tolerance: CameraDistance=1.5 air=True up=False
Shared body clearance remains safe: CameraDistance=1.5 air=True up=False
AIM_REMOTE CameraDistance=1.5 air=True up=False: acceptedYaw=-0.0045677028 renderedYaw=-0.0045677014 acceptedPitch=-0.114746734 renderedPitch=-0.11474671
Remote mount yaw and payload pitch settle to accepted CameraDistance=1.5 air=True up=False aim on actual presentation nodes
Local preference leaves host tuning and peer camera unchanged: CameraDistance=1.5 air=True up=False
CAMERA_AIM_SAMPLE CameraDistance=1.5 air=True up=True expected=<0.0045084707, 0.15986088, -0.9871293> actual=<0.0045084707, 0.15986088, -0.9871293> lens=(-0.059035756, 55.851303, 49.770874) target=(1.2959626, 100.36042, -246.90588) pitch=0.14891347
Final centered rendered ray and pivot-relative intent agree: CameraDistance=1.5 air=True up=True
Camera settings retain centered HUD: CameraDistance=1.5 air=True up=True
Authoritative articulation follows camera intent within network/pose tolerance: CameraDistance=1.5 air=True up=True
Shared body clearance remains safe: CameraDistance=1.5 air=True up=True
AIM_REMOTE CameraDistance=1.5 air=True up=True: acceptedYaw=-0.004567223 renderedYaw=-0.0045672194 acceptedPitch=0.16027634 renderedPitch=0.16024716
Remote mount yaw and payload pitch settle to accepted CameraDistance=1.5 air=True up=True aim on actual presentation nodes
Local preference leaves host tuning and peer camera unchanged: CameraDistance=1.5 air=True up=True
CAMERA_AIM_SAMPLE CameraInertia=0 air=False up=False expected=<0.0044637136, -0.21214922, -0.9772271> actual=<0.0044637136, -0.21214922, -0.9772271> lens=(-0.03170817, 26.21365, 43.786774) target=(0.062194336, 20.5, 23.228987) pitch=-0.27108654
Final centered rendered ray and pivot-relative intent agree: CameraInertia=0 air=False up=False
Camera settings retain centered HUD: CameraInertia=0 air=False up=False
Authoritative articulation follows camera intent within network/pose tolerance: CameraInertia=0 air=False up=False
Shared body clearance remains safe: CameraInertia=0 air=False up=False
AIM_REMOTE CameraInertia=0 air=False up=False: acceptedYaw=-0.0045677023 renderedYaw=-0.004567697 acceptedPitch=-0.11474658 renderedPitch=-0.11474657
Remote mount yaw and payload pitch settle to accepted CameraInertia=0 air=False up=False aim on actual presentation nodes
Local preference leaves host tuning and peer camera unchanged: CameraInertia=0 air=False up=False
CAMERA_AIM_SAMPLE CameraInertia=0 air=False up=True expected=<0.0045114034, 0.15621926, -0.9877121> actual=<0.0045114034, 0.15621926, -0.9877121> lens=(-0.033616662, 24.70597, 44.204926) target=(1.321463, 69.21509, -252.47183) pitch=0.14891347
Final centered rendered ray and pivot-relative intent agree: CameraInertia=0 air=False up=True
Camera settings retain centered HUD: CameraInertia=0 air=False up=True
Authoritative articulation follows camera intent within network/pose tolerance: CameraInertia=0 air=False up=True
Shared body clearance remains safe: CameraInertia=0 air=False up=True
AIM_REMOTE CameraInertia=0 air=False up=True: acceptedYaw=-0.004567497 renderedYaw=-0.0045674955 acceptedPitch=0.15686183 renderedPitch=0.15686177
Remote mount yaw and payload pitch settle to accepted CameraInertia=0 air=False up=True aim on actual presentation nodes
Local preference leaves host tuning and peer camera unchanged: CameraInertia=0 air=False up=True
CAMERA_AIM_SAMPLE CameraInertia=0 air=True up=False expected=<0.0044084615, -0.2613566, -0.96523225> actual=<0.0044084615, -0.2613566, -0.96523225> lens=(-0.036059655, 57.49935, 44.74026) target=(0.5719523, 20.5, -88.383896) pitch=-0.27108654
Final centered rendered ray and pivot-relative intent agree: CameraInertia=0 air=True up=False
Camera settings retain centered HUD: CameraInertia=0 air=True up=False
Authoritative articulation follows camera intent within network/pose tolerance: CameraInertia=0 air=True up=False
Shared body clearance remains safe: CameraInertia=0 air=True up=False
AIM_REMOTE CameraInertia=0 air=True up=False: acceptedYaw=-0.004567223 renderedYaw=-0.0045672194 acceptedPitch=-0.114746585 renderedPitch=-0.114746526
Remote mount yaw and payload pitch settle to accepted CameraInertia=0 air=True up=False aim on actual presentation nodes
Local preference leaves host tuning and peer camera unchanged: CameraInertia=0 air=True up=False
CAMERA_AIM_SAMPLE CameraInertia=0 air=True up=True expected=<0.00450966, 0.1584292, -0.98736> actual=<0.00450966, 0.1584292, -0.98736> lens=(-0.04880665, 55.788544, 47.53089) target=(1.3062323, 100.29766, -249.14587) pitch=0.14891347
Final centered rendered ray and pivot-relative intent agree: CameraInertia=0 air=True up=True
Camera settings retain centered HUD: CameraInertia=0 air=True up=True
Authoritative articulation follows camera intent within network/pose tolerance: CameraInertia=0 air=True up=True
Shared body clearance remains safe: CameraInertia=0 air=True up=True
AIM_REMOTE CameraInertia=0 air=True up=True: acceptedYaw=-0.00456736 renderedYaw=-0.004567355 acceptedPitch=0.15887056 renderedPitch=0.15879661
Remote mount yaw and payload pitch settle to accepted CameraInertia=0 air=True up=True aim on actual presentation nodes
Local preference leaves host tuning and peer camera unchanged: CameraInertia=0 air=True up=True
CAMERA_AIM_SAMPLE CameraInertia=0.5 air=False up=False expected=<0.0044635325, -0.21213028, -0.97723126> actual=<0.0044635325, -0.21213028, -0.97723126> lens=(-0.031687967, 26.21286, 43.78266) target=(0.062197365, 20.5, 23.227713) pitch=-0.27108654
Final centered rendered ray and pivot-relative intent agree: CameraInertia=0.5 air=False up=False
Camera settings retain centered HUD: CameraInertia=0.5 air=False up=False
Authoritative articulation follows camera intent within network/pose tolerance: CameraInertia=0.5 air=False up=False
Shared body clearance remains safe: CameraInertia=0.5 air=False up=False
AIM_REMOTE CameraInertia=0.5 air=False up=False: acceptedYaw=-0.004567498 renderedYaw=-0.0045674965 acceptedPitch=-0.114746675 renderedPitch=-0.114746615
Remote mount yaw and payload pitch settle to accepted CameraInertia=0.5 air=False up=False aim on actual presentation nodes
Local preference leaves host tuning and peer camera unchanged: CameraInertia=0.5 air=False up=False
CAMERA_AIM_SAMPLE CameraInertia=0.5 air=False up=True expected=<0.004511404, 0.15621954, -0.9877121> actual=<0.004511404, 0.15621954, -0.9877121> lens=(-0.033616666, 24.706057, 44.204926) target=(1.3214631, 69.21517, -252.47183) pitch=0.14891347
Final centered rendered ray and pivot-relative intent agree: CameraInertia=0.5 air=False up=True
Camera settings retain centered HUD: CameraInertia=0.5 air=False up=True
Authoritative articulation follows camera intent within network/pose tolerance: CameraInertia=0.5 air=False up=True
Shared body clearance remains safe: CameraInertia=0.5 air=False up=True
AIM_REMOTE CameraInertia=0.5 air=False up=True: acceptedYaw=-0.0045674974 renderedYaw=-0.004567496 acceptedPitch=0.15686224 renderedPitch=0.1568622
Remote mount yaw and payload pitch settle to accepted CameraInertia=0.5 air=False up=True aim on actual presentation nodes
Local preference leaves host tuning and peer camera unchanged: CameraInertia=0.5 air=False up=True
CAMERA_AIM_SAMPLE CameraInertia=0.5 air=True up=False expected=<0.0044107325, -0.2609102, -0.965353> actual=<0.0044107325, -0.2609102, -0.965353> lens=(-0.036073834, 57.563267, 44.740284) target=(0.573226, 20.5, -88.613846) pitch=-0.27108654
Final centered rendered ray and pivot-relative intent agree: CameraInertia=0.5 air=True up=False
Camera settings retain centered HUD: CameraInertia=0.5 air=True up=False
Authoritative articulation follows camera intent within network/pose tolerance: CameraInertia=0.5 air=True up=False
Shared body clearance remains safe: CameraInertia=0.5 air=True up=False
AIM_REMOTE CameraInertia=0.5 air=True up=False: acceptedYaw=-0.0045690043 renderedYaw=-0.004568999 acceptedPitch=-0.114746496 renderedPitch=-0.11474648
Remote mount yaw and payload pitch settle to accepted CameraInertia=0.5 air=True up=False aim on actual presentation nodes
Local preference leaves host tuning and peer camera unchanged: CameraInertia=0.5 air=True up=False
CAMERA_AIM_SAMPLE CameraInertia=0.5 air=True up=True expected=<0.004509707, 0.15864234, -0.9873258> actual=<0.004509707, 0.15864234, -0.9873258> lens=(-0.04880886, 55.851868, 47.530895) target=(1.3062911, 100.360985, -249.14586) pitch=0.14891347
Final centered rendered ray and pivot-relative intent agree: CameraInertia=0.5 air=True up=True
Camera settings retain centered HUD: CameraInertia=0.5 air=True up=True
Authoritative articulation follows camera intent within network/pose tolerance: CameraInertia=0.5 air=True up=True
Shared body clearance remains safe: CameraInertia=0.5 air=True up=True
AIM_REMOTE CameraInertia=0.5 air=True up=True: acceptedYaw=-0.0045675654 renderedYaw=-0.004567564 acceptedPitch=0.15909976 renderedPitch=0.15907954
Remote mount yaw and payload pitch settle to accepted CameraInertia=0.5 air=True up=True aim on actual presentation nodes
Local preference leaves host tuning and peer camera unchanged: CameraInertia=0.5 air=True up=True
CAMERA_AIM_SAMPLE CameraInertia=1 air=False up=False expected=<0.004463432, -0.21216427, -0.9772239> actual=<0.004463432, -0.21216427, -0.9772239> lens=(-0.031732265, 26.21495, 43.792465) target=(0.062186, 20.5, 23.229998) pitch=-0.27108654
Final centered rendered ray and pivot-relative intent agree: CameraInertia=1 air=False up=False
Camera settings retain centered HUD: CameraInertia=1 air=False up=False
Authoritative articulation follows camera intent within network/pose tolerance: CameraInertia=1 air=False up=False
Shared body clearance remains safe: CameraInertia=1 air=False up=False
AIM_REMOTE CameraInertia=1 air=False up=False: acceptedYaw=-0.0045674285 renderedYaw=-0.004567427 acceptedPitch=-0.11474657 renderedPitch=-0.11474655
Remote mount yaw and payload pitch settle to accepted CameraInertia=1 air=False up=False aim on actual presentation nodes
Local preference leaves host tuning and peer camera unchanged: CameraInertia=1 air=False up=False
CAMERA_AIM_SAMPLE CameraInertia=1 air=False up=True expected=<0.0045112683, 0.15621954, -0.9877121> actual=<0.0045112683, 0.15621954, -0.9877121> lens=(-0.033615656, 24.706057, 44.204926) target=(1.3214234, 69.21517, -252.47183) pitch=0.14891347
Final centered rendered ray and pivot-relative intent agree: CameraInertia=1 air=False up=True
Camera settings retain centered HUD: CameraInertia=1 air=False up=True
Authoritative articulation follows camera intent within network/pose tolerance: CameraInertia=1 air=False up=True
Shared body clearance remains safe: CameraInertia=1 air=False up=True
AIM_REMOTE CameraInertia=1 air=False up=True: acceptedYaw=-0.0045673605 renderedYaw=-0.0045673554 acceptedPitch=0.15686223 renderedPitch=0.15686224
Remote mount yaw and payload pitch settle to accepted CameraInertia=1 air=False up=True aim on actual presentation nodes
Local preference leaves host tuning and peer camera unchanged: CameraInertia=1 air=False up=True
CAMERA_AIM_SAMPLE CameraInertia=1 air=True up=False expected=<0.0044098273, -0.2604652, -0.9654732> actual=<0.0044098273, -0.2604652, -0.9654732> lens=(-0.03606192, 57.627186, 44.74028) target=(0.57408744, 20.5, -88.84383) pitch=-0.27108654
Final centered rendered ray and pivot-relative intent agree: CameraInertia=1 air=True up=False
Camera settings retain centered HUD: CameraInertia=1 air=True up=False
Authoritative articulation follows camera intent within network/pose tolerance: CameraInertia=1 air=True up=False
Shared body clearance remains safe: CameraInertia=1 air=True up=False
AIM_REMOTE CameraInertia=1 air=True up=False: acceptedYaw=-0.004567498 renderedYaw=-0.0045674965 acceptedPitch=-0.11474669 renderedPitch=-0.11474665
Remote mount yaw and payload pitch settle to accepted CameraInertia=1 air=True up=False aim on actual presentation nodes
Local preference leaves host tuning and peer camera unchanged: CameraInertia=1 air=True up=False
CAMERA_AIM_SAMPLE CameraInertia=1 air=True up=True expected=<0.0045094155, 0.15885553, -0.9872916> actual=<0.0045094155, 0.15885553, -0.9872916> lens=(-0.048807405, 55.915215, 47.530895) target=(1.3062519, 100.42433, -249.14586) pitch=0.14891347
Final centered rendered ray and pivot-relative intent agree: CameraInertia=1 air=True up=True
Camera settings retain centered HUD: CameraInertia=1 air=True up=True
Authoritative articulation follows camera intent within network/pose tolerance: CameraInertia=1 air=True up=True
Shared body clearance remains safe: CameraInertia=1 air=True up=True
AIM_REMOTE CameraInertia=1 air=True up=True: acceptedYaw=-0.004567428 renderedYaw=-0.0045674266 acceptedPitch=0.1592785 renderedPitch=0.15925336
Remote mount yaw and payload pitch settle to accepted CameraInertia=1 air=True up=True aim on actual presentation nodes
Local preference leaves host tuning and peer camera unchanged: CameraInertia=1 air=True up=True
CAMERA_AIM_SAMPLE CameraAerialPullback=0 air=False up=False expected=<0.004463465, -0.21213028, -0.97723126> actual=<0.004463465, -0.21213028, -0.97723126> lens=(-0.03168749, 26.21286, 43.78266) target=(0.062196426, 20.5, 23.227713) pitch=-0.27108654
Final centered rendered ray and pivot-relative intent agree: CameraAerialPullback=0 air=False up=False
Camera settings retain centered HUD: CameraAerialPullback=0 air=False up=False
Authoritative articulation follows camera intent within network/pose tolerance: CameraAerialPullback=0 air=False up=False
Shared body clearance remains safe: CameraAerialPullback=0 air=False up=False
AIM_REMOTE CameraAerialPullback=0 air=False up=False: acceptedYaw=-0.004567429 renderedYaw=-0.004567424 acceptedPitch=-0.114746734 renderedPitch=-0.114746705
Remote mount yaw and payload pitch settle to accepted CameraAerialPullback=0 air=False up=False aim on actual presentation nodes
Local preference leaves host tuning and peer camera unchanged: CameraAerialPullback=0 air=False up=False
CAMERA_AIM_SAMPLE CameraAerialPullback=0 air=False up=True expected=<0.004511268, 0.15621954, -0.9877121> actual=<0.004511268, 0.15621954, -0.9877121> lens=(-0.033615652, 24.706057, 44.204926) target=(1.3214233, 69.21517, -252.47183) pitch=0.14891347
Final centered rendered ray and pivot-relative intent agree: CameraAerialPullback=0 air=False up=True
Camera settings retain centered HUD: CameraAerialPullback=0 air=False up=True
Authoritative articulation follows camera intent within network/pose tolerance: CameraAerialPullback=0 air=False up=True
Shared body clearance remains safe: CameraAerialPullback=0 air=False up=True
AIM_REMOTE CameraAerialPullback=0 air=False up=True: acceptedYaw=-0.00456736 renderedYaw=-0.0045673586 acceptedPitch=0.15686229 renderedPitch=0.15686223
Remote mount yaw and payload pitch settle to accepted CameraAerialPullback=0 air=False up=True aim on actual presentation nodes
Local preference leaves host tuning and peer camera unchanged: CameraAerialPullback=0 air=False up=True
CAMERA_AIM_SAMPLE CameraAerialPullback=0 air=True up=False expected=<0.004409754, -0.26047003, -0.9654718> actual=<0.004409754, -0.26047003, -0.9654718> lens=(-0.03168749, 57.360332, 43.78266) target=(0.5740673, 20.5, -88.84132) pitch=-0.27108654
Final centered rendered ray and pivot-relative intent agree: CameraAerialPullback=0 air=True up=False
Camera settings retain centered HUD: CameraAerialPullback=0 air=True up=False
Authoritative articulation follows camera intent within network/pose tolerance: CameraAerialPullback=0 air=True up=False
Shared body clearance remains safe: CameraAerialPullback=0 air=True up=False
AIM_REMOTE CameraAerialPullback=0 air=True up=False: acceptedYaw=-0.004567429 renderedYaw=-0.004567425 acceptedPitch=-0.114746526 renderedPitch=-0.114746474
Remote mount yaw and payload pitch settle to accepted CameraAerialPullback=0 air=True up=False aim on actual presentation nodes
Local preference leaves host tuning and peer camera unchanged: CameraAerialPullback=0 air=True up=False
CAMERA_AIM_SAMPLE CameraAerialPullback=0 air=True up=True expected=<0.004510936, 0.15686563, -0.9876097> actual=<0.004510936, 0.15686563, -0.9876097> lens=(-0.033616662, 55.852436, 44.204926) target=(1.321463, 100.36156, -252.47183) pitch=0.14891347
Final centered rendered ray and pivot-relative intent agree: CameraAerialPullback=0 air=True up=True
Camera settings retain centered HUD: CameraAerialPullback=0 air=True up=True
Authoritative articulation follows camera intent within network/pose tolerance: CameraAerialPullback=0 air=True up=True
Shared body clearance remains safe: CameraAerialPullback=0 air=True up=True
AIM_REMOTE CameraAerialPullback=0 air=True up=True: acceptedYaw=-0.004567497 renderedYaw=-0.004567492 acceptedPitch=0.15744293 renderedPitch=0.15742925
Remote mount yaw and payload pitch settle to accepted CameraAerialPullback=0 air=True up=True aim on actual presentation nodes
Local preference leaves host tuning and peer camera unchanged: CameraAerialPullback=0 air=True up=True
CAMERA_AIM_SAMPLE CameraAerialPullback=1 air=False up=False expected=<0.0044635325, -0.21213028, -0.97723126> actual=<0.0044635325, -0.21213028, -0.97723126> lens=(-0.031687967, 26.21286, 43.78266) target=(0.062197365, 20.5, 23.227713) pitch=-0.27108654
Final centered rendered ray and pivot-relative intent agree: CameraAerialPullback=1 air=False up=False
Camera settings retain centered HUD: CameraAerialPullback=1 air=False up=False
Authoritative articulation follows camera intent within network/pose tolerance: CameraAerialPullback=1 air=False up=False
Shared body clearance remains safe: CameraAerialPullback=1 air=False up=False
AIM_REMOTE CameraAerialPullback=1 air=False up=False: acceptedYaw=-0.004567498 renderedYaw=-0.0045674974 acceptedPitch=-0.11474657 renderedPitch=-0.11474656
Remote mount yaw and payload pitch settle to accepted CameraAerialPullback=1 air=False up=False aim on actual presentation nodes
Local preference leaves host tuning and peer camera unchanged: CameraAerialPullback=1 air=False up=False
CAMERA_AIM_SAMPLE CameraAerialPullback=1 air=False up=True expected=<0.004511404, 0.15621954, -0.9877121> actual=<0.004511404, 0.15621954, -0.9877121> lens=(-0.033616666, 24.706055, 44.204926) target=(1.3214631, 69.21517, -252.47183) pitch=0.14891347
Final centered rendered ray and pivot-relative intent agree: CameraAerialPullback=1 air=False up=True
Camera settings retain centered HUD: CameraAerialPullback=1 air=False up=True
Authoritative articulation follows camera intent within network/pose tolerance: CameraAerialPullback=1 air=False up=True
Shared body clearance remains safe: CameraAerialPullback=1 air=False up=True
AIM_REMOTE CameraAerialPullback=1 air=False up=True: acceptedYaw=-0.0045674974 renderedYaw=-0.004567496 acceptedPitch=0.15686224 renderedPitch=0.1568622
Remote mount yaw and payload pitch settle to accepted CameraAerialPullback=1 air=False up=True aim on actual presentation nodes
Local preference leaves host tuning and peer camera unchanged: CameraAerialPullback=1 air=False up=True
CAMERA_AIM_SAMPLE CameraAerialPullback=1 air=True up=False expected=<0.0044090203, -0.26090458, -0.9653545> actual=<0.0044090203, -0.26090458, -0.9653545> lens=(-0.0360598, 57.564075, 44.74029) target=(0.5730158, 20.5, -88.616745) pitch=-0.27108654
Final centered rendered ray and pivot-relative intent agree: CameraAerialPullback=1 air=True up=False
Camera settings retain centered HUD: CameraAerialPullback=1 air=True up=False
Authoritative articulation follows camera intent within network/pose tolerance: CameraAerialPullback=1 air=True up=False
Shared body clearance remains safe: CameraAerialPullback=1 air=True up=False
AIM_REMOTE CameraAerialPullback=1 air=True up=False: acceptedYaw=-0.004567223 renderedYaw=-0.004567218 acceptedPitch=-0.114746645 renderedPitch=-0.114746645
Remote mount yaw and payload pitch settle to accepted CameraAerialPullback=1 air=True up=False aim on actual presentation nodes
Local preference leaves host tuning and peer camera unchanged: CameraAerialPullback=1 air=True up=False
CAMERA_AIM_SAMPLE CameraAerialPullback=1 air=True up=True expected=<0.0045079463, 0.1586452, -0.9873254> actual=<0.0045079463, 0.1586452, -0.9873254> lens=(-0.048789818, 55.85271, 47.530895) target=(1.3057816, 100.36183, -249.14586) pitch=0.14891347
Final centered rendered ray and pivot-relative intent agree: CameraAerialPullback=1 air=True up=True
Camera settings retain centered HUD: CameraAerialPullback=1 air=True up=True
Authoritative articulation follows camera intent within network/pose tolerance: CameraAerialPullback=1 air=True up=True
Shared body clearance remains safe: CameraAerialPullback=1 air=True up=True
AIM_REMOTE CameraAerialPullback=1 air=True up=True: acceptedYaw=-0.0045657847 renderedYaw=-0.0045657842 acceptedPitch=0.15898727 renderedPitch=0.15897615
Remote mount yaw and payload pitch settle to accepted CameraAerialPullback=1 air=True up=True aim on actual presentation nodes
Local preference leaves host tuning and peer camera unchanged: CameraAerialPullback=1 air=True up=True
CAMERA_AIM_SAMPLE CameraAerialPullback=1.5 air=False up=False expected=<0.0044633765, -0.21215172, -0.97722656> actual=<0.0044633765, -0.21215172, -0.97722656> lens=(-0.031715184, 26.214174, 43.78883) target=(0.0621889, 20.5, 23.229155) pitch=-0.27108654
Final centered rendered ray and pivot-relative intent agree: CameraAerialPullback=1.5 air=False up=False
Camera settings retain centered HUD: CameraAerialPullback=1.5 air=False up=False
Authoritative articulation follows camera intent within network/pose tolerance: CameraAerialPullback=1.5 air=False up=False
Shared body clearance remains safe: CameraAerialPullback=1.5 air=False up=False
AIM_REMOTE CameraAerialPullback=1.5 air=False up=False: acceptedYaw=-0.0045673596 renderedYaw=-0.004567356 acceptedPitch=-0.114746705 renderedPitch=-0.114746645
Remote mount yaw and payload pitch settle to accepted CameraAerialPullback=1.5 air=False up=False aim on actual presentation nodes
Local preference leaves host tuning and peer camera unchanged: CameraAerialPullback=1.5 air=False up=False
CAMERA_AIM_SAMPLE CameraAerialPullback=1.5 air=False up=True expected=<0.0045113354, 0.15621954, -0.9877121> actual=<0.0045113354, 0.15621954, -0.9877121> lens=(-0.03361616, 24.706057, 44.204926) target=(1.3214431, 69.21517, -252.47183) pitch=0.14891347
Final centered rendered ray and pivot-relative intent agree: CameraAerialPullback=1.5 air=False up=True
Camera settings retain centered HUD: CameraAerialPullback=1.5 air=False up=True
Authoritative articulation follows camera intent within network/pose tolerance: CameraAerialPullback=1.5 air=False up=True
Shared body clearance remains safe: CameraAerialPullback=1.5 air=False up=True
AIM_REMOTE CameraAerialPullback=1.5 air=False up=True: acceptedYaw=-0.004567428 renderedYaw=-0.0045674234 acceptedPitch=0.15686223 renderedPitch=0.15686211
Remote mount yaw and payload pitch settle to accepted CameraAerialPullback=1.5 air=False up=True aim on actual presentation nodes
Local preference leaves host tuning and peer camera unchanged: CameraAerialPullback=1.5 air=False up=True
CAMERA_AIM_SAMPLE CameraAerialPullback=1.5 air=True up=False expected=<0.0044090208, -0.26111868, -0.9652967> actual=<0.0044090208, -0.26111868, -0.9652967> lens=(-0.038248945, 57.666473, 45.2191) target=(0.572546, 20.5, -88.50636) pitch=-0.27108654
Final centered rendered ray and pivot-relative intent agree: CameraAerialPullback=1.5 air=True up=False
Camera settings retain centered HUD: CameraAerialPullback=1.5 air=True up=False
Authoritative articulation follows camera intent within network/pose tolerance: CameraAerialPullback=1.5 air=True up=False
Shared body clearance remains safe: CameraAerialPullback=1.5 air=True up=False
AIM_REMOTE CameraAerialPullback=1.5 air=True up=False: acceptedYaw=-0.0045674974 renderedYaw=-0.0045674974 acceptedPitch=-0.114746615 renderedPitch=-0.11474662
Remote mount yaw and payload pitch settle to accepted CameraAerialPullback=1.5 air=True up=False aim on actual presentation nodes
Local preference leaves host tuning and peer camera unchanged: CameraAerialPullback=1.5 air=True up=False
CAMERA_AIM_SAMPLE CameraAerialPullback=1.5 air=True up=True expected=<0.0045084297, 0.1595505, -0.9871795> actual=<0.0045084297, 0.1595505, -0.9871795> lens=(-0.056397095, 55.85301, 49.193882) target=(1.29852, 100.36212, -247.48288) pitch=0.14891347
Final centered rendered ray and pivot-relative intent agree: CameraAerialPullback=1.5 air=True up=True
Camera settings retain centered HUD: CameraAerialPullback=1.5 air=True up=True
Authoritative articulation follows camera intent within network/pose tolerance: CameraAerialPullback=1.5 air=True up=True
Shared body clearance remains safe: CameraAerialPullback=1.5 air=True up=True
AIM_REMOTE CameraAerialPullback=1.5 air=True up=True: acceptedYaw=-0.004566949 renderedYaw=-0.004566945 acceptedPitch=0.15986882 renderedPitch=0.15985347
Remote mount yaw and payload pitch settle to accepted CameraAerialPullback=1.5 air=True up=True aim on actual presentation nodes
Local preference leaves host tuning and peer camera unchanged: CameraAerialPullback=1.5 air=True up=True
CAMERA_AIM_SAMPLE CameraShakeIntensity=0 air=False up=False expected=<0.0044634505, -0.21214446, -0.9772281> actual=<0.0044634505, -0.21214446, -0.9772281> lens=(-0.031706274, 26.213737, 43.786774) target=(0.06219206, 20.5, 23.228668) pitch=-0.27108654
Final centered rendered ray and pivot-relative intent agree: CameraShakeIntensity=0 air=False up=False
Camera settings retain centered HUD: CameraShakeIntensity=0 air=False up=False
Authoritative articulation follows camera intent within network/pose tolerance: CameraShakeIntensity=0 air=False up=False
Shared body clearance remains safe: CameraShakeIntensity=0 air=False up=False
AIM_REMOTE CameraShakeIntensity=0 air=False up=False: acceptedYaw=-0.004567428 renderedYaw=-0.004567423 acceptedPitch=-0.11474662 renderedPitch=-0.1147466
Remote mount yaw and payload pitch settle to accepted CameraShakeIntensity=0 air=False up=False aim on actual presentation nodes
Local preference leaves host tuning and peer camera unchanged: CameraShakeIntensity=0 air=False up=False
CAMERA_AIM_SAMPLE CameraShakeIntensity=0 air=False up=True expected=<0.0045113354, 0.15621954, -0.9877121> actual=<0.0045113354, 0.15621954, -0.9877121> lens=(-0.03361616, 24.706057, 44.204926) target=(1.3214431, 69.21517, -252.47183) pitch=0.14891347
Final centered rendered ray and pivot-relative intent agree: CameraShakeIntensity=0 air=False up=True
Camera settings retain centered HUD: CameraShakeIntensity=0 air=False up=True
Authoritative articulation follows camera intent within network/pose tolerance: CameraShakeIntensity=0 air=False up=True
Shared body clearance remains safe: CameraShakeIntensity=0 air=False up=True
AIM_REMOTE CameraShakeIntensity=0 air=False up=True: acceptedYaw=-0.004567428 renderedYaw=-0.0045674266 acceptedPitch=0.15686217 renderedPitch=0.15686215
Remote mount yaw and payload pitch settle to accepted CameraShakeIntensity=0 air=False up=True aim on actual presentation nodes
Local preference leaves host tuning and peer camera unchanged: CameraShakeIntensity=0 air=False up=True
CAMERA_AIM_SAMPLE CameraShakeIntensity=0 air=True up=False expected=<0.0044092964, -0.26089546, -0.965357> actual=<0.0044092964, -0.26089546, -0.965357> lens=(-0.0360619, 57.565376, 44.740276) target=(0.57307166, 20.5, -88.621445) pitch=-0.27108654
Final centered rendered ray and pivot-relative intent agree: CameraShakeIntensity=0 air=True up=False
Camera settings retain centered HUD: CameraShakeIntensity=0 air=True up=False
Authoritative articulation follows camera intent within network/pose tolerance: CameraShakeIntensity=0 air=True up=False
Shared body clearance remains safe: CameraShakeIntensity=0 air=True up=False
AIM_REMOTE CameraShakeIntensity=0 air=True up=False: acceptedYaw=-0.0045674974 renderedYaw=-0.0045674937 acceptedPitch=-0.11474672 renderedPitch=-0.11474665
Remote mount yaw and payload pitch settle to accepted CameraShakeIntensity=0 air=True up=False aim on actual presentation nodes
Local preference leaves host tuning and peer camera unchanged: CameraShakeIntensity=0 air=True up=False
CAMERA_AIM_SAMPLE CameraShakeIntensity=0 air=True up=True expected=<0.004509435, 0.15864415, -0.9873255> actual=<0.004509435, 0.15864415, -0.9873255> lens=(-0.048806418, 55.85239, 47.531002) target=(1.3062123, 100.36151, -249.14575) pitch=0.14891347
Final centered rendered ray and pivot-relative intent agree: CameraShakeIntensity=0 air=True up=True
Camera settings retain centered HUD: CameraShakeIntensity=0 air=True up=True
Authoritative articulation follows camera intent within network/pose tolerance: CameraShakeIntensity=0 air=True up=True
Shared body clearance remains safe: CameraShakeIntensity=0 air=True up=True
AIM_REMOTE CameraShakeIntensity=0 air=True up=True: acceptedYaw=-0.004567292 renderedYaw=-0.004567287 acceptedPitch=0.1591036 renderedPitch=0.1590775
Remote mount yaw and payload pitch settle to accepted CameraShakeIntensity=0 air=True up=True aim on actual presentation nodes
Local preference leaves host tuning and peer camera unchanged: CameraShakeIntensity=0 air=True up=True
CAMERA_AIM_SAMPLE CameraShakeIntensity=0.5 air=False up=False expected=<0.0045341034, -0.2120335, -0.9772518> actual=<0.0045341034, -0.2120335, -0.9772518> lens=(-0.030724633, 26.215664, 43.786243) target=(0.06320958, 20.5, 23.22121) pitch=-0.27108654
Final centered rendered ray and pivot-relative intent agree: CameraShakeIntensity=0.5 air=False up=False
Camera settings retain centered HUD: CameraShakeIntensity=0.5 air=False up=False
Authoritative articulation follows camera intent within network/pose tolerance: CameraShakeIntensity=0.5 air=False up=False
Shared body clearance remains safe: CameraShakeIntensity=0.5 air=False up=False
AIM_REMOTE CameraShakeIntensity=0.5 air=False up=False: acceptedYaw=-0.004480847 renderedYaw=-0.004508255 acceptedPitch=-0.11474677 renderedPitch=-0.11474673
Remote mount yaw and payload pitch settle to accepted CameraShakeIntensity=0.5 air=False up=False aim on actual presentation nodes
Local preference leaves host tuning and peer camera unchanged: CameraShakeIntensity=0.5 air=False up=False
CAMERA_AIM_SAMPLE CameraShakeIntensity=0.5 air=False up=True expected=<0.004510484, 0.1562263, -0.987711> actual=<0.004510484, 0.1562263, -0.987711> lens=(-0.032605577, 24.708033, 44.205227) target=(1.3211938, 69.217155, -252.47156) pitch=0.14891349
Final centered rendered ray and pivot-relative intent agree: CameraShakeIntensity=0.5 air=False up=True
Camera settings retain centered HUD: CameraShakeIntensity=0.5 air=False up=True
Authoritative articulation follows camera intent within network/pose tolerance: CameraShakeIntensity=0.5 air=False up=True
Shared body clearance remains safe: CameraShakeIntensity=0.5 air=False up=True
AIM_REMOTE CameraShakeIntensity=0.5 air=False up=True: acceptedYaw=-0.0045780423 renderedYaw=-0.0045764516 acceptedPitch=0.15685542 renderedPitch=0.15685768
Remote mount yaw and payload pitch settle to accepted CameraShakeIntensity=0.5 air=False up=True aim on actual presentation nodes
Local preference leaves host tuning and peer camera unchanged: CameraShakeIntensity=0.5 air=False up=True
CAMERA_AIM_SAMPLE CameraShakeIntensity=0.5 air=True up=False expected=<0.004416526, -0.26088375, -0.96536005> actual=<0.004416526, -0.26088375, -0.96536005> lens=(-0.035076052, 57.56691, 44.73976) target=(0.5740371, 20.5, -88.62749) pitch=-0.27108654
Final centered rendered ray and pivot-relative intent agree: CameraShakeIntensity=0.5 air=True up=False
Camera settings retain centered HUD: CameraShakeIntensity=0.5 air=True up=False
Authoritative articulation follows camera intent within network/pose tolerance: CameraShakeIntensity=0.5 air=True up=False
Shared body clearance remains safe: CameraShakeIntensity=0.5 air=True up=False
AIM_REMOTE CameraShakeIntensity=0.5 air=True up=False: acceptedYaw=-0.004596622 renderedYaw=-0.0045850156 acceptedPitch=-0.11474657 renderedPitch=-0.11474654
Remote mount yaw and payload pitch settle to accepted CameraShakeIntensity=0.5 air=True up=False aim on actual presentation nodes
Local preference leaves host tuning and peer camera unchanged: CameraShakeIntensity=0.5 air=True up=False
CAMERA_AIM_SAMPLE CameraShakeIntensity=0.5 air=True up=True expected=<0.0045136907, 0.158655, -0.9873238> actual=<0.0045136907, 0.158655, -0.9873238> lens=(-0.047836374, 55.855583, 47.531193) target=(1.3074464, 100.3647, -249.14557) pitch=0.14891347
Final centered rendered ray and pivot-relative intent agree: CameraShakeIntensity=0.5 air=True up=True
Camera settings retain centered HUD: CameraShakeIntensity=0.5 air=True up=True
Authoritative articulation follows camera intent within network/pose tolerance: CameraShakeIntensity=0.5 air=True up=True
Shared body clearance remains safe: CameraShakeIntensity=0.5 air=True up=True
AIM_REMOTE CameraShakeIntensity=0.5 air=True up=True: acceptedYaw=-0.004570736 renderedYaw=-0.004568435 acceptedPitch=0.15916443 renderedPitch=0.15908183
Remote mount yaw and payload pitch settle to accepted CameraShakeIntensity=0.5 air=True up=True aim on actual presentation nodes
Local preference leaves host tuning and peer camera unchanged: CameraShakeIntensity=0.5 air=True up=True
CAMERA_AIM_SAMPLE CameraShakeIntensity=1 air=False up=False expected=<0.004604421, -0.2119428, -0.9772712> actual=<0.004604421, -0.2119428, -0.9772712> lens=(-0.029762628, 26.218792, 43.7914) target=(0.06421734, 20.5, 23.21511) pitch=-0.27108654
Final centered rendered ray and pivot-relative intent agree: CameraShakeIntensity=1 air=False up=False
Camera settings retain centered HUD: CameraShakeIntensity=1 air=False up=False
Authoritative articulation follows camera intent within network/pose tolerance: CameraShakeIntensity=1 air=False up=False
Shared body clearance remains safe: CameraShakeIntensity=1 air=False up=False
AIM_REMOTE CameraShakeIntensity=1 air=False up=False: acceptedYaw=-0.0051991497 renderedYaw=-0.0049776183 acceptedPitch=-0.11474624 renderedPitch=-0.11474631
Remote mount yaw and payload pitch settle to accepted CameraShakeIntensity=1 air=False up=False aim on actual presentation nodes
Local preference leaves host tuning and peer camera unchanged: CameraShakeIntensity=1 air=False up=False
CAMERA_AIM_SAMPLE CameraShakeIntensity=1 air=False up=True expected=<0.0045182244, 0.15623306, -0.9877099> actual=<0.0045182244, 0.15623306, -0.9877099> lens=(-0.031659134, 24.71001, 44.205524) target=(1.3234612, 69.21913, -252.47124) pitch=0.14891347
Final centered rendered ray and pivot-relative intent agree: CameraShakeIntensity=1 air=False up=True
Camera settings retain centered HUD: CameraShakeIntensity=1 air=False up=True
Authoritative articulation follows camera intent within network/pose tolerance: CameraShakeIntensity=1 air=False up=True
Shared body clearance remains safe: CameraShakeIntensity=1 air=False up=True
AIM_REMOTE CameraShakeIntensity=1 air=False up=True: acceptedYaw=-0.004594252 renderedYaw=-0.00456595 acceptedPitch=0.15690565 renderedPitch=0.15688485
Remote mount yaw and payload pitch settle to accepted CameraShakeIntensity=1 air=False up=True aim on actual presentation nodes
Local preference leaves host tuning and peer camera unchanged: CameraShakeIntensity=1 air=False up=True
CAMERA_AIM_SAMPLE CameraShakeIntensity=1 air=True up=False expected=<0.0044244807, -0.26087105, -0.96536356> actual=<0.0044244807, -0.26087105, -0.96536356> lens=(-0.034096338, 57.56858, 44.73922) target=(0.575099, 20.5, -88.63404) pitch=-0.27108654
Final centered rendered ray and pivot-relative intent agree: CameraShakeIntensity=1 air=True up=False
Camera settings retain centered HUD: CameraShakeIntensity=1 air=True up=False
Authoritative articulation follows camera intent within network/pose tolerance: CameraShakeIntensity=1 air=True up=False
Shared body clearance remains safe: CameraShakeIntensity=1 air=True up=False
AIM_REMOTE CameraShakeIntensity=1 air=True up=False: acceptedYaw=-0.0045788228 renderedYaw=-0.0045702704 acceptedPitch=-0.114746734 renderedPitch=-0.11474663
Remote mount yaw and payload pitch settle to accepted CameraShakeIntensity=1 air=True up=False aim on actual presentation nodes
Local preference leaves host tuning and peer camera unchanged: CameraShakeIntensity=1 air=True up=False
CAMERA_AIM_SAMPLE CameraShakeIntensity=1 air=True up=True expected=<0.0045199725, 0.1586627, -0.98732257> actual=<0.0045199725, 0.1586627, -0.98732257> lens=(-0.046890736, 55.857826, 47.531487) target=(1.3092663, 100.36694, -249.14526) pitch=0.14891349
Final centered rendered ray and pivot-relative intent agree: CameraShakeIntensity=1 air=True up=True
Camera settings retain centered HUD: CameraShakeIntensity=1 air=True up=True
Authoritative articulation follows camera intent within network/pose tolerance: CameraShakeIntensity=1 air=True up=True
Shared body clearance remains safe: CameraShakeIntensity=1 air=True up=True
AIM_REMOTE CameraShakeIntensity=1 air=True up=True: acceptedYaw=-0.0046010977 renderedYaw=-0.0045904163 acceptedPitch=0.15903622 renderedPitch=0.15902324
Remote mount yaw and payload pitch settle to accepted CameraShakeIntensity=1 air=True up=True aim on actual presentation nodes
Local preference leaves host tuning and peer camera unchanged: CameraShakeIntensity=1 air=True up=True
CAMERA_AIM_SAMPLE HorizontalLookSensitivity=0.25 air=False up=False expected=<0.0011158999, -0.21214446, -0.9772377> actual=<0.0011158999, -0.21214446, -0.9772377> lens=(-0.00792683, 26.213737, 43.786842) target=(0.015548534, 20.5, 23.228535) pitch=-0.27108654
Final centered rendered ray and pivot-relative intent agree: HorizontalLookSensitivity=0.25 air=False up=False
Camera settings retain centered HUD: HorizontalLookSensitivity=0.25 air=False up=False
Authoritative articulation follows camera intent within network/pose tolerance: HorizontalLookSensitivity=0.25 air=False up=False
Shared body clearance remains safe: HorizontalLookSensitivity=0.25 air=False up=False
AIM_REMOTE HorizontalLookSensitivity=0.25 air=False up=False: acceptedYaw=-0.0011418915 renderedYaw=-0.0011418907 acceptedPitch=-0.11474784 renderedPitch=-0.1147478
Remote mount yaw and payload pitch settle to accepted HorizontalLookSensitivity=0.25 air=False up=False aim on actual presentation nodes
Local preference leaves host tuning and peer camera unchanged: HorizontalLookSensitivity=0.25 air=False up=False
CAMERA_AIM_SAMPLE HorizontalLookSensitivity=0.25 air=False up=True expected=<0.0011278546, 0.15621956, -0.98772174> actual=<0.0011278546, 0.15621956, -0.98772174> lens=(-0.008404193, 24.706057, 44.204998) target=(0.33036688, 69.21518, -252.47469) pitch=0.1489135
Final centered rendered ray and pivot-relative intent agree: HorizontalLookSensitivity=0.25 air=False up=True
Camera settings retain centered HUD: HorizontalLookSensitivity=0.25 air=False up=True
Authoritative articulation follows camera intent within network/pose tolerance: HorizontalLookSensitivity=0.25 air=False up=True
Shared body clearance remains safe: HorizontalLookSensitivity=0.25 air=False up=True
AIM_REMOTE HorizontalLookSensitivity=0.25 air=False up=True: acceptedYaw=-0.0011418742 renderedYaw=-0.0011418733 acceptedPitch=0.15686218 renderedPitch=0.15686207
Remote mount yaw and payload pitch settle to accepted HorizontalLookSensitivity=0.25 air=False up=True aim on actual presentation nodes
Local preference leaves host tuning and peer camera unchanged: HorizontalLookSensitivity=0.25 air=False up=True
CAMERA_AIM_SAMPLE HorizontalLookSensitivity=0.25 air=True up=False expected=<0.0011023128, -0.26088965, -0.965368> actual=<0.0011023128, -0.26088965, -0.965368> lens=(-0.009015375, 57.566208, 44.74036) target=(0.14326964, 20.5, -88.62567) pitch=-0.27108654
Final centered rendered ray and pivot-relative intent agree: HorizontalLookSensitivity=0.25 air=True up=False
Camera settings retain centered HUD: HorizontalLookSensitivity=0.25 air=True up=False
Authoritative articulation follows camera intent within network/pose tolerance: HorizontalLookSensitivity=0.25 air=True up=False
Shared body clearance remains safe: HorizontalLookSensitivity=0.25 air=True up=False
AIM_REMOTE HorizontalLookSensitivity=0.25 air=True up=False: acceptedYaw=-0.0011418572 renderedYaw=-0.0011418563 acceptedPitch=-0.1147477 renderedPitch=-0.11474766
Remote mount yaw and payload pitch settle to accepted HorizontalLookSensitivity=0.25 air=True up=False aim on actual presentation nodes
Local preference leaves host tuning and peer camera unchanged: HorizontalLookSensitivity=0.25 air=True up=False
CAMERA_AIM_SAMPLE HorizontalLookSensitivity=0.25 air=True up=True expected=<0.0011265664, 0.15865004, -0.98733425> actual=<0.0011265664, 0.15865004, -0.98733425> lens=(-0.012192913, 55.854153, 47.530994) target=(0.32632405, 100.36328, -249.1487) pitch=0.1489135
Final centered rendered ray and pivot-relative intent agree: HorizontalLookSensitivity=0.25 air=True up=True
Camera settings retain centered HUD: HorizontalLookSensitivity=0.25 air=True up=True
Authoritative articulation follows camera intent within network/pose tolerance: HorizontalLookSensitivity=0.25 air=True up=True
Shared body clearance remains safe: HorizontalLookSensitivity=0.25 air=True up=True
AIM_REMOTE HorizontalLookSensitivity=0.25 air=True up=True: acceptedYaw=-0.0011410179 renderedYaw=-0.0011410166 acceptedPitch=0.15910603 renderedPitch=0.15903479
Remote mount yaw and payload pitch settle to accepted HorizontalLookSensitivity=0.25 air=True up=True aim on actual presentation nodes
Local preference leaves host tuning and peer camera unchanged: HorizontalLookSensitivity=0.25 air=True up=True
CAMERA_AIM_SAMPLE HorizontalLookSensitivity=1 air=False up=False expected=<0.004463384, -0.21214446, -0.9772281> actual=<0.004463384, -0.21214446, -0.9772281> lens=(-0.031705797, 26.213737, 43.786774) target=(0.06219113, 20.5, 23.228668) pitch=-0.27108654
Final centered rendered ray and pivot-relative intent agree: HorizontalLookSensitivity=1 air=False up=False
Camera settings retain centered HUD: HorizontalLookSensitivity=1 air=False up=False
Authoritative articulation follows camera intent within network/pose tolerance: HorizontalLookSensitivity=1 air=False up=False
Shared body clearance remains safe: HorizontalLookSensitivity=1 air=False up=False
AIM_REMOTE HorizontalLookSensitivity=1 air=False up=False: acceptedYaw=-0.00456736 renderedYaw=-0.0045673586 acceptedPitch=-0.114746615 renderedPitch=-0.11474657
Remote mount yaw and payload pitch settle to accepted HorizontalLookSensitivity=1 air=False up=False aim on actual presentation nodes
Local preference leaves host tuning and peer camera unchanged: HorizontalLookSensitivity=1 air=False up=False
CAMERA_AIM_SAMPLE HorizontalLookSensitivity=1 air=False up=True expected=<0.0045113354, 0.15621954, -0.9877121> actual=<0.0045113354, 0.15621954, -0.9877121> lens=(-0.03361616, 24.706057, 44.204926) target=(1.3214431, 69.21517, -252.47183) pitch=0.14891347
Final centered rendered ray and pivot-relative intent agree: HorizontalLookSensitivity=1 air=False up=True
Camera settings retain centered HUD: HorizontalLookSensitivity=1 air=False up=True
Authoritative articulation follows camera intent within network/pose tolerance: HorizontalLookSensitivity=1 air=False up=True
Shared body clearance remains safe: HorizontalLookSensitivity=1 air=False up=True
AIM_REMOTE HorizontalLookSensitivity=1 air=False up=True: acceptedYaw=-0.004567428 renderedYaw=-0.0045674243 acceptedPitch=0.15686224 renderedPitch=0.1568621
Remote mount yaw and payload pitch settle to accepted HorizontalLookSensitivity=1 air=False up=True aim on actual presentation nodes
Local preference leaves host tuning and peer camera unchanged: HorizontalLookSensitivity=1 air=False up=True
CAMERA_AIM_SAMPLE HorizontalLookSensitivity=1 air=True up=False expected=<0.0044091023, -0.2608923, -0.9653579> actual=<0.0044091023, -0.2608923, -0.9653579> lens=(-0.036060255, 57.56583, 44.740273) target=(0.57305336, 20.5, -88.623085) pitch=-0.27108654
Final centered rendered ray and pivot-relative intent agree: HorizontalLookSensitivity=1 air=True up=False
Camera settings retain centered HUD: HorizontalLookSensitivity=1 air=True up=False
Authoritative articulation follows camera intent within network/pose tolerance: HorizontalLookSensitivity=1 air=True up=False
Shared body clearance remains safe: HorizontalLookSensitivity=1 air=True up=False
AIM_REMOTE HorizontalLookSensitivity=1 air=True up=False: acceptedYaw=-0.0045672916 renderedYaw=-0.004567287 acceptedPitch=-0.114746526 renderedPitch=-0.114746556
Remote mount yaw and payload pitch settle to accepted HorizontalLookSensitivity=1 air=True up=False aim on actual presentation nodes
Local preference leaves host tuning and peer camera unchanged: HorizontalLookSensitivity=1 air=True up=False
CAMERA_AIM_SAMPLE HorizontalLookSensitivity=1 air=True up=True expected=<0.004509633, 0.15865098, -0.98732436> actual=<0.004509633, 0.15865098, -0.98732436> lens=(-0.048808128, 55.85444, 47.530895) target=(1.3062716, 100.363556, -249.14586) pitch=0.14891347
Final centered rendered ray and pivot-relative intent agree: HorizontalLookSensitivity=1 air=True up=True
Camera settings retain centered HUD: HorizontalLookSensitivity=1 air=True up=True
Authoritative articulation follows camera intent within network/pose tolerance: HorizontalLookSensitivity=1 air=True up=True
Shared body clearance remains safe: HorizontalLookSensitivity=1 air=True up=True
AIM_REMOTE HorizontalLookSensitivity=1 air=True up=True: acceptedYaw=-0.004567497 renderedYaw=-0.0045674955 acceptedPitch=0.1589917 renderedPitch=0.1589869
Remote mount yaw and payload pitch settle to accepted HorizontalLookSensitivity=1 air=True up=True aim on actual presentation nodes
Local preference leaves host tuning and peer camera unchanged: HorizontalLookSensitivity=1 air=True up=True
CAMERA_AIM_SAMPLE HorizontalLookSensitivity=3 air=False up=False expected=<0.013390323, -0.21216421, -0.9771423> actual=<0.013390323, -0.21216421, -0.9771423> lens=(-0.095197015, 26.21495, 43.791885) target=(0.18655843, 20.5, 23.23113) pitch=-0.2710865
Final centered rendered ray and pivot-relative intent agree: HorizontalLookSensitivity=3 air=False up=False
Camera settings retain centered HUD: HorizontalLookSensitivity=3 air=False up=False
Authoritative articulation follows camera intent within network/pose tolerance: HorizontalLookSensitivity=3 air=False up=False
Shared body clearance remains safe: HorizontalLookSensitivity=3 air=False up=False
AIM_REMOTE HorizontalLookSensitivity=3 air=False up=False: acceptedYaw=-0.013702699 renderedYaw=-0.013702694 acceptedPitch=-0.114737086 renderedPitch=-0.114737086
Remote mount yaw and payload pitch settle to accepted HorizontalLookSensitivity=3 air=False up=False aim on actual presentation nodes
Local preference leaves host tuning and peer camera unchanged: HorizontalLookSensitivity=3 air=False up=False
CAMERA_AIM_SAMPLE HorizontalLookSensitivity=3 air=False up=True expected=<0.01353282, 0.15621956, -0.98762953> actual=<0.01353282, 0.15621956, -0.98762953> lens=(-0.10083962, 24.706057, 44.20431) target=(3.963982, 69.21518, -252.4477) pitch=0.14891349
Final centered rendered ray and pivot-relative intent agree: HorizontalLookSensitivity=3 air=False up=True
Camera settings retain centered HUD: HorizontalLookSensitivity=3 air=False up=True
Authoritative articulation follows camera intent within network/pose tolerance: HorizontalLookSensitivity=3 air=False up=True
Shared body clearance remains safe: HorizontalLookSensitivity=3 air=False up=True
AIM_REMOTE HorizontalLookSensitivity=3 air=False up=True: acceptedYaw=-0.013701467 renderedYaw=-0.013701451 acceptedPitch=0.15686223 renderedPitch=0.15686224
Remote mount yaw and payload pitch settle to accepted HorizontalLookSensitivity=3 air=False up=True aim on actual presentation nodes
Local preference leaves host tuning and peer camera unchanged: HorizontalLookSensitivity=3 air=False up=True
CAMERA_AIM_SAMPLE HorizontalLookSensitivity=3 air=True up=False expected=<0.013226944, -0.26089007, -0.96527785> actual=<0.013226944, -0.26089007, -0.96527785> lens=(-0.108177915, 57.566143, 44.739624) target=(1.7191278, 20.5, -88.613754) pitch=-0.2710865
Final centered rendered ray and pivot-relative intent agree: HorizontalLookSensitivity=3 air=True up=False
Camera settings retain centered HUD: HorizontalLookSensitivity=3 air=True up=False
Authoritative articulation follows camera intent within network/pose tolerance: HorizontalLookSensitivity=3 air=True up=False
Shared body clearance remains safe: HorizontalLookSensitivity=3 air=True up=False
AIM_REMOTE HorizontalLookSensitivity=3 air=True up=False: acceptedYaw=-0.013701877 renderedYaw=-0.013701873 acceptedPitch=-0.11473723 renderedPitch=-0.114737205
Remote mount yaw and payload pitch settle to accepted HorizontalLookSensitivity=3 air=True up=False aim on actual presentation nodes
Local preference leaves host tuning and peer camera unchanged: HorizontalLookSensitivity=3 air=True up=False
CAMERA_AIM_SAMPLE HorizontalLookSensitivity=3 air=True up=True expected=<0.013528722, 0.1586519, -0.98724186> actual=<0.013528722, 0.1586519, -0.98724186> lens=(-0.14642255, 55.854706, 47.530006) target=(3.9187644, 100.36383, -249.12201) pitch=0.1489135
Final centered rendered ray and pivot-relative intent agree: HorizontalLookSensitivity=3 air=True up=True
Camera settings retain centered HUD: HorizontalLookSensitivity=3 air=True up=True
Authoritative articulation follows camera intent within network/pose tolerance: HorizontalLookSensitivity=3 air=True up=True
Shared body clearance remains safe: HorizontalLookSensitivity=3 air=True up=True
AIM_REMOTE HorizontalLookSensitivity=3 air=True up=True: acceptedYaw=-0.013702697 renderedYaw=-0.013702696 acceptedPitch=0.15905255 renderedPitch=0.15902486
Remote mount yaw and payload pitch settle to accepted HorizontalLookSensitivity=3 air=True up=True aim on actual presentation nodes
Local preference leaves host tuning and peer camera unchanged: HorizontalLookSensitivity=3 air=True up=True
CAMERA_AIM_SAMPLE VerticalLookSensitivity=0.25 air=False up=False expected=<0.004463383, -0.21214446, -0.9772281> actual=<0.004463383, -0.21214446, -0.9772281> lens=(-0.031705793, 26.213737, 43.786774) target=(0.062191118, 20.5, 23.228668) pitch=-0.27108654
Final centered rendered ray and pivot-relative intent agree: VerticalLookSensitivity=0.25 air=False up=False
Camera settings retain centered HUD: VerticalLookSensitivity=0.25 air=False up=False
Authoritative articulation follows camera intent within network/pose tolerance: VerticalLookSensitivity=0.25 air=False up=False
Shared body clearance remains safe: VerticalLookSensitivity=0.25 air=False up=False
AIM_REMOTE VerticalLookSensitivity=0.25 air=False up=False: acceptedYaw=-0.00456736 renderedYaw=-0.0045673596 acceptedPitch=-0.11474656 renderedPitch=-0.11474655
Remote mount yaw and payload pitch settle to accepted VerticalLookSensitivity=0.25 air=False up=False aim on actual presentation nodes
Local preference leaves host tuning and peer camera unchanged: VerticalLookSensitivity=0.25 air=False up=False
CAMERA_AIM_SAMPLE VerticalLookSensitivity=0.25 air=False up=True expected=<0.0045114034, 0.15621954, -0.9877121> actual=<0.0045114034, 0.15621954, -0.9877121> lens=(-0.033616662, 24.706057, 44.204926) target=(1.321463, 69.21517, -252.47183) pitch=0.14891347
Final centered rendered ray and pivot-relative intent agree: VerticalLookSensitivity=0.25 air=False up=True
Camera settings retain centered HUD: VerticalLookSensitivity=0.25 air=False up=True
Authoritative articulation follows camera intent within network/pose tolerance: VerticalLookSensitivity=0.25 air=False up=True
Shared body clearance remains safe: VerticalLookSensitivity=0.25 air=False up=True
AIM_REMOTE VerticalLookSensitivity=0.25 air=False up=True: acceptedYaw=-0.004567497 renderedYaw=-0.004567497 acceptedPitch=0.15686227 renderedPitch=0.15686226
Remote mount yaw and payload pitch settle to accepted VerticalLookSensitivity=0.25 air=False up=True aim on actual presentation nodes
Local preference leaves host tuning and peer camera unchanged: VerticalLookSensitivity=0.25 air=False up=True
CAMERA_AIM_SAMPLE VerticalLookSensitivity=0.25 air=True up=False expected=<0.004409178, -0.2608837, -0.96536016> actual=<0.004409178, -0.2608837, -0.96536016> lens=(-0.036060847, 57.56707, 44.740284) target=(0.5730822, 20.5, -88.62753) pitch=-0.27108654
Final centered rendered ray and pivot-relative intent agree: VerticalLookSensitivity=0.25 air=True up=False
Camera settings retain centered HUD: VerticalLookSensitivity=0.25 air=True up=False
Authoritative articulation follows camera intent within network/pose tolerance: VerticalLookSensitivity=0.25 air=True up=False
Shared body clearance remains safe: VerticalLookSensitivity=0.25 air=True up=False
AIM_REMOTE VerticalLookSensitivity=0.25 air=True up=False: acceptedYaw=-0.0045673605 renderedYaw=-0.004567357 acceptedPitch=-0.11474657 renderedPitch=-0.11474652
Remote mount yaw and payload pitch settle to accepted VerticalLookSensitivity=0.25 air=True up=False aim on actual presentation nodes
Local preference leaves host tuning and peer camera unchanged: VerticalLookSensitivity=0.25 air=True up=False
CAMERA_AIM_SAMPLE VerticalLookSensitivity=0.25 air=True up=True expected=<0.0045093605, 0.15865293, -0.9873241> actual=<0.0045093605, 0.15865293, -0.9873241> lens=(-0.0488052, 55.85501, 47.530895) target=(1.306193, 100.36413, -249.14586) pitch=0.14891347
Final centered rendered ray and pivot-relative intent agree: VerticalLookSensitivity=0.25 air=True up=True
Camera settings retain centered HUD: VerticalLookSensitivity=0.25 air=True up=True
Authoritative articulation follows camera intent within network/pose tolerance: VerticalLookSensitivity=0.25 air=True up=True
Shared body clearance remains safe: VerticalLookSensitivity=0.25 air=True up=True
AIM_REMOTE VerticalLookSensitivity=0.25 air=True up=True: acceptedYaw=-0.004567222 renderedYaw=-0.004567217 acceptedPitch=0.15910833 renderedPitch=0.15908146
Remote mount yaw and payload pitch settle to accepted VerticalLookSensitivity=0.25 air=True up=True aim on actual presentation nodes
Local preference leaves host tuning and peer camera unchanged: VerticalLookSensitivity=0.25 air=True up=True
CAMERA_AIM_SAMPLE VerticalLookSensitivity=1 air=False up=False expected=<0.0044635325, -0.21213028, -0.97723126> actual=<0.0044635325, -0.21213028, -0.97723126> lens=(-0.031687967, 26.21286, 43.78266) target=(0.062197365, 20.5, 23.227713) pitch=-0.27108654
Final centered rendered ray and pivot-relative intent agree: VerticalLookSensitivity=1 air=False up=False
Camera settings retain centered HUD: VerticalLookSensitivity=1 air=False up=False
Authoritative articulation follows camera intent within network/pose tolerance: VerticalLookSensitivity=1 air=False up=False
Shared body clearance remains safe: VerticalLookSensitivity=1 air=False up=False
AIM_REMOTE VerticalLookSensitivity=1 air=False up=False: acceptedYaw=-0.004567498 renderedYaw=-0.0045674965 acceptedPitch=-0.11474654 renderedPitch=-0.11474652
Remote mount yaw and payload pitch settle to accepted VerticalLookSensitivity=1 air=False up=False aim on actual presentation nodes
Local preference leaves host tuning and peer camera unchanged: VerticalLookSensitivity=1 air=False up=False
CAMERA_AIM_SAMPLE VerticalLookSensitivity=1 air=False up=True expected=<0.0045112683, 0.15621954, -0.9877121> actual=<0.0045112683, 0.15621954, -0.9877121> lens=(-0.033615656, 24.706057, 44.204926) target=(1.3214234, 69.21517, -252.47183) pitch=0.14891347
Final centered rendered ray and pivot-relative intent agree: VerticalLookSensitivity=1 air=False up=True
Camera settings retain centered HUD: VerticalLookSensitivity=1 air=False up=True
Authoritative articulation follows camera intent within network/pose tolerance: VerticalLookSensitivity=1 air=False up=True
Shared body clearance remains safe: VerticalLookSensitivity=1 air=False up=True
AIM_REMOTE VerticalLookSensitivity=1 air=False up=True: acceptedYaw=-0.0045673605 renderedYaw=-0.004567359 acceptedPitch=0.15686224 renderedPitch=0.1568622
Remote mount yaw and payload pitch settle to accepted VerticalLookSensitivity=1 air=False up=True aim on actual presentation nodes
Local preference leaves host tuning and peer camera unchanged: VerticalLookSensitivity=1 air=False up=True
CAMERA_AIM_SAMPLE VerticalLookSensitivity=1 air=True up=False expected=<0.004408977, -0.26088616, -0.9653595> actual=<0.004408977, -0.26088616, -0.9653595> lens=(-0.03605923, 57.56671, 44.740284) target=(0.5730506, 20.5, -88.62625) pitch=-0.27108654
Final centered rendered ray and pivot-relative intent agree: VerticalLookSensitivity=1 air=True up=False
Camera settings retain centered HUD: VerticalLookSensitivity=1 air=True up=False
Authoritative articulation follows camera intent within network/pose tolerance: VerticalLookSensitivity=1 air=True up=False
Shared body clearance remains safe: VerticalLookSensitivity=1 air=True up=False
AIM_REMOTE VerticalLookSensitivity=1 air=True up=False: acceptedYaw=-0.0045671556 renderedYaw=-0.0045671505 acceptedPitch=-0.11474666 renderedPitch=-0.11474665
Remote mount yaw and payload pitch settle to accepted VerticalLookSensitivity=1 air=True up=False aim on actual presentation nodes
Local preference leaves host tuning and peer camera unchanged: VerticalLookSensitivity=1 air=True up=False
CAMERA_AIM_SAMPLE VerticalLookSensitivity=1 air=True up=True expected=<0.004509428, 0.1586539, -0.98732394> actual=<0.004509428, 0.1586539, -0.98732394> lens=(-0.048805933, 55.8553, 47.530895) target=(1.3062128, 100.36442, -249.14586) pitch=0.14891347
Final centered rendered ray and pivot-relative intent agree: VerticalLookSensitivity=1 air=True up=True
Camera settings retain centered HUD: VerticalLookSensitivity=1 air=True up=True
Authoritative articulation follows camera intent within network/pose tolerance: VerticalLookSensitivity=1 air=True up=True
Shared body clearance remains safe: VerticalLookSensitivity=1 air=True up=True
AIM_REMOTE VerticalLookSensitivity=1 air=True up=True: acceptedYaw=-0.004567291 renderedYaw=-0.0045672907 acceptedPitch=0.1589938 renderedPitch=0.15898216
Remote mount yaw and payload pitch settle to accepted VerticalLookSensitivity=1 air=True up=True aim on actual presentation nodes
Local preference leaves host tuning and peer camera unchanged: VerticalLookSensitivity=1 air=True up=True
CAMERA_AIM_SAMPLE VerticalLookSensitivity=3 air=False up=False expected=<0.0044633644, -0.21216427, -0.9772239> actual=<0.0044633644, -0.21216427, -0.9772239> lens=(-0.03173179, 26.21495, 43.792465) target=(0.062185057, 20.5, 23.229998) pitch=-0.27108654
Final centered rendered ray and pivot-relative intent agree: VerticalLookSensitivity=3 air=False up=False
Camera settings retain centered HUD: VerticalLookSensitivity=3 air=False up=False
Authoritative articulation follows camera intent within network/pose tolerance: VerticalLookSensitivity=3 air=False up=False
Shared body clearance remains safe: VerticalLookSensitivity=3 air=False up=False
AIM_REMOTE VerticalLookSensitivity=3 air=False up=False: acceptedYaw=-0.0045673605 renderedYaw=-0.0045673503 acceptedPitch=-0.114746615 renderedPitch=-0.11474648
Remote mount yaw and payload pitch settle to accepted VerticalLookSensitivity=3 air=False up=False aim on actual presentation nodes
Local preference leaves host tuning and peer camera unchanged: VerticalLookSensitivity=3 air=False up=False
CAMERA_AIM_SAMPLE VerticalLookSensitivity=3 air=False up=True expected=<0.0045113354, 0.15621954, -0.9877121> actual=<0.0045113354, 0.15621954, -0.9877121> lens=(-0.03361616, 24.706057, 44.204926) target=(1.3214431, 69.21517, -252.47183) pitch=0.14891347
Final centered rendered ray and pivot-relative intent agree: VerticalLookSensitivity=3 air=False up=True
Camera settings retain centered HUD: VerticalLookSensitivity=3 air=False up=True
Authoritative articulation follows camera intent within network/pose tolerance: VerticalLookSensitivity=3 air=False up=True
Shared body clearance remains safe: VerticalLookSensitivity=3 air=False up=True
AIM_REMOTE VerticalLookSensitivity=3 air=False up=True: acceptedYaw=-0.004567428 renderedYaw=-0.0045674234 acceptedPitch=0.15686223 renderedPitch=0.15686221
Remote mount yaw and payload pitch settle to accepted VerticalLookSensitivity=3 air=False up=True aim on actual presentation nodes
Local preference leaves host tuning and peer camera unchanged: VerticalLookSensitivity=3 air=False up=True
CAMERA_AIM_SAMPLE VerticalLookSensitivity=3 air=True up=False expected=<0.0044095092, -0.26088408, -0.9653601> actual=<0.0044095092, -0.26088408, -0.9653601> lens=(-0.03606354, 57.567017, 44.74028) target=(0.57312435, 20.5, -88.627335) pitch=-0.27108654
Final centered rendered ray and pivot-relative intent agree: VerticalLookSensitivity=3 air=True up=False
Camera settings retain centered HUD: VerticalLookSensitivity=3 air=True up=False
Authoritative articulation follows camera intent within network/pose tolerance: VerticalLookSensitivity=3 air=True up=False
Shared body clearance remains safe: VerticalLookSensitivity=3 air=True up=False
AIM_REMOTE VerticalLookSensitivity=3 air=True up=False: acceptedYaw=-0.004567703 renderedYaw=-0.0045677028 acceptedPitch=-0.11474651 renderedPitch=-0.1147465
Remote mount yaw and payload pitch settle to accepted VerticalLookSensitivity=3 air=True up=False aim on actual presentation nodes
Local preference leaves host tuning and peer camera unchanged: VerticalLookSensitivity=3 air=True up=False
CAMERA_AIM_SAMPLE VerticalLookSensitivity=3 air=True up=True expected=<0.0045096306, 0.1586549, -0.9873238> actual=<0.0045096306, 0.1586549, -0.9873238> lens=(-0.048808124, 55.855595, 47.530895) target=(1.3062716, 100.364716, -249.14586) pitch=0.14891347
Final centered rendered ray and pivot-relative intent agree: VerticalLookSensitivity=3 air=True up=True
Camera settings retain centered HUD: VerticalLookSensitivity=3 air=True up=True
Authoritative articulation follows camera intent within network/pose tolerance: VerticalLookSensitivity=3 air=True up=True
Shared body clearance remains safe: VerticalLookSensitivity=3 air=True up=True
AIM_REMOTE VerticalLookSensitivity=3 air=True up=True: acceptedYaw=-0.0045674965 renderedYaw=-0.0045674928 acceptedPitch=0.15905476 renderedPitch=0.1590258
Remote mount yaw and payload pitch settle to accepted VerticalLookSensitivity=3 air=True up=True aim on actual presentation nodes
Local preference leaves host tuning and peer camera unchanged: VerticalLookSensitivity=3 air=True up=True
CAMERA_AIM_SAMPLE StickAimSensitivity=0.25 air=False up=False expected=<0.0011158161, -0.21214446, -0.9772377> actual=<0.0011158161, -0.21214446, -0.9772377> lens=(-0.007926236, 26.213737, 43.786842) target=(0.015547366, 20.5, 23.228535) pitch=-0.27108654
Final centered rendered ray and pivot-relative intent agree: StickAimSensitivity=0.25 air=False up=False
Camera settings retain centered HUD: StickAimSensitivity=0.25 air=False up=False
Authoritative articulation follows camera intent within network/pose tolerance: StickAimSensitivity=0.25 air=False up=False
Shared body clearance remains safe: StickAimSensitivity=0.25 air=False up=False
AIM_REMOTE StickAimSensitivity=0.25 air=False up=False: acceptedYaw=-0.0011418057 renderedYaw=-0.0011418053 acceptedPitch=-0.11474784 renderedPitch=-0.114747815
Remote mount yaw and payload pitch settle to accepted StickAimSensitivity=0.25 air=False up=False aim on actual presentation nodes
Local preference leaves host tuning and peer camera unchanged: StickAimSensitivity=0.25 air=False up=False
CAMERA_AIM_SAMPLE StickAimSensitivity=0.25 air=False up=True expected=<0.0011278713, 0.15621956, -0.98772174> actual=<0.0011278713, 0.15621956, -0.98772174> lens=(-0.008404319, 24.706057, 44.204998) target=(0.33037177, 69.21518, -252.47469) pitch=0.1489135
Final centered rendered ray and pivot-relative intent agree: StickAimSensitivity=0.25 air=False up=True
Camera settings retain centered HUD: StickAimSensitivity=0.25 air=False up=True
Authoritative articulation follows camera intent within network/pose tolerance: StickAimSensitivity=0.25 air=False up=True
Shared body clearance remains safe: StickAimSensitivity=0.25 air=False up=True
AIM_REMOTE StickAimSensitivity=0.25 air=False up=True: acceptedYaw=-0.0011418911 renderedYaw=-0.0011418908 acceptedPitch=0.15686218 renderedPitch=0.15686217
Remote mount yaw and payload pitch settle to accepted StickAimSensitivity=0.25 air=False up=True aim on actual presentation nodes
Local preference leaves host tuning and peer camera unchanged: StickAimSensitivity=0.25 air=False up=True
CAMERA_AIM_SAMPLE StickAimSensitivity=0.25 air=True up=False expected=<0.0011030771, -0.26087764, -0.9653712> actual=<0.0011030771, -0.26087764, -0.9653712> lens=(-0.009021605, 57.567932, 44.740368) target=(0.14337558, 20.5, -88.63187) pitch=-0.2710865
Final centered rendered ray and pivot-relative intent agree: StickAimSensitivity=0.25 air=True up=False
Camera settings retain centered HUD: StickAimSensitivity=0.25 air=True up=False
Authoritative articulation follows camera intent within network/pose tolerance: StickAimSensitivity=0.25 air=True up=False
Shared body clearance remains safe: StickAimSensitivity=0.25 air=True up=False
AIM_REMOTE StickAimSensitivity=0.25 air=True up=False: acceptedYaw=-0.0011426449 renderedYaw=-0.001142644 acceptedPitch=-0.1147478 renderedPitch=-0.11474774
Remote mount yaw and payload pitch settle to accepted StickAimSensitivity=0.25 air=True up=False aim on actual presentation nodes
Local preference leaves host tuning and peer camera unchanged: StickAimSensitivity=0.25 air=True up=False
CAMERA_AIM_SAMPLE StickAimSensitivity=0.25 air=True up=True expected=<0.0011273604, 0.15865585, -0.9873333> actual=<0.0011273604, 0.15865585, -0.9873333> lens=(-0.012201524, 55.85588, 47.531002) target=(0.3265543, 100.365005, -249.14868) pitch=0.1489135
Final centered rendered ray and pivot-relative intent agree: StickAimSensitivity=0.25 air=True up=True
Camera settings retain centered HUD: StickAimSensitivity=0.25 air=True up=True
Authoritative articulation follows camera intent within network/pose tolerance: StickAimSensitivity=0.25 air=True up=True
Shared body clearance remains safe: StickAimSensitivity=0.25 air=True up=True
AIM_REMOTE StickAimSensitivity=0.25 air=True up=True: acceptedYaw=-0.0011418228 renderedYaw=-0.0011418223 acceptedPitch=0.15911071 renderedPitch=0.15909518
Remote mount yaw and payload pitch settle to accepted StickAimSensitivity=0.25 air=True up=True aim on actual presentation nodes
Local preference leaves host tuning and peer camera unchanged: StickAimSensitivity=0.25 air=True up=True
CAMERA_AIM_SAMPLE StickAimSensitivity=1 air=False up=False expected=<0.0044634505, -0.21214446, -0.9772281> actual=<0.0044634505, -0.21214446, -0.9772281> lens=(-0.031706274, 26.213737, 43.786774) target=(0.06219206, 20.5, 23.228668) pitch=-0.27108654
Final centered rendered ray and pivot-relative intent agree: StickAimSensitivity=1 air=False up=False
Camera settings retain centered HUD: StickAimSensitivity=1 air=False up=False
Authoritative articulation follows camera intent within network/pose tolerance: StickAimSensitivity=1 air=False up=False
Shared body clearance remains safe: StickAimSensitivity=1 air=False up=False
AIM_REMOTE StickAimSensitivity=1 air=False up=False: acceptedYaw=-0.0045674285 renderedYaw=-0.004567427 acceptedPitch=-0.114746615 renderedPitch=-0.11474657
Remote mount yaw and payload pitch settle to accepted StickAimSensitivity=1 air=False up=False aim on actual presentation nodes
Local preference leaves host tuning and peer camera unchanged: StickAimSensitivity=1 air=False up=False
CAMERA_AIM_SAMPLE StickAimSensitivity=1 air=False up=True expected=<0.004513365, 0.15621957, -0.9877121> actual=<0.004513365, 0.15621957, -0.9877121> lens=(-0.033631288, 24.706057, 44.204926) target=(1.3220377, 69.21518, -252.47183) pitch=0.14891349
Final centered rendered ray and pivot-relative intent agree: StickAimSensitivity=1 air=False up=True
Camera settings retain centered HUD: StickAimSensitivity=1 air=False up=True
Authoritative articulation follows camera intent within network/pose tolerance: StickAimSensitivity=1 air=False up=True
Shared body clearance remains safe: StickAimSensitivity=1 air=False up=True
AIM_REMOTE StickAimSensitivity=1 air=False up=True: acceptedYaw=-0.0045694835 renderedYaw=-0.0045694797 acceptedPitch=0.15686226 renderedPitch=0.1568621
Remote mount yaw and payload pitch settle to accepted StickAimSensitivity=1 air=False up=True aim on actual presentation nodes
Local preference leaves host tuning and peer camera unchanged: StickAimSensitivity=1 air=False up=True
CAMERA_AIM_SAMPLE StickAimSensitivity=1 air=True up=False expected=<0.004409315, -0.26088017, -0.9653611> actual=<0.004409315, -0.26088017, -0.9653611> lens=(-0.036061935, 57.56757, 44.740284) target=(0.57310766, 20.5, -88.62933) pitch=-0.27108654
Final centered rendered ray and pivot-relative intent agree: StickAimSensitivity=1 air=True up=False
Camera settings retain centered HUD: StickAimSensitivity=1 air=True up=False
Authoritative articulation follows camera intent within network/pose tolerance: StickAimSensitivity=1 air=True up=False
Shared body clearance remains safe: StickAimSensitivity=1 air=True up=False
AIM_REMOTE StickAimSensitivity=1 air=True up=False: acceptedYaw=-0.004567498 renderedYaw=-0.0045674928 acceptedPitch=-0.11474666 renderedPitch=-0.114746675
Remote mount yaw and payload pitch settle to accepted StickAimSensitivity=1 air=True up=False aim on actual presentation nodes
Local preference leaves host tuning and peer camera unchanged: StickAimSensitivity=1 air=True up=False
CAMERA_AIM_SAMPLE StickAimSensitivity=1 air=True up=True expected=<0.0045097643, 0.1586568, -0.9873235> actual=<0.0045097643, 0.1586568, -0.9873235> lens=(-0.04880959, 55.856167, 47.530895) target=(1.3063107, 100.36528, -249.14586) pitch=0.14891347
Final centered rendered ray and pivot-relative intent agree: StickAimSensitivity=1 air=True up=True
Camera settings retain centered HUD: StickAimSensitivity=1 air=True up=True
Authoritative articulation follows camera intent within network/pose tolerance: StickAimSensitivity=1 air=True up=True
Shared body clearance remains safe: StickAimSensitivity=1 air=True up=True
AIM_REMOTE StickAimSensitivity=1 air=True up=True: acceptedYaw=-0.004567634 renderedYaw=-0.0045676325 acceptedPitch=0.15899596 renderedPitch=0.15898426
Remote mount yaw and payload pitch settle to accepted StickAimSensitivity=1 air=True up=True aim on actual presentation nodes
Local preference leaves host tuning and peer camera unchanged: StickAimSensitivity=1 air=True up=True
CAMERA_AIM_SAMPLE StickAimSensitivity=3 air=False up=False expected=<0.013389519, -0.21216406, -0.9771423> actual=<0.013389519, -0.21216406, -0.9771423> lens=(-0.095191315, 26.214952, 43.791885) target=(0.18654735, 20.5, 23.231121) pitch=-0.2710865
Final centered rendered ray and pivot-relative intent agree: StickAimSensitivity=3 air=False up=False
Camera settings retain centered HUD: StickAimSensitivity=3 air=False up=False
Authoritative articulation follows camera intent within network/pose tolerance: StickAimSensitivity=3 air=False up=False
Shared body clearance remains safe: StickAimSensitivity=3 air=False up=False
AIM_REMOTE StickAimSensitivity=3 air=False up=False: acceptedYaw=-0.013701876 renderedYaw=-0.0137018645 acceptedPitch=-0.11473707 renderedPitch=-0.11473703
Remote mount yaw and payload pitch settle to accepted StickAimSensitivity=3 air=False up=False aim on actual presentation nodes
Local preference leaves host tuning and peer camera unchanged: StickAimSensitivity=3 air=False up=False
CAMERA_AIM_SAMPLE StickAimSensitivity=3 air=False up=True expected=<0.013533427, 0.15621956, -0.98762953> actual=<0.013533427, 0.15621956, -0.98762953> lens=(-0.10084417, 24.706057, 44.20431) target=(3.9641602, 69.21518, -252.4477) pitch=0.1489135
Final centered rendered ray and pivot-relative intent agree: StickAimSensitivity=3 air=False up=True
Camera settings retain centered HUD: StickAimSensitivity=3 air=False up=True
Authoritative articulation follows camera intent within network/pose tolerance: StickAimSensitivity=3 air=False up=True
Shared body clearance remains safe: StickAimSensitivity=3 air=False up=True
AIM_REMOTE StickAimSensitivity=3 air=False up=True: acceptedYaw=-0.0137020815 renderedYaw=-0.013702067 acceptedPitch=0.15686223 renderedPitch=0.15686224
Remote mount yaw and payload pitch settle to accepted StickAimSensitivity=3 air=False up=True aim on actual presentation nodes
Local preference leaves host tuning and peer camera unchanged: StickAimSensitivity=3 air=False up=True
CAMERA_AIM_SAMPLE StickAimSensitivity=3 air=True up=False expected=<0.013227386, -0.260878, -0.9652811> actual=<0.013227386, -0.260878, -0.9652811> lens=(-0.10818111, 57.567875, 44.739624) target=(1.7192647, 20.5, -88.61998) pitch=-0.2710865
Final centered rendered ray and pivot-relative intent agree: StickAimSensitivity=3 air=True up=False
Camera settings retain centered HUD: StickAimSensitivity=3 air=True up=False
Authoritative articulation follows camera intent within network/pose tolerance: StickAimSensitivity=3 air=True up=False
Shared body clearance remains safe: StickAimSensitivity=3 air=True up=False
AIM_REMOTE StickAimSensitivity=3 air=True up=False: acceptedYaw=-0.013702286 renderedYaw=-0.0137022855 acceptedPitch=-0.11473717 renderedPitch=-0.11473712
Remote mount yaw and payload pitch settle to accepted StickAimSensitivity=3 air=True up=False aim on actual presentation nodes
Local preference leaves host tuning and peer camera unchanged: StickAimSensitivity=3 air=True up=False
CAMERA_AIM_SAMPLE StickAimSensitivity=3 air=True up=True expected=<0.013527898, 0.1586578, -0.9872409> actual=<0.013527898, 0.1586578, -0.9872409> lens=(-0.14641371, 55.856464, 47.530003) target=(3.9185295, 100.365585, -249.12201) pitch=0.14891349
Final centered rendered ray and pivot-relative intent agree: StickAimSensitivity=3 air=True up=True
Camera settings retain centered HUD: StickAimSensitivity=3 air=True up=True
Authoritative articulation follows camera intent within network/pose tolerance: StickAimSensitivity=3 air=True up=True
Shared body clearance remains safe: StickAimSensitivity=3 air=True up=True
AIM_REMOTE StickAimSensitivity=3 air=True up=True: acceptedYaw=-0.013701876 renderedYaw=-0.0137018645 acceptedPitch=0.15905704 renderedPitch=0.15904507
Remote mount yaw and payload pitch settle to accepted StickAimSensitivity=3 air=True up=True aim on actual presentation nodes
Local preference leaves host tuning and peer camera unchanged: StickAimSensitivity=3 air=True up=True
CAMERA_AIM_SAMPLE CameraRecenterSpeed=0.25 air=False up=False expected=<0.00446325, -0.21214446, -0.9772281> actual=<0.00446325, -0.21214446, -0.9772281> lens=(-0.031704836, 26.213737, 43.786774) target=(0.062189266, 20.5, 23.228668) pitch=-0.27108654
Final centered rendered ray and pivot-relative intent agree: CameraRecenterSpeed=0.25 air=False up=False
Camera settings retain centered HUD: CameraRecenterSpeed=0.25 air=False up=False
Authoritative articulation follows camera intent within network/pose tolerance: CameraRecenterSpeed=0.25 air=False up=False
Shared body clearance remains safe: CameraRecenterSpeed=0.25 air=False up=False
AIM_REMOTE CameraRecenterSpeed=0.25 air=False up=False: acceptedYaw=-0.0045672236 renderedYaw=-0.004567223 acceptedPitch=-0.11474656 renderedPitch=-0.11474653
Remote mount yaw and payload pitch settle to accepted CameraRecenterSpeed=0.25 air=False up=False aim on actual presentation nodes
Local preference leaves host tuning and peer camera unchanged: CameraRecenterSpeed=0.25 air=False up=False
CAMERA_AIM_SAMPLE CameraRecenterSpeed=0.25 air=False up=True expected=<0.004511268, 0.15621954, -0.9877121> actual=<0.004511268, 0.15621954, -0.9877121> lens=(-0.033615652, 24.706057, 44.204926) target=(1.3214233, 69.21517, -252.47183) pitch=0.14891347
Final centered rendered ray and pivot-relative intent agree: CameraRecenterSpeed=0.25 air=False up=True
Camera settings retain centered HUD: CameraRecenterSpeed=0.25 air=False up=True
Authoritative articulation follows camera intent within network/pose tolerance: CameraRecenterSpeed=0.25 air=False up=True
Shared body clearance remains safe: CameraRecenterSpeed=0.25 air=False up=True
AIM_REMOTE CameraRecenterSpeed=0.25 air=False up=True: acceptedYaw=-0.00456736 renderedYaw=-0.0045673586 acceptedPitch=0.1568622 renderedPitch=0.15686218
Remote mount yaw and payload pitch settle to accepted CameraRecenterSpeed=0.25 air=False up=True aim on actual presentation nodes
Local preference leaves host tuning and peer camera unchanged: CameraRecenterSpeed=0.25 air=False up=True
CAMERA_AIM_SAMPLE CameraRecenterSpeed=0.25 air=True up=False expected=<0.0044091274, -0.26087168, -0.96536344> actual=<0.0044091274, -0.26087168, -0.96536344> lens=(-0.036060233, 57.568787, 44.74027) target=(0.573102, 20.5, -88.63373) pitch=-0.27108654
Final centered rendered ray and pivot-relative intent agree: CameraRecenterSpeed=0.25 air=True up=False
Camera settings retain centered HUD: CameraRecenterSpeed=0.25 air=True up=False
Authoritative articulation follows camera intent within network/pose tolerance: CameraRecenterSpeed=0.25 air=True up=False
Shared body clearance remains safe: CameraRecenterSpeed=0.25 air=True up=False
AIM_REMOTE CameraRecenterSpeed=0.25 air=True up=False: acceptedYaw=-0.0045672916 renderedYaw=-0.00456729 acceptedPitch=-0.114746705 renderedPitch=-0.11474668
Remote mount yaw and payload pitch settle to accepted CameraRecenterSpeed=0.25 air=True up=False aim on actual presentation nodes
Local preference leaves host tuning and peer camera unchanged: CameraRecenterSpeed=0.25 air=True up=False
CAMERA_AIM_SAMPLE CameraRecenterSpeed=0.25 air=True up=True expected=<0.0045093563, 0.15865876, -0.9873232> actual=<0.0045093563, 0.15865876, -0.9873232> lens=(-0.048805192, 55.856743, 47.530895) target=(1.306193, 100.36586, -249.14586) pitch=0.14891347
Final centered rendered ray and pivot-relative intent agree: CameraRecenterSpeed=0.25 air=True up=True
Camera settings retain centered HUD: CameraRecenterSpeed=0.25 air=True up=True
Authoritative articulation follows camera intent within network/pose tolerance: CameraRecenterSpeed=0.25 air=True up=True
Shared body clearance remains safe: CameraRecenterSpeed=0.25 air=True up=True
AIM_REMOTE CameraRecenterSpeed=0.25 air=True up=True: acceptedYaw=-0.004567222 renderedYaw=-0.0045672203 acceptedPitch=0.15893108 renderedPitch=0.15892638
Remote mount yaw and payload pitch settle to accepted CameraRecenterSpeed=0.25 air=True up=True aim on actual presentation nodes
Local preference leaves host tuning and peer camera unchanged: CameraRecenterSpeed=0.25 air=True up=True
CAMERA_AIM_SAMPLE CameraRecenterSpeed=1 air=False up=False expected=<0.004463719, -0.21214446, -0.9772281> actual=<0.004463719, -0.21214446, -0.9772281> lens=(-0.031708173, 26.213737, 43.786774) target=(0.0621958, 20.5, 23.228668) pitch=-0.27108654
Final centered rendered ray and pivot-relative intent agree: CameraRecenterSpeed=1 air=False up=False
Camera settings retain centered HUD: CameraRecenterSpeed=1 air=False up=False
Authoritative articulation follows camera intent within network/pose tolerance: CameraRecenterSpeed=1 air=False up=False
Shared body clearance remains safe: CameraRecenterSpeed=1 air=False up=False
AIM_REMOTE CameraRecenterSpeed=1 air=False up=False: acceptedYaw=-0.0045677028 renderedYaw=-0.0045677014 acceptedPitch=-0.114746675 renderedPitch=-0.114746645
Remote mount yaw and payload pitch settle to accepted CameraRecenterSpeed=1 air=False up=False aim on actual presentation nodes
Local preference leaves host tuning and peer camera unchanged: CameraRecenterSpeed=1 air=False up=False
CAMERA_AIM_SAMPLE CameraRecenterSpeed=1 air=False up=True expected=<0.0045112683, 0.15621957, -0.9877121> actual=<0.0045112683, 0.15621957, -0.9877121> lens=(-0.033615656, 24.706059, 44.204926) target=(1.3214234, 69.21518, -252.47183) pitch=0.14891347
Final centered rendered ray and pivot-relative intent agree: CameraRecenterSpeed=1 air=False up=True
Camera settings retain centered HUD: CameraRecenterSpeed=1 air=False up=True
Authoritative articulation follows camera intent within network/pose tolerance: CameraRecenterSpeed=1 air=False up=True
Shared body clearance remains safe: CameraRecenterSpeed=1 air=False up=True
AIM_REMOTE CameraRecenterSpeed=1 air=False up=True: acceptedYaw=-0.0045673605 renderedYaw=-0.004567357 acceptedPitch=0.1568622 renderedPitch=0.15686205
Remote mount yaw and payload pitch settle to accepted CameraRecenterSpeed=1 air=False up=True aim on actual presentation nodes
Local preference leaves host tuning and peer camera unchanged: CameraRecenterSpeed=1 air=False up=True
CAMERA_AIM_SAMPLE CameraRecenterSpeed=1 air=True up=False expected=<0.004409256, -0.26087445, -0.9653627> actual=<0.004409256, -0.26087445, -0.9653627> lens=(-0.03606146, 57.568398, 44.7403) target=(0.5731126, 20.5, -88.63229) pitch=-0.27108654
Final centered rendered ray and pivot-relative intent agree: CameraRecenterSpeed=1 air=True up=False
Camera settings retain centered HUD: CameraRecenterSpeed=1 air=True up=False
Authoritative articulation follows camera intent within network/pose tolerance: CameraRecenterSpeed=1 air=True up=False
Shared body clearance remains safe: CameraRecenterSpeed=1 air=True up=False
AIM_REMOTE CameraRecenterSpeed=1 air=True up=False: acceptedYaw=-0.0045674285 renderedYaw=-0.004567424 acceptedPitch=-0.11474654 renderedPitch=-0.1147465
Remote mount yaw and payload pitch settle to accepted CameraRecenterSpeed=1 air=True up=False aim on actual presentation nodes
Local preference leaves host tuning and peer camera unchanged: CameraRecenterSpeed=1 air=True up=False
CAMERA_AIM_SAMPLE CameraRecenterSpeed=1 air=True up=True expected=<0.0045095584, 0.15865976, -0.987323> actual=<0.0045095584, 0.15865976, -0.987323> lens=(-0.04880739, 55.857048, 47.53089) target=(1.3062519, 100.366165, -249.14587) pitch=0.14891347
Final centered rendered ray and pivot-relative intent agree: CameraRecenterSpeed=1 air=True up=True
Camera settings retain centered HUD: CameraRecenterSpeed=1 air=True up=True
Authoritative articulation follows camera intent within network/pose tolerance: CameraRecenterSpeed=1 air=True up=True
Shared body clearance remains safe: CameraRecenterSpeed=1 air=True up=True
AIM_REMOTE CameraRecenterSpeed=1 air=True up=True: acceptedYaw=-0.0045674285 renderedYaw=-0.004567427 acceptedPitch=0.15916473 renderedPitch=0.15909168
Remote mount yaw and payload pitch settle to accepted CameraRecenterSpeed=1 air=True up=True aim on actual presentation nodes
Local preference leaves host tuning and peer camera unchanged: CameraRecenterSpeed=1 air=True up=True
CAMERA_AIM_SAMPLE CameraRecenterSpeed=3 air=False up=False expected=<0.0044633658, -0.21216427, -0.9772239> actual=<0.0044633658, -0.21216427, -0.9772239> lens=(-0.031731788, 26.21495, 43.792465) target=(0.062185075, 20.5, 23.229998) pitch=-0.27108654
Final centered rendered ray and pivot-relative intent agree: CameraRecenterSpeed=3 air=False up=False
Camera settings retain centered HUD: CameraRecenterSpeed=3 air=False up=False
Authoritative articulation follows camera intent within network/pose tolerance: CameraRecenterSpeed=3 air=False up=False
Shared body clearance remains safe: CameraRecenterSpeed=3 air=False up=False
AIM_REMOTE CameraRecenterSpeed=3 air=False up=False: acceptedYaw=-0.004567361 renderedYaw=-0.0045673596 acceptedPitch=-0.114746675 renderedPitch=-0.114746645
Remote mount yaw and payload pitch settle to accepted CameraRecenterSpeed=3 air=False up=False aim on actual presentation nodes
Local preference leaves host tuning and peer camera unchanged: CameraRecenterSpeed=3 air=False up=False
CAMERA_AIM_SAMPLE CameraRecenterSpeed=3 air=False up=True expected=<0.004511201, 0.15621954, -0.9877121> actual=<0.004511201, 0.15621954, -0.9877121> lens=(-0.03361515, 24.706057, 44.204926) target=(1.3214036, 69.21517, -252.47183) pitch=0.14891347
Final centered rendered ray and pivot-relative intent agree: CameraRecenterSpeed=3 air=False up=True
Camera settings retain centered HUD: CameraRecenterSpeed=3 air=False up=True
Authoritative articulation follows camera intent within network/pose tolerance: CameraRecenterSpeed=3 air=False up=True
Shared body clearance remains safe: CameraRecenterSpeed=3 air=False up=True
AIM_REMOTE CameraRecenterSpeed=3 air=False up=True: acceptedYaw=-0.004567292 renderedYaw=-0.00456729 acceptedPitch=0.15686223 renderedPitch=0.15686221
Remote mount yaw and payload pitch settle to accepted CameraRecenterSpeed=3 air=False up=True aim on actual presentation nodes
Local preference leaves host tuning and peer camera unchanged: CameraRecenterSpeed=3 air=False up=True
CAMERA_AIM_SAMPLE CameraRecenterSpeed=3 air=True up=False expected=<0.0044091884, -0.2608761, -0.96536225> actual=<0.0044091884, -0.2608761, -0.96536225> lens=(-0.03606086, 57.56816, 44.740284) target=(0.5731002, 20.5, -88.631454) pitch=-0.27108654
Final centered rendered ray and pivot-relative intent agree: CameraRecenterSpeed=3 air=True up=False
Camera settings retain centered HUD: CameraRecenterSpeed=3 air=True up=False
Authoritative articulation follows camera intent within network/pose tolerance: CameraRecenterSpeed=3 air=True up=False
Shared body clearance remains safe: CameraRecenterSpeed=3 air=True up=False
AIM_REMOTE CameraRecenterSpeed=3 air=True up=False: acceptedYaw=-0.004567361 renderedYaw=-0.0045673596 acceptedPitch=-0.114746645 renderedPitch=-0.114746615
Remote mount yaw and payload pitch settle to accepted CameraRecenterSpeed=3 air=True up=False aim on actual presentation nodes
Local preference leaves host tuning and peer camera unchanged: CameraRecenterSpeed=3 air=True up=False
CAMERA_AIM_SAMPLE CameraRecenterSpeed=3 air=True up=True expected=<0.004511317, 0.15866064, -0.9873228> actual=<0.004511317, 0.15866064, -0.9873228> lens=(-0.048826437, 55.857307, 47.530895) target=(1.3067614, 100.366425, -249.14586) pitch=0.14891349
Final centered rendered ray and pivot-relative intent agree: CameraRecenterSpeed=3 air=True up=True
Camera settings retain centered HUD: CameraRecenterSpeed=3 air=True up=True
Authoritative articulation follows camera intent within network/pose tolerance: CameraRecenterSpeed=3 air=True up=True
Shared body clearance remains safe: CameraRecenterSpeed=3 air=True up=True
AIM_REMOTE CameraRecenterSpeed=3 air=True up=True: acceptedYaw=-0.00456921 renderedYaw=-0.0045692064 acceptedPitch=0.15905914 renderedPitch=0.15903127
Remote mount yaw and payload pitch settle to accepted CameraRecenterSpeed=3 air=True up=True aim on actual presentation nodes
Local preference leaves host tuning and peer camera unchanged: CameraRecenterSpeed=3 air=True up=True
CAMERA_AIM_SAMPLE CameraFov=50 air=False up=False expected=<0.0044633173, -0.21214446, -0.9772281> actual=<0.0044633173, -0.21214446, -0.9772281> lens=(-0.031705316, 26.213737, 43.786774) target=(0.0621902, 20.5, 23.228668) pitch=-0.27108654
Final centered rendered ray and pivot-relative intent agree: CameraFov=50 air=False up=False
Camera settings retain centered HUD: CameraFov=50 air=False up=False
Authoritative articulation follows camera intent within network/pose tolerance: CameraFov=50 air=False up=False
Shared body clearance remains safe: CameraFov=50 air=False up=False
AIM_REMOTE CameraFov=50 air=False up=False: acceptedYaw=-0.0045672925 renderedYaw=-0.0045672874 acceptedPitch=-0.11474656 renderedPitch=-0.11474654
Remote mount yaw and payload pitch settle to accepted CameraFov=50 air=False up=False aim on actual presentation nodes
Local preference leaves host tuning and peer camera unchanged: CameraFov=50 air=False up=False
CAMERA_AIM_SAMPLE CameraFov=50 air=False up=True expected=<0.0038979717, 0.15621945, -0.98771465> actual=<0.0038979717, 0.15621945, -0.98771465> lens=(-0.029045684, 24.706032, 44.204945) target=(1.1417791, 69.21515, -252.47261) pitch=0.14891347
Final centered rendered ray and pivot-relative intent agree: CameraFov=50 air=False up=True
Camera settings retain centered HUD: CameraFov=50 air=False up=True
Authoritative articulation follows camera intent within network/pose tolerance: CameraFov=50 air=False up=True
Shared body clearance remains safe: CameraFov=50 air=False up=True
AIM_REMOTE CameraFov=50 air=False up=True: acceptedYaw=-0.0039464347 renderedYaw=-0.0039464347 acceptedPitch=0.15686214 renderedPitch=0.15686205
Remote mount yaw and payload pitch settle to accepted CameraFov=50 air=False up=True aim on actual presentation nodes
Local preference leaves host tuning and peer camera unchanged: CameraFov=50 air=False up=True
CAMERA_AIM_SAMPLE CameraFov=50 air=True up=False expected=<0.0038043049, -0.2611622, -0.9652875> actual=<0.0038043049, -0.2611622, -0.9652875> lens=(-0.031332564, 57.54241, 44.795185) target=(0.4939366, 20.5, -88.48428) pitch=-0.27108654
Final centered rendered ray and pivot-relative intent agree: CameraFov=50 air=True up=False
Camera settings retain centered HUD: CameraFov=50 air=True up=False
Authoritative articulation follows camera intent within network/pose tolerance: CameraFov=50 air=True up=False
Shared body clearance remains safe: CameraFov=50 air=True up=False
AIM_REMOTE CameraFov=50 air=True up=False: acceptedYaw=-0.0039410912 renderedYaw=-0.003941086 acceptedPitch=-0.11474703 renderedPitch=-0.114746995
Remote mount yaw and payload pitch settle to accepted CameraFov=50 air=True up=False aim on actual presentation nodes
Local preference leaves host tuning and peer camera unchanged: CameraFov=50 air=True up=False
CAMERA_AIM_SAMPLE CameraFov=50 air=True up=True expected=<0.003949112, 0.1584786, -0.98735446> actual=<0.003949112, 0.1584786, -0.98735446> lens=(-0.042670768, 55.80601, 47.51352) target=(1.1439472, 100.31513, -249.16397) pitch=0.14891349
Final centered rendered ray and pivot-relative intent agree: CameraFov=50 air=True up=True
Camera settings retain centered HUD: CameraFov=50 air=True up=True
Authoritative articulation follows camera intent within network/pose tolerance: CameraFov=50 air=True up=True
Shared body clearance remains safe: CameraFov=50 air=True up=True
AIM_REMOTE CameraFov=50 air=True up=True: acceptedYaw=-0.0039996686 renderedYaw=-0.0039996635 acceptedPitch=0.1589585 renderedPitch=0.15893136
Remote mount yaw and payload pitch settle to accepted CameraFov=50 air=True up=True aim on actual presentation nodes
Local preference leaves host tuning and peer camera unchanged: CameraFov=50 air=True up=True
CAMERA_AIM_SAMPLE CameraFov=65 air=False up=False expected=<0.003900379, -0.21215042, -0.97722924> actual=<0.003900379, -0.21215042, -0.97722924> lens=(-0.0277115, 26.213974, 43.78804) target=(0.054344904, 20.5, 23.229034) pitch=-0.27108654
Final centered rendered ray and pivot-relative intent agree: CameraFov=65 air=False up=False
Camera settings retain centered HUD: CameraFov=65 air=False up=False
Authoritative articulation follows camera intent within network/pose tolerance: CameraFov=65 air=False up=False
Shared body clearance remains safe: CameraFov=65 air=False up=False
AIM_REMOTE CameraFov=65 air=False up=False: acceptedYaw=-0.003991243 renderedYaw=-0.003991243 acceptedPitch=-0.11474693 renderedPitch=-0.1147469
Remote mount yaw and payload pitch settle to accepted CameraFov=65 air=False up=False aim on actual presentation nodes
Local preference leaves host tuning and peer camera unchanged: CameraFov=65 air=False up=False
CAMERA_AIM_SAMPLE CameraFov=65 air=False up=True expected=<0.0038217073, 0.15621947, -0.987715> actual=<0.0038217073, 0.15621947, -0.987715> lens=(-0.0284774, 24.706028, 44.204945) target=(1.1194398, 69.21515, -252.4727) pitch=0.14891347
Final centered rendered ray and pivot-relative intent agree: CameraFov=65 air=False up=True
Camera settings retain centered HUD: CameraFov=65 air=False up=True
Authoritative articulation follows camera intent within network/pose tolerance: CameraFov=65 air=False up=True
Shared body clearance remains safe: CameraFov=65 air=False up=True
AIM_REMOTE CameraFov=65 air=False up=True: acceptedYaw=-0.0038692215 renderedYaw=-0.0038692208 acceptedPitch=0.15686214 renderedPitch=0.15686217
Remote mount yaw and payload pitch settle to accepted CameraFov=65 air=False up=True aim on actual presentation nodes
Local preference leaves host tuning and peer camera unchanged: CameraFov=65 air=False up=True
CAMERA_AIM_SAMPLE CameraFov=65 air=True up=False expected=<0.003771647, -0.25857037, -0.96598506> actual=<0.003771647, -0.25857037, -0.96598506> lens=(-0.031303793, 57.406746, 44.86245) target=(0.35371518, 30, -53.747673) pitch=-0.27108654
Final centered rendered ray and pivot-relative intent agree: CameraFov=65 air=True up=False
Camera settings retain centered HUD: CameraFov=65 air=True up=False
Authoritative articulation follows camera intent within network/pose tolerance: CameraFov=65 air=True up=False
Shared body clearance remains safe: CameraFov=65 air=True up=False
AIM_REMOTE CameraFov=65 air=True up=False: acceptedYaw=-0.0039044365 renderedYaw=-0.0039044365 acceptedPitch=-0.11474693 renderedPitch=-0.11474684
Remote mount yaw and payload pitch settle to accepted CameraFov=65 air=True up=False aim on actual presentation nodes
Local preference leaves host tuning and peer camera unchanged: CameraFov=65 air=True up=False
CAMERA_AIM_SAMPLE CameraFov=65 air=True up=True expected=<0.003938287, 0.1584805, -0.98735434> actual=<0.003938287, 0.1584805, -0.98735434> lens=(-0.04255674, 55.806442, 47.51425) target=(1.1408088, 100.31557, -249.16324) pitch=0.14891349
Final centered rendered ray and pivot-relative intent agree: CameraFov=65 air=True up=True
Camera settings retain centered HUD: CameraFov=65 air=True up=True
Authoritative articulation follows camera intent within network/pose tolerance: CameraFov=65 air=True up=True
Shared body clearance remains safe: CameraFov=65 air=True up=True
AIM_REMOTE CameraFov=65 air=True up=True: acceptedYaw=-0.003988706 renderedYaw=-0.003988706 acceptedPitch=0.159006 renderedPitch=0.15894583
Remote mount yaw and payload pitch settle to accepted CameraFov=65 air=True up=True aim on actual presentation nodes
Local preference leaves host tuning and peer camera unchanged: CameraFov=65 air=True up=True
CAMERA_AIM_SAMPLE CameraFov=90 air=False up=False expected=<0.0038279374, -0.21215026, -0.97722954> actual=<0.0038279374, -0.21215026, -0.97722954> lens=(-0.027197322, 26.21397, 43.788174) target=(0.05333498, 20.5, 23.229177) pitch=-0.27108654
Final centered rendered ray and pivot-relative intent agree: CameraFov=90 air=False up=False
Camera settings retain centered HUD: CameraFov=90 air=False up=False
Authoritative articulation follows camera intent within network/pose tolerance: CameraFov=90 air=False up=False
Shared body clearance remains safe: CameraFov=90 air=False up=False
AIM_REMOTE CameraFov=90 air=False up=False: acceptedYaw=-0.003917112 renderedYaw=-0.003917107 acceptedPitch=-0.11474688 renderedPitch=-0.11474685
Remote mount yaw and payload pitch settle to accepted CameraFov=90 air=False up=False aim on actual presentation nodes
Local preference leaves host tuning and peer camera unchanged: CameraFov=90 air=False up=False
CAMERA_AIM_SAMPLE CameraFov=90 air=False up=True expected=<0.0038823404, 0.15621947, -0.98771477> actual=<0.0038823404, 0.15621947, -0.98771477> lens=(-0.028929206, 24.70603, 44.204945) target=(1.1372002, 69.21515, -252.47261) pitch=0.14891349
Final centered rendered ray and pivot-relative intent agree: CameraFov=90 air=False up=True
Camera settings retain centered HUD: CameraFov=90 air=False up=True
Authoritative articulation follows camera intent within network/pose tolerance: CameraFov=90 air=False up=True
Shared body clearance remains safe: CameraFov=90 air=False up=True
AIM_REMOTE CameraFov=90 air=False up=True: acceptedYaw=-0.0039306087 renderedYaw=-0.0039306083 acceptedPitch=0.15686208 renderedPitch=0.15686208
Remote mount yaw and payload pitch settle to accepted CameraFov=90 air=False up=True aim on actual presentation nodes
Local preference leaves host tuning and peer camera unchanged: CameraFov=90 air=False up=True
CAMERA_AIM_SAMPLE CameraFov=90 air=True up=False expected=<0.004411253, -0.25952077, -0.96572745> actual=<0.004411253, -0.25952077, -0.96572745> lens=(-0.03662203, 57.30792, 44.862427) target=(0.41218412, 30, -53.391838) pitch=-0.27108654
Final centered rendered ray and pivot-relative intent agree: CameraFov=90 air=True up=False
Camera settings retain centered HUD: CameraFov=90 air=True up=False
Authoritative articulation follows camera intent within network/pose tolerance: CameraFov=90 air=True up=False
Shared body clearance remains safe: CameraFov=90 air=True up=False
AIM_REMOTE CameraFov=90 air=True up=False: acceptedYaw=-0.0045677717 renderedYaw=-0.0045677703 acceptedPitch=-0.114746526 renderedPitch=-0.114746526
Remote mount yaw and payload pitch settle to accepted CameraFov=90 air=True up=False aim on actual presentation nodes
Local preference leaves host tuning and peer camera unchanged: CameraFov=90 air=True up=False
CAMERA_AIM_SAMPLE CameraFov=90 air=True up=True expected=<0.004509807, 0.15832153, -0.9873773> actual=<0.004509807, 0.15832153, -0.9873773> lens=(-0.048775114, 55.75768, 47.523827) target=(1.3062843, 100.2668, -249.15292) pitch=0.14891347
Final centered rendered ray and pivot-relative intent agree: CameraFov=90 air=True up=True
Camera settings retain centered HUD: CameraFov=90 air=True up=True
Authoritative articulation follows camera intent within network/pose tolerance: CameraFov=90 air=True up=True
Shared body clearance remains safe: CameraFov=90 air=True up=True
AIM_REMOTE CameraFov=90 air=True up=True: acceptedYaw=-0.004567429 renderedYaw=-0.0045674285 acceptedPitch=0.15883958 renderedPitch=0.15877679
Remote mount yaw and payload pitch settle to accepted CameraFov=90 air=True up=True aim on actual presentation nodes
Local preference leaves host tuning and peer camera unchanged: CameraFov=90 air=True up=True
CAMERA_AIM_SAMPLE CameraHeight=0.5 air=False up=False expected=<0.004406428, -0.26352632, -0.96464217> actual=<0.004406428, -0.26352632, -0.96464217> lens=(-0.032430325, 25.480442, 43.944553) target=(0.049425784, 20.5, 26.024855) pitch=-0.27108654
Final centered rendered ray and pivot-relative intent agree: CameraHeight=0.5 air=False up=False
Camera settings retain centered HUD: CameraHeight=0.5 air=False up=False
Authoritative articulation follows camera intent within network/pose tolerance: CameraHeight=0.5 air=False up=False
Shared body clearance remains safe: CameraHeight=0.5 air=False up=False
AIM_REMOTE CameraHeight=0.5 air=False up=False: acceptedYaw=-0.0045679086 renderedYaw=-0.0045679086 acceptedPitch=-0.114746585 renderedPitch=-0.1147465
Remote mount yaw and payload pitch settle to accepted CameraHeight=0.5 air=False up=False aim on actual presentation nodes
Local preference leaves host tuning and peer camera unchanged: CameraHeight=0.5 air=False up=False
CAMERA_AIM_SAMPLE CameraHeight=0.5 air=False up=True expected=<0.0039100125, 0.15372, -0.98810667> actual=<0.0039100125, 0.15372, -0.98810667> lens=(-0.029123843, 23.956028, 44.204945) target=(1.1448514, 68.46515, -252.47258) pitch=0.14891347
Final centered rendered ray and pivot-relative intent agree: CameraHeight=0.5 air=False up=True
Camera settings retain centered HUD: CameraHeight=0.5 air=False up=True
Authoritative articulation follows camera intent within network/pose tolerance: CameraHeight=0.5 air=False up=True
Shared body clearance remains safe: CameraHeight=0.5 air=False up=True
AIM_REMOTE CameraHeight=0.5 air=False up=True: acceptedYaw=-0.0039570546 renderedYaw=-0.0039570546 acceptedPitch=0.15433212 renderedPitch=0.15433204
Remote mount yaw and payload pitch settle to accepted CameraHeight=0.5 air=False up=True aim on actual presentation nodes
Local preference leaves host tuning and peer camera unchanged: CameraHeight=0.5 air=False up=True
CAMERA_AIM_SAMPLE CameraHeight=0.5 air=True up=False expected=<0.0022800947, -0.060365625, -0.9981738> actual=<0.0022800947, -0.060365625, -0.9981738> lens=(-0.019202543, 54.96344, 45.251442) target=(0.66479737, 36.64888, -254.1882) pitch=-0.06108652
Final centered rendered ray and pivot-relative intent agree: CameraHeight=0.5 air=True up=False
Camera settings retain centered HUD: CameraHeight=0.5 air=True up=False
Authoritative articulation follows camera intent within network/pose tolerance: CameraHeight=0.5 air=True up=False
Shared body clearance remains safe: CameraHeight=0.5 air=True up=False
AIM_REMOTE CameraHeight=0.5 air=True up=False: acceptedYaw=-0.0022842623 renderedYaw=-0.0022842628 acceptedPitch=-0.060349394 renderedPitch=-0.060347173
Remote mount yaw and payload pitch settle to accepted CameraHeight=0.5 air=True up=False aim on actual presentation nodes
Local preference leaves host tuning and peer camera unchanged: CameraHeight=0.5 air=True up=False
CAMERA_AIM_SAMPLE CameraHeight=0.5 air=True up=True expected=<0.0039107655, 0.1559965, -0.9877499> actual=<0.0039107655, 0.1559965, -0.9877499> lens=(-0.042242363, 55.06882, 47.51424) target=(1.1323832, 99.57794, -249.16328) pitch=0.14891347
Final centered rendered ray and pivot-relative intent agree: CameraHeight=0.5 air=True up=True
Camera settings retain centered HUD: CameraHeight=0.5 air=True up=True
Authoritative articulation follows camera intent within network/pose tolerance: CameraHeight=0.5 air=True up=True
Shared body clearance remains safe: CameraHeight=0.5 air=True up=True
AIM_REMOTE CameraHeight=0.5 air=True up=True: acceptedYaw=-0.003959247 renderedYaw=-0.003959242 acceptedPitch=0.1564393 renderedPitch=0.15641169
Remote mount yaw and payload pitch settle to accepted CameraHeight=0.5 air=True up=True aim on actual presentation nodes
Local preference leaves host tuning and peer camera unchanged: CameraHeight=0.5 air=True up=True
CAMERA_AIM_SAMPLE CameraHeight=1.25 air=False up=False expected=<0.0038916753, -0.21215063, -0.97722924> actual=<0.0038916753, -0.21215063, -0.97722924> lens=(-0.027649654, 26.21397, 43.78804) target=(0.054223582, 20.5, 23.229048) pitch=-0.27108654
Final centered rendered ray and pivot-relative intent agree: CameraHeight=1.25 air=False up=False
Camera settings retain centered HUD: CameraHeight=1.25 air=False up=False
Authoritative articulation follows camera intent within network/pose tolerance: CameraHeight=1.25 air=False up=False
Shared body clearance remains safe: CameraHeight=1.25 air=False up=False
AIM_REMOTE CameraHeight=1.25 air=False up=False: acceptedYaw=-0.003982335 renderedYaw=-0.003982335 acceptedPitch=-0.11474697 renderedPitch=-0.11474689
Remote mount yaw and payload pitch settle to accepted CameraHeight=1.25 air=False up=False aim on actual presentation nodes
Local preference leaves host tuning and peer camera unchanged: CameraHeight=1.25 air=False up=False
CAMERA_AIM_SAMPLE CameraHeight=1.25 air=False up=True expected=<0.004511674, 0.15621942, -0.9877121> actual=<0.004511674, 0.15621942, -0.9877121> lens=(-0.03361868, 24.705988, 44.204926) target=(1.3215423, 69.2151, -252.47183) pitch=0.14891347
Final centered rendered ray and pivot-relative intent agree: CameraHeight=1.25 air=False up=True
Camera settings retain centered HUD: CameraHeight=1.25 air=False up=True
Authoritative articulation follows camera intent within network/pose tolerance: CameraHeight=1.25 air=False up=True
Shared body clearance remains safe: CameraHeight=1.25 air=False up=True
AIM_REMOTE CameraHeight=1.25 air=False up=True: acceptedYaw=-0.0045677708 renderedYaw=-0.0045677656 acceptedPitch=0.15686214 renderedPitch=0.15686204
Remote mount yaw and payload pitch settle to accepted CameraHeight=1.25 air=False up=True aim on actual presentation nodes
Local preference leaves host tuning and peer camera unchanged: CameraHeight=1.25 air=False up=True
CAMERA_AIM_SAMPLE CameraHeight=1.25 air=True up=False expected=<0.004412275, -0.2587948, -0.96592224> actual=<0.004412275, -0.2587948, -0.96592224> lens=(-0.036623158, 57.383347, 44.862434) target=(0.41343608, 30, -53.663216) pitch=-0.27108654
Final centered rendered ray and pivot-relative intent agree: CameraHeight=1.25 air=True up=False
Camera settings retain centered HUD: CameraHeight=1.25 air=True up=False
Authoritative articulation follows camera intent within network/pose tolerance: CameraHeight=1.25 air=True up=False
Shared body clearance remains safe: CameraHeight=1.25 air=True up=False
AIM_REMOTE CameraHeight=1.25 air=True up=False: acceptedYaw=-0.004567908 renderedYaw=-0.004567908 acceptedPitch=-0.11474654 renderedPitch=-0.11474646
Remote mount yaw and payload pitch settle to accepted CameraHeight=1.25 air=True up=False aim on actual presentation nodes
Local preference leaves host tuning and peer camera unchanged: CameraHeight=1.25 air=True up=False
CAMERA_AIM_SAMPLE CameraHeight=1.25 air=True up=True expected=<0.003891377, 0.15842435, -0.98736346> actual=<0.003891377, 0.15842435, -0.98736346> lens=(-0.04205011, 55.789734, 47.514423) target=(1.1272094, 100.29886, -249.16313) pitch=0.14891349
Final centered rendered ray and pivot-relative intent agree: CameraHeight=1.25 air=True up=True
Camera settings retain centered HUD: CameraHeight=1.25 air=True up=True
Authoritative articulation follows camera intent within network/pose tolerance: CameraHeight=1.25 air=True up=True
Shared body clearance remains safe: CameraHeight=1.25 air=True up=True
AIM_REMOTE CameraHeight=1.25 air=True up=True: acceptedYaw=-0.003941159 renderedYaw=-0.003941159 acceptedPitch=0.15881377 renderedPitch=0.1588035
Remote mount yaw and payload pitch settle to accepted CameraHeight=1.25 air=True up=True aim on actual presentation nodes
Local preference leaves host tuning and peer camera unchanged: CameraHeight=1.25 air=True up=True
CAMERA_AIM_SAMPLE CameraHeight=3 air=False up=False expected=<0.003898218, -0.14521939, -0.9893918> actual=<0.003898218, -0.14521939, -0.9893918> lens=(-0.025918894, 27.925528, 43.423374) target=(0.07934735, 20.5, 16.706154) pitch=-0.27108654
Final centered rendered ray and pivot-relative intent agree: CameraHeight=3 air=False up=False
Camera settings retain centered HUD: CameraHeight=3 air=False up=False
Authoritative articulation follows camera intent within network/pose tolerance: CameraHeight=3 air=False up=False
Shared body clearance remains safe: CameraHeight=3 air=False up=False
AIM_REMOTE CameraHeight=3 air=False up=False: acceptedYaw=-0.003939995 renderedYaw=-0.003939993 acceptedPitch=-0.114746936 renderedPitch=-0.114746906
Remote mount yaw and payload pitch settle to accepted CameraHeight=3 air=False up=False aim on actual presentation nodes
Local preference leaves host tuning and peer camera unchanged: CameraHeight=3 air=False up=False
CAMERA_AIM_SAMPLE CameraHeight=3 air=False up=True expected=<0.003911239, 0.16203983, -0.9867765> actual=<0.003911239, 0.16203983, -0.9867765> lens=(-0.029172253, 26.456032, 44.204945) target=(1.1467544, 70.96515, -252.47258) pitch=0.14891349
Final centered rendered ray and pivot-relative intent agree: CameraHeight=3 air=False up=True
Camera settings retain centered HUD: CameraHeight=3 air=False up=True
Authoritative articulation follows camera intent within network/pose tolerance: CameraHeight=3 air=False up=True
Shared body clearance remains safe: CameraHeight=3 air=False up=True
AIM_REMOTE CameraHeight=3 air=False up=True: acceptedYaw=-0.003963632 renderedYaw=-0.00396363 acceptedPitch=0.16275758 renderedPitch=0.16275759
Remote mount yaw and payload pitch settle to accepted CameraHeight=3 air=False up=True aim on actual presentation nodes
Local preference leaves host tuning and peer camera unchanged: CameraHeight=3 air=False up=True
CAMERA_AIM_SAMPLE CameraHeight=3 air=True up=False expected=<0.004423685, -0.24911588, -0.96846366> actual=<0.004423685, -0.24911588, -0.96846366> lens=(-0.034955252, 59.092686, 44.497646) target=(0.5993067, 20.5, -94.35936) pitch=-0.27108654
Final centered rendered ray and pivot-relative intent agree: CameraHeight=3 air=True up=False
Camera settings retain centered HUD: CameraHeight=3 air=True up=False
Authoritative articulation follows camera intent within network/pose tolerance: CameraHeight=3 air=True up=False
Shared body clearance remains safe: CameraHeight=3 air=True up=False
AIM_REMOTE CameraHeight=3 air=True up=False: acceptedYaw=-0.004567703 renderedYaw=-0.0045677 acceptedPitch=-0.11474672 renderedPitch=-0.11474669
Remote mount yaw and payload pitch settle to accepted CameraHeight=3 air=True up=False aim on actual presentation nodes
Local preference leaves host tuning and peer camera unchanged: CameraHeight=3 air=True up=False
CAMERA_AIM_SAMPLE CameraHeight=3 air=True up=True expected=<0.003944639, 0.16418238, -0.98642206> actual=<0.003944639, 0.16418238, -0.98642206> lens=(-0.042666394, 57.503044, 47.514435) target=(1.143728, 102.01216, -249.16306) pitch=0.14891347
Final centered rendered ray and pivot-relative intent agree: CameraHeight=3 air=True up=True
Camera settings retain centered HUD: CameraHeight=3 air=True up=True
Authoritative articulation follows camera intent within network/pose tolerance: CameraHeight=3 air=True up=True
Shared body clearance remains safe: CameraHeight=3 air=True up=True
AIM_REMOTE CameraHeight=3 air=True up=True: acceptedYaw=-0.003998915 renderedYaw=-0.003998912 acceptedPitch=0.16472396 renderedPitch=0.16469914
Remote mount yaw and payload pitch settle to accepted CameraHeight=3 air=True up=True aim on actual presentation nodes
Local preference leaves host tuning and peer camera unchanged: CameraHeight=3 air=True up=True
CAMERA_AIM_SAMPLE InvertY=0 air=False up=False expected=<0.0038366409, -0.21215059, -0.9772294> actual=<0.0038366409, -0.21215059, -0.9772294> lens=(-0.027259171, 26.213964, 43.788177) target=(0.053456165, 20.5, 23.2292) pitch=-0.27108654
Final centered rendered ray and pivot-relative intent agree: InvertY=0 air=False up=False
Camera settings retain centered HUD: InvertY=0 air=False up=False
Authoritative articulation follows camera intent within network/pose tolerance: InvertY=0 air=False up=False
Shared body clearance remains safe: InvertY=0 air=False up=False
AIM_REMOTE InvertY=0 air=False up=False: acceptedYaw=-0.003926018 renderedYaw=-0.003926018 acceptedPitch=-0.11474688 renderedPitch=-0.1147468
Remote mount yaw and payload pitch settle to accepted InvertY=0 air=False up=False aim on actual presentation nodes
Local preference leaves host tuning and peer camera unchanged: InvertY=0 air=False up=False
CAMERA_AIM_SAMPLE InvertY=0 air=False up=True expected=<0.0045113354, 0.1562195, -0.9877121> actual=<0.0045113354, 0.1562195, -0.9877121> lens=(-0.03361616, 24.70601, 44.204926) target=(1.3214431, 69.215126, -252.47183) pitch=0.14891347
Final centered rendered ray and pivot-relative intent agree: InvertY=0 air=False up=True
Camera settings retain centered HUD: InvertY=0 air=False up=True
Authoritative articulation follows camera intent within network/pose tolerance: InvertY=0 air=False up=True
Shared body clearance remains safe: InvertY=0 air=False up=True
AIM_REMOTE InvertY=0 air=False up=True: acceptedYaw=-0.004567428 renderedYaw=-0.0045674266 acceptedPitch=0.15686223 renderedPitch=0.15686217
Remote mount yaw and payload pitch settle to accepted InvertY=0 air=False up=True aim on actual presentation nodes
Local preference leaves host tuning and peer camera unchanged: InvertY=0 air=False up=True
CAMERA_AIM_SAMPLE InvertY=0 air=True up=False expected=<0.0044119554, -0.25856942, -0.9659826> actual=<0.0044119554, -0.25856942, -0.9659826> lens=(-0.036361042, 57.3912, 44.80613) target=(0.41376656, 30, -53.74778) pitch=-0.27108654
Final centered rendered ray and pivot-relative intent agree: InvertY=0 air=True up=False
Camera settings retain centered HUD: InvertY=0 air=True up=False
Authoritative articulation follows camera intent within network/pose tolerance: InvertY=0 air=True up=False
Shared body clearance remains safe: InvertY=0 air=True up=False
AIM_REMOTE InvertY=0 air=True up=False: acceptedYaw=-0.0045672916 renderedYaw=-0.004567288 acceptedPitch=-0.114746496 renderedPitch=-0.11474646
Remote mount yaw and payload pitch settle to accepted InvertY=0 air=True up=False aim on actual presentation nodes
Local preference leaves host tuning and peer camera unchanged: InvertY=0 air=True up=False
CAMERA_AIM_SAMPLE InvertY=0 air=True up=True expected=<0.004509938, 0.15823548, -0.9873911> actual=<0.004509938, 0.15823548, -0.9873911> lens=(-0.048854336, 55.729366, 47.54101) target=(1.3062254, 100.23848, -249.13574) pitch=0.14891347
Final centered rendered ray and pivot-relative intent agree: InvertY=0 air=True up=True
Camera settings retain centered HUD: InvertY=0 air=True up=True
Authoritative articulation follows camera intent within network/pose tolerance: InvertY=0 air=True up=True
Shared body clearance remains safe: InvertY=0 air=True up=True
AIM_REMOTE InvertY=0 air=True up=True: acceptedYaw=-0.0045674974 renderedYaw=-0.004567497 acceptedPitch=0.15903546 renderedPitch=0.15897141
Remote mount yaw and payload pitch settle to accepted InvertY=0 air=True up=True aim on actual presentation nodes
Local preference leaves host tuning and peer camera unchanged: InvertY=0 air=True up=True
CAMERA_AIM_SAMPLE InvertY=1 air=False up=False expected=<0.004463598, -0.21213068, -0.9772311> actual=<0.004463598, -0.21213068, -0.9772311> lens=(-0.031688437, 26.212852, 43.78266) target=(0.062198162, 20.5, 23.227741) pitch=-0.27108654
Final centered rendered ray and pivot-relative intent agree: InvertY=1 air=False up=False
Camera settings retain centered HUD: InvertY=1 air=False up=False
Authoritative articulation follows camera intent within network/pose tolerance: InvertY=1 air=False up=False
Shared body clearance remains safe: InvertY=1 air=False up=False
AIM_REMOTE InvertY=1 air=False up=False: acceptedYaw=-0.004567566 renderedYaw=-0.0045675654 acceptedPitch=-0.11474672 renderedPitch=-0.1147467
Remote mount yaw and payload pitch settle to accepted InvertY=1 air=False up=False aim on actual presentation nodes
Local preference leaves host tuning and peer camera unchanged: InvertY=1 air=False up=False
CAMERA_AIM_SAMPLE InvertY=1 air=False up=True expected=<0.004514381, 0.15621954, -0.9877121> actual=<0.004514381, 0.15621954, -0.9877121> lens=(-0.03363885, 24.706049, 44.204926) target=(1.3223351, 69.21517, -252.47183) pitch=0.14891349
Final centered rendered ray and pivot-relative intent agree: InvertY=1 air=False up=True
Camera settings retain centered HUD: InvertY=1 air=False up=True
Authoritative articulation follows camera intent within network/pose tolerance: InvertY=1 air=False up=True
Shared body clearance remains safe: InvertY=1 air=False up=True
AIM_REMOTE InvertY=1 air=False up=True: acceptedYaw=-0.0045705116 renderedYaw=-0.0045705102 acceptedPitch=0.15686221 renderedPitch=0.15686217
Remote mount yaw and payload pitch settle to accepted InvertY=1 air=False up=True aim on actual presentation nodes
Local preference leaves host tuning and peer camera unchanged: InvertY=1 air=False up=True
CAMERA_AIM_SAMPLE InvertY=1 air=True up=False expected=<0.004408837, -0.26110646, -0.96529996> actual=<0.004408837, -0.26110646, -0.96529996> lens=(-0.03606002, 57.535122, 44.740223) target=(0.5725489, 20.5, -88.51265) pitch=-0.27108654
Final centered rendered ray and pivot-relative intent agree: InvertY=1 air=True up=False
Camera settings retain centered HUD: InvertY=1 air=True up=False
Authoritative articulation follows camera intent within network/pose tolerance: InvertY=1 air=True up=False
Shared body clearance remains safe: InvertY=1 air=True up=False
AIM_REMOTE InvertY=1 air=True up=False: acceptedYaw=-0.0045672916 renderedYaw=-0.004567287 acceptedPitch=-0.114746496 renderedPitch=-0.114746526
Remote mount yaw and payload pitch settle to accepted InvertY=1 air=True up=False aim on actual presentation nodes
Local preference leaves host tuning and peer camera unchanged: InvertY=1 air=True up=False
CAMERA_AIM_SAMPLE InvertY=1 air=True up=True expected=<0.004509983, 0.15854272, -0.9873418> actual=<0.004509983, 0.15854272, -0.9873418> lens=(-0.048811078, 55.822266, 47.5309) target=(1.3063499, 100.33138, -249.14586) pitch=0.14891347
Final centered rendered ray and pivot-relative intent agree: InvertY=1 air=True up=True
Camera settings retain centered HUD: InvertY=1 air=True up=True
Authoritative articulation follows camera intent within network/pose tolerance: InvertY=1 air=True up=True
Shared body clearance remains safe: InvertY=1 air=True up=True
AIM_REMOTE InvertY=1 air=True up=True: acceptedYaw=-0.0045677708 renderedYaw=-0.0045677703 acceptedPitch=0.15891212 renderedPitch=0.15890151
Remote mount yaw and payload pitch settle to accepted InvertY=1 air=True up=True aim on actual presentation nodes
Local preference leaves host tuning and peer camera unchanged: InvertY=1 air=True up=True
CAMERA_AIM_SAMPLE MouseAimSensitivity=0.25 air=False up=False expected=<0.004463431, -0.21216474, -0.97722375> actual=<0.004463431, -0.21216474, -0.97722375> lens=(-0.031732306, 26.214943, 43.792473) target=(0.062185846, 20.5, 23.23003) pitch=-0.27108654
Final centered rendered ray and pivot-relative intent agree: MouseAimSensitivity=0.25 air=False up=False
Camera settings retain centered HUD: MouseAimSensitivity=0.25 air=False up=False
Authoritative articulation follows camera intent within network/pose tolerance: MouseAimSensitivity=0.25 air=False up=False
Shared body clearance remains safe: MouseAimSensitivity=0.25 air=False up=False
AIM_REMOTE MouseAimSensitivity=0.25 air=False up=False: acceptedYaw=-0.0045674294 renderedYaw=-0.004567428 acceptedPitch=-0.114746556 renderedPitch=-0.11474653
Remote mount yaw and payload pitch settle to accepted MouseAimSensitivity=0.25 air=False up=False aim on actual presentation nodes
Local preference leaves host tuning and peer camera unchanged: MouseAimSensitivity=0.25 air=False up=False
CAMERA_AIM_SAMPLE MouseAimSensitivity=0.25 air=False up=True expected=<0.0045114034, 0.15621953, -0.9877121> actual=<0.0045114034, 0.15621953, -0.9877121> lens=(-0.033616662, 24.706047, 44.204926) target=(1.321463, 69.215164, -252.47183) pitch=0.14891347
Final centered rendered ray and pivot-relative intent agree: MouseAimSensitivity=0.25 air=False up=True
Camera settings retain centered HUD: MouseAimSensitivity=0.25 air=False up=True
Authoritative articulation follows camera intent within network/pose tolerance: MouseAimSensitivity=0.25 air=False up=True
Shared body clearance remains safe: MouseAimSensitivity=0.25 air=False up=True
AIM_REMOTE MouseAimSensitivity=0.25 air=False up=True: acceptedYaw=-0.004567497 renderedYaw=-0.004567495 acceptedPitch=0.1568622 renderedPitch=0.15686218
Remote mount yaw and payload pitch settle to accepted MouseAimSensitivity=0.25 air=False up=True aim on actual presentation nodes
Local preference leaves host tuning and peer camera unchanged: MouseAimSensitivity=0.25 air=False up=True
CAMERA_AIM_SAMPLE MouseAimSensitivity=0.25 air=True up=False expected=<0.0044089598, -0.2611145, -0.9652978> actual=<0.0044089598, -0.2611145, -0.9652978> lens=(-0.03606135, 57.53399, 44.740276) target=(0.57254726, 20.5, -88.508514) pitch=-0.27108654
Final centered rendered ray and pivot-relative intent agree: MouseAimSensitivity=0.25 air=True up=False
Camera settings retain centered HUD: MouseAimSensitivity=0.25 air=True up=False
Authoritative articulation follows camera intent within network/pose tolerance: MouseAimSensitivity=0.25 air=True up=False
Shared body clearance remains safe: MouseAimSensitivity=0.25 air=True up=False
AIM_REMOTE MouseAimSensitivity=0.25 air=True up=False: acceptedYaw=-0.0045674294 renderedYaw=-0.004567428 acceptedPitch=-0.11474651 renderedPitch=-0.11474649
Remote mount yaw and payload pitch settle to accepted MouseAimSensitivity=0.25 air=True up=False aim on actual presentation nodes
Local preference leaves host tuning and peer camera unchanged: MouseAimSensitivity=0.25 air=True up=False
CAMERA_AIM_SAMPLE MouseAimSensitivity=0.25 air=True up=True expected=<0.004509779, 0.15854377, -0.98734164> actual=<0.004509779, 0.15854377, -0.98734164> lens=(-0.04880886, 55.822582, 47.530895) target=(1.3062911, 100.331696, -249.14586) pitch=0.14891347
Final centered rendered ray and pivot-relative intent agree: MouseAimSensitivity=0.25 air=True up=True
Camera settings retain centered HUD: MouseAimSensitivity=0.25 air=True up=True
Authoritative articulation follows camera intent within network/pose tolerance: MouseAimSensitivity=0.25 air=True up=True
Shared body clearance remains safe: MouseAimSensitivity=0.25 air=True up=True
AIM_REMOTE MouseAimSensitivity=0.25 air=True up=True: acceptedYaw=-0.0045675654 renderedYaw=-0.0045675617 acceptedPitch=0.15896866 renderedPitch=0.15895747
Remote mount yaw and payload pitch settle to accepted MouseAimSensitivity=0.25 air=True up=True aim on actual presentation nodes
Local preference leaves host tuning and peer camera unchanged: MouseAimSensitivity=0.25 air=True up=True
CAMERA_AIM_SAMPLE MouseAimSensitivity=1 air=False up=False expected=<0.0044635185, -0.21214502, -0.97722805> actual=<0.0044635185, -0.21214502, -0.97722805> lens=(-0.0317067, 26.213726, 43.786766) target=(0.062192842, 20.5, 23.228704) pitch=-0.27108654
Final centered rendered ray and pivot-relative intent agree: MouseAimSensitivity=1 air=False up=False
Camera settings retain centered HUD: MouseAimSensitivity=1 air=False up=False
Authoritative articulation follows camera intent within network/pose tolerance: MouseAimSensitivity=1 air=False up=False
Shared body clearance remains safe: MouseAimSensitivity=1 air=False up=False
AIM_REMOTE MouseAimSensitivity=1 air=False up=False: acceptedYaw=-0.0045674974 renderedYaw=-0.0045674955 acceptedPitch=-0.114746705 renderedPitch=-0.1147467
Remote mount yaw and payload pitch settle to accepted MouseAimSensitivity=1 air=False up=False aim on actual presentation nodes
Local preference leaves host tuning and peer camera unchanged: MouseAimSensitivity=1 air=False up=False
CAMERA_AIM_SAMPLE MouseAimSensitivity=1 air=False up=True expected=<0.0045105913, 0.15621953, -0.9877121> actual=<0.0045105913, 0.15621953, -0.9877121> lens=(-0.033610612, 24.706049, 44.204926) target=(1.3212252, 69.215164, -252.47183) pitch=0.14891347
Final centered rendered ray and pivot-relative intent agree: MouseAimSensitivity=1 air=False up=True
Camera settings retain centered HUD: MouseAimSensitivity=1 air=False up=True
Authoritative articulation follows camera intent within network/pose tolerance: MouseAimSensitivity=1 air=False up=True
Shared body clearance remains safe: MouseAimSensitivity=1 air=False up=True
AIM_REMOTE MouseAimSensitivity=1 air=False up=True: acceptedYaw=-0.004566675 renderedYaw=-0.0045666737 acceptedPitch=0.15686226 renderedPitch=0.1568622
Remote mount yaw and payload pitch settle to accepted MouseAimSensitivity=1 air=False up=True aim on actual presentation nodes
Local preference leaves host tuning and peer camera unchanged: MouseAimSensitivity=1 air=False up=True
CAMERA_AIM_SAMPLE MouseAimSensitivity=1 air=True up=False expected=<0.004409166, -0.2611079, -0.9652995> actual=<0.004409166, -0.2611079, -0.9652995> lens=(-0.036063008, 57.534935, 44.740284) target=(0.57258856, 20.5, -88.51192) pitch=-0.27108654
Final centered rendered ray and pivot-relative intent agree: MouseAimSensitivity=1 air=True up=False
Camera settings retain centered HUD: MouseAimSensitivity=1 air=True up=False
Authoritative articulation follows camera intent within network/pose tolerance: MouseAimSensitivity=1 air=True up=False
Shared body clearance remains safe: MouseAimSensitivity=1 air=True up=False
AIM_REMOTE MouseAimSensitivity=1 air=True up=False: acceptedYaw=-0.004567635 renderedYaw=-0.0045676334 acceptedPitch=-0.11474654 renderedPitch=-0.11474652
Remote mount yaw and payload pitch settle to accepted MouseAimSensitivity=1 air=True up=False aim on actual presentation nodes
Local preference leaves host tuning and peer camera unchanged: MouseAimSensitivity=1 air=True up=False
CAMERA_AIM_SAMPLE MouseAimSensitivity=1 air=True up=True expected=<0.004509576, 0.15854481, -0.9873415> actual=<0.004509576, 0.15854481, -0.9873415> lens=(-0.048806664, 55.822887, 47.530895) target=(1.3062325, 100.332, -249.14586) pitch=0.14891347
Final centered rendered ray and pivot-relative intent agree: MouseAimSensitivity=1 air=True up=True
Camera settings retain centered HUD: MouseAimSensitivity=1 air=True up=True
Authoritative articulation follows camera intent within network/pose tolerance: MouseAimSensitivity=1 air=True up=True
Shared body clearance remains safe: MouseAimSensitivity=1 air=True up=True
AIM_REMOTE MouseAimSensitivity=1 air=True up=True: acceptedYaw=-0.004567361 renderedYaw=-0.004567356 acceptedPitch=0.15902032 renderedPitch=0.15895398
Remote mount yaw and payload pitch settle to accepted MouseAimSensitivity=1 air=True up=True aim on actual presentation nodes
Local preference leaves host tuning and peer camera unchanged: MouseAimSensitivity=1 air=True up=True
CAMERA_AIM_SAMPLE MouseAimSensitivity=3 air=False up=False expected=<0.004463317, -0.21214488, -0.97722805> actual=<0.004463317, -0.21214488, -0.97722805> lens=(-0.03170532, 26.21373, 43.786774) target=(0.06219008, 20.5, 23.228695) pitch=-0.2710865
Final centered rendered ray and pivot-relative intent agree: MouseAimSensitivity=3 air=False up=False
Camera settings retain centered HUD: MouseAimSensitivity=3 air=False up=False
Authoritative articulation follows camera intent within network/pose tolerance: MouseAimSensitivity=3 air=False up=False
Shared body clearance remains safe: MouseAimSensitivity=3 air=False up=False
AIM_REMOTE MouseAimSensitivity=3 air=False up=False: acceptedYaw=-0.0045672916 renderedYaw=-0.004567291 acceptedPitch=-0.11474672 renderedPitch=-0.114746705
Remote mount yaw and payload pitch settle to accepted MouseAimSensitivity=3 air=False up=False aim on actual presentation nodes
Local preference leaves host tuning and peer camera unchanged: MouseAimSensitivity=3 air=False up=False
CAMERA_AIM_SAMPLE MouseAimSensitivity=3 air=False up=True expected=<0.004511539, 0.15621953, -0.9877121> actual=<0.004511539, 0.15621953, -0.9877121> lens=(-0.03361767, 24.706049, 44.204926) target=(1.3215027, 69.215164, -252.47183) pitch=0.14891346
Final centered rendered ray and pivot-relative intent agree: MouseAimSensitivity=3 air=False up=True
Camera settings retain centered HUD: MouseAimSensitivity=3 air=False up=True
Authoritative articulation follows camera intent within network/pose tolerance: MouseAimSensitivity=3 air=False up=True
Shared body clearance remains safe: MouseAimSensitivity=3 air=False up=True
AIM_REMOTE MouseAimSensitivity=3 air=False up=True: acceptedYaw=-0.0045676343 renderedYaw=-0.0045676306 acceptedPitch=0.1568622 renderedPitch=0.15686204
Remote mount yaw and payload pitch settle to accepted MouseAimSensitivity=3 air=False up=True aim on actual presentation nodes
Local preference leaves host tuning and peer camera unchanged: MouseAimSensitivity=3 air=False up=True
CAMERA_AIM_SAMPLE MouseAimSensitivity=3 air=True up=False expected=<0.0044086333, -0.26111054, -0.9652989> actual=<0.0044086333, -0.26111054, -0.9652989> lens=(-0.036058705, 57.534554, 44.740288) target=(0.5725135, 20.5, -88.51055) pitch=-0.2710865
Final centered rendered ray and pivot-relative intent agree: MouseAimSensitivity=3 air=True up=False
Camera settings retain centered HUD: MouseAimSensitivity=3 air=True up=False
Authoritative articulation follows camera intent within network/pose tolerance: MouseAimSensitivity=3 air=True up=False
Shared body clearance remains safe: MouseAimSensitivity=3 air=True up=False
AIM_REMOTE MouseAimSensitivity=3 air=True up=False: acceptedYaw=-0.004567086 renderedYaw=-0.0045670816 acceptedPitch=-0.114746496 renderedPitch=-0.11474649
Remote mount yaw and payload pitch settle to accepted MouseAimSensitivity=3 air=True up=False aim on actual presentation nodes
Local preference leaves host tuning and peer camera unchanged: MouseAimSensitivity=3 air=True up=False
CAMERA_AIM_SAMPLE MouseAimSensitivity=3 air=True up=True expected=<0.0045094397, 0.15854557, -0.98734134> actual=<0.0045094397, 0.15854557, -0.98734134> lens=(-0.048803568, 55.823174, 47.530537) target=(1.3061948, 100.33229, -249.14622) pitch=0.14891346
Final centered rendered ray and pivot-relative intent agree: MouseAimSensitivity=3 air=True up=True
Camera settings retain centered HUD: MouseAimSensitivity=3 air=True up=True
Authoritative articulation follows camera intent within network/pose tolerance: MouseAimSensitivity=3 air=True up=True
Shared body clearance remains safe: MouseAimSensitivity=3 air=True up=True
AIM_REMOTE MouseAimSensitivity=3 air=True up=True: acceptedYaw=-0.0045672236 renderedYaw=-0.004567223 acceptedPitch=0.15906702 renderedPitch=0.15900013
Remote mount yaw and payload pitch settle to accepted MouseAimSensitivity=3 air=True up=True aim on actual presentation nodes
Local preference leaves host tuning and peer camera unchanged: MouseAimSensitivity=3 air=True up=True
CAMERA_AIM_SAMPLE StickAimCurve=1 air=False up=False expected=<0.02529079, -0.21216461, -0.9769066> actual=<0.02529079, -0.21216461, -0.9769066> lens=(-0.1798021, 26.214943, 43.79021) target=(0.352359, 20.5, 23.23444) pitch=-0.27108654
Final centered rendered ray and pivot-relative intent agree: StickAimCurve=1 air=False up=False
Camera settings retain centered HUD: StickAimCurve=1 air=False up=False
Authoritative articulation follows camera intent within network/pose tolerance: StickAimCurve=1 air=False up=False
Shared body clearance remains safe: StickAimCurve=1 air=False up=False
AIM_REMOTE StickAimCurve=1 air=False up=False: acceptedYaw=-0.02588286 renderedYaw=-0.025882855 acceptedPitch=-0.114709735 renderedPitch=-0.11470972
Remote mount yaw and payload pitch settle to accepted StickAimCurve=1 air=False up=False aim on actual presentation nodes
Local preference leaves host tuning and peer camera unchanged: StickAimCurve=1 air=False up=False
CAMERA_AIM_SAMPLE StickAimCurve=1 air=False up=True expected=<0.025562622, 0.15621954, -0.9873915> actual=<0.025562622, 0.15621954, -0.9873915> lens=(-0.19047953, 24.706049, 44.202538) target=(7.487705, 69.21517, -252.37793) pitch=0.1489135
Final centered rendered ray and pivot-relative intent agree: StickAimCurve=1 air=False up=True
Camera settings retain centered HUD: StickAimCurve=1 air=False up=True
Authoritative articulation follows camera intent within network/pose tolerance: StickAimCurve=1 air=False up=True
Shared body clearance remains safe: StickAimCurve=1 air=False up=True
AIM_REMOTE StickAimCurve=1 air=False up=True: acceptedYaw=-0.025883263 renderedYaw=-0.025883235 acceptedPitch=0.1568622 renderedPitch=0.15686221
Remote mount yaw and payload pitch settle to accepted StickAimCurve=1 air=False up=True aim on actual presentation nodes
Local preference leaves host tuning and peer camera unchanged: StickAimCurve=1 air=False up=True
CAMERA_AIM_SAMPLE StickAimCurve=1 air=True up=False expected=<0.024981068, -0.2611086, -0.96498615> actual=<0.024981068, -0.2611086, -0.96498615> lens=(-0.20432287, 57.534836, 44.73773) target=(3.2441132, 20.5, -88.47087) pitch=-0.27108654
Final centered rendered ray and pivot-relative intent agree: StickAimCurve=1 air=True up=False
Camera settings retain centered HUD: StickAimCurve=1 air=True up=False
Authoritative articulation follows camera intent within network/pose tolerance: StickAimCurve=1 air=True up=False
Shared body clearance remains safe: StickAimCurve=1 air=True up=False
AIM_REMOTE StickAimCurve=1 air=True up=False: acceptedYaw=-0.025881704 renderedYaw=-0.025881696 acceptedPitch=-0.11470978 renderedPitch=-0.11470974
Remote mount yaw and payload pitch settle to accepted StickAimCurve=1 air=True up=False aim on actual presentation nodes
Local preference leaves host tuning and peer camera unchanged: StickAimCurve=1 air=True up=False
CAMERA_AIM_SAMPLE StickAimCurve=1 air=True up=True expected=<0.025553023, 0.15854676, -0.9870208> actual=<0.025553023, 0.15854676, -0.9870208> lens=(-0.27655774, 55.82346, 47.527428) target=(7.4016266, 100.33258, -249.05304) pitch=0.1489135
Final centered rendered ray and pivot-relative intent agree: StickAimCurve=1 air=True up=True
Camera settings retain centered HUD: StickAimCurve=1 air=True up=True
Authoritative articulation follows camera intent within network/pose tolerance: StickAimCurve=1 air=True up=True
Shared body clearance remains safe: StickAimCurve=1 air=True up=True
AIM_REMOTE StickAimCurve=1 air=True up=True: acceptedYaw=-0.025883261 renderedYaw=-0.025883254 acceptedPitch=0.15897118 renderedPitch=0.15896113
Remote mount yaw and payload pitch settle to accepted StickAimCurve=1 air=True up=True aim on actual presentation nodes
Local preference leaves host tuning and peer camera unchanged: StickAimCurve=1 air=True up=True
CAMERA_AIM_SAMPLE StickAimCurve=2 air=False up=False expected=<0.004463718, -0.21214491, -0.97722805> actual=<0.004463718, -0.21214491, -0.97722805> lens=(-0.031708173, 26.21373, 43.786774) target=(0.06219566, 20.5, 23.228697) pitch=-0.27108654
Final centered rendered ray and pivot-relative intent agree: StickAimCurve=2 air=False up=False
Camera settings retain centered HUD: StickAimCurve=2 air=False up=False
Authoritative articulation follows camera intent within network/pose tolerance: StickAimCurve=2 air=False up=False
Shared body clearance remains safe: StickAimCurve=2 air=False up=False
AIM_REMOTE StickAimCurve=2 air=False up=False: acceptedYaw=-0.0045677028 renderedYaw=-0.0045676995 acceptedPitch=-0.11474672 renderedPitch=-0.11474663
Remote mount yaw and payload pitch settle to accepted StickAimCurve=2 air=False up=False aim on actual presentation nodes
Local preference leaves host tuning and peer camera unchanged: StickAimCurve=2 air=False up=False
CAMERA_AIM_SAMPLE StickAimCurve=2 air=False up=True expected=<0.0045113354, 0.15621953, -0.9877121> actual=<0.0045113354, 0.15621953, -0.9877121> lens=(-0.03361616, 24.706049, 44.204926) target=(1.3214431, 69.215164, -252.47183) pitch=0.14891347
Final centered rendered ray and pivot-relative intent agree: StickAimCurve=2 air=False up=True
Camera settings retain centered HUD: StickAimCurve=2 air=False up=True
Authoritative articulation follows camera intent within network/pose tolerance: StickAimCurve=2 air=False up=True
Shared body clearance remains safe: StickAimCurve=2 air=False up=True
AIM_REMOTE StickAimCurve=2 air=False up=True: acceptedYaw=-0.004567428 renderedYaw=-0.0045674266 acceptedPitch=0.15686214 renderedPitch=0.15686212
Remote mount yaw and payload pitch settle to accepted StickAimCurve=2 air=False up=True aim on actual presentation nodes
Local preference leaves host tuning and peer camera unchanged: StickAimCurve=2 air=False up=True
CAMERA_AIM_SAMPLE StickAimCurve=2 air=True up=False expected=<0.004411092, -0.26110178, -0.9653013> actual=<0.004411092, -0.26110178, -0.9653013> lens=(-0.036078606, 57.53581, 44.740265) target=(0.5728521, 20.5, -88.515076) pitch=-0.27108654
Final centered rendered ray and pivot-relative intent agree: StickAimCurve=2 air=True up=False
Camera settings retain centered HUD: StickAimCurve=2 air=True up=False
Authoritative articulation follows camera intent within network/pose tolerance: StickAimCurve=2 air=True up=False
Shared body clearance remains safe: StickAimCurve=2 air=True up=False
AIM_REMOTE StickAimCurve=2 air=True up=False: acceptedYaw=-0.0045696213 renderedYaw=-0.0045696176 acceptedPitch=-0.1147466 renderedPitch=-0.11474655
Remote mount yaw and payload pitch settle to accepted StickAimCurve=2 air=True up=False aim on actual presentation nodes
Local preference leaves host tuning and peer camera unchanged: StickAimCurve=2 air=True up=False
CAMERA_AIM_SAMPLE StickAimCurve=2 air=True up=True expected=<0.0045095733, 0.15854767, -0.987341> actual=<0.0045095733, 0.15854767, -0.987341> lens=(-0.04880666, 55.82374, 47.530895) target=(1.3062323, 100.332855, -249.14586) pitch=0.14891347
Final centered rendered ray and pivot-relative intent agree: StickAimCurve=2 air=True up=True
Camera settings retain centered HUD: StickAimCurve=2 air=True up=True
Authoritative articulation follows camera intent within network/pose tolerance: StickAimCurve=2 air=True up=True
Shared body clearance remains safe: StickAimCurve=2 air=True up=True
AIM_REMOTE StickAimCurve=2 air=True up=True: acceptedYaw=-0.00456736 renderedYaw=-0.004567355 acceptedPitch=0.15902276 renderedPitch=0.15895642
Remote mount yaw and payload pitch settle to accepted StickAimCurve=2 air=True up=True aim on actual presentation nodes
Local preference leaves host tuning and peer camera unchanged: StickAimCurve=2 air=True up=True
CAMERA_AIM_SAMPLE StickAimCurve=3 air=False up=False expected=<0.00078769407, -0.21214488, -0.97723794> actual=<0.00078769407, -0.21214488, -0.97723794> lens=(-0.0055954102, 26.21373, 43.786842) target=(0.010975415, 20.5, 23.228558) pitch=-0.27108654
Final centered rendered ray and pivot-relative intent agree: StickAimCurve=3 air=False up=False
Camera settings retain centered HUD: StickAimCurve=3 air=False up=False
Authoritative articulation follows camera intent within network/pose tolerance: StickAimCurve=3 air=False up=False
Shared body clearance remains safe: StickAimCurve=3 air=False up=False
AIM_REMOTE StickAimCurve=3 air=False up=False: acceptedYaw=-0.00080604095 renderedYaw=-0.0008060407 acceptedPitch=-0.11474773 renderedPitch=-0.11474771
Remote mount yaw and payload pitch settle to accepted StickAimCurve=3 air=False up=False aim on actual presentation nodes
Local preference leaves host tuning and peer camera unchanged: StickAimCurve=3 air=False up=False
CAMERA_AIM_SAMPLE StickAimCurve=3 air=False up=True expected=<0.0007961208, 0.15621954, -0.98772204> actual=<0.0007961208, 0.15621954, -0.98772204> lens=(-0.0059322836, 24.706049, 44.204998) target=(0.23319665, 69.21517, -252.47478) pitch=0.14891349
Final centered rendered ray and pivot-relative intent agree: StickAimCurve=3 air=False up=True
Camera settings retain centered HUD: StickAimCurve=3 air=False up=True
Authoritative articulation follows camera intent within network/pose tolerance: StickAimCurve=3 air=False up=True
Shared body clearance remains safe: StickAimCurve=3 air=False up=True
AIM_REMOTE StickAimCurve=3 air=False up=True: acceptedYaw=-0.0008060168 renderedYaw=-0.00080601615 acceptedPitch=0.15686221 renderedPitch=0.15686205
Remote mount yaw and payload pitch settle to accepted StickAimCurve=3 air=False up=True aim on actual presentation nodes
Local preference leaves host tuning and peer camera unchanged: StickAimCurve=3 air=False up=True
CAMERA_AIM_SAMPLE StickAimCurve=3 air=True up=False expected=<0.0007774495, -0.26110458, -0.96531016> actual=<0.0007774495, -0.26110458, -0.96531016> lens=(-0.006358839, 57.535408, 44.74037) target=(0.10096338, 20.5, -88.51488) pitch=-0.27108654
Final centered rendered ray and pivot-relative intent agree: StickAimCurve=3 air=True up=False
Camera settings retain centered HUD: StickAimCurve=3 air=True up=False
Authoritative articulation follows camera intent within network/pose tolerance: StickAimCurve=3 air=True up=False
Shared body clearance remains safe: StickAimCurve=3 air=True up=False
AIM_REMOTE StickAimCurve=3 air=True up=False: acceptedYaw=-0.0008053881 renderedYaw=-0.0008053872 acceptedPitch=-0.11474773 renderedPitch=-0.11474774
Remote mount yaw and payload pitch settle to accepted StickAimCurve=3 air=True up=False aim on actual presentation nodes
Local preference leaves host tuning and peer camera unchanged: StickAimCurve=3 air=True up=False
CAMERA_AIM_SAMPLE StickAimCurve=3 air=True up=True expected=<0.0007957738, 0.15854864, -0.9873509> actual=<0.0007957738, 0.15854864, -0.9873509> lens=(-0.008612583, 55.824024, 47.531006) target=(0.230502, 100.333145, -249.14877) pitch=0.14891349
Final centered rendered ray and pivot-relative intent agree: StickAimCurve=3 air=True up=True
Camera settings retain centered HUD: StickAimCurve=3 air=True up=True
Authoritative articulation follows camera intent within network/pose tolerance: StickAimCurve=3 air=True up=True
Shared body clearance remains safe: StickAimCurve=3 air=True up=True
AIM_REMOTE StickAimCurve=3 air=True up=True: acceptedYaw=-0.0008059684 renderedYaw=-0.0008059659 acceptedPitch=0.15907001 renderedPitch=0.1590026
Remote mount yaw and payload pitch settle to accepted StickAimCurve=3 air=True up=True aim on actual presentation nodes
Local preference leaves host tuning and peer camera unchanged: StickAimCurve=3 air=True up=True
Camera preference aiming matrix passed: 152 low/default/high ground/air upward/downward cases through three real UDP peers.
Vehicle drives while aiming (peak 39.70 m/s, travel 74.06 m)
Airborne shooter opens wider camera framing
Airborne shooter can aim above the horizon
Airborne camera input retains the centered shared aiming cursor
Aerial pullback cannot drift held camera aim
Airborne desired aim reaches authority and the observer
Aiming survives landing and smooth chase recovery
Landing retains camera-relative aiming presentation
Menu suppression clears marker immediately
Item switch selects shared Missile foundation
Native NOS granted
Native high-speed weapon granted
NOS request accepted
Real sustained NOS accelerates the native vehicle
Direct-fire aim resumes at high speed after selecting away from NOS
Removal retires authoritative aim and local marker
New life retires previous aiming capability
Fresh weapon restores aiming before lethal damage
Lethal damage and timed respawn fixture tuning accepted
Other vehicle receives a real missile
Real host missile use accepted
Actual missile explosion kills the aiming vehicle
Death carries authoritative missile attribution
Actual death immediately clears authoritative aim
Confirmed client death clears the camera cursor before respawn
Ordinary timed respawn creates a fresh living vehicle
Respawn cannot retain a dead weapon's marker
Weapon aiming integration passed: 1029 checks; three native UDP peers.
