"Run","Peer","WallMilliseconds","Boundary","Ready","Released","Participation","AuthorityTick","RemoteAck","PredictedTick","Ack","Next","Pending","Error","Position","RemotePosition","RemoteVelocity"
"baseline-stall-entry","1","-99.9964","before-step","True","True","True","300","291","310","291","302","10","0","<0, 1.1449987, 86>","<0, 1.1449987, 86>","<0, 2.6375055E-06, 0>"
"baseline-stall-entry","1","-99.8668","correction","True","True","True","303","294","310","294","302","7","0","<0, 1.1449987, 86>","<0, 1.1449987, 86>","<0, 2.6375055E-06, 0>"
"baseline-stall-entry","1","-99.2101","after-step","True","True","True","303","294","311","294","303","8","0","<0.0021635122, 1.1449987, 86>","<0, 1.1449987, 86>","<0, 2.6375055E-06, 0>"
"baseline-stall-entry","1","-83.3237","before-step","True","True","True","303","294","311","294","303","8","0","<0.0021635122, 1.1449987, 86>","<0, 1.1449987, 86>","<0, 2.6375055E-06, 0>"
"baseline-stall-entry","1","-83.0097","after-step","True","True","True","303","294","312","294","304","9","0","<0.006799818, 1.1449777, 85.999985>","<0, 1.1449987, 86>","<0, 2.6375055E-06, 0>"
"baseline-stall-entry","0","-71.4792","before-step","True","True","True","305","296","305",,,,,"<0.023594324, 1.1448239, 95.99974>","<0, 1.1449987, 86>","<0, 2.6375055E-06, 0>"
"baseline-stall-entry","0","-70.4072","after-step","True","True","True","306","297","306",,,,,"<0.035756372, 1.144684, 95.999405>","<0, 1.1449987, 86>","<0, 2.6375055E-06, 0>"
"baseline-stall-entry","0","-70.3182","before-step","True","True","True","306","297","306",,,,,"<0.035756372, 1.144684, 95.999405>","<0, 1.1449987, 86>","<0, 2.6375055E-06, 0>"
"baseline-stall-entry","0","-69.7149","after-step","True","True","True","307","298","307",,,,,"<0.050433505, 1.1445045, 95.99883>","<0, 1.1449987, 86>","<0, 2.6375055E-06, 0>"
"baseline-stall-entry","1","-66.6661","before-step","True","True","True","303","294","312","294","304","9","0","<0.006799818, 1.1449777, 85.999985>","<0, 1.1449987, 86>","<0, 2.6375055E-06, 0>"
"baseline-stall-entry","1","-66.3366","after-step","True","True","True","303","294","313","294","305","10","0","<0.013942769, 1.1449215, 85.999916>","<0, 1.1449987, 86>","<0, 2.6375055E-06, 0>"
"baseline-stall-entry","1","-49.9948","before-step","True","True","True","303","294","313","294","305","10","0","<0.013942769, 1.1449215, 85.999916>","<0, 1.1449987, 86>","<0, 2.6375055E-06, 0>"
"baseline-stall-entry","1","-49.6849","after-step","True","True","True","303","294","314","294","306","11","0","<0.023594324, 1.1448239, 85.99974>","<0, 1.1449987, 86>","<0, 2.6375055E-06, 0>"
"baseline-stall-entry","0","-40.2808","before-step","True","True","True","307","298","307",,,,,"<0.050433505, 1.1445045, 95.99883>","<0, 1.1449987, 86>","<0, 2.6375055E-06, 0>"
"baseline-stall-entry","0","-39.378","after-step","True","True","True","308","299","308",,,,,"<0.06763225, 1.1442906, 95.99795>","<0, 1.1449987, 86>","<0, 2.6375055E-06, 0>"
"baseline-stall-entry","0","-39.2981","before-step","True","True","True","308","299","308",,,,,"<0.06763225, 1.1442906, 95.99795>","<0, 1.1449987, 86>","<0, 2.6375055E-06, 0>"
"baseline-stall-entry","0","-38.6943","after-step","True","True","True","309","300","309",,,,,"<0.08736012, 1.1440482, 95.996666>","<0, 1.1449987, 86>","<0, 2.6375055E-06, 0>"
"baseline-stall-entry","1","-33.3301","before-step","True","True","True","303","294","314","294","306","11","0","<0.023594324, 1.1448239, 85.99974>","<0, 1.1449987, 86>","<0, 2.6375055E-06, 0>"
"baseline-stall-entry","1","-33.2024","correction","True","True","True","306","297","314","297","306","8","0","<0.023594324, 1.1448239, 85.99974>","<0, 1.1449987, 86>","<0, 2.6375055E-06, 0>"
"baseline-stall-entry","1","-32.9606","after-step","True","True","True","306","297","315","297","307","9","0","<0.035756372, 1.144684, 85.999405>","<0, 1.1449987, 86>","<0, 2.6375055E-06, 0>"
"baseline-stall-entry","0","-24.9125","before-step","True","True","True","309","300","309",,,,,"<0.08736012, 1.1440482, 95.996666>","<0, 1.1449987, 86>","<0, 2.6375055E-06, 0>"
"baseline-stall-entry","0","-24.0629","after-step","True","True","True","310","301","310",,,,,"<0.10962487, 1.1437842, 95.99489>","<0, 1.1449987, 86>","<0.12981074, 2.6375055E-06, 0>"
"baseline-stall-entry","1","-16.6636","before-step","True","True","True","306","297","315","297","307","9","0","<0.035756372, 1.144684, 85.999405>","<0, 1.1449987, 86>","<0, 2.6375055E-06, 0>"
"baseline-stall-entry","1","-16.3442","after-step","True","True","True","306","297","316","297","308","10","0","<0.050433505, 1.1445045, 85.99883>","<0, 1.1449987, 86>","<0, 2.6375055E-06, 0>"
"baseline-stall-entry","0","-9.704","before-step","True","True","True","310","301","310",,,,,"<0.10962487, 1.1437842, 95.99489>","<0, 1.1449987, 86>","<0.12981074, 2.6375055E-06, 0>"
"baseline-stall-entry","0","-8.8277","after-step","True","True","True","311","302","311",,,,,"<0.13443395, 1.1435049, 95.99253>","<0.0021635122, 1.1449987, 86>","<0.27817836, -0.0012573153, -0.0010406761>"
"baseline-stall-entry","1","0","stall-before","True","True","True","306","297","316","297","308","10","0","<0.050433505, 1.1445045, 85.99883>","<0, 1.1449987, 86>","<0, 2.6375055E-06, 0>"
"baseline-stall-entry","0","5.8062","before-step","True","True","True","311","302","311",,,,,"<0.13443395, 1.1435049, 95.99253>","<0.0021635122, 1.1449987, 86>","<0.27817836, -0.0012573153, -0.0010406761>"
"baseline-stall-entry","0","6.6888","after-step","True","True","True","312","303","312",,,,,"<0.16179419, 1.1432166, 95.98951>","<0.006799818, 1.1449777, 85.999985>","<0.428577, -0.0033678412, -0.004199442>"
"baseline-stall-entry","0","21.6285","before-step","True","True","True","312","303","312",,,,,"<0.16179419, 1.1432166, 95.98951>","<0.006799818, 1.1449777, 85.999985>","<0.428577, -0.0033678412, -0.004199442>"
"baseline-stall-entry","0","22.5262","after-step","True","True","True","313","304","313",,,,,"<0.19171143, 1.1429251, 95.985756>","<0.013942769, 1.1449215, 85.999916>","<0.57909334, -0.0058600903, -0.010326071>"
"baseline-stall-entry","0","36.8425","before-step","True","True","True","313","304","313",,,,,"<0.19171143, 1.1429251, 95.985756>","<0.013942769, 1.1449215, 85.999916>","<0.57909334, -0.0058600903, -0.010326071>"
"baseline-stall-entry","0","37.7373","after-step","True","True","True","314","305","314",,,,,"<0.22419044, 1.1426356, 95.98121>","<0.023594324, 1.1448239, 85.99974>","<0.72972286, -0.008398801, -0.020118166>"
"baseline-stall-entry","0","52.1788","before-step","True","True","True","314","305","314",,,,,"<0.22419044, 1.1426356, 95.98121>","<0.023594324, 1.1448239, 85.99974>","<0.72972286, -0.008398801, -0.020118166>"
"baseline-stall-entry","0","53.1645","after-step","True","True","True","315","306","315",,,,,"<0.2592348, 1.1423523, 95.97581>","<0.035756372, 1.144684, 85.999405>","<0.880628, -0.0107675195, -0.034168422>"
"baseline-stall-entry","0","67.8101","before-step","True","True","True","315","306","315",,,,,"<0.2592348, 1.1423523, 95.97581>","<0.035756372, 1.144684, 85.999405>","<0.880628, -0.0107675195, -0.034168422>"
"baseline-stall-entry","0","68.6019","after-step","True","True","True","316","307","316",,,,,"<0.2968467, 1.1420792, 95.969505>","<0.050433505, 1.1445045, 85.99883>","<1.0319247, -0.012836754, -0.05299137>"
"baseline-stall-entry","0","83.2442","before-step","True","True","True","316","307","316",,,,,"<0.2968467, 1.1420792, 95.969505>","<0.050433505, 1.1445045, 85.99883>","<1.0319247, -0.012836754, -0.05299137>"
"baseline-stall-entry","0","84.056","after-step","True","True","True","317","307","317",,,,,"<0.33702713, 1.1418195, 95.96226>","<0.06763225, 1.1442906, 85.99795>","<1.1836722, -0.014537796, -0.07704071>"
"baseline-stall-entry","0","98.9336","before-step","True","True","True","317","307","317",,,,,"<0.33702713, 1.1418195, 95.96226>","<0.06763225, 1.1442906, 85.99795>","<1.1836722, -0.014537796, -0.07704071>"
"baseline-stall-entry","0","99.8602","after-step","True","True","True","318","307","318",,,,,"<0.37977564, 1.1415756, 95.95401>","<0.08736012, 1.1440482, 85.996666>","<1.3358849, -0.015843824, -0.10672068>"
"baseline-stall-entry","0","144.9903","before-step","True","True","True","318","307","318",,,,,"<0.37977564, 1.1415756, 95.95401>","<0.08736012, 1.1440482, 85.996666>","<1.3358849, -0.015843824, -0.10672068>"
"baseline-stall-entry","0","146.0277","after-step","True","True","True","319","307","319",,,,,"<0.42509043, 1.1413494, 95.94473>","<0.10962487, 1.1437842, 85.99489>","<1.4885454, -0.016756028, -0.14166783>"
"baseline-stall-entry","0","146.2573","before-step","True","True","True","319","307","319",,,,,"<0.42509043, 1.1413494, 95.94473>","<0.10962487, 1.1437842, 85.99489>","<1.4885454, -0.016756028, -0.14166783>"
"baseline-stall-entry","0","146.8449","after-step","True","True","True","320","307","320",,,,,"<0.4729683, 1.1411425, 95.93437>","<0.13443395, 1.1435049, 85.99253>","<1.6416138, -0.017293602, -0.18133992>"
"baseline-stall-entry","0","175.6402","before-step","True","True","True","320","307","320",,,,,"<0.4729683, 1.1411425, 95.93437>","<0.13443395, 1.1435049, 85.99253>","<1.6416138, -0.017293602, -0.18133992>"
"baseline-stall-entry","0","176.4774","after-step","True","True","True","321","307","321",,,,,"<0.52340466, 1.1409558, 95.9229>","<0.16179419, 1.1432166, 85.98951>","<1.7950344, -0.017487094, -0.22522771>"
"baseline-stall-entry","0","176.5639","before-step","True","True","True","321","307","321",,,,,"<0.52340466, 1.1409558, 95.9229>","<0.16179419, 1.1432166, 85.98951>","<1.7950344, -0.017487094, -0.22522771>"
"baseline-stall-entry","0","177.1249","after-step","True","True","True","322","307","322",,,,,"<0.57639337, 1.1407899, 95.910255>","<0.19171143, 1.1429251, 85.985756>","<1.948741, -0.017373398, -0.2728804>"
"baseline-stall-entry","0","190.9679","before-step","True","True","True","322","307","322",,,,,"<0.57639337, 1.1407899, 95.910255>","<0.19171143, 1.1429251, 85.985756>","<1.948741, -0.017373398, -0.2728804>"
"baseline-stall-entry","0","191.8664","after-step","True","True","True","323","307","323",,,,,"<0.6319269, 1.140645, 95.89641>","<0.22419044, 1.1426356, 85.98121>","<2.1026602, -0.016992092, -0.3239174>"
"baseline-stall-entry","0","206.6583","before-step","True","True","True","323","307","323",,,,,"<0.6319269, 1.140645, 95.89641>","<0.22419044, 1.1426356, 85.98121>","<2.1026602, -0.016992092, -0.3239174>"
"baseline-stall-entry","0","207.4614","after-step","True","True","True","324","307","324",,,,,"<0.68999606, 1.1405212, 95.88132>","<0.2592348, 1.1423523, 85.97581>","<2.256715, -0.016383097, -0.37803146>"
"baseline-stall-entry","0","222.0484","before-step","True","True","True","324","307","324",,,,,"<0.68999606, 1.1405212, 95.88132>","<0.2592348, 1.1423523, 85.97581>","<2.256715, -0.016383097, -0.37803146>"
"baseline-stall-entry","0","222.8554","after-step","True","True","True","325","307","325",,,,,"<0.7505901, 1.1404179, 95.86493>","<0.2968467, 1.1420792, 85.969505>","<2.4108257, -0.015585616, -0.43498686>"
"baseline-stall-entry","0","237.428","before-step","True","True","True","325","307","325",,,,,"<0.7505901, 1.1404179, 95.86493>","<0.2968467, 1.1420792, 85.969505>","<2.4108257, -0.015585616, -0.43498686>"
"baseline-stall-entry","0","238.4042","after-step","True","True","True","326","307","326",,,,,"<0.8136965, 1.1403348, 95.84719>","<0.33702713, 1.1418195, 85.96226>","<2.5649107, -0.014636308, -0.4946142>"
"baseline-stall-entry","0","252.7324","before-step","True","True","True","326","307","326",,,,,"<0.8136965, 1.1403348, 95.84719>","<0.33702713, 1.1418195, 85.96226>","<2.5649107, -0.014636308, -0.4946142>"
"baseline-stall-entry","0","253.5441","after-step","True","True","True","327","307","327",,,,,"<0.8793009, 1.1402711, 95.82806>","<0.37977564, 1.1415756, 85.95401>","<2.7188873, -0.013569236, -0.556804>"
"baseline-stall-entry","0","268.2825","before-step","True","True","True","327","307","327",,,,,"<0.8793009, 1.1402711, 95.82806>","<0.37977564, 1.1415756, 85.95401>","<2.7188873, -0.013569236, -0.556804>"
"baseline-stall-entry","0","269.1312","after-step","True","True","True","328","307","328",,,,,"<0.9473869, 1.1402259, 95.80748>","<0.42509043, 1.1413494, 85.94473>","<2.872672, -0.012415126, -0.6214994>"
"baseline-stall-entry","0","284.0729","before-step","True","True","True","328","307","328",,,,,"<0.9473869, 1.1402259, 95.80748>","<0.42509043, 1.1413494, 85.94473>","<2.872672, -0.012415126, -0.6214994>"
"baseline-stall-entry","0","284.9207","after-step","True","True","True","329","307","329",,,,,"<1.0179361, 1.1401982, 95.78539>","<0.4729683, 1.1411425, 85.93437>","<3.0261796, -0.01120159, -0.68868977>"
"baseline-stall-entry","0","299.6122","before-step","True","True","True","329","307","329",,,,,"<1.0179361, 1.1401982, 95.78539>","<0.4729683, 1.1411425, 85.93437>","<3.0261796, -0.01120159, -0.68868977>"
"baseline-stall-entry","0","300.4859","after-step","True","True","True","330","307","330",,,,,"<1.0909278, 1.1401871, 95.76174>","<0.52340466, 1.1409558, 85.9229>","<3.1793225, -0.009952918, -0.7584038>"
"baseline-stall-entry","0","331.2059","before-step","True","True","True","330","307","330",,,,,"<1.0909278, 1.1401871, 95.76174>","<0.52340466, 1.1409558, 85.9229>","<3.1793225, -0.009952918, -0.7584038>"
"baseline-stall-entry","0","332.0377","after-step","True","True","True","331","307","331",,,,,"<1.166339, 1.1401914, 95.736465>","<0.57639337, 1.1407899, 85.910255>","<3.3320107, -0.008690327, -0.83070326>"
"baseline-stall-entry","0","361.6153","before-step","True","True","True","331","307","331",,,,,"<1.166339, 1.1401914, 95.736465>","<0.57639337, 1.1407899, 85.910255>","<3.3320107, -0.008690327, -0.83070326>"
"baseline-stall-entry","0","362.3865","after-step","True","True","True","332","307","332",,,,,"<1.2441441, 1.14021, 95.709496>","<0.6319269, 1.140645, 85.89641>","<3.313197, -0.0074320436, -0.88254464>"
"baseline-stall-entry","0","362.4694","before-step","True","True","True","332","307","332",,,,,"<1.2441441, 1.14021, 95.709496>","<0.6319269, 1.140645, 85.89641>","<3.313197, -0.0074320436, -0.88254464>"
"baseline-stall-entry","0","363.2031","after-step","True","True","True","333","307","333",,,,,"<1.3243144, 1.1402415, 95.68077>","<0.68714684, 1.1405212, 85.8817>","<3.2951384, -0.005150974, -0.91748536>"
"baseline-stall-entry","0","392.4723","before-step","True","True","True","333","307","333",,,,,"<1.3243144, 1.1402415, 95.68077>","<0.68714684, 1.1405212, 85.8817>","<3.2951384, -0.005150974, -0.91748536>"
"baseline-stall-entry","0","393.4964","after-step","True","True","True","334","307","334",,,,,"<1.4068179, 1.1402836, 95.65022>","<0.7420658, 1.1404353, 85.86641>","<3.2781596, -0.0030730069, -0.9347797>"
"baseline-stall-entry","0","393.739","before-step","True","True","True","334","307","334",,,,,"<1.4068179, 1.1402836, 95.65022>","<0.7420658, 1.1404353, 85.86641>","<3.2781596, -0.0030730069, -0.9347797>"
"baseline-stall-entry","0","394.3162","after-step","True","True","True","335","307","335",,,,,"<1.4916197, 1.1403342, 95.617775>","<0.7967018, 1.1403841, 85.85083>","<3.2622712, -0.0017089844, -0.9378345>"
"baseline-stall-entry","0","407.6414","before-step","True","True","True","335","307","335",,,,,"<1.4916197, 1.1403342, 95.617775>","<0.7967018, 1.1403841, 85.85083>","<3.2622712, -0.0017089844, -0.9378345>"
"baseline-stall-entry","0","408.4241","after-step","True","True","True","336","307","336",,,,,"<1.5786817, 1.1403918, 95.58335>","<0.85107297, 1.1403556, 85.8352>","<3.247415, -0.0012631267, -0.9298964>"
"baseline-stall-entry","0","422.992","before-step","True","True","True","336","307","336",,,,,"<1.5786817, 1.1403918, 95.58335>","<0.85107297, 1.1403556, 85.8352>","<3.247415, -0.0012631267, -0.9298964>"
"baseline-stall-entry","0","423.6794","after-step","True","True","True","337","307","337",,,,,"<1.6679626, 1.1404544, 95.54688>","<0.90519655, 1.1403345, 85.8197>","<3.233507, -0.0013601333, -0.9136233>"
"baseline-stall-entry","0","438.4501","before-step","True","True","True","337","307","337",,,,,"<1.6679626, 1.1404544, 95.54688>","<0.90519655, 1.1403345, 85.8197>","<3.233507, -0.0013601333, -0.9136233>"
"baseline-stall-entry","0","439.2136","after-step","True","True","True","338","307","338",,,,,"<1.7594173, 1.1405206, 95.50829>","<0.9590883, 1.1403118, 85.804474>","<3.22046, -0.001740396, -0.89102596>"
"baseline-stall-entry","0","453.777","before-step","True","True","True","338","307","338",,,,,"<1.7594173, 1.1405206, 95.50829>","<0.9590883, 1.1403118, 85.804474>","<3.22046, -0.001740396, -0.89102596>"
"baseline-stall-entry","0","454.556","after-step","True","True","True","339","307","339",,,,,"<1.8529975, 1.1405889, 95.4675>","<1.0127627, 1.1402829, 85.78963>","<3.2081208, -0.002228275, -0.86420286>"
"baseline-stall-entry","0","469.4715","before-step","True","True","True","339","307","339",,,,,"<1.8529975, 1.1405889, 95.4675>","<1.0127627, 1.1402829, 85.78963>","<3.2081208, -0.002228275, -0.86420286>"
"baseline-stall-entry","0","470.2853","after-step","True","True","True","340","307","340",,,,,"<1.9486512, 1.140658, 95.424416>","<1.0662314, 1.1402457, 85.77522>","<3.1962237, -0.0027084649, -0.8357188>"
"baseline-stall-entry","0","484.7371","before-step","True","True","True","340","307","340",,,,,"<1.9486512, 1.140658, 95.424416>","<1.0662314, 1.1402457, 85.77522>","<3.1962237, -0.0027084649, -0.8357188>"
"baseline-stall-entry","0","485.413","after-step","True","True","True","341","307","341",,,,,"<2.0463223, 1.1407272, 95.378975>","<1.1195017, 1.1402005, 85.76129>","<3.1845675, -0.0031090677, -0.8071985>"
"baseline-stall-entry","0","500.1301","before-step","True","True","True","341","307","341",,,,,"<2.0463223, 1.1407272, 95.378975>","<1.1195017, 1.1402005, 85.76129>","<3.1845675, -0.0031090677, -0.8071985>"
"baseline-stall-entry","0","500.8614","after-step","True","True","True","342","307","342",,,,,"<2.145951, 1.1407952, 95.331085>","<1.1725779, 1.1401486, 85.74784>","<3.1730008, -0.0033890605, -0.77966243>"
"baseline-stall-entry","0","515.8101","before-step","True","True","True","342","307","342",,,,,"<2.145951, 1.1407952, 95.331085>","<1.1725779, 1.1401486, 85.74784>","<3.1730008, -0.0033890605, -0.77966243>"
"baseline-stall-entry","0","516.5516","after-step","True","True","True","343","307","343",,,,,"<2.2474737, 1.1408616, 95.28067>","<1.2254612, 1.1400921, 85.73485>","<3.1614115, -0.003529027, -0.75373083>"
"baseline-stall-entry","0","547.8665","before-step","True","True","True","343","307","343",,,,,"<2.2474737, 1.1408616, 95.28067>","<1.2254612, 1.1400921, 85.73485>","<3.1614115, -0.003529027, -0.75373083>"
"baseline-stall-entry","0","548.7113","after-step","True","True","True","344","307","344",,,,,"<2.3508222, 1.1409255, 95.227646>","<1.2781514, 1.1400334, 85.72228>","<3.1497202, -0.0035245866, -0.72975236>"
"baseline-stall-entry","0","577.1544","before-step","True","True","True","344","307","344",,,,,"<2.3508222, 1.1409255, 95.227646>","<1.2781514, 1.1400334, 85.72228>","<3.1497202, -0.0035245866, -0.72975236>"
"baseline-stall-entry","0","577.9877","after-step","True","True","True","345","307","345",,,,,"<2.4559247, 1.1409866, 95.17193>","<1.3306468, 1.1399746, 85.71012>","<3.137874, -0.0033813566, -0.70788676>"
"baseline-stall-entry","0","578.0798","before-step","True","True","True","345","307","345",,,,,"<2.4559247, 1.1409866, 95.17193>","<1.3306468, 1.1399746, 85.71012>","<3.137874, -0.0033813566, -0.70788676>"
"baseline-stall-entry","0","578.6511","after-step","True","True","True","346","307","346",,,,,"<2.5627062, 1.1410441, 95.11345>","<1.3829447, 1.1399182, 85.698326>","<3.125841, -0.0031115413, -0.68816274>"
"baseline-stall-entry","0","608.5287","before-step","True","True","True","346","307","346",,,,,"<2.5627062, 1.1410441, 95.11345>","<1.3829447, 1.1399182, 85.698326>","<3.125841, -0.0031115413, -0.68816274>"
"baseline-stall-entry","0","609.4324","after-step","True","True","True","347","307","347",,,,,"<2.6710918, 1.1410979, 95.05214>","<1.435042, 1.1398664, 85.68686>","<3.1136067, -0.0027311891, -0.67052>"
"baseline-stall-entry","0","609.5105","before-step","True","True","True","347","307","347",,,,,"<2.6710918, 1.1410979, 95.05214>","<1.435042, 1.1398664, 85.68686>","<3.1136067, -0.0027311891, -0.67052>"
"baseline-stall-entry","0","610.1474","after-step","True","True","True","348","307","348",,,,,"<2.781007, 1.1411477, 94.98794>","<1.4869355, 1.1398208, 85.67568>","<3.1011705, -0.0022582114, -0.65483963>"
"baseline-stall-entry","0","623.5882","before-step","True","True","True","348","307","348",,,,,"<2.781007, 1.1411477, 94.98794>","<1.4869355, 1.1398208, 85.67568>","<3.1011705, -0.0022582114, -0.65483963>"
"baseline-stall-entry","0","624.2674","after-step","True","True","True","349","307","349",,,,,"<2.892378, 1.1411936, 94.92081>","<1.5386217, 1.1397831, 85.664764>","<3.0885406, -0.0017110705, -0.6409676>"
"baseline-stall-entry","0","639.1004","before-step","True","True","True","349","307","349",,,,,"<2.892378, 1.1411936, 94.92081>","<1.5386217, 1.1397831, 85.664764>","<3.0885406, -0.0017110705, -0.6409676>"
"baseline-stall-entry","0","639.9648","after-step","True","True","True","350","307","350",,,,,"<3.005133, 1.1412356, 94.8507>","<1.5900973, 1.1397547, 85.65408>","<3.0757318, -0.0011079311, -0.62873226>"
"baseline-stall-entry","0","654.3699","before-step","True","True","True","350","307","350",,,,,"<3.005133, 1.1412356, 94.8507>","<1.5900973, 1.1397547, 85.65408>","<3.0757318, -0.0011079311, -0.62873226>"
"baseline-stall-entry","0","655.2292","after-step","True","True","True","351","307","351",,,,,"<3.119202, 1.1412741, 94.7776>","<1.6413594, 1.1397362, 85.64361>","<3.0627635, -0.0004659593, -0.6179564>"
"baseline-stall-entry","0","669.7644","before-step","True","True","True","351","307","351",,,,,"<3.119202, 1.1412741, 94.7776>","<1.6413594, 1.1397362, 85.64361>","<3.0627635, -0.0004659593, -0.6179564>"
"baseline-stall-entry","0","670.5953","after-step","True","True","True","352","307","352",,,,,"<3.2345195, 1.1413096, 94.7015>","<1.6924055, 1.1397284, 85.63331>","<3.0496569, 0.00019921362, -0.6084661>"
"baseline-stall-entry","0","685.1253","before-step","True","True","True","352","307","352",,,,,"<3.2345195, 1.1413096, 94.7015>","<1.6924055, 1.1397284, 85.63331>","<3.0496569, 0.00019921362, -0.6084661>"
"baseline-stall-entry","0","685.8986","after-step","True","True","True","353","307","353",,,,,"<3.3510253, 1.1413429, 94.62239>","<1.7432331, 1.1397318, 85.62317>","<3.0364342, 0.00087335706, -0.6000966>"
"baseline-stall-entry","0","700.6958","before-step","True","True","True","353","307","353",,,,,"<3.3510253, 1.1413429, 94.62239>","<1.7432331, 1.1397318, 85.62317>","<3.0364342, 0.00087335706, -0.6000966>"
"baseline-stall-entry","0","701.4746","after-step","True","True","True","354","307","354",,,,,"<3.468666, 1.1413747, 94.54028>","<1.7938403, 1.1397463, 85.61317>","<3.0231168, 0.0015442222, -0.59269565>"
"baseline-stall-entry","0","716.1349","before-step","True","True","True","354","307","354",,,,,"<3.468666, 1.1413747, 94.54028>","<1.7938403, 1.1397463, 85.61317>","<3.0231168, 0.0015442222, -0.59269565>"
"baseline-stall-entry","0","716.817","after-step","True","True","True","355","307","355",,,,,"<3.5873957, 1.1414062, 94.45521>","<1.8442255, 1.139772, 85.60329>","<3.0097253, 0.0022012591, -0.58612525>"
"baseline-stall-entry","0","747.8443","before-step","True","True","True","355","307","355",,,,,"<3.5873957, 1.1414062, 94.45521>","<1.8442255, 1.139772, 85.60329>","<3.0097253, 0.0022012591, -0.58612525>"
"baseline-stall-entry","0","748.6208","after-step","True","True","True","356","307","356",,,,,"<3.707176, 1.1414384, 94.3672>","<1.8943876, 1.1398088, 85.59352>","<2.996279, 0.002835527, -0.5802622>"
"baseline-stall-entry","1","750.4695","stall-after","True","True","True","306","297","316","297","308","10","0","<0.050433505, 1.1445045, 85.99883>","<0, 1.1449987, 86>","<0, 2.6375055E-06, 0>"
"baseline-stall-entry","1","750.4874","before-step","True","True","True","306","297","316","297","308","10","0","<0.050433505, 1.1445045, 85.99883>","<0, 1.1449987, 86>","<0, 2.6375055E-06, 0>"
"baseline-stall-entry","1","750.8791","correction","True","True","True","354","307","354","307","308","0","1.785561","<1.7938403, 1.1397463, 85.61317>","<1.7938403, 1.1397463, 85.61317>","<3.0231168, 0.0015442222, -0.59269565>"
"baseline-stall-entry","1","751.6785","after-step","True","True","True","354","307","355","307","309","1","1.785561","<1.8442255, 1.139772, 85.60329>","<1.7938403, 1.1397463, 85.61317>","<3.0231168, 0.0015442222, -0.59269565>"
"baseline-stall-entry","1","754.3117","before-step","True","True","True","354","307","355","307","309","1","1.785561","<1.8442255, 1.139772, 85.60329>","<1.7938403, 1.1397463, 85.61317>","<3.0231168, 0.0015442222, -0.59269565>"
"baseline-stall-entry","1","754.5379","after-step","True","True","True","354","307","356","307","310","2","1.785561","<1.896745, 1.1398088, 85.592926>","<1.7938403, 1.1397463, 85.61317>","<3.0231168, 0.0015442222, -0.59269565>"
"baseline-stall-entry","1","754.6275","before-step","True","True","True","354","307","356","307","310","2","1.785561","<1.896745, 1.1398088, 85.592926>","<1.7938403, 1.1397463, 85.61317>","<3.0231168, 0.0015442222, -0.59269565>"
"baseline-stall-entry","1","754.8428","after-step","True","True","True","354","307","357","307","311","3","1.785561","<1.9516869, 1.1398728, 85.58179>","<1.7938403, 1.1397463, 85.61317>","<3.0231168, 0.0015442222, -0.59269565>"
"baseline-stall-entry","1","755.039","before-step","True","True","True","354","307","357","307","311","3","1.785561","<1.9516869, 1.1398728, 85.58179>","<1.7938403, 1.1397463, 85.61317>","<3.0231168, 0.0015442222, -0.59269565>"
"baseline-stall-entry","1","755.1777","after-step","True","True","True","354","307","358","307","312","4","1.785561","<2.0090516, 1.1399521, 85.569664>","<1.7938403, 1.1397463, 85.61317>","<3.0231168, 0.0015442222, -0.59269565>"
"baseline-stall-entry","1","755.2153","before-step","True","True","True","354","307","358","307","312","4","1.785561","<2.0090516, 1.1399521, 85.569664>","<1.7938403, 1.1397463, 85.61317>","<3.0231168, 0.0015442222, -0.59269565>"
"baseline-stall-entry","1","755.3391","after-step","True","True","True","354","307","359","307","313","5","1.785561","<2.0687995, 1.1400281, 85.55639>","<1.7938403, 1.1397463, 85.61317>","<3.0231168, 0.0015442222, -0.59269565>"
"baseline-stall-entry","1","755.3717","before-step","True","True","True","354","307","359","307","313","5","1.785561","<2.0687995, 1.1400281, 85.55639>","<1.7938403, 1.1397463, 85.61317>","<3.0231168, 0.0015442222, -0.59269565>"
"baseline-stall-entry","1","755.4984","after-step","True","True","True","354","307","360","307","314","6","1.785561","<2.1308935, 1.1400905, 85.5418>","<1.7938403, 1.1397463, 85.61317>","<3.0231168, 0.0015442222, -0.59269565>"
"baseline-stall-entry","1","755.6704","before-step","True","True","True","354","307","360","307","314","6","1.785561","<2.1308935, 1.1400905, 85.5418>","<1.7938403, 1.1397463, 85.61317>","<3.0231168, 0.0015442222, -0.59269565>"
"baseline-stall-entry","1","755.7862","after-step","True","True","True","354","307","361","307","315","7","1.785561","<2.1953018, 1.140134, 85.52576>","<1.7938403, 1.1397463, 85.61317>","<3.0231168, 0.0015442222, -0.59269565>"
"baseline-stall-entry","1","755.8171","before-step","True","True","True","354","307","361","307","315","7","1.785561","<2.1953018, 1.140134, 85.52576>","<1.7938403, 1.1397463, 85.61317>","<3.0231168, 0.0015442222, -0.59269565>"
"baseline-stall-entry","1","755.929","after-step","True","True","True","354","307","362","307","316","8","1.785561","<2.2619975, 1.140157, 85.50813>","<1.7938403, 1.1397463, 85.61317>","<3.0231168, 0.0015442222, -0.59269565>"
"baseline-stall-entry","1","755.9593","before-step","True","True","True","354","307","362","307","316","8","1.785561","<2.2619975, 1.140157, 85.50813>","<1.7938403, 1.1397463, 85.61317>","<3.0231168, 0.0015442222, -0.59269565>"
"baseline-stall-entry","1","756.0733","after-step","True","True","True","354","307","363","307","317","9","1.785561","<2.3309605, 1.1401603, 85.48884>","<1.7938403, 1.1397463, 85.61317>","<3.0231168, 0.0015442222, -0.59269565>"
"baseline-stall-entry","1","770.9508","before-step","True","True","True","354","307","363","307","317","9","1.785561","<2.3309605, 1.1401603, 85.48884>","<1.7938403, 1.1397463, 85.61317>","<3.0231168, 0.0015442222, -0.59269565>"
"baseline-stall-entry","1","771.2037","after-step","True","True","True","354","307","364","307","318","10","1.785561","<2.4021752, 1.140146, 85.4678>","<1.7938403, 1.1397463, 85.61317>","<3.0231168, 0.0015442222, -0.59269565>"
"baseline-stall-entry","0","778.2884","before-step","True","True","True","356","307","356",,,,,"<3.707176, 1.1414384, 94.3672>","<1.8943876, 1.1398088, 85.59352>","<2.996279, 0.002835527, -0.5802622>"
"baseline-stall-entry","0","779.2524","after-step","True","True","True","357","307","357",,,,,"<3.8279765, 1.1414725, 94.27631>","<1.9443256, 1.139856, 85.58385>","<2.9827948, 0.0034398884, -0.574998>"
"baseline-stall-entry","0","779.3401","before-step","True","True","True","357","307","357",,,,,"<3.8279765, 1.1414725, 94.27631>","<1.9443256, 1.139856, 85.58385>","<2.9827948, 0.0034398884, -0.574998>"
"baseline-stall-entry","0","780.0376","after-step","True","True","True","358","307","358",,,,,"<3.9497738, 1.1415098, 94.18259>","<1.9940388, 1.1399133, 85.574265>","<2.9692883, 0.0040085167, -0.5702383>"
"baseline-stall-entry","1","787.6178","before-step","True","True","True","354","307","364","307","318","10","1.785561","<2.4021752, 1.140146, 85.4678>","<1.7938403, 1.1397463, 85.61317>","<3.0231168, 0.0015442222, -0.59269565>"
"baseline-stall-entry","1","787.8733","after-step","True","True","True","354","307","365","307","319","11","1.785561","<2.4756277, 1.140117, 85.444954>","<1.7938403, 1.1397463, 85.61317>","<3.0231168, 0.0015442222, -0.59269565>"
"baseline-stall-entry","1","804.4476","before-step","True","True","True","354","307","365","307","319","11","1.785561","<2.4756277, 1.140117, 85.444954>","<1.7938403, 1.1397463, 85.61317>","<3.0231168, 0.0015442222, -0.59269565>"
"baseline-stall-entry","1","804.7938","after-step","True","True","True","354","307","366","307","320","12","1.785561","<2.5513043, 1.1400766, 85.42025>","<1.7938403, 1.1397463, 85.61317>","<3.0231168, 0.0015442222, -0.59269565>"
"baseline-stall-entry","0","809.4946","before-step","True","True","True","358","307","358",,,,,"<3.9497738, 1.1415098, 94.18259>","<1.9940388, 1.1399133, 85.574265>","<2.9692883, 0.0040085167, -0.5702383>"
"baseline-stall-entry","0","812.6868","after-step","True","True","True","359","312","359",,,,,"<4.072551, 1.1415517, 94.086075>","<2.043527, 1.1399801, 85.56476>","<3.0964527, 0.0045371205, -0.60240984>"
"baseline-stall-entry","0","812.7785","before-step","True","True","True","359","312","359",,,,,"<4.072551, 1.1415517, 94.086075>","<2.043527, 1.1399801, 85.56476>","<3.0964527, 0.0045371205, -0.60240984>"
"baseline-stall-entry","0","813.5099","after-step","True","True","True","360","313","360",,,,,"<4.196295, 1.1415995, 93.98684>","<2.0951345, 1.1400557, 85.55472>","<3.2409792, 0.005829349, -0.6505641>"
"baseline-stall-entry","1","820.9558","before-step","True","True","True","354","307","366","307","320","12","1.785561","<2.5513043, 1.1400766, 85.42025>","<1.7938403, 1.1397463, 85.61317>","<3.0231168, 0.0015442222, -0.59269565>"
"baseline-stall-entry","1","822.4","correction","True","True","True","357","307","369","307","320","12","0.1442588","<2.6932075, 1.1402236, 85.39429>","<1.9443256, 1.139856, 85.58385>","<2.9827948, 0.0034398884, -0.574998>"
"baseline-stall-entry","1","822.5676","after-step","True","True","True","357","307","370","307","321","13","0.1442588","<2.7703657, 1.1401578, 85.36806>","<1.9443256, 1.139856, 85.58385>","<2.9827948, 0.0034398884, -0.574998>"
"baseline-stall-entry","1","837.6189","before-step","True","True","True","357","307","370","307","321","13","0.1442588","<2.7703657, 1.1401578, 85.36806>","<1.9443256, 1.139856, 85.58385>","<2.9827948, 0.0034398884, -0.574998>"
"baseline-stall-entry","1","837.9121","after-step","True","True","True","357","307","371","307","322","14","0.1442588","<2.849722, 1.1400868, 85.33989>","<1.9443256, 1.139856, 85.58385>","<2.9827948, 0.0034398884, -0.574998>"
"baseline-stall-entry","0","840.3633","before-step","True","True","True","360","313","360",,,,,"<4.196295, 1.1415995, 93.98684>","<2.0951345, 1.1400557, 85.55472>","<3.2409792, 0.005829349, -0.6505641>"
"baseline-stall-entry","0","841.2318","after-step","True","True","True","361","314","361",,,,,"<4.320997, 1.1416544, 93.88493>","<2.1491508, 1.1401528, 85.54388>","<3.3853564, 0.00588201, -0.7098718>"
"baseline-stall-entry","0","841.4343","before-step","True","True","True","361","314","361",,,,,"<4.320997, 1.1416544, 93.88493>","<2.1491508, 1.1401528, 85.54388>","<3.3853564, 0.00588201, -0.7098718>"
"baseline-stall-entry","0","842.0527","after-step","True","True","True","362","315","362",,,,,"<4.4466534, 1.1417173, 93.78041>","<2.2055736, 1.1402508, 85.53204>","<3.527587, 0.005019814, -0.7787936>"
"baseline-stall-entry","1","854.2923","before-step","True","True","True","357","307","371","307","322","14","0.1442588","<2.849722, 1.1400868, 85.33989>","<1.9443256, 1.139856, 85.58385>","<2.9827948, 0.0034398884, -0.574998>"
"baseline-stall-entry","1","854.5916","after-step","True","True","True","357","307","372","307","323","15","0.1442588","<2.93126, 1.1400138, 85.309746>","<1.9443256, 1.139856, 85.58385>","<2.9827948, 0.0034398884, -0.574998>"
"baseline-stall-entry","0","855.7383","before-step","True","True","True","362","315","362",,,,,"<4.4466534, 1.1417173, 93.78041>","<2.2055736, 1.1402508, 85.53204>","<3.527587, 0.005019814, -0.7787936>"
"baseline-stall-entry","0","856.6503","after-step","True","True","True","363","316","363",,,,,"<4.573261, 1.141787, 93.67332>","<2.2643666, 1.1403345, 85.519066>","<3.6678193, 0.0036741942, -0.85642743>"
"baseline-stall-entry","1","870.9637","before-step","True","True","True","357","307","372","307","323","15","0.1442588","<2.93126, 1.1400138, 85.309746>","<1.9443256, 1.139856, 85.58385>","<2.9827948, 0.0034398884, -0.574998>"
"baseline-stall-entry","0","870.9712","before-step","True","True","True","363","316","363",,,,,"<4.573261, 1.141787, 93.67332>","<2.2643666, 1.1403345, 85.519066>","<3.6678193, 0.0036741942, -0.85642743>"
"baseline-stall-entry","0","871.7657","after-step","True","True","True","364","317","364",,,,,"<4.70082, 1.1418625, 93.563705>","<2.325497, 1.1403958, 85.50479>","<3.8063533, 0.002139002, -0.9420855>"
"baseline-stall-entry","1","872.3284","correction","True","True","True","360","313","369","313","323","9","0.28413552","<2.6653662, 1.1403441, 85.40991>","<2.0951345, 1.1400557, 85.55472>","<3.2409792, 0.005829349, -0.6505641>"
"baseline-stall-entry","1","872.4833","after-step","True","True","True","360","313","370","313","324","10","0.28413552","<2.7400703, 1.1402812, 85.38567>","<2.0951345, 1.1400557, 85.55472>","<3.2409792, 0.005829349, -0.6505641>"
"baseline-stall-entry","0","886.3601","before-step","True","True","True","364","317","364",,,,,"<4.70082, 1.1418625, 93.563705>","<2.325497, 1.1403958, 85.50479>","<3.8063533, 0.002139002, -0.9420855>"
"baseline-stall-entry","0","887.1984","after-step","True","True","True","365","318","365",,,,,"<4.8293343, 1.141941, 93.45163>","<2.388936, 1.1404314, 85.48909>","<3.9434054, 0.00060623884, -1.0351996>"
"baseline-stall-entry","1","887.6156","before-step","True","True","True","360","313","370","313","324","10","0.28413552","<2.7400703, 1.1402812, 85.38567>","<2.0951345, 1.1400557, 85.55472>","<3.2409792, 0.005829349, -0.6505641>"
"baseline-stall-entry","1","887.857","after-step","True","True","True","360","313","371","313","325","11","0.28413552","<2.8169878, 1.1402094, 85.35955>","<2.0951345, 1.1400557, 85.55472>","<3.2409792, 0.005829349, -0.6505641>"
"baseline-stall-entry","0","901.8216","before-step","True","True","True","365","318","365",,,,,"<4.8293343, 1.141941, 93.45163>","<2.388936, 1.1404314, 85.48909>","<3.9434054, 0.00060623884, -1.0351996>"
"baseline-stall-entry","0","902.7891","after-step","True","True","True","366","319","366",,,,,"<4.958811, 1.1420195, 93.33713>","<2.4546595, 1.1404415, 85.47184>","<4.0793357, -0.000804469, -1.1340898>"
"baseline-stall-entry","1","904.2847","before-step","True","True","True","360","313","371","313","325","11","0.28413552","<2.8169878, 1.1402094, 85.35955>","<2.0951345, 1.1400557, 85.55472>","<3.2409792, 0.005829349, -0.6505641>"
"baseline-stall-entry","1","904.3958","correction","True","True","True","363","316","371","316","325","8","0","<2.8169878, 1.1402094, 85.35955>","<2.2643666, 1.1403345, 85.519066>","<3.6678193, 0.0036741942, -0.85642743>"
"baseline-stall-entry","1","904.6017","after-step","True","True","True","363","316","372","316","326","9","0","<2.8961043, 1.1401325, 85.3315>","<2.2643666, 1.1403345, 85.519066>","<3.6678193, 0.0036741942, -0.85642743>"
"baseline-stall-entry","0","917.0585","before-step","True","True","True","366","319","366",,,,,"<4.958811, 1.1420195, 93.33713>","<2.4546595, 1.1404415, 85.47184>","<4.0793357, -0.000804469, -1.1340898>"
"baseline-stall-entry","0","917.8413","after-step","True","True","True","367","320","367",,,,,"<5.0892606, 1.1420962, 93.22024>","<2.5226483, 1.1404282, 85.45294>","<4.214391, -0.002024144, -1.2374252>"
"baseline-stall-entry","1","920.9452","before-step","True","True","True","363","316","372","316","326","9","0","<2.8961043, 1.1401325, 85.3315>","<2.2643666, 1.1403345, 85.519066>","<3.6678193, 0.0036741942, -0.85642743>"
"baseline-stall-entry","1","921.1855","after-step","True","True","True","363","316","373","316","327","10","0","<2.977404, 1.1400537, 85.301476>","<2.2643666, 1.1403345, 85.519066>","<3.6678193, 0.0036741942, -0.85642743>"
"baseline-stall-entry","0","932.2019","before-step","True","True","True","367","320","367",,,,,"<5.0892606, 1.1420962, 93.22024>","<2.5226483, 1.1404282, 85.45294>","<4.214391, -0.002024144, -1.2374252>"
"baseline-stall-entry","0","933.1804","after-step","True","True","True","368","321","368",,,,,"<5.2206993, 1.1421692, 93.101006>","<2.592888, 1.1403944, 85.43232>","<4.348687, -0.003018558, -1.34438>"
"baseline-stall-entry","1","937.6136","before-step","True","True","True","363","316","373","316","327","10","0","<2.977404, 1.1400537, 85.301476>","<2.2643666, 1.1403345, 85.519066>","<3.6678193, 0.0036741942, -0.85642743>"
"baseline-stall-entry","1","937.7188","correction","True","True","True","366","319","373","319","327","7","0","<2.977404, 1.1400537, 85.301476>","<2.4546595, 1.1404415, 85.47184>","<4.0793357, -0.000804469, -1.1340898>"
"baseline-stall-entry","1","937.9212","after-step","True","True","True","366","319","374","319","328","8","0","<3.0608692, 1.139976, 85.26944>","<2.4546595, 1.1404415, 85.47184>","<4.0793357, -0.000804469, -1.1340898>"
"baseline-stall-entry","1","954.2771","before-step","True","True","True","366","319","374","319","328","8","0","<3.0608692, 1.139976, 85.26944>","<2.4546595, 1.1404415, 85.47184>","<4.0793357, -0.000804469, -1.1340898>"
"baseline-stall-entry","1","954.5245","after-step","True","True","True","366","319","375","319","329","9","0","<3.1464787, 1.1399018, 85.23534>","<2.4546595, 1.1404415, 85.47184>","<4.0793357, -0.000804469, -1.1340898>"
"baseline-stall-entry","1","970.9486","before-step","True","True","True","366","319","375","319","329","9","0","<3.1464787, 1.1399018, 85.23534>","<2.4546595, 1.1404415, 85.47184>","<4.0793357, -0.000804469, -1.1340898>"
"baseline-stall-entry","1","971.2243","after-step","True","True","True","366","319","376","319","330","10","0","<3.2342086, 1.1398331, 85.19913>","<2.4546595, 1.1404415, 85.47184>","<4.0793357, -0.000804469, -1.1340898>"
"baseline-stall-entry","0","978.2651","before-step","True","True","True","368","321","368",,,,,"<5.2206993, 1.1421692, 93.101006>","<2.592888, 1.1403944, 85.43232>","<4.348687, -0.003018558, -1.34438>"
"baseline-stall-entry","0","979.1586","after-step","True","True","True","369","322","369",,,,,"<5.353147, 1.1422368, 92.97947>","<2.6653662, 1.1403441, 85.40991>","<4.48225, -0.0037769973, -1.4544554>"
"baseline-stall-entry","0","979.2352","before-step","True","True","True","369","322","369",,,,,"<5.353147, 1.1422368, 92.97947>","<2.6653662, 1.1403441, 85.40991>","<4.48225, -0.0037769973, -1.4544554>"
"baseline-stall-entry","0","979.8691","after-step","True","True","True","370","323","370",,,,,"<5.4866285, 1.1422973, 92.85567>","<2.7400703, 1.1402812, 85.38567>","<4.6150465, -0.0043040216, -1.5673695>"
"baseline-stall-entry","1","987.6123","before-step","True","True","True","366","319","376","319","330","10","0","<3.2342086, 1.1398331, 85.19913>","<2.4546595, 1.1404415, 85.47184>","<4.0793357, -0.000804469, -1.1340898>"
"baseline-stall-entry","1","987.8738","after-step","True","True","True","366","319","377","319","331","11","0","<3.3240323, 1.1397717, 85.16075>","<2.4546595, 1.1404415, 85.47184>","<4.0793357, -0.000804469, -1.1340898>"
"candidate-stall-entry","1","-99.9973","before-step","True","True","True","300","294","308","294","303","8","0","<0, 1.1449987, 86>","<0, 1.1449987, 86>","<0, 2.6375055E-06, 0>"
"candidate-stall-entry","1","-99.8931","correction","True","True","True","303","297","308","297","303","5","0","<0, 1.1449987, 86>","<0, 1.1449987, 86>","<0, 2.6375055E-06, 0>"
"candidate-stall-entry","1","-99.2255","after-step","True","True","True","303","297","309","297","304","6","0","<0.0021635122, 1.1449987, 86>","<0, 1.1449987, 86>","<0, 2.6375055E-06, 0>"
"candidate-stall-entry","0","-86.6094","before-step","True","True","True","304","298","304",,,,,"<0.013942769, 1.1449215, 95.999916>","<0, 1.1449987, 86>","<0, 2.6375055E-06, 0>"
"candidate-stall-entry","0","-85.7358","after-step","True","True","True","305","299","305",,,,,"<0.023594324, 1.1448239, 95.99974>","<0, 1.1449987, 86>","<0, 2.6375055E-06, 0>"
"candidate-stall-entry","0","-85.648","before-step","True","True","True","305","299","305",,,,,"<0.023594324, 1.1448239, 95.99974>","<0, 1.1449987, 86>","<0, 2.6375055E-06, 0>"
"candidate-stall-entry","0","-85.0545","after-step","True","True","True","306","300","306",,,,,"<0.035756372, 1.144684, 95.999405>","<0, 1.1449987, 86>","<0, 2.6375055E-06, 0>"
"candidate-stall-entry","1","-83.3321","before-step","True","True","True","303","297","309","297","304","6","0","<0.0021635122, 1.1449987, 86>","<0, 1.1449987, 86>","<0, 2.6375055E-06, 0>"
"candidate-stall-entry","1","-83.0333","after-step","True","True","True","303","297","310","297","305","7","0","<0.006799818, 1.1449777, 85.999985>","<0, 1.1449987, 86>","<0, 2.6375055E-06, 0>"
"candidate-stall-entry","1","-66.6632","before-step","True","True","True","303","297","310","297","305","7","0","<0.006799818, 1.1449777, 85.999985>","<0, 1.1449987, 86>","<0, 2.6375055E-06, 0>"
"candidate-stall-entry","1","-66.3578","after-step","True","True","True","303","297","311","297","306","8","0","<0.013942769, 1.1449215, 85.999916>","<0, 1.1449987, 86>","<0, 2.6375055E-06, 0>"
"candidate-stall-entry","0","-55.5303","before-step","True","True","True","306","300","306",,,,,"<0.035756372, 1.144684, 95.999405>","<0, 1.1449987, 86>","<0, 2.6375055E-06, 0>"
"candidate-stall-entry","0","-54.7038","after-step","True","True","True","307","301","307",,,,,"<0.050433505, 1.1445045, 95.99883>","<0, 1.1449987, 86>","<0, 2.6375055E-06, 0>"
"candidate-stall-entry","0","-54.4822","before-step","True","True","True","307","301","307",,,,,"<0.050433505, 1.1445045, 95.99883>","<0, 1.1449987, 86>","<0, 2.6375055E-06, 0>"
"candidate-stall-entry","0","-53.9065","after-step","True","True","True","308","302","308",,,,,"<0.06763225, 1.1442906, 95.99795>","<0, 1.1449987, 86>","<0.12981074, 2.6375055E-06, 0>"
"candidate-stall-entry","1","-49.998","before-step","True","True","True","303","297","311","297","306","8","0","<0.013942769, 1.1449215, 85.999916>","<0, 1.1449987, 86>","<0, 2.6375055E-06, 0>"
"candidate-stall-entry","1","-49.8874","correction","True","True","True","306","300","311","300","306","5","0","<0.013942769, 1.1449215, 85.999916>","<0, 1.1449987, 86>","<0, 2.6375055E-06, 0>"
"candidate-stall-entry","1","-49.6606","after-step","True","True","True","306","300","312","300","307","6","0","<0.023594324, 1.1448239, 85.99974>","<0, 1.1449987, 86>","<0, 2.6375055E-06, 0>"
"candidate-stall-entry","0","-40.1301","before-step","True","True","True","308","302","308",,,,,"<0.06763225, 1.1442906, 95.99795>","<0, 1.1449987, 86>","<0.12981074, 2.6375055E-06, 0>"
"candidate-stall-entry","0","-39.3486","after-step","True","True","True","309","303","309",,,,,"<0.08736012, 1.1440482, 95.996666>","<0.0021635122, 1.1449987, 86>","<0.27817836, -0.0012573153, -0.0010406761>"
"candidate-stall-entry","1","-33.3289","before-step","True","True","True","306","300","312","300","307","6","0","<0.023594324, 1.1448239, 85.99974>","<0, 1.1449987, 86>","<0, 2.6375055E-06, 0>"
"candidate-stall-entry","1","-33.0505","after-step","True","True","True","306","300","313","300","308","7","0","<0.035756372, 1.144684, 85.999405>","<0, 1.1449987, 86>","<0, 2.6375055E-06, 0>"
"candidate-stall-entry","0","-24.9106","before-step","True","True","True","309","303","309",,,,,"<0.08736012, 1.1440482, 95.996666>","<0.0021635122, 1.1449987, 86>","<0.27817836, -0.0012573153, -0.0010406761>"
"candidate-stall-entry","0","-23.953","after-step","True","True","True","310","304","310",,,,,"<0.10962487, 1.1437842, 95.99489>","<0.006799818, 1.1449777, 85.999985>","<0.428577, -0.0033678412, -0.004199442>"
"candidate-stall-entry","1","-16.6676","before-step","True","True","True","306","300","313","300","308","7","0","<0.035756372, 1.144684, 85.999405>","<0, 1.1449987, 86>","<0, 2.6375055E-06, 0>"
"candidate-stall-entry","1","-16.363","after-step","True","True","True","306","300","314","300","309","8","0","<0.050433505, 1.1445045, 85.99883>","<0, 1.1449987, 86>","<0, 2.6375055E-06, 0>"
"candidate-stall-entry","0","-9.5411","before-step","True","True","True","310","304","310",,,,,"<0.10962487, 1.1437842, 95.99489>","<0.006799818, 1.1449777, 85.999985>","<0.428577, -0.0033678412, -0.004199442>"
"candidate-stall-entry","0","-8.6588","after-step","True","True","True","311","305","311",,,,,"<0.13443395, 1.1435049, 95.99253>","<0.013942769, 1.1449215, 85.999916>","<0.57909334, -0.0058600903, -0.010326071>"
"candidate-stall-entry","1","0","stall-before","True","True","True","306","300","314","300","309","8","0","<0.050433505, 1.1445045, 85.99883>","<0, 1.1449987, 86>","<0, 2.6375055E-06, 0>"
"candidate-stall-entry","0","6.0214","before-step","True","True","True","311","305","311",,,,,"<0.13443395, 1.1435049, 95.99253>","<0.013942769, 1.1449215, 85.999916>","<0.57909334, -0.0058600903, -0.010326071>"
"candidate-stall-entry","0","7.0152","after-step","True","True","True","312","306","312",,,,,"<0.16179419, 1.1432166, 95.98951>","<0.023594324, 1.1448239, 85.99974>","<0.72972286, -0.008398801, -0.020118166>"
"candidate-stall-entry","0","21.161","before-step","True","True","True","312","306","312",,,,,"<0.16179419, 1.1432166, 95.98951>","<0.023594324, 1.1448239, 85.99974>","<0.72972286, -0.008398801, -0.020118166>"
"candidate-stall-entry","0","21.9639","after-step","True","True","True","313","307","313",,,,,"<0.19171143, 1.1429251, 95.985756>","<0.035756372, 1.144684, 85.999405>","<0.880628, -0.0107675195, -0.034168422>"
"candidate-stall-entry","0","36.5602","before-step","True","True","True","313","307","313",,,,,"<0.19171143, 1.1429251, 95.985756>","<0.035756372, 1.144684, 85.999405>","<0.880628, -0.0107675195, -0.034168422>"
"candidate-stall-entry","0","37.3492","after-step","True","True","True","314","308","314",,,,,"<0.22419044, 1.1426356, 95.98121>","<0.050433505, 1.1445045, 85.99883>","<1.0319247, -0.012836754, -0.05299137>"
"candidate-stall-entry","0","51.9668","before-step","True","True","True","314","308","314",,,,,"<0.22419044, 1.1426356, 95.98121>","<0.050433505, 1.1445045, 85.99883>","<1.0319247, -0.012836754, -0.05299137>"
"candidate-stall-entry","0","52.7799","after-step","True","True","True","315","308","315",,,,,"<0.2592348, 1.1423523, 95.97581>","<0.06763225, 1.1442906, 85.99795>","<1.1836722, -0.014537796, -0.07704071>"
"candidate-stall-entry","0","67.4656","before-step","True","True","True","315","308","315",,,,,"<0.2592348, 1.1423523, 95.97581>","<0.06763225, 1.1442906, 85.99795>","<1.1836722, -0.014537796, -0.07704071>"
"candidate-stall-entry","0","68.2007","after-step","True","True","True","316","308","316",,,,,"<0.2968467, 1.1420792, 95.969505>","<0.08736012, 1.1440482, 85.996666>","<1.3358849, -0.015843824, -0.10672068>"
"candidate-stall-entry","0","113.5412","before-step","True","True","True","316","308","316",,,,,"<0.2968467, 1.1420792, 95.969505>","<0.08736012, 1.1440482, 85.996666>","<1.3358849, -0.015843824, -0.10672068>"
"candidate-stall-entry","0","114.3479","after-step","True","True","True","317","308","317",,,,,"<0.33702713, 1.1418195, 95.96226>","<0.10962487, 1.1437842, 85.99489>","<1.4885454, -0.016756028, -0.14166783>"
"candidate-stall-entry","0","114.4282","before-step","True","True","True","317","308","317",,,,,"<0.33702713, 1.1418195, 95.96226>","<0.10962487, 1.1437842, 85.99489>","<1.4885454, -0.016756028, -0.14166783>"
"candidate-stall-entry","0","115.2251","after-step","True","True","True","318","308","318",,,,,"<0.37977564, 1.1415756, 95.95401>","<0.13443395, 1.1435049, 85.99253>","<1.481494, -0.017293602, -0.16886266>"
"candidate-stall-entry","0","144.5403","before-step","True","True","True","318","308","318",,,,,"<0.37977564, 1.1415756, 95.95401>","<0.13443395, 1.1435049, 85.99253>","<1.481494, -0.017293602, -0.16886266>"
"candidate-stall-entry","0","145.419","after-step","True","True","True","319","308","319",,,,,"<0.42509043, 1.1413494, 95.94473>","<0.15912552, 1.1432166, 85.989716>","<1.4744947, -0.015998185, -0.18496884>"
"candidate-stall-entry","0","145.797","before-step","True","True","True","319","308","319",,,,,"<0.42509043, 1.1413494, 95.94473>","<0.15912552, 1.1432166, 85.989716>","<1.4744947, -0.015998185, -0.18496884>"
"candidate-stall-entry","0","146.432","after-step","True","True","True","320","308","320",,,,,"<0.4729683, 1.1411425, 95.93437>","<0.18370043, 1.1429499, 85.98663>","<1.4675688, -0.013642594, -0.1918342>"
"candidate-stall-entry","0","159.6982","before-step","True","True","True","320","308","320",,,,,"<0.4729683, 1.1411425, 95.93437>","<0.18370043, 1.1429499, 85.98663>","<1.4675688, -0.013642594, -0.1918342>"
"candidate-stall-entry","0","160.6089","after-step","True","True","True","321","308","321",,,,,"<0.52340466, 1.1409558, 95.9229>","<0.20815991, 1.1427226, 85.98344>","<1.4607311, -0.011020884, -0.19143543>"
"candidate-stall-entry","0","174.8599","before-step","True","True","True","321","308","321",,,,,"<0.52340466, 1.1409558, 95.9229>","<0.20815991, 1.1427226, 85.98344>","<1.4607311, -0.011020884, -0.19143543>"
"candidate-stall-entry","0","175.6621","after-step","True","True","True","322","308","322",,,,,"<0.57639337, 1.1407899, 95.910255>","<0.23250543, 1.1425389, 85.98025>","<1.4539824, -0.008522868, -0.18615046>"
"candidate-stall-entry","0","190.2422","before-step","True","True","True","322","308","322",,,,,"<0.57639337, 1.1407899, 95.910255>","<0.23250543, 1.1425389, 85.98025>","<1.4539824, -0.008522868, -0.18615046>"
"candidate-stall-entry","0","191.0702","after-step","True","True","True","323","308","323",,,,,"<0.6319269, 1.140645, 95.89641>","<0.25673845, 1.1423968, 85.97714>","<1.4473156, -0.0064022094, -0.17784905>"
"candidate-stall-entry","0","205.8035","before-step","True","True","True","323","308","323",,,,,"<0.6319269, 1.140645, 95.89641>","<0.25673845, 1.1423968, 85.97714>","<1.4473156, -0.0064022094, -0.17784905>"
"candidate-stall-entry","0","206.6391","after-step","True","True","True","324","308","324",,,,,"<0.68999606, 1.1405212, 95.88132>","<0.2808604, 1.1422901, 85.974174>","<1.4407208, -0.0049665123, -0.16785268>"
"candidate-stall-entry","0","221.3842","before-step","True","True","True","324","308","324",,,,,"<0.68999606, 1.1405212, 95.88132>","<0.2808604, 1.1422901, 85.974174>","<1.4407208, -0.0049665123, -0.16785268>"
"candidate-stall-entry","0","222.3958","after-step","True","True","True","325","308","325",,,,,"<0.7505901, 1.1404179, 95.86493>","<0.3048724, 1.1422074, 85.971375>","<1.4341875, -0.0040446073, -0.15708064>"
"candidate-stall-entry","0","236.7461","before-step","True","True","True","325","308","325",,,,,"<0.7505901, 1.1404179, 95.86493>","<0.3048724, 1.1422074, 85.971375>","<1.4341875, -0.0040446073, -0.15708064>"
"candidate-stall-entry","0","237.4792","after-step","True","True","True","326","308","326",,,,,"<0.8136965, 1.1403348, 95.84719>","<0.32877553, 1.14214, 85.96876>","<1.427705, -0.0034492463, -0.14616026>"
"candidate-stall-entry","0","252.078","before-step","True","True","True","326","308","326",,,,,"<0.8136965, 1.1403348, 95.84719>","<0.32877553, 1.14214, 85.96876>","<1.427705, -0.0034492463, -0.14616026>"
"candidate-stall-entry","0","252.9184","after-step","True","True","True","327","308","327",,,,,"<0.8793009, 1.1402711, 95.82806>","<0.35257062, 1.1420826, 85.966324>","<1.421264, -0.0030501634, -0.13550836>"
"candidate-stall-entry","0","267.2659","before-step","True","True","True","327","308","327",,,,,"<0.8793009, 1.1402711, 95.82806>","<0.35257062, 1.1420826, 85.966324>","<1.421264, -0.0030501634, -0.13550836>"
"candidate-stall-entry","0","268.0874","after-step","True","True","True","328","308","328",,,,,"<0.9473869, 1.1402259, 95.80748>","<0.37625834, 1.1420318, 85.964066>","<1.4148566, -0.002758637, -0.1253905>"
"candidate-stall-entry","0","313.3598","before-step","True","True","True","328","308","328",,,,,"<0.9473869, 1.1402259, 95.80748>","<0.37625834, 1.1420318, 85.964066>","<1.4148566, -0.002758637, -0.1253905>"
"candidate-stall-entry","0","314.1513","after-step","True","True","True","329","308","329",,,,,"<1.0179361, 1.1401982, 95.78539>","<0.39983928, 1.1419858, 85.961975>","<1.4084761, -0.002515614, -0.11596407>"
"candidate-stall-entry","0","314.2411","before-step","True","True","True","329","308","329",,,,,"<1.0179361, 1.1401982, 95.78539>","<0.39983928, 1.1419858, 85.961975>","<1.4084761, -0.002515614, -0.11596407>"
"candidate-stall-entry","0","314.8501","after-step","True","True","True","330","308","330",,,,,"<1.0909278, 1.1401871, 95.76174>","<0.4233139, 1.1419438, 85.960045>","<1.4021178, -0.0022835732, -0.10730987>"
"candidate-stall-entry","0","343.9963","before-step","True","True","True","330","308","330",,,,,"<1.0909278, 1.1401871, 95.76174>","<0.4233139, 1.1419438, 85.960045>","<1.4021178, -0.0022835732, -0.10730987>"
"candidate-stall-entry","0","344.8649","after-step","True","True","True","331","308","331",,,,,"<1.166339, 1.1401914, 95.736465>","<0.4466825, 1.1419058, 85.95826>","<1.3957784, -0.0020402372, -0.09945534>"
"candidate-stall-entry","0","345.0895","before-step","True","True","True","331","308","331",,,,,"<1.166339, 1.1401914, 95.736465>","<0.4466825, 1.1419058, 85.95826>","<1.3957784, -0.0020402372, -0.09945534>"
"candidate-stall-entry","0","345.6971","after-step","True","True","True","332","308","332",,,,,"<1.2441441, 1.14021, 95.709496>","<0.4699455, 1.1418718, 85.956604>","<1.3894554, -0.001773715, -0.09239162>"
"candidate-stall-entry","0","359.8557","before-step","True","True","True","332","308","332",,,,,"<1.2441441, 1.14021, 95.709496>","<0.4699455, 1.1418718, 85.956604>","<1.3894554, -0.001773715, -0.09239162>"
"candidate-stall-entry","0","361.2233","after-step","True","True","True","333","308","333",,,,,"<1.3243144, 1.1402415, 95.68077>","<0.4931031, 1.1418422, 85.95506>","<1.3831477, -0.0014793575, -0.08608603>"
"candidate-stall-entry","0","375.365","before-step","True","True","True","333","308","333",,,,,"<1.3243144, 1.1402415, 95.68077>","<0.4931031, 1.1418422, 85.95506>","<1.3831477, -0.0014793575, -0.08608603>"
"candidate-stall-entry","0","376.1524","after-step","True","True","True","334","308","334",,,,,"<1.4068179, 1.1402836, 95.65022>","<0.51615554, 1.1418176, 85.95363>","<1.3768547, -0.0011574924, -0.080491155>"
"candidate-stall-entry","0","390.4737","before-step","True","True","True","334","308","334",,,,,"<1.4068179, 1.1402836, 95.65022>","<0.51615554, 1.1418176, 85.95363>","<1.3768547, -0.0011574924, -0.080491155>"
"candidate-stall-entry","0","391.2345","after-step","True","True","True","335","308","335",,,,,"<1.4916197, 1.1403342, 95.617775>","<0.5391031, 1.1417983, 85.952286>","<1.3705763, -0.000811249, -0.07555142>"
"candidate-stall-entry","0","405.6821","before-step","True","True","True","335","308","335",,,,,"<1.4916197, 1.1403342, 95.617775>","<0.5391031, 1.1417983, 85.952286>","<1.3705763, -0.000811249, -0.07555142>"
"candidate-stall-entry","0","406.5249","after-step","True","True","True","336","308","336",,,,,"<1.5786817, 1.1403918, 95.58335>","<0.56194603, 1.1417848, 85.95103>","<1.364313, -0.00044554472, -0.07120765>"
"candidate-stall-entry","0","421.151","before-step","True","True","True","336","308","336",,,,,"<1.5786817, 1.1403918, 95.58335>","<0.56194603, 1.1417848, 85.95103>","<1.364313, -0.00044554472, -0.07120765>"
"candidate-stall-entry","0","421.8804","after-step","True","True","True","337","308","337",,,,,"<1.6679626, 1.1404544, 95.54688>","<0.5846846, 1.1417774, 85.94984>","<1.3580656, -6.631017E-05, -0.06740038>"
"candidate-stall-entry","0","436.251","before-step","True","True","True","337","308","337",,,,,"<1.6679626, 1.1404544, 95.54688>","<0.5846846, 1.1417774, 85.94984>","<1.3580656, -6.631017E-05, -0.06740038>"
"candidate-stall-entry","0","437.0372","after-step","True","True","True","338","308","338",,,,,"<1.7594173, 1.1405206, 95.50829>","<0.60731906, 1.1417763, 85.948715>","<1.3518348, 0.00032040477, -0.06407187>"
"candidate-stall-entry","0","451.7133","before-step","True","True","True","338","308","338",,,,,"<1.7594173, 1.1405206, 95.50829>","<0.60731906, 1.1417763, 85.948715>","<1.3518348, 0.00032040477, -0.06407187>"
"candidate-stall-entry","0","452.5367","after-step","True","True","True","339","308","339",,,,,"<1.8529975, 1.1405889, 95.4675>","<0.6298496, 1.1417817, 85.94765>","<1.3456216, 0.0007086098, -0.061167568>"
"candidate-stall-entry","0","482.9741","before-step","True","True","True","339","308","339",,,,,"<1.8529975, 1.1405889, 95.4675>","<0.6298496, 1.1417817, 85.94765>","<1.3456216, 0.0007086098, -0.061167568>"
"candidate-stall-entry","0","483.7773","after-step","True","True","True","340","308","340",,,,,"<1.9486512, 1.140658, 95.424416>","<0.65227664, 1.1417935, 85.946625>","<1.339427, 0.0010927618, -0.058636814>"
"candidate-stall-entry","0","513.1144","before-step","True","True","True","340","308","340",,,,,"<1.9486512, 1.140658, 95.424416>","<0.65227664, 1.1417935, 85.946625>","<1.339427, 0.0010927618, -0.058636814>"
"candidate-stall-entry","0","514.2401","after-step","True","True","True","341","308","341",,,,,"<2.0463223, 1.1407272, 95.378975>","<0.6746004, 1.1418117, 85.94565>","<1.333252, 0.0014678538, -0.05643329>"
"candidate-stall-entry","0","514.3166","before-step","True","True","True","341","308","341",,,,,"<2.0463223, 1.1407272, 95.378975>","<0.6746004, 1.1418117, 85.94565>","<1.333252, 0.0014678538, -0.05643329>"
"candidate-stall-entry","0","514.9045","after-step","True","True","True","342","308","342",,,,,"<2.145951, 1.1407952, 95.331085>","<0.6968213, 1.1418362, 85.94471>","<1.3270975, 0.001829654, -0.054515153>"
"candidate-stall-entry","0","543.9463","before-step","True","True","True","342","308","342",,,,,"<2.145951, 1.1407952, 95.331085>","<0.6968213, 1.1418362, 85.94471>","<1.3270975, 0.001829654, -0.054515153>"
"candidate-stall-entry","0","544.733","after-step","True","True","True","343","308","343",,,,,"<2.2474737, 1.1408616, 95.28067>","<0.71893954, 1.1418667, 85.9438>","<1.3209645, 0.0021743476, -0.052844953>"
"candidate-stall-entry","0","544.9435","before-step","True","True","True","343","308","343",,,,,"<2.2474737, 1.1408616, 95.28067>","<0.71893954, 1.1418667, 85.9438>","<1.3209645, 0.0021743476, -0.052844953>"
"candidate-stall-entry","0","545.4966","after-step","True","True","True","344","308","344",,,,,"<2.3508222, 1.1409255, 95.227646>","<0.7409556, 1.1419029, 85.942924>","<1.3148534, 0.002498895, -0.051389396>"
"candidate-stall-entry","0","559.8468","before-step","True","True","True","344","308","344",,,,,"<2.3508222, 1.1409255, 95.227646>","<0.7409556, 1.1419029, 85.942924>","<1.3148534, 0.002498895, -0.051389396>"
"candidate-stall-entry","0","560.6392","after-step","True","True","True","345","308","345",,,,,"<2.4559247, 1.1409866, 95.17193>","<0.76286983, 1.1419445, 85.94207>","<1.3087654, 0.0028010756, -0.050119124>"
"candidate-stall-entry","0","575.2783","before-step","True","True","True","345","308","345",,,,,"<2.4559247, 1.1409866, 95.17193>","<0.76286983, 1.1419445, 85.94207>","<1.3087654, 0.0028010756, -0.050119124>"
"candidate-stall-entry","0","576.1855","after-step","True","True","True","346","308","346",,,,,"<2.5627062, 1.1410441, 95.11345>","<0.7846826, 1.1419913, 85.94124>","<1.3027008, 0.003079027, -0.049008396>"
"candidate-stall-entry","0","590.7433","before-step","True","True","True","346","308","346",,,,,"<2.5627062, 1.1410441, 95.11345>","<0.7846826, 1.1419913, 85.94124>","<1.3027008, 0.003079027, -0.049008396>"
"candidate-stall-entry","0","591.5239","after-step","True","True","True","347","308","347",,,,,"<2.6710918, 1.1410979, 95.05214>","<0.8063943, 1.1420425, 85.94042>","<1.2966602, 0.0033317506, -0.048034698>"
"candidate-stall-entry","0","606.3644","before-step","True","True","True","347","308","347",,,,,"<2.6710918, 1.1410979, 95.05214>","<0.8063943, 1.1420425, 85.94042>","<1.2966602, 0.0033317506, -0.048034698>"
"candidate-stall-entry","0","607.1748","after-step","True","True","True","348","308","348",,,,,"<2.781007, 1.1411477, 94.98794>","<0.82800525, 1.1420981, 85.93962>","<1.2906442, 0.0035583973, -0.04717844>"
"candidate-stall-entry","0","621.8745","before-step","True","True","True","348","308","348",,,,,"<2.781007, 1.1411477, 94.98794>","<0.82800525, 1.1420981, 85.93962>","<1.2906442, 0.0035583973, -0.04717844>"
"candidate-stall-entry","0","622.6292","after-step","True","True","True","349","308","349",,,,,"<2.892378, 1.1411936, 94.92081>","<0.849516, 1.1421573, 85.938835>","<1.2846531, 0.0037586987, -0.046422686>"
"candidate-stall-entry","0","637.4537","before-step","True","True","True","349","308","349",,,,,"<2.892378, 1.1411936, 94.92081>","<0.849516, 1.1421573, 85.938835>","<1.2846531, 0.0037586987, -0.046422686>"
"candidate-stall-entry","0","638.217","after-step","True","True","True","350","308","350",,,,,"<3.005133, 1.1412356, 94.8507>","<0.87092686, 1.14222, 85.938065>","<1.278687, 0.0039328635, -0.0457528>"
"candidate-stall-entry","0","653.1379","before-step","True","True","True","350","308","350",,,,,"<3.005133, 1.1412356, 94.8507>","<0.87092686, 1.14222, 85.938065>","<1.278687, 0.0039328635, -0.0457528>"
"candidate-stall-entry","0","653.9353","after-step","True","True","True","351","308","351",,,,,"<3.119202, 1.1412741, 94.7776>","<0.8922383, 1.1422856, 85.9373>","<1.2727464, 0.004081309, -0.045156162>"
"candidate-stall-entry","0","668.3252","before-step","True","True","True","351","308","351",,,,,"<3.119202, 1.1412741, 94.7776>","<0.8922383, 1.1422856, 85.9373>","<1.2727464, 0.004081309, -0.045156162>"
"candidate-stall-entry","0","669.0752","after-step","True","True","True","352","308","352",,,,,"<3.2345195, 1.1413096, 94.7015>","<0.9134508, 1.1423537, 85.93655>","<1.2668316, 0.004204631, -0.044621896>"
"candidate-stall-entry","0","683.8906","before-step","True","True","True","352","308","352",,,,,"<3.2345195, 1.1413096, 94.7015>","<0.9134508, 1.1423537, 85.93655>","<1.2668316, 0.004204631, -0.044621896>"
"candidate-stall-entry","0","684.6596","after-step","True","True","True","353","308","353",,,,,"<3.3510253, 1.1413429, 94.62239>","<0.93456465, 1.1424237, 85.93581>","<1.2609427, 0.004303783, -0.044140704>"
"candidate-stall-entry","0","716.2977","before-step","True","True","True","353","308","353",,,,,"<3.3510253, 1.1413429, 94.62239>","<0.93456465, 1.1424237, 85.93581>","<1.2609427, 0.004303783, -0.044140704>"
"candidate-stall-entry","0","717.1877","after-step","True","True","True","354","308","354",,,,,"<3.468666, 1.1413747, 94.54028>","<0.95558035, 1.1424955, 85.935074>","<1.2550797, 0.0043798536, -0.043704666>"
"candidate-stall-entry","0","746.0743","before-step","True","True","True","354","308","354",,,,,"<3.468666, 1.1413747, 94.54028>","<0.95558035, 1.1424955, 85.935074>","<1.2550797, 0.0043798536, -0.043704666>"
"candidate-stall-entry","0","746.9606","after-step","True","True","True","355","308","355",,,,,"<3.5873957, 1.1414062, 94.45521>","<0.97649837, 1.1425685, 85.93435>","<1.2492429, 0.0044341087, -0.04330699>"
"candidate-stall-entry","0","747.1885","before-step","True","True","True","355","308","355",,,,,"<3.5873957, 1.1414062, 94.45521>","<0.97649837, 1.1425685, 85.93435>","<1.2492429, 0.0044341087, -0.04330699>"
"candidate-stall-entry","0","747.8053","after-step","True","True","True","356","308","356",,,,,"<3.707176, 1.1414384, 94.3672>","<0.9973191, 1.1426424, 85.933624>","<1.2434322, 0.0044678897, -0.0429419>"
"candidate-stall-entry","1","750.5928","stall-after","True","True","True","306","300","314","300","309","8","0","<0.050433505, 1.1445045, 85.99883>","<0, 1.1449987, 86>","<0, 2.6375055E-06, 0>"
"candidate-stall-entry","1","750.6123","before-step","True","True","True","306","300","314","300","309","8","0","<0.050433505, 1.1445045, 85.99883>","<0, 1.1449987, 86>","<0, 2.6375055E-06, 0>"
"candidate-stall-entry","1","750.928","correction","True","True","True","351","308","351","308","309","0","0.8440535","<0.8922383, 1.1422856, 85.9373>","<0.8922383, 1.1422856, 85.9373>","<1.2727464, 0.004081309, -0.045156162>"
"candidate-stall-entry","1","751.6605","after-step","True","True","True","351","308","352","308","310","1","0.8440535","<0.9134508, 1.1423537, 85.93655>","<0.8922383, 1.1422856, 85.9373>","<1.2727464, 0.004081309, -0.045156162>"
"candidate-stall-entry","1","754.0368","before-step","True","True","True","351","308","352","308","310","1","0.8440535","<0.9134508, 1.1423537, 85.93655>","<0.8922383, 1.1422856, 85.9373>","<1.2727464, 0.004081309, -0.045156162>"
"candidate-stall-entry","1","754.2621","after-step","True","True","True","351","308","353","308","311","2","0.8440535","<0.9368292, 1.1424237, 85.935646>","<0.8922383, 1.1422856, 85.9373>","<1.2727464, 0.004081309, -0.045156162>"
"candidate-stall-entry","1","754.3518","before-step","True","True","True","351","308","353","308","311","2","0.8440535","<0.9368292, 1.1424237, 85.935646>","<0.8922383, 1.1422856, 85.9373>","<1.2727464, 0.004081309, -0.045156162>"
"candidate-stall-entry","1","754.554","after-step","True","True","True","351","308","354","308","312","3","0.8440535","<0.9626891, 1.1424884, 85.934494>","<0.8922383, 1.1422856, 85.9373>","<1.2727464, 0.004081309, -0.045156162>"
"candidate-stall-entry","1","754.7507","before-step","True","True","True","351","308","354","308","312","3","0.8440535","<0.9626891, 1.1424884, 85.934494>","<0.8922383, 1.1422856, 85.9373>","<1.2727464, 0.004081309, -0.045156162>"
"candidate-stall-entry","1","754.8868","after-step","True","True","True","351","308","355","308","313","4","0.8440535","<0.9910595, 1.1425295, 85.933>","<0.8922383, 1.1422856, 85.9373>","<1.2727464, 0.004081309, -0.045156162>"
"candidate-stall-entry","1","754.9226","before-step","True","True","True","351","308","355","308","313","4","0.8440535","<0.9910595, 1.1425295, 85.933>","<0.8922383, 1.1422856, 85.9373>","<1.2727464, 0.004081309, -0.045156162>"
"candidate-stall-entry","1","755.0544","after-step","True","True","True","351","308","356","308","314","5","0.8440535","<1.0219363, 1.1425377, 85.93106>","<0.8922383, 1.1422856, 85.9373>","<1.2727464, 0.004081309, -0.045156162>"
"candidate-stall-entry","1","755.0898","before-step","True","True","True","351","308","356","308","314","5","0.8440535","<1.0219363, 1.1425377, 85.93106>","<0.8922383, 1.1422856, 85.9373>","<1.2727464, 0.004081309, -0.045156162>"
"candidate-stall-entry","1","755.2073","after-step","True","True","True","351","308","357","308","315","6","0.8440535","<1.0553153, 1.1425097, 85.92858>","<0.8922383, 1.1422856, 85.9373>","<1.2727464, 0.004081309, -0.045156162>"
"candidate-stall-entry","1","755.3692","before-step","True","True","True","351","308","357","308","315","6","0.8440535","<1.0553153, 1.1425097, 85.92858>","<0.8922383, 1.1422856, 85.9373>","<1.2727464, 0.004081309, -0.045156162>"
"candidate-stall-entry","1","755.4861","after-step","True","True","True","351","308","358","308","316","7","0.8440535","<1.091195, 1.142446, 85.92546>","<0.8922383, 1.1422856, 85.9373>","<1.2727464, 0.004081309, -0.045156162>"
"candidate-stall-entry","1","755.5169","before-step","True","True","True","351","308","358","308","316","7","0.8440535","<1.091195, 1.142446, 85.92546>","<0.8922383, 1.1422856, 85.9373>","<1.2727464, 0.004081309, -0.045156162>"
"candidate-stall-entry","1","755.73","after-step","True","True","True","351","308","359","308","317","8","0.8440535","<1.1295758, 1.1423498, 85.92159>","<0.8922383, 1.1422856, 85.9373>","<1.2727464, 0.004081309, -0.045156162>"
"candidate-stall-entry","1","755.7879","before-step","True","True","True","351","308","359","308","317","8","0.8440535","<1.1295758, 1.1423498, 85.92159>","<0.8922383, 1.1422856, 85.9373>","<1.2727464, 0.004081309, -0.045156162>"
"candidate-stall-entry","1","755.9396","after-step","True","True","True","351","308","360","308","318","9","0.8440535","<1.170459, 1.1422257, 85.91687>","<0.8922383, 1.1422856, 85.9373>","<1.2727464, 0.004081309, -0.045156162>"
"candidate-stall-entry","1","770.7009","before-step","True","True","True","351","308","360","308","318","9","0.8440535","<1.170459, 1.1422257, 85.91687>","<0.8922383, 1.1422856, 85.9373>","<1.2727464, 0.004081309, -0.045156162>"
"candidate-stall-entry","1","771.8552","correction","True","True","True","354","308","363","308","318","9","0.060637232","<1.2310648, 1.1424001, 85.914925>","<0.95558035, 1.1424955, 85.935074>","<1.2550797, 0.0043798536, -0.043704666>"
"candidate-stall-entry","1","771.9757","after-step","True","True","True","354","308","364","308","319","10","0.060637232","<1.2741401, 1.1422429, 85.9093>","<0.95558035, 1.1424955, 85.935074>","<1.2550797, 0.0043798536, -0.043704666>"
"candidate-stall-entry","0","776.7952","before-step","True","True","True","356","308","356",,,,,"<3.707176, 1.1414384, 94.3672>","<0.9973191, 1.1426424, 85.933624>","<1.2434322, 0.0044678897, -0.0429419>"
"candidate-stall-entry","0","777.8538","after-step","True","True","True","357","308","357",,,,,"<3.8279765, 1.1414725, 94.27631>","<1.0180429, 1.1427169, 85.93291>","<1.2376477, 0.0044691563, -0.042604513>"
"candidate-stall-entry","0","777.9379","before-step","True","True","True","357","308","357",,,,,"<3.8279765, 1.1414725, 94.27631>","<1.0180429, 1.1427169, 85.93291>","<1.2376477, 0.0044691563, -0.042604513>"
"candidate-stall-entry","0","778.626","after-step","True","True","True","358","308","358",,,,,"<3.9497738, 1.1415098, 94.18259>","<1.0386704, 1.1427914, 85.9322>","<1.2318894, 0.0044424534, -0.042290617>"
"candidate-stall-entry","1","787.3724","before-step","True","True","True","354","308","364","308","319","10","0.060637232","<1.2741401, 1.1422429, 85.9093>","<0.95558035, 1.1424955, 85.935074>","<1.2550797, 0.0043798536, -0.043704666>"
"candidate-stall-entry","1","787.6826","after-step","True","True","True","354","308","365","308","320","11","0.060637232","<1.3197204, 1.1420683, 85.90265>","<0.95558035, 1.1424955, 85.935074>","<1.2550797, 0.0043798536, -0.043704666>"
"candidate-stall-entry","0","792.2153","before-step","True","True","True","358","308","358",,,,,"<3.9497738, 1.1415098, 94.18259>","<1.0386704, 1.1427914, 85.9322>","<1.2318894, 0.0044424534, -0.042290617>"
"candidate-stall-entry","0","794.9655","after-step","True","True","True","359","312","359",,,,,"<4.072551, 1.1415517, 94.086075>","<1.059202, 1.1428654, 85.931496>","<1.3616277, 0.004393503, -0.05143998>"
"candidate-stall-entry","1","804.0399","before-step","True","True","True","354","308","365","308","320","11","0.060637232","<1.3197204, 1.1420683, 85.90265>","<0.95558035, 1.1424955, 85.935074>","<1.2550797, 0.0043798536, -0.043704666>"
"candidate-stall-entry","1","804.3328","after-step","True","True","True","354","308","366","308","321","12","0.060637232","<1.3678069, 1.141882, 85.894905>","<0.95558035, 1.1424955, 85.935074>","<1.2550797, 0.0043798536, -0.043704666>"
"candidate-stall-entry","0","807.6651","before-step","True","True","True","359","312","359",,,,,"<4.072551, 1.1415517, 94.086075>","<1.059202, 1.1428654, 85.931496>","<1.3616277, 0.004393503, -0.05143998>"
"candidate-stall-entry","0","808.6232","after-step","True","True","True","360","313","360",,,,,"<4.196295, 1.1415995, 93.98684>","<1.0818957, 1.1429386, 85.93064>","<1.5100894, 0.0036055297, -0.066335134>"
"candidate-stall-entry","1","820.7142","before-step","True","True","True","354","308","366","308","321","12","0.060637232","<1.3678069, 1.141882, 85.894905>","<0.95558035, 1.1424955, 85.935074>","<1.2550797, 0.0043798536, -0.043704666>"
"candidate-stall-entry","1","822.149","correction","True","True","True","357","308","369","308","321","12","0.058896717","<1.4266766, 1.1420213, 85.89313>","<1.0180429, 1.1427169, 85.93291>","<1.2376477, 0.0044691563, -0.042604513>"
"candidate-stall-entry","1","822.3234","after-step","True","True","True","357","308","370","308","322","13","0.058896717","<1.4769666, 1.141818, 85.884285>","<1.0180429, 1.1427169, 85.93291>","<1.2376477, 0.0044691563, -0.042604513>"
"candidate-stall-entry","0","822.6921","before-step","True","True","True","360","313","360",,,,,"<4.196295, 1.1415995, 93.98684>","<1.0818957, 1.1429386, 85.93064>","<1.5100894, 0.0036055297, -0.066335134>"
"candidate-stall-entry","0","823.522","after-step","True","True","True","361","314","361",,,,,"<4.320997, 1.1416544, 93.88493>","<1.1070639, 1.1429987, 85.929535>","<1.6603466, 0.0018465221, -0.086719446>"
"candidate-stall-entry","1","837.3768","before-step","True","True","True","357","308","370","308","322","13","0.058896717","<1.4769666, 1.141818, 85.884285>","<1.0180429, 1.1427169, 85.93291>","<1.2376477, 0.0044691563, -0.042604513>"
"candidate-stall-entry","1","837.6694","after-step","True","True","True","357","308","371","308","323","14","0.058896717","<1.529763, 1.1416131, 85.874245>","<1.0180429, 1.1427169, 85.93291>","<1.2376477, 0.0044691563, -0.042604513>"
"candidate-stall-entry","0","838.7012","before-step","True","True","True","361","314","361",,,,,"<4.320997, 1.1416544, 93.88493>","<1.1070639, 1.1429987, 85.929535>","<1.6603466, 0.0018465221, -0.086719446>"
"candidate-stall-entry","0","839.594","after-step","True","True","True","362","315","362",,,,,"<4.4466534, 1.1417173, 93.78041>","<1.1347363, 1.1430295, 85.92809>","<1.8104333, -0.00039881468, -0.11276063>"
"candidate-stall-entry","0","853.9737","before-step","True","True","True","362","315","362",,,,,"<4.4466534, 1.1417173, 93.78041>","<1.1347363, 1.1430295, 85.92809>","<1.8104333, -0.00039881468, -0.11276063>"
"candidate-stall-entry","1","854.0347","before-step","True","True","True","357","308","371","308","323","14","0.058896717","<1.529763, 1.1416131, 85.874245>","<1.0180429, 1.1427169, 85.93291>","<1.2376477, 0.0044691563, -0.042604513>"
"candidate-stall-entry","1","854.3282","after-step","True","True","True","357","308","372","308","324","15","0.058896717","<1.5850639, 1.1414106, 85.86295>","<1.0180429, 1.1427169, 85.93291>","<1.2376477, 0.0044691563, -0.042604513>"
"candidate-stall-entry","0","854.8198","after-step","True","True","True","363","316","363",,,,,"<4.573261, 1.141787, 93.67332>","<1.1649102, 1.1430228, 85.926216>","<1.9603344, -0.0027807504, -0.14465086>"
"candidate-stall-entry","0","869.9229","before-step","True","True","True","363","316","363",,,,,"<4.573261, 1.141787, 93.67332>","<1.1649102, 1.1430228, 85.926216>","<1.9603344, -0.0027807504, -0.14465086>"
"candidate-stall-entry","1","870.7012","before-step","True","True","True","357","308","372","308","324","15","0.058896717","<1.5850639, 1.1414106, 85.86295>","<1.0180429, 1.1427169, 85.93291>","<1.2376477, 0.0044691563, -0.042604513>"
"candidate-stall-entry","0","870.7723","after-step","True","True","True","364","317","364",,,,,"<4.70082, 1.1418625, 93.563705>","<1.1975825, 1.1429764, 85.923805>","<2.1102033, -0.0050700456, -0.18257053>"
"candidate-stall-entry","1","872.0047","correction","True","True","True","360","313","370","313","324","10","0.14205854","<1.4461254, 1.1420656, 85.892555>","<1.0818957, 1.1429386, 85.93064>","<1.5100894, 0.0036055297, -0.066335134>"
"candidate-stall-entry","1","872.1846","after-step","True","True","True","360","313","371","313","325","11","0.14205854","<1.4963162, 1.141859, 85.883736>","<1.0818957, 1.1429386, 85.93064>","<1.5100894, 0.0036055297, -0.066335134>"
"candidate-stall-entry","0","885.3201","before-step","True","True","True","364","317","364",,,,,"<4.70082, 1.1418625, 93.563705>","<1.1975825, 1.1429764, 85.923805>","<2.1102033, -0.0050700456, -0.18257053>"
"candidate-stall-entry","0","886.1773","after-step","True","True","True","365","318","365",,,,,"<4.8293343, 1.141941, 93.45163>","<1.2327526, 1.1428919, 85.92076>","<2.2601418, -0.007125944, -0.2266882>"
"candidate-stall-entry","1","887.3655","before-step","True","True","True","360","313","371","313","325","11","0.14205854","<1.4963162, 1.141859, 85.883736>","<1.0818957, 1.1429386, 85.93064>","<1.5100894, 0.0036055297, -0.066335134>"
"candidate-stall-entry","1","887.6427","after-step","True","True","True","360","313","372","313","326","12","0.14205854","<1.5490136, 1.1416509, 85.87372>","<1.0818957, 1.1429386, 85.93064>","<1.5100894, 0.0036055297, -0.066335134>"
"candidate-stall-entry","0","900.5016","before-step","True","True","True","365","318","365",,,,,"<4.8293343, 1.141941, 93.45163>","<1.2327526, 1.1428919, 85.92076>","<2.2601418, -0.007125944, -0.2266882>"
"candidate-stall-entry","0","901.4103","after-step","True","True","True","366","319","366",,,,,"<4.958811, 1.1420195, 93.33713>","<1.2704216, 1.1427732, 85.916985>","<2.4101894, -0.008869901, -0.27715784>"
"candidate-stall-entry","1","904.0339","before-step","True","True","True","360","313","372","313","326","12","0.14205854","<1.5490136, 1.1416509, 85.87372>","<1.0818957, 1.1429386, 85.93064>","<1.5100894, 0.0036055297, -0.066335134>"
"candidate-stall-entry","1","904.1519","correction","True","True","True","363","316","372","316","326","9","0","<1.5490136, 1.1416509, 85.87372>","<1.1649102, 1.1430228, 85.926216>","<1.9603344, -0.0027807504, -0.14465086>"
"candidate-stall-entry","1","904.3748","after-step","True","True","True","363","316","373","316","327","10","0","<1.6042157, 1.1414453, 85.86245>","<1.1649102, 1.1430228, 85.926216>","<1.9603344, -0.0027807504, -0.14465086>"
"candidate-stall-entry","1","920.7019","before-step","True","True","True","363","316","373","316","327","10","0","<1.6042157, 1.1414453, 85.86245>","<1.1649102, 1.1430228, 85.926216>","<1.9603344, -0.0027807504, -0.14465086>"
"candidate-stall-entry","1","921.0028","after-step","True","True","True","363","316","374","316","328","11","0","<1.6619192, 1.1412458, 85.84989>","<1.1649102, 1.1430228, 85.926216>","<1.9603344, -0.0027807504, -0.14465086>"
"candidate-stall-entry","1","937.3651","before-step","True","True","True","363","316","374","316","328","11","0","<1.6619192, 1.1412458, 85.84989>","<1.1649102, 1.1430228, 85.926216>","<1.9603344, -0.0027807504, -0.14465086>"
"candidate-stall-entry","1","937.4717","correction","True","True","True","366","319","374","319","328","8","0","<1.6619192, 1.1412458, 85.84989>","<1.2704216, 1.1427732, 85.916985>","<2.4101894, -0.008869901, -0.27715784>"
"candidate-stall-entry","1","937.7192","after-step","True","True","True","366","319","375","319","329","9","0","<1.7221191, 1.1410556, 85.836>","<1.2704216, 1.1427732, 85.916985>","<2.4101894, -0.008869901, -0.27715784>"
"candidate-stall-entry","0","946.4182","before-step","True","True","True","366","319","366",,,,,"<4.958811, 1.1420195, 93.33713>","<1.2704216, 1.1427732, 85.916985>","<2.4101894, -0.008869901, -0.27715784>"
"candidate-stall-entry","0","947.5273","after-step","True","True","True","367","321","367",,,,,"<5.0892606, 1.1420962, 93.22024>","<1.3105915, 1.1426253, 85.91237>","<2.5603566, -0.010266364, -0.33358>"
"candidate-stall-entry","0","947.7312","before-step","True","True","True","367","321","367",,,,,"<5.0892606, 1.1420962, 93.22024>","<1.3105915, 1.1426253, 85.91237>","<2.5603566, -0.010266364, -0.33358>"
"candidate-stall-entry","0","948.3496","after-step","True","True","True","368","322","368",,,,,"<5.2206993, 1.1421692, 93.101006>","<1.3532641, 1.1424543, 85.90681>","<2.7106462, -0.0113087, -0.3948812>"
"candidate-stall-entry","1","954.0287","before-step","True","True","True","366","319","375","319","329","9","0","<1.7221191, 1.1410556, 85.836>","<1.2704216, 1.1427732, 85.916985>","<2.4101894, -0.008869901, -0.27715784>"
"candidate-stall-entry","1","954.3285","after-step","True","True","True","366","319","376","319","330","10","0","<1.7848088, 1.140877, 85.820724>","<1.2704216, 1.1427732, 85.916985>","<2.4101894, -0.008869901, -0.27715784>"
"candidate-stall-entry","1","970.7014","before-step","True","True","True","366","319","376","319","330","10","0","<1.7848088, 1.140877, 85.820724>","<1.2704216, 1.1427732, 85.916985>","<2.4101894, -0.008869901, -0.27715784>"
"candidate-stall-entry","1","971.0106","after-step","True","True","True","366","319","377","319","331","11","0","<1.8499795, 1.140712, 85.80402>","<1.2704216, 1.1427732, 85.916985>","<2.4101894, -0.008869901, -0.27715784>"
"candidate-stall-entry","0","977.2794","before-step","True","True","True","368","322","368",,,,,"<5.2206993, 1.1421692, 93.101006>","<1.3532641, 1.1424543, 85.90681>","<2.7106462, -0.0113087, -0.3948812>"
"candidate-stall-entry","0","978.2448","after-step","True","True","True","369","323","369",,,,,"<5.353147, 1.1422368, 92.97947>","<1.3984416, 1.1422658, 85.90022>","<2.8610284, -0.012009323, -0.46027103>"
"candidate-stall-entry","0","978.3213","before-step","True","True","True","369","323","369",,,,,"<5.353147, 1.1422368, 92.97947>","<1.3984416, 1.1422658, 85.90022>","<2.8610284, -0.012009323, -0.46027103>"
"candidate-stall-entry","0","979.176","after-step","True","True","True","370","324","370",,,,,"<5.4866285, 1.1422973, 92.85567>","<1.4461254, 1.1420656, 85.892555>","<3.0114505, -0.012392566, -0.5291784>"
"candidate-stall-entry","1","987.363","before-step","True","True","True","366","319","377","319","331","11","0","<1.8499795, 1.140712, 85.80402>","<1.2704216, 1.1427732, 85.916985>","<2.4101894, -0.008869901, -0.27715784>"
"candidate-stall-entry","1","987.6621","after-step","True","True","True","366","319","378","319","332","12","0","<1.917621, 1.1405622, 85.78586>","<1.2704216, 1.1427732, 85.916985>","<2.4101894, -0.008869901, -0.27715784>"
"candidate-stall-entry","0","993.0151","before-step","True","True","True","370","324","370",,,,,"<5.4866285, 1.1422973, 92.85567>","<1.4461254, 1.1420656, 85.892555>","<3.0114505, -0.012392566, -0.5291784>"
"candidate-stall-entry","0","993.9706","after-step","True","True","True","371","325","371",,,,,"<5.621174, 1.1423494, 92.72963>","<1.4963162, 1.141859, 85.883736>","<3.1618435, -0.012489736, -0.60120237>"
"corrected-stall-entry-2","1","-99.9024","correction","True","True","True","303","297","308","297","303","5","0","<0, 1.1449987, 86>","<0, 1.1449987, 86>","<0, 2.6375055E-06, 0>"
"corrected-stall-entry-2","1","-99.2853","after-step","True","True","True","303","297","309","297","304","6","0","<0.0021635122, 1.1449987, 86>","<0, 1.1449987, 86>","<0, 2.6375055E-06, 0>"
"corrected-stall-entry-2","0","-87.0056","before-step","True","True","True","306","300","306",,,,,"<0.035756372, 1.144684, 95.999405>","<0, 1.1449987, 86>","<0, 2.6375055E-06, 0>"
"corrected-stall-entry-2","0","-85.8892","after-step","True","True","True","307","301","307",,,,,"<0.050433505, 1.1445045, 95.99883>","<0, 1.1449987, 86>","<0, 2.6375055E-06, 0>"
"corrected-stall-entry-2","1","-83.3311","before-step","True","True","True","303","297","309","297","304","6","0","<0.0021635122, 1.1449987, 86>","<0, 1.1449987, 86>","<0, 2.6375055E-06, 0>"
"corrected-stall-entry-2","1","-83.0491","after-step","True","True","True","303","297","310","297","305","7","0","<0.006799818, 1.1449777, 85.999985>","<0, 1.1449987, 86>","<0, 2.6375055E-06, 0>"
"corrected-stall-entry-2","0","-71.7037","before-step","True","True","True","307","301","307",,,,,"<0.050433505, 1.1445045, 95.99883>","<0, 1.1449987, 86>","<0, 2.6375055E-06, 0>"
"corrected-stall-entry-2","0","-70.7767","after-step","True","True","True","308","302","308",,,,,"<0.06763225, 1.1442906, 95.99795>","<0, 1.1449987, 86>","<0.12981074, 2.6375055E-06, 0>"
"corrected-stall-entry-2","1","-66.6629","before-step","True","True","True","303","297","310","297","305","7","0","<0.006799818, 1.1449777, 85.999985>","<0, 1.1449987, 86>","<0, 2.6375055E-06, 0>"
"corrected-stall-entry-2","1","-66.5497","correction","True","True","True","306","300","310","300","305","4","0","<0.006799818, 1.1449777, 85.999985>","<0, 1.1449987, 86>","<0, 2.6375055E-06, 0>"
"corrected-stall-entry-2","1","-66.3127","after-step","True","True","True","306","300","311","300","306","5","0","<0.013942769, 1.1449215, 85.999916>","<0, 1.1449987, 86>","<0, 2.6375055E-06, 0>"
"corrected-stall-entry-2","0","-56.0208","before-step","True","True","True","308","302","308",,,,,"<0.06763225, 1.1442906, 95.99795>","<0, 1.1449987, 86>","<0.12981074, 2.6375055E-06, 0>"
"corrected-stall-entry-2","0","-54.8853","after-step","True","True","True","309","303","309",,,,,"<0.08736012, 1.1440482, 95.996666>","<0.0021635122, 1.1449987, 86>","<0.27817836, -0.0012573153, -0.0010406761>"
"corrected-stall-entry-2","1","-49.9972","before-step","True","True","True","306","300","311","300","306","5","0","<0.013942769, 1.1449215, 85.999916>","<0, 1.1449987, 86>","<0, 2.6375055E-06, 0>"
"corrected-stall-entry-2","1","-49.7122","after-step","True","True","True","306","300","312","300","307","6","0","<0.023594324, 1.1448239, 85.99974>","<0, 1.1449987, 86>","<0, 2.6375055E-06, 0>"
"corrected-stall-entry-2","1","-33.3376","before-step","True","True","True","306","300","312","300","307","6","0","<0.023594324, 1.1448239, 85.99974>","<0, 1.1449987, 86>","<0, 2.6375055E-06, 0>"
"corrected-stall-entry-2","1","-33.0651","after-step","True","True","True","306","300","313","300","308","7","0","<0.035756372, 1.144684, 85.999405>","<0, 1.1449987, 86>","<0, 2.6375055E-06, 0>"
"corrected-stall-entry-2","0","-25.0137","before-step","True","True","True","309","303","309",,,,,"<0.08736012, 1.1440482, 95.996666>","<0.0021635122, 1.1449987, 86>","<0.27817836, -0.0012573153, -0.0010406761>"
"corrected-stall-entry-2","0","-24.1278","after-step","True","True","True","310","304","310",,,,,"<0.10962487, 1.1437842, 95.99489>","<0.006799818, 1.1449777, 85.999985>","<0.428577, -0.0033678412, -0.004199442>"
"corrected-stall-entry-2","1","-16.6676","before-step","True","True","True","306","300","313","300","308","7","0","<0.035756372, 1.144684, 85.999405>","<0, 1.1449987, 86>","<0, 2.6375055E-06, 0>"
"corrected-stall-entry-2","1","-16.568","correction","True","True","True","309","303","313","303","308","4","0","<0.035756372, 1.144684, 85.999405>","<0.0021635122, 1.1449987, 86>","<0.27817836, -0.0012573153, -0.0010406761>"
"corrected-stall-entry-2","1","-16.0529","after-step","True","True","True","309","303","314","303","309","5","0","<0.050433505, 1.1445045, 85.99883>","<0.0021635122, 1.1449987, 86>","<0.27817836, -0.0012573153, -0.0010406761>"
"corrected-stall-entry-2","0","-8.3686","before-step","True","True","True","310","304","310",,,,,"<0.10962487, 1.1437842, 95.99489>","<0.006799818, 1.1449777, 85.999985>","<0.428577, -0.0033678412, -0.004199442>"
"corrected-stall-entry-2","0","-7.4881","after-step","True","True","True","311","305","311",,,,,"<0.13443395, 1.1435049, 95.99253>","<0.013942769, 1.1449215, 85.999916>","<0.57909334, -0.0058600903, -0.010326071>"
"corrected-stall-entry-2","1","0","stall-before","True","True","True","309","303","314","303","309","5","0","<0.050433505, 1.1445045, 85.99883>","<0.0021635122, 1.1449987, 86>","<0.27817836, -0.0012573153, -0.0010406761>"
"corrected-stall-entry-2","0","21.7162","before-step","True","True","True","311","305","311",,,,,"<0.13443395, 1.1435049, 95.99253>","<0.013942769, 1.1449215, 85.999916>","<0.57909334, -0.0058600903, -0.010326071>"
"corrected-stall-entry-2","0","22.823","after-step","True","True","True","312","306","312",,,,,"<0.16179419, 1.1432166, 95.98951>","<0.023594324, 1.1448239, 85.99974>","<0.72972286, -0.008398801, -0.020118166>"
"corrected-stall-entry-2","0","22.9004","before-step","True","True","True","312","306","312",,,,,"<0.16179419, 1.1432166, 95.98951>","<0.023594324, 1.1448239, 85.99974>","<0.72972286, -0.008398801, -0.020118166>"
"corrected-stall-entry-2","0","23.5624","after-step","True","True","True","313","307","313",,,,,"<0.19171143, 1.1429251, 95.985756>","<0.035756372, 1.144684, 85.999405>","<0.880628, -0.0107675195, -0.034168422>"
"corrected-stall-entry-2","0","52.9176","before-step","True","True","True","313","307","313",,,,,"<0.19171143, 1.1429251, 95.985756>","<0.035756372, 1.144684, 85.999405>","<0.880628, -0.0107675195, -0.034168422>"
"corrected-stall-entry-2","0","53.8599","after-step","True","True","True","314","308","314",,,,,"<0.22419044, 1.1426356, 95.98121>","<0.050433505, 1.1445045, 85.99883>","<1.0319247, -0.012836754, -0.05299137>"
"corrected-stall-entry-2","0","53.9396","before-step","True","True","True","314","308","314",,,,,"<0.22419044, 1.1426356, 95.98121>","<0.050433505, 1.1445045, 85.99883>","<1.0319247, -0.012836754, -0.05299137>"
"corrected-stall-entry-2","0","54.6172","after-step","True","True","True","315","308","315",,,,,"<0.2592348, 1.1423523, 95.97581>","<0.06763225, 1.1442906, 85.99795>","<1.1836722, -0.014537796, -0.07704071>"
"corrected-stall-entry-2","0","68.1958","before-step","True","True","True","315","308","315",,,,,"<0.2592348, 1.1423523, 95.97581>","<0.06763225, 1.1442906, 85.99795>","<1.1836722, -0.014537796, -0.07704071>"
"corrected-stall-entry-2","0","68.9553","after-step","True","True","True","316","308","316",,,,,"<0.2968467, 1.1420792, 95.969505>","<0.08736012, 1.1440482, 85.996666>","<1.3358849, -0.015843824, -0.10672068>"
"corrected-stall-entry-2","0","83.7479","before-step","True","True","True","316","308","316",,,,,"<0.2968467, 1.1420792, 95.969505>","<0.08736012, 1.1440482, 85.996666>","<1.3358849, -0.015843824, -0.10672068>"
"corrected-stall-entry-2","0","84.5948","after-step","True","True","True","317","308","317",,,,,"<0.33702713, 1.1418195, 95.96226>","<0.10962487, 1.1437842, 85.99489>","<1.4885454, -0.016756028, -0.14166783>"
"corrected-stall-entry-2","0","99.011","before-step","True","True","True","317","308","317",,,,,"<0.33702713, 1.1418195, 95.96226>","<0.10962487, 1.1437842, 85.99489>","<1.4885454, -0.016756028, -0.14166783>"
"corrected-stall-entry-2","0","99.8353","after-step","True","True","True","318","308","318",,,,,"<0.37977564, 1.1415756, 95.95401>","<0.13443395, 1.1435049, 85.99253>","<1.481494, -0.017293602, -0.16886266>"
"corrected-stall-entry-2","0","114.1375","before-step","True","True","True","318","308","318",,,,,"<0.37977564, 1.1415756, 95.95401>","<0.13443395, 1.1435049, 85.99253>","<1.481494, -0.017293602, -0.16886266>"
"corrected-stall-entry-2","0","115.1901","after-step","True","True","True","319","308","319",,,,,"<0.42509043, 1.1413494, 95.94473>","<0.15912552, 1.1432166, 85.989716>","<1.4744947, -0.015998185, -0.18496884>"
"corrected-stall-entry-2","0","129.6124","before-step","True","True","True","319","308","319",,,,,"<0.42509043, 1.1413494, 95.94473>","<0.15912552, 1.1432166, 85.989716>","<1.4744947, -0.015998185, -0.18496884>"
"corrected-stall-entry-2","0","130.4564","after-step","True","True","True","320","308","320",,,,,"<0.4729683, 1.1411425, 95.93437>","<0.18370043, 1.1429499, 85.98663>","<1.4675688, -0.013642594, -0.1918342>"
"corrected-stall-entry-2","0","144.8742","before-step","True","True","True","320","308","320",,,,,"<0.4729683, 1.1411425, 95.93437>","<0.18370043, 1.1429499, 85.98663>","<1.4675688, -0.013642594, -0.1918342>"
"corrected-stall-entry-2","0","145.7278","after-step","True","True","True","321","308","321",,,,,"<0.52340466, 1.1409558, 95.9229>","<0.20815991, 1.1427226, 85.98344>","<1.4607311, -0.011020884, -0.19143543>"
"corrected-stall-entry-2","0","175.371","before-step","True","True","True","321","308","321",,,,,"<0.52340466, 1.1409558, 95.9229>","<0.20815991, 1.1427226, 85.98344>","<1.4607311, -0.011020884, -0.19143543>"
"corrected-stall-entry-2","0","176.2209","after-step","True","True","True","322","308","322",,,,,"<0.57639337, 1.1407899, 95.910255>","<0.23250543, 1.1425389, 85.98025>","<1.4539824, -0.008522868, -0.18615046>"
"corrected-stall-entry-2","0","191.6478","before-step","True","True","True","322","308","322",,,,,"<0.57639337, 1.1407899, 95.910255>","<0.23250543, 1.1425389, 85.98025>","<1.4539824, -0.008522868, -0.18615046>"
"corrected-stall-entry-2","0","192.6203","after-step","True","True","True","323","308","323",,,,,"<0.6319269, 1.140645, 95.89641>","<0.25673845, 1.1423968, 85.97714>","<1.4473156, -0.0064022094, -0.17784905>"
"corrected-stall-entry-2","0","221.2314","before-step","True","True","True","323","308","323",,,,,"<0.6319269, 1.140645, 95.89641>","<0.25673845, 1.1423968, 85.97714>","<1.4473156, -0.0064022094, -0.17784905>"
"corrected-stall-entry-2","0","222.0778","after-step","True","True","True","324","308","324",,,,,"<0.68999606, 1.1405212, 95.88132>","<0.2808604, 1.1422901, 85.974174>","<1.4407208, -0.0049665123, -0.16785268>"
"corrected-stall-entry-2","0","222.1565","before-step","True","True","True","324","308","324",,,,,"<0.68999606, 1.1405212, 95.88132>","<0.2808604, 1.1422901, 85.974174>","<1.4407208, -0.0049665123, -0.16785268>"
"corrected-stall-entry-2","0","222.7871","after-step","True","True","True","325","308","325",,,,,"<0.7505901, 1.1404179, 95.86493>","<0.3048724, 1.1422074, 85.971375>","<1.4341875, -0.0040446073, -0.15708064>"
"corrected-stall-entry-2","0","252.1211","before-step","True","True","True","325","308","325",,,,,"<0.7505901, 1.1404179, 95.86493>","<0.3048724, 1.1422074, 85.971375>","<1.4341875, -0.0040446073, -0.15708064>"
"corrected-stall-entry-2","0","253.0513","after-step","True","True","True","326","308","326",,,,,"<0.8136965, 1.1403348, 95.84719>","<0.32877553, 1.14214, 85.96876>","<1.427705, -0.0034492463, -0.14616026>"
"corrected-stall-entry-2","0","253.1623","before-step","True","True","True","326","308","326",,,,,"<0.8136965, 1.1403348, 95.84719>","<0.32877553, 1.14214, 85.96876>","<1.427705, -0.0034492463, -0.14616026>"
"corrected-stall-entry-2","0","254.0022","after-step","True","True","True","327","308","327",,,,,"<0.8793009, 1.1402711, 95.82806>","<0.35257062, 1.1420826, 85.966324>","<1.421264, -0.0030501634, -0.13550836>"
"corrected-stall-entry-2","0","267.7601","before-step","True","True","True","327","308","327",,,,,"<0.8793009, 1.1402711, 95.82806>","<0.35257062, 1.1420826, 85.966324>","<1.421264, -0.0030501634, -0.13550836>"
"corrected-stall-entry-2","0","268.6362","after-step","True","True","True","328","308","328",,,,,"<0.9473869, 1.1402259, 95.80748>","<0.37625834, 1.1420318, 85.964066>","<1.4148566, -0.002758637, -0.1253905>"
"corrected-stall-entry-2","0","282.9539","before-step","True","True","True","328","308","328",,,,,"<0.9473869, 1.1402259, 95.80748>","<0.37625834, 1.1420318, 85.964066>","<1.4148566, -0.002758637, -0.1253905>"
"corrected-stall-entry-2","0","283.8364","after-step","True","True","True","329","308","329",,,,,"<1.0179361, 1.1401982, 95.78539>","<0.39983928, 1.1419858, 85.961975>","<1.4084761, -0.002515614, -0.11596407>"
"corrected-stall-entry-2","0","298.4408","before-step","True","True","True","329","308","329",,,,,"<1.0179361, 1.1401982, 95.78539>","<0.39983928, 1.1419858, 85.961975>","<1.4084761, -0.002515614, -0.11596407>"
"corrected-stall-entry-2","0","299.2742","after-step","True","True","True","330","308","330",,,,,"<1.0909278, 1.1401871, 95.76174>","<0.4233139, 1.1419438, 85.960045>","<1.4021178, -0.0022835732, -0.10730987>"
"corrected-stall-entry-2","0","313.6528","before-step","True","True","True","330","308","330",,,,,"<1.0909278, 1.1401871, 95.76174>","<0.4233139, 1.1419438, 85.960045>","<1.4021178, -0.0022835732, -0.10730987>"
"corrected-stall-entry-2","0","314.8244","after-step","True","True","True","331","308","331",,,,,"<1.166339, 1.1401914, 95.736465>","<0.4466825, 1.1419058, 85.95826>","<1.3957784, -0.0020402372, -0.09945534>"
"corrected-stall-entry-2","0","328.9145","before-step","True","True","True","331","308","331",,,,,"<1.166339, 1.1401914, 95.736465>","<0.4466825, 1.1419058, 85.95826>","<1.3957784, -0.0020402372, -0.09945534>"
"corrected-stall-entry-2","0","329.5932","after-step","True","True","True","332","308","332",,,,,"<1.2441441, 1.14021, 95.709496>","<0.4699455, 1.1418718, 85.956604>","<1.3894554, -0.001773715, -0.09239162>"
"corrected-stall-entry-2","0","344.9117","before-step","True","True","True","332","308","332",,,,,"<1.2441441, 1.14021, 95.709496>","<0.4699455, 1.1418718, 85.956604>","<1.3894554, -0.001773715, -0.09239162>"
"corrected-stall-entry-2","0","346.0062","after-step","True","True","True","333","308","333",,,,,"<1.3243144, 1.1402415, 95.68077>","<0.4931031, 1.1418422, 85.95506>","<1.3831477, -0.0014793575, -0.08608603>"
"corrected-stall-entry-2","0","360.4358","before-step","True","True","True","333","308","333",,,,,"<1.3243144, 1.1402415, 95.68077>","<0.4931031, 1.1418422, 85.95506>","<1.3831477, -0.0014793575, -0.08608603>"
"corrected-stall-entry-2","0","361.3691","after-step","True","True","True","334","308","334",,,,,"<1.4068179, 1.1402836, 95.65022>","<0.51615554, 1.1418176, 85.95363>","<1.3768547, -0.0011574924, -0.080491155>"
"corrected-stall-entry-2","0","391.6041","before-step","True","True","True","334","308","334",,,,,"<1.4068179, 1.1402836, 95.65022>","<0.51615554, 1.1418176, 85.95363>","<1.3768547, -0.0011574924, -0.080491155>"
"corrected-stall-entry-2","0","392.3274","after-step","True","True","True","335","308","335",,,,,"<1.4916197, 1.1403342, 95.617775>","<0.5391031, 1.1417983, 85.952286>","<1.3705763, -0.000811249, -0.07555142>"
"corrected-stall-entry-2","0","408.2801","before-step","True","True","True","335","308","335",,,,,"<1.4916197, 1.1403342, 95.617775>","<0.5391031, 1.1417983, 85.952286>","<1.3705763, -0.000811249, -0.07555142>"
"corrected-stall-entry-2","0","409.1544","after-step","True","True","True","336","308","336",,,,,"<1.5786817, 1.1403918, 95.58335>","<0.56194603, 1.1417848, 85.95103>","<1.364313, -0.00044554472, -0.07120765>"
"corrected-stall-entry-2","0","438.6097","before-step","True","True","True","336","308","336",,,,,"<1.5786817, 1.1403918, 95.58335>","<0.56194603, 1.1417848, 85.95103>","<1.364313, -0.00044554472, -0.07120765>"
"corrected-stall-entry-2","0","439.7846","after-step","True","True","True","337","308","337",,,,,"<1.6679626, 1.1404544, 95.54688>","<0.5846846, 1.1417774, 85.94984>","<1.3580656, -6.631017E-05, -0.06740038>"
"corrected-stall-entry-2","0","440.0028","before-step","True","True","True","337","308","337",,,,,"<1.6679626, 1.1404544, 95.54688>","<0.5846846, 1.1417774, 85.94984>","<1.3580656, -6.631017E-05, -0.06740038>"
"corrected-stall-entry-2","0","440.6208","after-step","True","True","True","338","308","338",,,,,"<1.7594173, 1.1405206, 95.50829>","<0.60731906, 1.1417763, 85.948715>","<1.3518348, 0.00032040477, -0.06407187>"
"corrected-stall-entry-2","0","469.6289","before-step","True","True","True","338","308","338",,,,,"<1.7594173, 1.1405206, 95.50829>","<0.60731906, 1.1417763, 85.948715>","<1.3518348, 0.00032040477, -0.06407187>"
"corrected-stall-entry-2","0","470.5873","after-step","True","True","True","339","308","339",,,,,"<1.8529975, 1.1405889, 95.4675>","<0.6298496, 1.1417817, 85.94765>","<1.3456216, 0.0007086098, -0.061167568>"
"corrected-stall-entry-2","0","470.6663","before-step","True","True","True","339","308","339",,,,,"<1.8529975, 1.1405889, 95.4675>","<0.6298496, 1.1417817, 85.94765>","<1.3456216, 0.0007086098, -0.061167568>"
"corrected-stall-entry-2","0","471.2813","after-step","True","True","True","340","308","340",,,,,"<1.9486512, 1.140658, 95.424416>","<0.65227664, 1.1417935, 85.946625>","<1.339427, 0.0010927618, -0.058636814>"
"corrected-stall-entry-2","0","485.0072","before-step","True","True","True","340","308","340",,,,,"<1.9486512, 1.140658, 95.424416>","<0.65227664, 1.1417935, 85.946625>","<1.339427, 0.0010927618, -0.058636814>"
"corrected-stall-entry-2","0","485.7098","after-step","True","True","True","341","308","341",,,,,"<2.0463223, 1.1407272, 95.378975>","<0.6746004, 1.1418117, 85.94565>","<1.333252, 0.0014678538, -0.05643329>"
"corrected-stall-entry-2","0","500.4219","before-step","True","True","True","341","308","341",,,,,"<2.0463223, 1.1407272, 95.378975>","<0.6746004, 1.1418117, 85.94565>","<1.333252, 0.0014678538, -0.05643329>"
"corrected-stall-entry-2","0","501.6934","after-step","True","True","True","342","308","342",,,,,"<2.145951, 1.1407952, 95.331085>","<0.6968213, 1.1418362, 85.94471>","<1.3270975, 0.001829654, -0.054515153>"
"corrected-stall-entry-2","0","515.6848","before-step","True","True","True","342","308","342",,,,,"<2.145951, 1.1407952, 95.331085>","<0.6968213, 1.1418362, 85.94471>","<1.3270975, 0.001829654, -0.054515153>"
"corrected-stall-entry-2","0","516.5486","after-step","True","True","True","343","308","343",,,,,"<2.2474737, 1.1408616, 95.28067>","<0.71893954, 1.1418667, 85.9438>","<1.3209645, 0.0021743476, -0.052844953>"
"corrected-stall-entry-2","0","531.0223","before-step","True","True","True","343","308","343",,,,,"<2.2474737, 1.1408616, 95.28067>","<0.71893954, 1.1418667, 85.9438>","<1.3209645, 0.0021743476, -0.052844953>"
"corrected-stall-entry-2","0","531.9475","after-step","True","True","True","344","308","344",,,,,"<2.3508222, 1.1409255, 95.227646>","<0.7409556, 1.1419029, 85.942924>","<1.3148534, 0.002498895, -0.051389396>"
"corrected-stall-entry-2","0","546.2039","before-step","True","True","True","344","308","344",,,,,"<2.3508222, 1.1409255, 95.227646>","<0.7409556, 1.1419029, 85.942924>","<1.3148534, 0.002498895, -0.051389396>"
"corrected-stall-entry-2","0","547.1749","after-step","True","True","True","345","308","345",,,,,"<2.4559247, 1.1409866, 95.17193>","<0.76286983, 1.1419445, 85.94207>","<1.3087654, 0.0028010756, -0.050119124>"
"corrected-stall-entry-2","0","561.7341","before-step","True","True","True","345","308","345",,,,,"<2.4559247, 1.1409866, 95.17193>","<0.76286983, 1.1419445, 85.94207>","<1.3087654, 0.0028010756, -0.050119124>"
"corrected-stall-entry-2","0","562.6967","after-step","True","True","True","346","308","346",,,,,"<2.5627062, 1.1410441, 95.11345>","<0.7846826, 1.1419913, 85.94124>","<1.3027008, 0.003079027, -0.049008396>"
"corrected-stall-entry-2","0","577.1148","before-step","True","True","True","346","308","346",,,,,"<2.5627062, 1.1410441, 95.11345>","<0.7846826, 1.1419913, 85.94124>","<1.3027008, 0.003079027, -0.049008396>"
"corrected-stall-entry-2","0","578.0264","after-step","True","True","True","347","308","347",,,,,"<2.6710918, 1.1410979, 95.05214>","<0.8063943, 1.1420425, 85.94042>","<1.2966602, 0.0033317506, -0.048034698>"
"corrected-stall-entry-2","0","608.27","before-step","True","True","True","347","308","347",,,,,"<2.6710918, 1.1410979, 95.05214>","<0.8063943, 1.1420425, 85.94042>","<1.2966602, 0.0033317506, -0.048034698>"
"corrected-stall-entry-2","0","609.2259","after-step","True","True","True","348","308","348",,,,,"<2.781007, 1.1411477, 94.98794>","<0.82800525, 1.1420981, 85.93962>","<1.2906442, 0.0035583973, -0.04717844>"
"corrected-stall-entry-2","0","639.5172","before-step","True","True","True","348","308","348",,,,,"<2.781007, 1.1411477, 94.98794>","<0.82800525, 1.1420981, 85.93962>","<1.2906442, 0.0035583973, -0.04717844>"
"corrected-stall-entry-2","0","640.4321","after-step","True","True","True","349","308","349",,,,,"<2.892378, 1.1411936, 94.92081>","<0.849516, 1.1421573, 85.938835>","<1.2846531, 0.0037586987, -0.046422686>"
"corrected-stall-entry-2","0","640.6952","before-step","True","True","True","349","308","349",,,,,"<2.892378, 1.1411936, 94.92081>","<0.849516, 1.1421573, 85.938835>","<1.2846531, 0.0037586987, -0.046422686>"
"corrected-stall-entry-2","0","641.4617","after-step","True","True","True","350","308","350",,,,,"<3.005133, 1.1412356, 94.8507>","<0.87092686, 1.14222, 85.938065>","<1.278687, 0.0039328635, -0.0457528>"
"corrected-stall-entry-2","0","670.6447","before-step","True","True","True","350","308","350",,,,,"<3.005133, 1.1412356, 94.8507>","<0.87092686, 1.14222, 85.938065>","<1.278687, 0.0039328635, -0.0457528>"
"corrected-stall-entry-2","0","671.6528","after-step","True","True","True","351","308","351",,,,,"<3.119202, 1.1412741, 94.7776>","<0.8922383, 1.1422856, 85.9373>","<1.2727464, 0.004081309, -0.045156162>"
"corrected-stall-entry-2","0","671.7389","before-step","True","True","True","351","308","351",,,,,"<3.119202, 1.1412741, 94.7776>","<0.8922383, 1.1422856, 85.9373>","<1.2727464, 0.004081309, -0.045156162>"
"corrected-stall-entry-2","0","672.4272","after-step","True","True","True","352","308","352",,,,,"<3.2345195, 1.1413096, 94.7015>","<0.9134508, 1.1423537, 85.93655>","<1.2668316, 0.004204631, -0.044621896>"
"corrected-stall-entry-2","0","701.9635","before-step","True","True","True","352","308","352",,,,,"<3.2345195, 1.1413096, 94.7015>","<0.9134508, 1.1423537, 85.93655>","<1.2668316, 0.004204631, -0.044621896>"
"corrected-stall-entry-2","0","703.3379","after-step","True","True","True","353","308","353",,,,,"<3.3510253, 1.1413429, 94.62239>","<0.93456465, 1.1424237, 85.93581>","<1.2609427, 0.004303783, -0.044140704>"
"corrected-stall-entry-2","0","703.4214","before-step","True","True","True","353","308","353",,,,,"<3.3510253, 1.1413429, 94.62239>","<0.93456465, 1.1424237, 85.93581>","<1.2609427, 0.004303783, -0.044140704>"
"corrected-stall-entry-2","0","704.2284","after-step","True","True","True","354","308","354",,,,,"<3.468666, 1.1413747, 94.54028>","<0.95558035, 1.1424955, 85.935074>","<1.2550797, 0.0043798536, -0.043704666>"
"corrected-stall-entry-2","0","717.2533","before-step","True","True","True","354","308","354",,,,,"<3.468666, 1.1413747, 94.54028>","<0.95558035, 1.1424955, 85.935074>","<1.2550797, 0.0043798536, -0.043704666>"
"corrected-stall-entry-2","0","718.0335","after-step","True","True","True","355","308","355",,,,,"<3.5873957, 1.1414062, 94.45521>","<0.97649837, 1.1425685, 85.93435>","<1.2492429, 0.0044341087, -0.04330699>"
"corrected-stall-entry-2","0","732.9024","before-step","True","True","True","355","308","355",,,,,"<3.5873957, 1.1414062, 94.45521>","<0.97649837, 1.1425685, 85.93435>","<1.2492429, 0.0044341087, -0.04330699>"
"corrected-stall-entry-2","0","733.8444","after-step","True","True","True","356","308","356",,,,,"<3.707176, 1.1414384, 94.3672>","<0.9973191, 1.1426424, 85.933624>","<1.2434322, 0.0044678897, -0.0429419>"
"corrected-stall-entry-2","0","748.6004","before-step","True","True","True","356","308","356",,,,,"<3.707176, 1.1414384, 94.3672>","<0.9973191, 1.1426424, 85.933624>","<1.2434322, 0.0044678897, -0.0429419>"
"corrected-stall-entry-2","0","749.5045","after-step","True","True","True","357","308","357",,,,,"<3.8279765, 1.1414725, 94.27631>","<1.0180429, 1.1427169, 85.93291>","<1.2376477, 0.0044691563, -0.042604513>"
"corrected-stall-entry-2","1","750.0983","stall-after","True","True","True","309","303","314","303","309","5","0","<0.050433505, 1.1445045, 85.99883>","<0.0021635122, 1.1449987, 86>","<0.27817836, -0.0012573153, -0.0010406761>"
"corrected-stall-entry-2","1","750.1191","before-step","True","True","True","309","303","314","303","309","5","0","<0.050433505, 1.1445045, 85.99883>","<0.0021635122, 1.1449987, 86>","<0.27817836, -0.0012573153, -0.0010406761>"
"corrected-stall-entry-2","1","750.4363","correction","True","True","True","354","308","354","308","309","0","0.9073919","<0.95558035, 1.1424955, 85.935074>","<0.95558035, 1.1424955, 85.935074>","<1.2550797, 0.0043798536, -0.043704666>"
"corrected-stall-entry-2","1","751.375","after-step","True","True","True","354","308","355","308","310","1","0.9073919","<0.97649837, 1.1425685, 85.93435>","<0.95558035, 1.1424955, 85.935074>","<1.2550797, 0.0043798536, -0.043704666>"
"corrected-stall-entry-2","1","753.852","before-step","True","True","True","354","308","355","308","310","1","0.9073919","<0.97649837, 1.1425685, 85.93435>","<0.95558035, 1.1424955, 85.935074>","<1.2550797, 0.0043798536, -0.043704666>"
"corrected-stall-entry-2","1","754.1122","after-step","True","True","True","354","308","356","308","311","2","0.9073919","<0.9995807, 1.1426424, 85.93347>","<0.95558035, 1.1424955, 85.935074>","<1.2550797, 0.0043798536, -0.043704666>"
"corrected-stall-entry-2","1","754.2292","before-step","True","True","True","354","308","356","308","311","2","0.9073919","<0.9995807, 1.1426424, 85.93347>","<0.95558035, 1.1424955, 85.935074>","<1.2550797, 0.0043798536, -0.043704666>"
"corrected-stall-entry-2","1","754.4369","after-step","True","True","True","354","308","357","308","312","3","0.9073919","<1.0251409, 1.1427069, 85.93234>","<0.95558035, 1.1424955, 85.935074>","<1.2550797, 0.0043798536, -0.043704666>"
"corrected-stall-entry-2","1","754.6412","before-step","True","True","True","354","308","357","308","312","3","0.9073919","<1.0251409, 1.1427069, 85.93234>","<0.95558035, 1.1424955, 85.935074>","<1.2550797, 0.0043798536, -0.043704666>"
"corrected-stall-entry-2","1","754.8159","after-step","True","True","True","354","308","358","308","313","4","0.9073919","<1.0532084, 1.1427449, 85.93087>","<0.95558035, 1.1424955, 85.935074>","<1.2550797, 0.0043798536, -0.043704666>"
"corrected-stall-entry-2","1","754.8776","before-step","True","True","True","354","308","358","308","313","4","0.9073919","<1.0532084, 1.1427449, 85.93087>","<0.95558035, 1.1424955, 85.935074>","<1.2550797, 0.0043798536, -0.043704666>"
"corrected-stall-entry-2","1","755.0486","after-step","True","True","True","354","308","359","308","314","5","0.9073919","<1.0837797, 1.1427476, 85.92896>","<0.95558035, 1.1424955, 85.935074>","<1.2550797, 0.0043798536, -0.043704666>"
"corrected-stall-entry-2","1","755.0882","before-step","True","True","True","354","308","359","308","314","5","0.9073919","<1.0837797, 1.1427476, 85.92896>","<0.95558035, 1.1424955, 85.935074>","<1.2550797, 0.0043798536, -0.043704666>"
"corrected-stall-entry-2","1","755.2195","after-step","True","True","True","354","308","360","308","315","6","0.9073919","<1.1168512, 1.1427124, 85.92651>","<0.95558035, 1.1424955, 85.935074>","<1.2550797, 0.0043798536, -0.043704666>"
"corrected-stall-entry-2","1","755.3926","before-step","True","True","True","354","308","360","308","315","6","0.9073919","<1.1168512, 1.1427124, 85.92651>","<0.95558035, 1.1424955, 85.935074>","<1.2550797, 0.0043798536, -0.043704666>"
"corrected-stall-entry-2","1","755.5303","after-step","True","True","True","354","308","361","308","316","7","0.9073919","<1.152422, 1.1426401, 85.92343>","<0.95558035, 1.1424955, 85.935074>","<1.2550797, 0.0043798536, -0.043704666>"
"corrected-stall-entry-2","1","755.5625","before-step","True","True","True","354","308","361","308","316","7","0.9073919","<1.152422, 1.1426401, 85.92343>","<0.95558035, 1.1424955, 85.935074>","<1.2550797, 0.0043798536, -0.043704666>"
"corrected-stall-entry-2","1","755.6791","after-step","True","True","True","354","308","362","308","317","8","0.9073919","<1.1904926, 1.1425344, 85.9196>","<0.95558035, 1.1424955, 85.935074>","<1.2550797, 0.0043798536, -0.043704666>"
"corrected-stall-entry-2","1","755.7086","before-step","True","True","True","354","308","362","308","317","8","0.9073919","<1.1904926, 1.1425344, 85.9196>","<0.95558035, 1.1424955, 85.935074>","<1.2550797, 0.0043798536, -0.043704666>"
"corrected-stall-entry-2","1","755.8206","after-step","True","True","True","354","308","363","308","318","9","0.9073919","<1.2310648, 1.1424001, 85.914925>","<0.95558035, 1.1424955, 85.935074>","<1.2550797, 0.0043798536, -0.043704666>"
"corrected-stall-entry-2","0","764.2598","before-step","True","True","True","357","308","357",,,,,"<3.8279765, 1.1414725, 94.27631>","<1.0180429, 1.1427169, 85.93291>","<1.2376477, 0.0044691563, -0.042604513>"
"corrected-stall-entry-2","0","765.2807","after-step","True","True","True","358","308","358",,,,,"<3.9497738, 1.1415098, 94.18259>","<1.0386704, 1.1427914, 85.9322>","<1.2318894, 0.0044424534, -0.042290617>"
"corrected-stall-entry-2","1","770.4712","before-step","True","True","True","354","308","363","308","318","9","0.9073919","<1.2310648, 1.1424001, 85.914925>","<0.95558035, 1.1424955, 85.935074>","<1.2550797, 0.0043798536, -0.043704666>"
"corrected-stall-entry-2","1","770.7745","after-step","True","True","True","354","308","364","308","319","10","0.9073919","<1.2741401, 1.1422429, 85.9093>","<0.95558035, 1.1424955, 85.935074>","<1.2550797, 0.0043798536, -0.043704666>"
"corrected-stall-entry-2","0","779.1209","before-step","True","True","True","358","308","358",,,,,"<3.9497738, 1.1415098, 94.18259>","<1.0386704, 1.1427914, 85.9322>","<1.2318894, 0.0044424534, -0.042290617>"
"corrected-stall-entry-2","0","780.135","after-step","True","True","True","359","308","359",,,,,"<4.072551, 1.1415517, 94.086075>","<1.059202, 1.1428654, 85.931496>","<1.2261572, 0.004393503, -0.041996647>"
"corrected-stall-entry-2","1","787.2762","before-step","True","True","True","354","308","364","308","319","10","0.9073919","<1.2741401, 1.1422429, 85.9093>","<0.95558035, 1.1424955, 85.935074>","<1.2550797, 0.0043798536, -0.043704666>"
"corrected-stall-entry-2","1","788.67","correction","True","True","True","357","308","367","308","319","10","0.059506916","<1.333617, 1.1424032, 85.90742>","<1.0180429, 1.1427169, 85.93291>","<1.2376477, 0.0044691563, -0.042604513>"
"corrected-stall-entry-2","1","788.8107","after-step","True","True","True","357","308","368","308","320","11","0.059506916","<1.3788936, 1.1422181, 85.90082>","<1.0180429, 1.1427169, 85.93291>","<1.2376477, 0.0044691563, -0.042604513>"
"corrected-stall-entry-2","0","794.8489","before-step","True","True","True","359","308","359",,,,,"<4.072551, 1.1415517, 94.086075>","<1.059202, 1.1428654, 85.931496>","<1.2261572, 0.004393503, -0.041996647>"
"corrected-stall-entry-2","0","797.7034","after-step","True","True","True","360","312","360",,,,,"<4.196295, 1.1415995, 93.98684>","<1.0796379, 1.1429386, 85.93079>","<1.3558723, 0.0043255836, -0.05114735>"
"corrected-stall-entry-2","1","803.7996","before-step","True","True","True","357","308","368","308","320","11","0.059506916","<1.3788936, 1.1422181, 85.90082>","<1.0180429, 1.1427169, 85.93291>","<1.2376477, 0.0044691563, -0.042604513>"
"corrected-stall-entry-2","1","804.0755","after-step","True","True","True","357","308","369","308","321","12","0.059506916","<1.4266766, 1.1420213, 85.89313>","<1.0180429, 1.1427169, 85.93291>","<1.2376477, 0.0044691563, -0.042604513>"
"corrected-stall-entry-2","1","820.4596","before-step","True","True","True","357","308","369","308","321","12","0.059506916","<1.4266766, 1.1420213, 85.89313>","<1.0180429, 1.1427169, 85.93291>","<1.2376477, 0.0044691563, -0.042604513>"
"corrected-stall-entry-2","1","820.734","after-step","True","True","True","357","308","370","308","322","13","0.059506916","<1.4769666, 1.141818, 85.884285>","<1.0180429, 1.1427169, 85.93291>","<1.2376477, 0.0044691563, -0.042604513>"
"corrected-stall-entry-2","0","825.2557","before-step","True","True","True","360","312","360",,,,,"<4.196295, 1.1415995, 93.98684>","<1.0796379, 1.1429386, 85.93079>","<1.3558723, 0.0043255836, -0.05114735>"
"corrected-stall-entry-2","0","826.3684","after-step","True","True","True","361","314","361",,,,,"<4.320997, 1.1416544, 93.88493>","<1.1022358, 1.1430107, 85.92994>","<1.5042957, 0.00349845, -0.06601665>"
"corrected-stall-entry-2","1","837.128","before-step","True","True","True","357","308","370","308","322","13","0.059506916","<1.4769666, 1.141818, 85.884285>","<1.0180429, 1.1427169, 85.93291>","<1.2376477, 0.0044691563, -0.042604513>"
"corrected-stall-entry-2","1","837.4713","after-step","True","True","True","357","308","371","308","323","14","0.059506916","<1.529763, 1.1416131, 85.874245>","<1.0180429, 1.1427169, 85.93291>","<1.2376477, 0.0044691563, -0.042604513>"
"corrected-stall-entry-2","0","841.5929","before-step","True","True","True","361","314","361",,,,,"<4.320997, 1.1416544, 93.88493>","<1.1022358, 1.1430107, 85.92994>","<1.5042957, 0.00349845, -0.06601665>"
"corrected-stall-entry-2","0","842.4662","after-step","True","True","True","362","315","362",,,,,"<4.4466534, 1.1417173, 93.78041>","<1.1273074, 1.143069, 85.92884>","<1.6545203, 0.0017094314, -0.0863538>"
"corrected-stall-entry-2","1","853.7952","before-step","True","True","True","357","308","371","308","323","14","0.059506916","<1.529763, 1.1416131, 85.874245>","<1.0180429, 1.1427169, 85.93291>","<1.2376477, 0.0044691563, -0.042604513>"
"corrected-stall-entry-2","1","855.1304","correction","True","True","True","360","312","370","312","323","10","0.11470274","<1.417901, 1.1423119, 85.899605>","<1.0796379, 1.1429386, 85.93079>","<1.3558723, 0.0043255836, -0.05114735>"
"corrected-stall-entry-2","1","855.2855","after-step","True","True","True","360","312","371","312","324","11","0.11470274","<1.4654865, 1.1421084, 85.89195>","<1.0796379, 1.1429386, 85.93079>","<1.3558723, 0.0043255836, -0.05114735>"
"corrected-stall-entry-2","1","870.4646","before-step","True","True","True","360","312","371","312","324","11","0.11470274","<1.4654865, 1.1421084, 85.89195>","<1.0796379, 1.1429386, 85.93079>","<1.3558723, 0.0043255836, -0.05114735>"
"corrected-stall-entry-2","1","870.7411","after-step","True","True","True","360","312","372","312","325","12","0.11470274","<1.5155791, 1.1418988, 85.883156>","<1.0796379, 1.1429386, 85.93079>","<1.3558723, 0.0043255836, -0.05114735>"
"corrected-stall-entry-2","0","872.5297","before-step","True","True","True","362","315","362",,,,,"<4.4466534, 1.1417173, 93.78041>","<1.1273074, 1.143069, 85.92884>","<1.6545203, 0.0017094314, -0.0863538>"
"corrected-stall-entry-2","0","873.5889","after-step","True","True","True","363","317","363",,,,,"<4.573261, 1.141787, 93.67332>","<1.1548828, 1.1430975, 85.9274>","<1.804581, -0.00055871904, -0.11233077>"
"corrected-stall-entry-2","0","873.6736","before-step","True","True","True","363","317","363",,,,,"<4.573261, 1.141787, 93.67332>","<1.1548828, 1.1430975, 85.9274>","<1.804581, -0.00055871904, -0.11233077>"
"corrected-stall-entry-2","0","874.6473","after-step","True","True","True","364","318","364",,,,,"<4.70082, 1.1418625, 93.563705>","<1.1849592, 1.1430882, 85.92553>","<1.9544626, -0.0029572845, -0.14414304>"
"corrected-stall-entry-2","1","887.1257","before-step","True","True","True","360","312","372","312","325","12","0.11470274","<1.5155791, 1.1418988, 85.883156>","<1.0796379, 1.1429386, 85.93079>","<1.3558723, 0.0043255836, -0.05114735>"
"corrected-stall-entry-2","1","887.4015","after-step","True","True","True","360","312","373","312","326","13","0.11470274","<1.5681784, 1.1416875, 85.87315>","<1.0796379, 1.1429386, 85.93079>","<1.3558723, 0.0043255836, -0.05114735>"
"corrected-stall-entry-2","1","903.7953","before-step","True","True","True","360","312","373","312","326","13","0.11470274","<1.5681784, 1.1416875, 85.87315>","<1.0796379, 1.1429386, 85.93079>","<1.3558723, 0.0043255836, -0.05114735>"
"corrected-stall-entry-2","0","903.8321","before-step","True","True","True","364","318","364",,,,,"<4.70082, 1.1418625, 93.563705>","<1.1849592, 1.1430882, 85.92553>","<1.9544626, -0.0029572845, -0.14414304>"
"corrected-stall-entry-2","1","904.0635","after-step","True","True","True","360","312","374","312","327","14","0.11470274","<1.6232827, 1.1414789, 85.86191>","<1.0796379, 1.1429386, 85.93079>","<1.3558723, 0.0043255836, -0.05114735>"
"corrected-stall-entry-2","0","904.7884","after-step","True","True","True","365","319","365",,,,,"<4.8293343, 1.141941, 93.45163>","<1.2175336, 1.143039, 85.92313>","<2.1043172, -0.005258262, -0.181974>"
"corrected-stall-entry-2","0","904.8681","before-step","True","True","True","365","319","365",,,,,"<4.8293343, 1.141941, 93.45163>","<1.2175336, 1.143039, 85.92313>","<2.1043172, -0.005258262, -0.181974>"
"corrected-stall-entry-2","0","905.6192","after-step","True","True","True","366","320","366",,,,,"<4.958811, 1.1420195, 93.33713>","<1.2526056, 1.1429514, 85.92009>","<2.254246, -0.0073216707, -0.22599474>"
"corrected-stall-entry-2","1","920.4555","before-step","True","True","True","360","312","374","312","327","14","0.11470274","<1.6232827, 1.1414789, 85.86191>","<1.0796379, 1.1429386, 85.93079>","<1.3558723, 0.0043255836, -0.05114735>"
"corrected-stall-entry-2","1","921.5972","correction","True","True","True","363","317","372","317","327","9","0.10978027","<1.5155791, 1.1418988, 85.883156>","<1.1548828, 1.1430975, 85.9274>","<1.804581, -0.00055871904, -0.11233077>"
"corrected-stall-entry-2","1","921.7252","after-step","True","True","True","363","317","373","317","328","10","0.10978027","<1.5681784, 1.1416875, 85.87315>","<1.1548828, 1.1430975, 85.9274>","<1.804581, -0.00055871904, -0.11233077>"
"corrected-stall-entry-2","0","935.0724","before-step","True","True","True","366","320","366",,,,,"<4.958811, 1.1420195, 93.33713>","<1.2526056, 1.1429514, 85.92009>","<2.254246, -0.0073216707, -0.22599474>"
"corrected-stall-entry-2","0","936.3593","after-step","True","True","True","367","321","367",,,,,"<5.0892606, 1.1420962, 93.22024>","<1.2901763, 1.1428293, 85.91632>","<2.404288, -0.009069711, -0.27636144>"
"corrected-stall-entry-2","0","936.595","before-step","True","True","True","367","321","367",,,,,"<5.0892606, 1.1420962, 93.22024>","<1.2901763, 1.1428293, 85.91632>","<2.404288, -0.009069711, -0.27636144>"
"corrected-stall-entry-2","1","937.1271","before-step","True","True","True","363","317","373","317","328","10","0.10978027","<1.5681784, 1.1416875, 85.87315>","<1.1548828, 1.1430975, 85.9274>","<1.804581, -0.00055871904, -0.11233077>"
"corrected-stall-entry-2","0","937.2947","after-step","True","True","True","368","322","368",,,,,"<5.2206993, 1.1421692, 93.101006>","<1.3302478, 1.1426781, 85.91171>","<2.554453, -0.010467321, -0.33268413>"
"corrected-stall-entry-2","1","937.4164","after-step","True","True","True","363","317","374","317","329","11","0.10978027","<1.6232827, 1.1414789, 85.86191>","<1.1548828, 1.1430975, 85.9274>","<1.804581, -0.00055871904, -0.11233077>"
"corrected-stall-entry-2","0","950.5373","before-step","True","True","True","368","322","368",,,,,"<5.2206993, 1.1421692, 93.101006>","<1.3302478, 1.1426781, 85.91171>","<2.554453, -0.010467321, -0.33268413>"
"corrected-stall-entry-2","0","951.4914","after-step","True","True","True","369","323","369",,,,,"<5.353147, 1.1422368, 92.97947>","<1.3728219, 1.1425037, 85.906166>","<2.7047431, -0.011508495, -0.39389008>"
"corrected-stall-entry-2","1","953.7924","before-step","True","True","True","363","317","374","317","329","11","0.10978027","<1.6232827, 1.1414789, 85.86191>","<1.1548828, 1.1430975, 85.9274>","<1.804581, -0.00055871904, -0.11233077>"
"corrected-stall-entry-2","1","953.9034","correction","True","True","True","366","320","374","320","329","8","0","<1.6232827, 1.1414789, 85.86191>","<1.2526056, 1.1429514, 85.92009>","<2.254246, -0.0073216707, -0.22599474>"
"corrected-stall-entry-2","1","954.1205","after-step","True","True","True","366","320","375","320","330","9","0","<1.6808884, 1.1412766, 85.84937>","<1.2526056, 1.1429514, 85.92009>","<2.254246, -0.0073216707, -0.22599474>"
"corrected-stall-entry-2","0","966.2471","before-step","True","True","True","369","323","369",,,,,"<5.353147, 1.1422368, 92.97947>","<1.3728219, 1.1425037, 85.906166>","<2.7047431, -0.011508495, -0.39389008>"
"corrected-stall-entry-2","0","967.2316","after-step","True","True","True","370","324","370",,,,,"<5.4866285, 1.1422973, 92.85567>","<1.417901, 1.1423119, 85.899605>","<2.8551288, -0.012206107, -0.45918882>"
"corrected-stall-entry-2","1","970.4539","before-step","True","True","True","366","320","375","320","330","9","0","<1.6808884, 1.1412766, 85.84937>","<1.2526056, 1.1429514, 85.92009>","<2.254246, -0.0073216707, -0.22599474>"
"corrected-stall-entry-2","1","970.7219","after-step","True","True","True","366","320","376","320","331","10","0","<1.7409909, 1.1410836, 85.8355>","<1.2526056, 1.1429514, 85.92009>","<2.254246, -0.0073216707, -0.22599474>"
"corrected-stall-entry-2","0","981.603","before-step","True","True","True","370","324","370",,,,,"<5.4866285, 1.1422973, 92.85567>","<1.417901, 1.1423119, 85.899605>","<2.8551288, -0.012206107, -0.45918882>"
"corrected-stall-entry-2","0","982.6278","after-step","True","True","True","371","325","371",,,,,"<5.621174, 1.1423494, 92.72963>","<1.4654865, 1.1421084, 85.89195>","<3.005557, -0.012584746, -0.5280086>"
"corrected-stall-entry-2","1","987.1247","before-step","True","True","True","366","320","376","320","331","10","0","<1.7409909, 1.1410836, 85.8355>","<1.2526056, 1.1429514, 85.92009>","<2.254246, -0.0073216707, -0.22599474>"
"corrected-stall-entry-2","1","987.2354","correction","True","True","True","369","323","376","323","331","7","0","<1.7409909, 1.1410836, 85.8355>","<1.3728219, 1.1425037, 85.906166>","<2.7047431, -0.011508495, -0.39389008>"
"corrected-stall-entry-2","1","987.4998","after-step","True","True","True","369","323","377","323","332","8","0","<1.8035834, 1.1409024, 85.82025>","<1.3728219, 1.1425037, 85.906166>","<2.7047431, -0.011508495, -0.39389008>"
"corrected-stall-entry-2","0","997.0286","before-step","True","True","True","371","325","371",,,,,"<5.621174, 1.1423494, 92.72963>","<1.4654865, 1.1421084, 85.89195>","<3.005557, -0.012584746, -0.5280086>"
"corrected-stall-entry-2","0","997.922","after-step","True","True","True","372","326","372",,,,,"<5.7568183, 1.1423923, 92.601395>","<1.5155791, 1.1418988, 85.883156>","<3.1559584, -0.012676075, -0.5999477>"
"corrected-stall-entry-3","1","-99.996","before-step","True","True","True","300","296","308","296","305","8","0","<0, 1.1449987, 86>","<0, 1.1449987, 86>","<0, 2.6375055E-06, 0>"
"corrected-stall-entry-3","1","-99.8908","correction","True","True","True","303","299","308","299","305","5","0","<0, 1.1449987, 86>","<0, 1.1449987, 86>","<0, 2.6375055E-06, 0>"
"corrected-stall-entry-3","1","-99.3173","after-step","True","True","True","303","299","309","299","306","6","0","<0.0021635122, 1.1449987, 86>","<0, 1.1449987, 86>","<0, 2.6375055E-06, 0>"
"corrected-stall-entry-3","0","-94.5124","before-step","True","True","True","305","301","305",,,,,"<0.023594324, 1.1448239, 95.99974>","<0, 1.1449987, 86>","<0, 2.6375055E-06, 0>"
"corrected-stall-entry-3","0","-93.0803","after-step","True","True","True","306","302","306",,,,,"<0.035756372, 1.144684, 95.999405>","<0, 1.1449987, 86>","<0, 2.6375055E-06, 0>"
"corrected-stall-entry-3","1","-83.3171","before-step","True","True","True","303","299","309","299","306","6","0","<0.0021635122, 1.1449987, 86>","<0, 1.1449987, 86>","<0, 2.6375055E-06, 0>"
"corrected-stall-entry-3","1","-83.0183","after-step","True","True","True","303","299","310","299","307","7","0","<0.006799818, 1.1449777, 85.999985>","<0, 1.1449987, 86>","<0, 2.6375055E-06, 0>"
"corrected-stall-entry-3","0","-77.8472","before-step","True","True","True","306","302","306",,,,,"<0.035756372, 1.144684, 95.999405>","<0, 1.1449987, 86>","<0, 2.6375055E-06, 0>"
"corrected-stall-entry-3","0","-77.0027","after-step","True","True","True","307","303","307",,,,,"<0.050433505, 1.1445045, 95.99883>","<0, 1.1449987, 86>","<0, 2.6375055E-06, 0>"
"corrected-stall-entry-3","1","-66.6524","before-step","True","True","True","303","299","310","299","307","7","0","<0.006799818, 1.1449777, 85.999985>","<0, 1.1449987, 86>","<0, 2.6375055E-06, 0>"
"corrected-stall-entry-3","1","-66.33","after-step","True","True","True","303","299","311","299","308","8","0","<0.013942769, 1.1449215, 85.999916>","<0, 1.1449987, 86>","<0, 2.6375055E-06, 0>"
"corrected-stall-entry-3","0","-61.1786","before-step","True","True","True","307","303","307",,,,,"<0.050433505, 1.1445045, 95.99883>","<0, 1.1449987, 86>","<0, 2.6375055E-06, 0>"
"corrected-stall-entry-3","0","-60.3325","after-step","True","True","True","308","304","308",,,,,"<0.06763225, 1.1442906, 95.99795>","<0, 1.1449987, 86>","<0.12981074, 2.6375055E-06, 0>"
"corrected-stall-entry-3","1","-49.9745","before-step","True","True","True","303","299","311","299","308","8","0","<0.013942769, 1.1449215, 85.999916>","<0, 1.1449987, 86>","<0, 2.6375055E-06, 0>"
"corrected-stall-entry-3","1","-49.8475","correction","True","True","True","306","302","311","302","308","5","0","<0.013942769, 1.1449215, 85.999916>","<0, 1.1449987, 86>","<0, 2.6375055E-06, 0>"
"corrected-stall-entry-3","1","-49.597","after-step","True","True","True","306","302","312","302","309","6","0","<0.023594324, 1.1448239, 85.99974>","<0, 1.1449987, 86>","<0, 2.6375055E-06, 0>"
"corrected-stall-entry-3","0","-44.5136","before-step","True","True","True","308","304","308",,,,,"<0.06763225, 1.1442906, 95.99795>","<0, 1.1449987, 86>","<0.12981074, 2.6375055E-06, 0>"
"corrected-stall-entry-3","0","-43.6491","after-step","True","True","True","309","305","309",,,,,"<0.08736012, 1.1440482, 95.996666>","<0.0021635122, 1.1449987, 86>","<0.27817836, -0.0012573153, -0.0010406761>"
"corrected-stall-entry-3","1","-33.3264","before-step","True","True","True","306","302","312","302","309","6","0","<0.023594324, 1.1448239, 85.99974>","<0, 1.1449987, 86>","<0, 2.6375055E-06, 0>"
"corrected-stall-entry-3","1","-32.9869","after-step","True","True","True","306","302","313","302","310","7","0","<0.035756372, 1.144684, 85.999405>","<0, 1.1449987, 86>","<0, 2.6375055E-06, 0>"
"corrected-stall-entry-3","0","-27.8502","before-step","True","True","True","309","305","309",,,,,"<0.08736012, 1.1440482, 95.996666>","<0.0021635122, 1.1449987, 86>","<0.27817836, -0.0012573153, -0.0010406761>"
"corrected-stall-entry-3","0","-27.0567","after-step","True","True","True","310","306","310",,,,,"<0.10962487, 1.1437842, 95.99489>","<0.006799818, 1.1449777, 85.999985>","<0.428577, -0.0033678412, -0.004199442>"
"corrected-stall-entry-3","1","-16.6571","before-step","True","True","True","306","302","313","302","310","7","0","<0.035756372, 1.144684, 85.999405>","<0, 1.1449987, 86>","<0, 2.6375055E-06, 0>"
"corrected-stall-entry-3","1","-16.3433","after-step","True","True","True","306","302","314","302","311","8","0","<0.050433505, 1.1445045, 85.99883>","<0, 1.1449987, 86>","<0, 2.6375055E-06, 0>"
"corrected-stall-entry-3","0","-11.1857","before-step","True","True","True","310","306","310",,,,,"<0.10962487, 1.1437842, 95.99489>","<0.006799818, 1.1449777, 85.999985>","<0.428577, -0.0033678412, -0.004199442>"
"corrected-stall-entry-3","0","-10.2114","after-step","True","True","True","311","307","311",,,,,"<0.13443395, 1.1435049, 95.99253>","<0.013942769, 1.1449215, 85.999916>","<0.57909334, -0.0058600903, -0.010326071>"
"corrected-stall-entry-3","1","0","stall-before","True","True","True","306","302","314","302","311","8","0","<0.050433505, 1.1445045, 85.99883>","<0, 1.1449987, 86>","<0, 2.6375055E-06, 0>"
"corrected-stall-entry-3","0","5.471","before-step","True","True","True","311","307","311",,,,,"<0.13443395, 1.1435049, 95.99253>","<0.013942769, 1.1449215, 85.999916>","<0.57909334, -0.0058600903, -0.010326071>"
"corrected-stall-entry-3","0","6.435","after-step","True","True","True","312","308","312",,,,,"<0.16179419, 1.1432166, 95.98951>","<0.023594324, 1.1448239, 85.99974>","<0.72972286, -0.008398801, -0.020118166>"
"corrected-stall-entry-3","0","22.146","before-step","True","True","True","312","308","312",,,,,"<0.16179419, 1.1432166, 95.98951>","<0.023594324, 1.1448239, 85.99974>","<0.72972286, -0.008398801, -0.020118166>"
"corrected-stall-entry-3","0","23.0135","after-step","True","True","True","313","309","313",,,,,"<0.19171143, 1.1429251, 95.985756>","<0.035756372, 1.144684, 85.999405>","<0.880628, -0.0107675195, -0.034168422>"
"corrected-stall-entry-3","0","38.8089","before-step","True","True","True","313","309","313",,,,,"<0.19171143, 1.1429251, 95.985756>","<0.035756372, 1.144684, 85.999405>","<0.880628, -0.0107675195, -0.034168422>"
"corrected-stall-entry-3","0","39.5353","after-step","True","True","True","314","310","314",,,,,"<0.22419044, 1.1426356, 95.98121>","<0.050433505, 1.1445045, 85.99883>","<1.0319247, -0.012836754, -0.05299137>"
"corrected-stall-entry-3","0","55.477","before-step","True","True","True","314","310","314",,,,,"<0.22419044, 1.1426356, 95.98121>","<0.050433505, 1.1445045, 85.99883>","<1.0319247, -0.012836754, -0.05299137>"
"corrected-stall-entry-3","0","56.2752","after-step","True","True","True","315","310","315",,,,,"<0.2592348, 1.1423523, 95.97581>","<0.06763225, 1.1442906, 85.99795>","<1.1836722, -0.014537796, -0.07704071>"
"corrected-stall-entry-3","0","72.1381","before-step","True","True","True","315","310","315",,,,,"<0.2592348, 1.1423523, 95.97581>","<0.06763225, 1.1442906, 85.99795>","<1.1836722, -0.014537796, -0.07704071>"
"corrected-stall-entry-3","0","72.9283","after-step","True","True","True","316","310","316",,,,,"<0.2968467, 1.1420792, 95.969505>","<0.08736012, 1.1440482, 85.996666>","<1.3358849, -0.015843824, -0.10672068>"
"corrected-stall-entry-3","0","88.8027","before-step","True","True","True","316","310","316",,,,,"<0.2968467, 1.1420792, 95.969505>","<0.08736012, 1.1440482, 85.996666>","<1.3358849, -0.015843824, -0.10672068>"
"corrected-stall-entry-3","0","89.4749","after-step","True","True","True","317","310","317",,,,,"<0.33702713, 1.1418195, 95.96226>","<0.10962487, 1.1437842, 85.99489>","<1.4885454, -0.016756028, -0.14166783>"
"corrected-stall-entry-3","0","105.4653","before-step","True","True","True","317","310","317",,,,,"<0.33702713, 1.1418195, 95.96226>","<0.10962487, 1.1437842, 85.99489>","<1.4885454, -0.016756028, -0.14166783>"
"corrected-stall-entry-3","0","106.2221","after-step","True","True","True","318","310","318",,,,,"<0.37977564, 1.1415756, 95.95401>","<0.13443395, 1.1435049, 85.99253>","<1.481494, -0.017293602, -0.16886266>"
"corrected-stall-entry-3","0","122.1482","before-step","True","True","True","318","310","318",,,,,"<0.37977564, 1.1415756, 95.95401>","<0.13443395, 1.1435049, 85.99253>","<1.481494, -0.017293602, -0.16886266>"
"corrected-stall-entry-3","0","122.8999","after-step","True","True","True","319","310","319",,,,,"<0.42509043, 1.1413494, 95.94473>","<0.15912552, 1.1432166, 85.989716>","<1.4744947, -0.015998185, -0.18496884>"
"corrected-stall-entry-3","0","138.8057","before-step","True","True","True","319","310","319",,,,,"<0.42509043, 1.1413494, 95.94473>","<0.15912552, 1.1432166, 85.989716>","<1.4744947, -0.015998185, -0.18496884>"
"corrected-stall-entry-3","0","139.7146","after-step","True","True","True","320","310","320",,,,,"<0.4729683, 1.1411425, 95.93437>","<0.18370043, 1.1429499, 85.98663>","<1.4675688, -0.013642594, -0.1918342>"
"corrected-stall-entry-3","0","155.4679","before-step","True","True","True","320","310","320",,,,,"<0.4729683, 1.1411425, 95.93437>","<0.18370043, 1.1429499, 85.98663>","<1.4675688, -0.013642594, -0.1918342>"
"corrected-stall-entry-3","0","156.383","after-step","True","True","True","321","310","321",,,,,"<0.52340466, 1.1409558, 95.9229>","<0.20815991, 1.1427226, 85.98344>","<1.4607311, -0.011020884, -0.19143543>"
"corrected-stall-entry-3","0","172.1728","before-step","True","True","True","321","310","321",,,,,"<0.52340466, 1.1409558, 95.9229>","<0.20815991, 1.1427226, 85.98344>","<1.4607311, -0.011020884, -0.19143543>"
"corrected-stall-entry-3","0","172.976","after-step","True","True","True","322","310","322",,,,,"<0.57639337, 1.1407899, 95.910255>","<0.23250543, 1.1425389, 85.98025>","<1.4539824, -0.008522868, -0.18615046>"
"corrected-stall-entry-3","0","188.813","before-step","True","True","True","322","310","322",,,,,"<0.57639337, 1.1407899, 95.910255>","<0.23250543, 1.1425389, 85.98025>","<1.4539824, -0.008522868, -0.18615046>"
"corrected-stall-entry-3","0","189.6447","after-step","True","True","True","323","310","323",,,,,"<0.6319269, 1.140645, 95.89641>","<0.25673845, 1.1423968, 85.97714>","<1.4473156, -0.0064022094, -0.17784905>"
"corrected-stall-entry-3","0","205.4649","before-step","True","True","True","323","310","323",,,,,"<0.6319269, 1.140645, 95.89641>","<0.25673845, 1.1423968, 85.97714>","<1.4473156, -0.0064022094, -0.17784905>"
"corrected-stall-entry-3","0","206.1881","after-step","True","True","True","324","310","324",,,,,"<0.68999606, 1.1405212, 95.88132>","<0.2808604, 1.1422901, 85.974174>","<1.4407208, -0.0049665123, -0.16785268>"
"corrected-stall-entry-3","0","222.1409","before-step","True","True","True","324","310","324",,,,,"<0.68999606, 1.1405212, 95.88132>","<0.2808604, 1.1422901, 85.974174>","<1.4407208, -0.0049665123, -0.16785268>"
"corrected-stall-entry-3","0","222.9127","after-step","True","True","True","325","310","325",,,,,"<0.7505901, 1.1404179, 95.86493>","<0.3048724, 1.1422074, 85.971375>","<1.4341875, -0.0040446073, -0.15708064>"
"corrected-stall-entry-3","0","238.7968","before-step","True","True","True","325","310","325",,,,,"<0.7505901, 1.1404179, 95.86493>","<0.3048724, 1.1422074, 85.971375>","<1.4341875, -0.0040446073, -0.15708064>"
"corrected-stall-entry-3","0","239.6447","after-step","True","True","True","326","310","326",,,,,"<0.8136965, 1.1403348, 95.84719>","<0.32877553, 1.14214, 85.96876>","<1.427705, -0.0034492463, -0.14616026>"
"corrected-stall-entry-3","0","255.4749","before-step","True","True","True","326","310","326",,,,,"<0.8136965, 1.1403348, 95.84719>","<0.32877553, 1.14214, 85.96876>","<1.427705, -0.0034492463, -0.14616026>"
"corrected-stall-entry-3","0","256.3765","after-step","True","True","True","327","310","327",,,,,"<0.8793009, 1.1402711, 95.82806>","<0.35257062, 1.1420826, 85.966324>","<1.421264, -0.0030501634, -0.13550836>"
"corrected-stall-entry-3","0","272.1784","before-step","True","True","True","327","310","327",,,,,"<0.8793009, 1.1402711, 95.82806>","<0.35257062, 1.1420826, 85.966324>","<1.421264, -0.0030501634, -0.13550836>"
"corrected-stall-entry-3","0","273.0564","after-step","True","True","True","328","310","328",,,,,"<0.9473869, 1.1402259, 95.80748>","<0.37625834, 1.1420318, 85.964066>","<1.4148566, -0.002758637, -0.1253905>"
"corrected-stall-entry-3","0","288.7991","before-step","True","True","True","328","310","328",,,,,"<0.9473869, 1.1402259, 95.80748>","<0.37625834, 1.1420318, 85.964066>","<1.4148566, -0.002758637, -0.1253905>"
"corrected-stall-entry-3","0","289.5279","after-step","True","True","True","329","310","329",,,,,"<1.0179361, 1.1401982, 95.78539>","<0.39983928, 1.1419858, 85.961975>","<1.4084761, -0.002515614, -0.11596407>"
"corrected-stall-entry-3","0","305.4574","before-step","True","True","True","329","310","329",,,,,"<1.0179361, 1.1401982, 95.78539>","<0.39983928, 1.1419858, 85.961975>","<1.4084761, -0.002515614, -0.11596407>"
"corrected-stall-entry-3","0","306.1536","after-step","True","True","True","330","310","330",,,,,"<1.0909278, 1.1401871, 95.76174>","<0.4233139, 1.1419438, 85.960045>","<1.4021178, -0.0022835732, -0.10730987>"
"corrected-stall-entry-3","0","322.1283","before-step","True","True","True","330","310","330",,,,,"<1.0909278, 1.1401871, 95.76174>","<0.4233139, 1.1419438, 85.960045>","<1.4021178, -0.0022835732, -0.10730987>"
"corrected-stall-entry-3","0","323.1387","after-step","True","True","True","331","310","331",,,,,"<1.166339, 1.1401914, 95.736465>","<0.4466825, 1.1419058, 85.95826>","<1.3957784, -0.0020402372, -0.09945534>"
"corrected-stall-entry-3","0","338.8055","before-step","True","True","True","331","310","331",,,,,"<1.166339, 1.1401914, 95.736465>","<0.4466825, 1.1419058, 85.95826>","<1.3957784, -0.0020402372, -0.09945534>"
"corrected-stall-entry-3","0","339.781","after-step","True","True","True","332","310","332",,,,,"<1.2441441, 1.14021, 95.709496>","<0.4699455, 1.1418718, 85.956604>","<1.3894554, -0.001773715, -0.09239162>"
"corrected-stall-entry-3","0","355.4641","before-step","True","True","True","332","310","332",,,,,"<1.2441441, 1.14021, 95.709496>","<0.4699455, 1.1418718, 85.956604>","<1.3894554, -0.001773715, -0.09239162>"
"corrected-stall-entry-3","0","356.2331","after-step","True","True","True","333","310","333",,,,,"<1.3243144, 1.1402415, 95.68077>","<0.4931031, 1.1418422, 85.95506>","<1.3831477, -0.0014793575, -0.08608603>"
"corrected-stall-entry-3","0","372.1251","before-step","True","True","True","333","310","333",,,,,"<1.3243144, 1.1402415, 95.68077>","<0.4931031, 1.1418422, 85.95506>","<1.3831477, -0.0014793575, -0.08608603>"
"corrected-stall-entry-3","0","372.8132","after-step","True","True","True","334","310","334",,,,,"<1.4068179, 1.1402836, 95.65022>","<0.51615554, 1.1418176, 85.95363>","<1.3768547, -0.0011574924, -0.080491155>"
"corrected-stall-entry-3","0","388.7931","before-step","True","True","True","334","310","334",,,,,"<1.4068179, 1.1402836, 95.65022>","<0.51615554, 1.1418176, 85.95363>","<1.3768547, -0.0011574924, -0.080491155>"
"corrected-stall-entry-3","0","389.5358","after-step","True","True","True","335","310","335",,,,,"<1.4916197, 1.1403342, 95.617775>","<0.5391031, 1.1417983, 85.952286>","<1.3705763, -0.000811249, -0.07555142>"
"corrected-stall-entry-3","0","405.4553","before-step","True","True","True","335","310","335",,,,,"<1.4916197, 1.1403342, 95.617775>","<0.5391031, 1.1417983, 85.952286>","<1.3705763, -0.000811249, -0.07555142>"
"corrected-stall-entry-3","0","406.315","after-step","True","True","True","336","310","336",,,,,"<1.5786817, 1.1403918, 95.58335>","<0.56194603, 1.1417848, 85.95103>","<1.364313, -0.00044554472, -0.07120765>"
"corrected-stall-entry-3","0","422.1248","before-step","True","True","True","336","310","336",,,,,"<1.5786817, 1.1403918, 95.58335>","<0.56194603, 1.1417848, 85.95103>","<1.364313, -0.00044554472, -0.07120765>"
"corrected-stall-entry-3","0","422.8117","after-step","True","True","True","337","310","337",,,,,"<1.6679626, 1.1404544, 95.54688>","<0.5846846, 1.1417774, 85.94984>","<1.3580656, -6.631017E-05, -0.06740038>"
"corrected-stall-entry-3","0","438.7977","before-step","True","True","True","337","310","337",,,,,"<1.6679626, 1.1404544, 95.54688>","<0.5846846, 1.1417774, 85.94984>","<1.3580656, -6.631017E-05, -0.06740038>"
"corrected-stall-entry-3","0","439.6345","after-step","True","True","True","338","310","338",,,,,"<1.7594173, 1.1405206, 95.50829>","<0.60731906, 1.1417763, 85.948715>","<1.3518348, 0.00032040477, -0.06407187>"
"corrected-stall-entry-3","0","455.4535","before-step","True","True","True","338","310","338",,,,,"<1.7594173, 1.1405206, 95.50829>","<0.60731906, 1.1417763, 85.948715>","<1.3518348, 0.00032040477, -0.06407187>"
"corrected-stall-entry-3","0","456.1628","after-step","True","True","True","339","310","339",,,,,"<1.8529975, 1.1405889, 95.4675>","<0.6298496, 1.1417817, 85.94765>","<1.3456216, 0.0007086098, -0.061167568>"
"corrected-stall-entry-3","0","472.1206","before-step","True","True","True","339","310","339",,,,,"<1.8529975, 1.1405889, 95.4675>","<0.6298496, 1.1417817, 85.94765>","<1.3456216, 0.0007086098, -0.061167568>"
"corrected-stall-entry-3","0","472.8825","after-step","True","True","True","340","310","340",,,,,"<1.9486512, 1.140658, 95.424416>","<0.65227664, 1.1417935, 85.946625>","<1.339427, 0.0010927618, -0.058636814>"
"corrected-stall-entry-3","0","488.7846","before-step","True","True","True","340","310","340",,,,,"<1.9486512, 1.140658, 95.424416>","<0.65227664, 1.1417935, 85.946625>","<1.339427, 0.0010927618, -0.058636814>"
"corrected-stall-entry-3","0","489.5244","after-step","True","True","True","341","310","341",,,,,"<2.0463223, 1.1407272, 95.378975>","<0.6746004, 1.1418117, 85.94565>","<1.333252, 0.0014678538, -0.05643329>"
"corrected-stall-entry-3","0","505.4488","before-step","True","True","True","341","310","341",,,,,"<2.0463223, 1.1407272, 95.378975>","<0.6746004, 1.1418117, 85.94565>","<1.333252, 0.0014678538, -0.05643329>"
"corrected-stall-entry-3","0","506.1404","after-step","True","True","True","342","310","342",,,,,"<2.145951, 1.1407952, 95.331085>","<0.6968213, 1.1418362, 85.94471>","<1.3270975, 0.001829654, -0.054515153>"
"corrected-stall-entry-3","0","522.1257","before-step","True","True","True","342","310","342",,,,,"<2.145951, 1.1407952, 95.331085>","<0.6968213, 1.1418362, 85.94471>","<1.3270975, 0.001829654, -0.054515153>"
"corrected-stall-entry-3","0","522.8489","after-step","True","True","True","343","310","343",,,,,"<2.2474737, 1.1408616, 95.28067>","<0.71893954, 1.1418667, 85.9438>","<1.3209645, 0.0021743476, -0.052844953>"
"corrected-stall-entry-3","0","538.78","before-step","True","True","True","343","310","343",,,,,"<2.2474737, 1.1408616, 95.28067>","<0.71893954, 1.1418667, 85.9438>","<1.3209645, 0.0021743476, -0.052844953>"
"corrected-stall-entry-3","0","539.7456","after-step","True","True","True","344","310","344",,,,,"<2.3508222, 1.1409255, 95.227646>","<0.7409556, 1.1419029, 85.942924>","<1.3148534, 0.002498895, -0.051389396>"
"corrected-stall-entry-3","0","555.4551","before-step","True","True","True","344","310","344",,,,,"<2.3508222, 1.1409255, 95.227646>","<0.7409556, 1.1419029, 85.942924>","<1.3148534, 0.002498895, -0.051389396>"
"corrected-stall-entry-3","0","556.3092","after-step","True","True","True","345","310","345",,,,,"<2.4559247, 1.1409866, 95.17193>","<0.76286983, 1.1419445, 85.94207>","<1.3087654, 0.0028010756, -0.050119124>"
"corrected-stall-entry-3","0","572.1181","before-step","True","True","True","345","310","345",,,,,"<2.4559247, 1.1409866, 95.17193>","<0.76286983, 1.1419445, 85.94207>","<1.3087654, 0.0028010756, -0.050119124>"
"corrected-stall-entry-3","0","572.9433","after-step","True","True","True","346","310","346",,,,,"<2.5627062, 1.1410441, 95.11345>","<0.7846826, 1.1419913, 85.94124>","<1.3027008, 0.003079027, -0.049008396>"
"corrected-stall-entry-3","0","588.783","before-step","True","True","True","346","310","346",,,,,"<2.5627062, 1.1410441, 95.11345>","<0.7846826, 1.1419913, 85.94124>","<1.3027008, 0.003079027, -0.049008396>"
"corrected-stall-entry-3","0","589.477","after-step","True","True","True","347","310","347",,,,,"<2.6710918, 1.1410979, 95.05214>","<0.8063943, 1.1420425, 85.94042>","<1.2966602, 0.0033317506, -0.048034698>"
"corrected-stall-entry-3","0","605.4475","before-step","True","True","True","347","310","347",,,,,"<2.6710918, 1.1410979, 95.05214>","<0.8063943, 1.1420425, 85.94042>","<1.2966602, 0.0033317506, -0.048034698>"
"corrected-stall-entry-3","0","606.1859","after-step","True","True","True","348","310","348",,,,,"<2.781007, 1.1411477, 94.98794>","<0.82800525, 1.1420981, 85.93962>","<1.2906442, 0.0035583973, -0.04717844>"
"corrected-stall-entry-3","0","622.1137","before-step","True","True","True","348","310","348",,,,,"<2.781007, 1.1411477, 94.98794>","<0.82800525, 1.1420981, 85.93962>","<1.2906442, 0.0035583973, -0.04717844>"
"corrected-stall-entry-3","0","622.8167","after-step","True","True","True","349","310","349",,,,,"<2.892378, 1.1411936, 94.92081>","<0.849516, 1.1421573, 85.938835>","<1.2846531, 0.0037586987, -0.046422686>"
"corrected-stall-entry-3","0","638.7821","before-step","True","True","True","349","310","349",,,,,"<2.892378, 1.1411936, 94.92081>","<0.849516, 1.1421573, 85.938835>","<1.2846531, 0.0037586987, -0.046422686>"
"corrected-stall-entry-3","0","639.546","after-step","True","True","True","350","310","350",,,,,"<3.005133, 1.1412356, 94.8507>","<0.87092686, 1.14222, 85.938065>","<1.278687, 0.0039328635, -0.0457528>"
"corrected-stall-entry-3","0","655.4459","before-step","True","True","True","350","310","350",,,,,"<3.005133, 1.1412356, 94.8507>","<0.87092686, 1.14222, 85.938065>","<1.278687, 0.0039328635, -0.0457528>"
"corrected-stall-entry-3","0","656.4751","after-step","True","True","True","351","310","351",,,,,"<3.119202, 1.1412741, 94.7776>","<0.8922383, 1.1422856, 85.9373>","<1.2727464, 0.004081309, -0.045156162>"
"corrected-stall-entry-3","0","672.11","before-step","True","True","True","351","310","351",,,,,"<3.119202, 1.1412741, 94.7776>","<0.8922383, 1.1422856, 85.9373>","<1.2727464, 0.004081309, -0.045156162>"
"corrected-stall-entry-3","0","672.8553","after-step","True","True","True","352","310","352",,,,,"<3.2345195, 1.1413096, 94.7015>","<0.9134508, 1.1423537, 85.93655>","<1.2668316, 0.004204631, -0.044621896>"
"corrected-stall-entry-3","0","688.7809","before-step","True","True","True","352","310","352",,,,,"<3.2345195, 1.1413096, 94.7015>","<0.9134508, 1.1423537, 85.93655>","<1.2668316, 0.004204631, -0.044621896>"
"corrected-stall-entry-3","0","689.5305","after-step","True","True","True","353","310","353",,,,,"<3.3510253, 1.1413429, 94.62239>","<0.93456465, 1.1424237, 85.93581>","<1.2609427, 0.004303783, -0.044140704>"
"corrected-stall-entry-3","0","705.4443","before-step","True","True","True","353","310","353",,,,,"<3.3510253, 1.1413429, 94.62239>","<0.93456465, 1.1424237, 85.93581>","<1.2609427, 0.004303783, -0.044140704>"
"corrected-stall-entry-3","0","706.2203","after-step","True","True","True","354","310","354",,,,,"<3.468666, 1.1413747, 94.54028>","<0.95558035, 1.1424955, 85.935074>","<1.2550797, 0.0043798536, -0.043704666>"
"corrected-stall-entry-3","0","722.1275","before-step","True","True","True","354","310","354",,,,,"<3.468666, 1.1413747, 94.54028>","<0.95558035, 1.1424955, 85.935074>","<1.2550797, 0.0043798536, -0.043704666>"
"corrected-stall-entry-3","0","723.0767","after-step","True","True","True","355","310","355",,,,,"<3.5873957, 1.1414062, 94.45521>","<0.97649837, 1.1425685, 85.93435>","<1.2492429, 0.0044341087, -0.04330699>"
"corrected-stall-entry-3","0","738.7955","before-step","True","True","True","355","310","355",,,,,"<3.5873957, 1.1414062, 94.45521>","<0.97649837, 1.1425685, 85.93435>","<1.2492429, 0.0044341087, -0.04330699>"
"corrected-stall-entry-3","0","740.0852","after-step","True","True","True","356","310","356",,,,,"<3.707176, 1.1414384, 94.3672>","<0.9973191, 1.1426424, 85.933624>","<1.2434322, 0.0044678897, -0.0429419>"
"corrected-stall-entry-3","1","750.164","stall-after","True","True","True","306","302","314","302","311","8","0","<0.050433505, 1.1445045, 85.99883>","<0, 1.1449987, 86>","<0, 2.6375055E-06, 0>"
"corrected-stall-entry-3","1","750.1964","before-step","True","True","True","306","302","314","302","311","8","0","<0.050433505, 1.1445045, 85.99883>","<0, 1.1449987, 86>","<0, 2.6375055E-06, 0>"
"corrected-stall-entry-3","1","750.6133","correction","True","True","True","354","310","354","310","311","0","0.9073919","<0.95558035, 1.1424955, 85.935074>","<0.95558035, 1.1424955, 85.935074>","<1.2550797, 0.0043798536, -0.043704666>"
"corrected-stall-entry-3","1","751.5602","after-step","True","True","True","354","310","355","310","312","1","0.9073919","<0.97649837, 1.1425685, 85.93435>","<0.95558035, 1.1424955, 85.935074>","<1.2550797, 0.0043798536, -0.043704666>"
"corrected-stall-entry-3","1","754.2119","before-step","True","True","True","354","310","355","310","312","1","0.9073919","<0.97649837, 1.1425685, 85.93435>","<0.95558035, 1.1424955, 85.935074>","<1.2550797, 0.0043798536, -0.043704666>"
"corrected-stall-entry-3","1","754.4897","after-step","True","True","True","354","310","356","310","313","2","0.9073919","<0.9995807, 1.1426424, 85.93347>","<0.95558035, 1.1424955, 85.935074>","<1.2550797, 0.0043798536, -0.043704666>"
"corrected-stall-entry-3","1","754.7365","before-step","True","True","True","354","310","356","310","313","2","0.9073919","<0.9995807, 1.1426424, 85.93347>","<0.95558035, 1.1424955, 85.935074>","<1.2550797, 0.0043798536, -0.043704666>"
"corrected-stall-entry-3","1","754.8864","after-step","True","True","True","354","310","357","310","314","3","0.9073919","<1.0251409, 1.1427069, 85.93234>","<0.95558035, 1.1424955, 85.935074>","<1.2550797, 0.0043798536, -0.043704666>"
"corrected-stall-entry-3","1","754.9395","before-step","True","True","True","354","310","357","310","314","3","0.9073919","<1.0251409, 1.1427069, 85.93234>","<0.95558035, 1.1424955, 85.935074>","<1.2550797, 0.0043798536, -0.043704666>"
"corrected-stall-entry-3","1","755.0712","after-step","True","True","True","354","310","358","310","315","4","0.9073919","<1.0532084, 1.1427449, 85.93087>","<0.95558035, 1.1424955, 85.935074>","<1.2550797, 0.0043798536, -0.043704666>"
"corrected-stall-entry-3","1","755.1122","before-step","True","True","True","354","310","358","310","315","4","0.9073919","<1.0532084, 1.1427449, 85.93087>","<0.95558035, 1.1424955, 85.935074>","<1.2550797, 0.0043798536, -0.043704666>"
"corrected-stall-entry-3","1","755.2346","after-step","True","True","True","354","310","359","310","316","5","0.9073919","<1.0837797, 1.1427476, 85.92896>","<0.95558035, 1.1424955, 85.935074>","<1.2550797, 0.0043798536, -0.043704666>"
"corrected-stall-entry-3","1","755.4345","before-step","True","True","True","354","310","359","310","316","5","0.9073919","<1.0837797, 1.1427476, 85.92896>","<0.95558035, 1.1424955, 85.935074>","<1.2550797, 0.0043798536, -0.043704666>"
"corrected-stall-entry-3","0","755.4499","before-step","True","True","True","356","310","356",,,,,"<3.707176, 1.1414384, 94.3672>","<0.9973191, 1.1426424, 85.933624>","<1.2434322, 0.0044678897, -0.0429419>"
"corrected-stall-entry-3","1","755.6379","after-step","True","True","True","354","310","360","310","317","6","0.9073919","<1.1168512, 1.1427124, 85.92651>","<0.95558035, 1.1424955, 85.935074>","<1.2550797, 0.0043798536, -0.043704666>"
"corrected-stall-entry-3","1","755.7086","before-step","True","True","True","354","310","360","310","317","6","0.9073919","<1.1168512, 1.1427124, 85.92651>","<0.95558035, 1.1424955, 85.935074>","<1.2550797, 0.0043798536, -0.043704666>"
"corrected-stall-entry-3","1","755.8549","after-step","True","True","True","354","310","361","310","318","7","0.9073919","<1.152422, 1.1426401, 85.92343>","<0.95558035, 1.1424955, 85.935074>","<1.2550797, 0.0043798536, -0.043704666>"
"corrected-stall-entry-3","1","755.8999","before-step","True","True","True","354","310","361","310","318","7","0.9073919","<1.152422, 1.1426401, 85.92343>","<0.95558035, 1.1424955, 85.935074>","<1.2550797, 0.0043798536, -0.043704666>"
"corrected-stall-entry-3","1","756.0281","after-step","True","True","True","354","310","362","310","319","8","0.9073919","<1.1904926, 1.1425344, 85.9196>","<0.95558035, 1.1424955, 85.935074>","<1.2550797, 0.0043798536, -0.043704666>"
"corrected-stall-entry-3","1","756.2002","before-step","True","True","True","354","310","362","310","319","8","0.9073919","<1.1904926, 1.1425344, 85.9196>","<0.95558035, 1.1424955, 85.935074>","<1.2550797, 0.0043798536, -0.043704666>"
"corrected-stall-entry-3","0","756.3215","after-step","True","True","True","357","310","357",,,,,"<3.8279765, 1.1414725, 94.27631>","<1.0180429, 1.1427169, 85.93291>","<1.2376477, 0.0044691563, -0.042604513>"
"corrected-stall-entry-3","1","756.3237","after-step","True","True","True","354","310","363","310","320","9","0.9073919","<1.2310648, 1.1424001, 85.914925>","<0.95558035, 1.1424955, 85.935074>","<1.2550797, 0.0043798536, -0.043704666>"
"corrected-stall-entry-3","1","770.8858","before-step","True","True","True","354","310","363","310","320","9","0.9073919","<1.2310648, 1.1424001, 85.914925>","<0.95558035, 1.1424955, 85.935074>","<1.2550797, 0.0043798536, -0.043704666>"
"corrected-stall-entry-3","1","771.1928","after-step","True","True","True","354","310","364","310","321","10","0.9073919","<1.2741401, 1.1422429, 85.9093>","<0.95558035, 1.1424955, 85.935074>","<1.2550797, 0.0043798536, -0.043704666>"
"corrected-stall-entry-3","0","772.1185","before-step","True","True","True","357","310","357",,,,,"<3.8279765, 1.1414725, 94.27631>","<1.0180429, 1.1427169, 85.93291>","<1.2376477, 0.0044691563, -0.042604513>"
"corrected-stall-entry-3","0","772.965","after-step","True","True","True","358","310","358",,,,,"<3.9497738, 1.1415098, 94.18259>","<1.0386704, 1.1427914, 85.9322>","<1.2318894, 0.0044424534, -0.042290617>"
"corrected-stall-entry-3","1","787.5532","before-step","True","True","True","354","310","364","310","321","10","0.9073919","<1.2741401, 1.1422429, 85.9093>","<0.95558035, 1.1424955, 85.935074>","<1.2550797, 0.0043798536, -0.043704666>"
"corrected-stall-entry-3","0","788.7847","before-step","True","True","True","358","310","358",,,,,"<3.9497738, 1.1415098, 94.18259>","<1.0386704, 1.1427914, 85.9322>","<1.2318894, 0.0044424534, -0.042290617>"
"corrected-stall-entry-3","1","789.1814","correction","True","True","True","357","310","367","310","321","10","0.059506916","<1.333617, 1.1424032, 85.90742>","<1.0180429, 1.1427169, 85.93291>","<1.2376477, 0.0044691563, -0.042604513>"
"corrected-stall-entry-3","1","789.319","after-step","True","True","True","357","310","368","310","322","11","0.059506916","<1.3788936, 1.1422181, 85.90082>","<1.0180429, 1.1427169, 85.93291>","<1.2376477, 0.0044691563, -0.042604513>"
"corrected-stall-entry-3","0","791.7219","after-step","True","True","True","359","314","359",,,,,"<4.072551, 1.1415517, 94.086075>","<1.059202, 1.1428654, 85.931496>","<1.3616277, 0.004393503, -0.05143998>"
"corrected-stall-entry-3","1","804.2159","before-step","True","True","True","357","310","368","310","322","11","0.059506916","<1.3788936, 1.1422181, 85.90082>","<1.0180429, 1.1427169, 85.93291>","<1.2376477, 0.0044691563, -0.042604513>"
"corrected-stall-entry-3","1","804.485","after-step","True","True","True","357","310","369","310","323","12","0.059506916","<1.4266766, 1.1420213, 85.89313>","<1.0180429, 1.1427169, 85.93291>","<1.2376477, 0.0044691563, -0.042604513>"
"corrected-stall-entry-3","0","805.4443","before-step","True","True","True","359","314","359",,,,,"<4.072551, 1.1415517, 94.086075>","<1.059202, 1.1428654, 85.931496>","<1.3616277, 0.004393503, -0.05143998>"
"corrected-stall-entry-3","0","806.2793","after-step","True","True","True","360","315","360",,,,,"<4.196295, 1.1415995, 93.98684>","<1.0818957, 1.1429386, 85.93064>","<1.5100894, 0.0036055297, -0.066335134>"
"corrected-stall-entry-3","1","820.8757","before-step","True","True","True","357","310","369","310","323","12","0.059506916","<1.4266766, 1.1420213, 85.89313>","<1.0180429, 1.1427169, 85.93291>","<1.2376477, 0.0044691563, -0.042604513>"
"corrected-stall-entry-3","1","821.1969","after-step","True","True","True","357","310","370","310","324","13","0.059506916","<1.4769666, 1.141818, 85.884285>","<1.0180429, 1.1427169, 85.93291>","<1.2376477, 0.0044691563, -0.042604513>"
"corrected-stall-entry-3","0","822.1123","before-step","True","True","True","360","315","360",,,,,"<4.196295, 1.1415995, 93.98684>","<1.0818957, 1.1429386, 85.93064>","<1.5100894, 0.0036055297, -0.066335134>"
"corrected-stall-entry-3","0","823.1051","after-step","True","True","True","361","316","361",,,,,"<4.320997, 1.1416544, 93.88493>","<1.1070639, 1.1429987, 85.929535>","<1.6603466, 0.0018465221, -0.086719446>"
"corrected-stall-entry-3","1","837.5335","before-step","True","True","True","357","310","370","310","324","13","0.059506916","<1.4769666, 1.141818, 85.884285>","<1.0180429, 1.1427169, 85.93291>","<1.2376477, 0.0044691563, -0.042604513>"
"corrected-stall-entry-3","1","837.8018","after-step","True","True","True","357","310","371","310","325","14","0.059506916","<1.529763, 1.1416131, 85.874245>","<1.0180429, 1.1427169, 85.93291>","<1.2376477, 0.0044691563, -0.042604513>"
"corrected-stall-entry-3","0","838.7731","before-step","True","True","True","361","316","361",,,,,"<4.320997, 1.1416544, 93.88493>","<1.1070639, 1.1429987, 85.929535>","<1.6603466, 0.0018465221, -0.086719446>"
"corrected-stall-entry-3","0","839.5505","after-step","True","True","True","362","317","362",,,,,"<4.4466534, 1.1417173, 93.78041>","<1.1347363, 1.1430295, 85.92809>","<1.8104333, -0.00039881468, -0.11276063>"
"corrected-stall-entry-3","1","854.21","before-step","True","True","True","357","310","371","310","325","14","0.059506916","<1.529763, 1.1416131, 85.874245>","<1.0180429, 1.1427169, 85.93291>","<1.2376477, 0.0044691563, -0.042604513>"
"corrected-stall-entry-3","0","855.4408","before-step","True","True","True","362","317","362",,,,,"<4.4466534, 1.1417173, 93.78041>","<1.1347363, 1.1430295, 85.92809>","<1.8104333, -0.00039881468, -0.11276063>"
"corrected-stall-entry-3","1","855.4595","correction","True","True","True","360","315","369","315","325","9","0.13386786","<1.3984416, 1.1422658, 85.90022>","<1.0818957, 1.1429386, 85.93064>","<1.5100894, 0.0036055297, -0.066335134>"
"corrected-stall-entry-3","1","855.6335","after-step","True","True","True","360","315","370","315","326","10","0.13386786","<1.4461254, 1.1420656, 85.892555>","<1.0818957, 1.1429386, 85.93064>","<1.5100894, 0.0036055297, -0.066335134>"
"corrected-stall-entry-3","0","856.2864","after-step","True","True","True","363","318","363",,,,,"<4.573261, 1.141787, 93.67332>","<1.1649102, 1.1430228, 85.926216>","<1.9603344, -0.0027807504, -0.14465086>"
"corrected-stall-entry-3","1","870.8808","before-step","True","True","True","360","315","370","315","326","10","0.13386786","<1.4461254, 1.1420656, 85.892555>","<1.0818957, 1.1429386, 85.93064>","<1.5100894, 0.0036055297, -0.066335134>"
"corrected-stall-entry-3","1","871.1844","after-step","True","True","True","360","315","371","315","327","11","0.13386786","<1.4963162, 1.141859, 85.883736>","<1.0818957, 1.1429386, 85.93064>","<1.5100894, 0.0036055297, -0.066335134>"
"corrected-stall-entry-3","0","872.1114","before-step","True","True","True","363","318","363",,,,,"<4.573261, 1.141787, 93.67332>","<1.1649102, 1.1430228, 85.926216>","<1.9603344, -0.0027807504, -0.14465086>"
"corrected-stall-entry-3","0","872.9666","after-step","True","True","True","364","319","364",,,,,"<4.70082, 1.1418625, 93.563705>","<1.1975825, 1.1429764, 85.923805>","<2.1102033, -0.0050700456, -0.18257053>"
"corrected-stall-entry-3","1","887.5336","before-step","True","True","True","360","315","371","315","327","11","0.13386786","<1.4963162, 1.141859, 85.883736>","<1.0818957, 1.1429386, 85.93064>","<1.5100894, 0.0036055297, -0.066335134>"
"corrected-stall-entry-3","1","887.6358","correction","True","True","True","363","318","371","318","327","8","0","<1.4963162, 1.141859, 85.883736>","<1.1649102, 1.1430228, 85.926216>","<1.9603344, -0.0027807504, -0.14465086>"
"corrected-stall-entry-3","1","887.8519","after-step","True","True","True","363","318","372","318","328","9","0","<1.5490136, 1.1416509, 85.87372>","<1.1649102, 1.1430228, 85.926216>","<1.9603344, -0.0027807504, -0.14465086>"
"corrected-stall-entry-3","0","888.7724","before-step","True","True","True","364","319","364",,,,,"<4.70082, 1.1418625, 93.563705>","<1.1975825, 1.1429764, 85.923805>","<2.1102033, -0.0050700456, -0.18257053>"
"corrected-stall-entry-3","0","889.572","after-step","True","True","True","365","320","365",,,,,"<4.8293343, 1.141941, 93.45163>","<1.2327526, 1.1428919, 85.92076>","<2.2601418, -0.007125944, -0.2266882>"
"corrected-stall-entry-3","1","904.2024","before-step","True","True","True","363","318","372","318","328","9","0","<1.5490136, 1.1416509, 85.87372>","<1.1649102, 1.1430228, 85.926216>","<1.9603344, -0.0027807504, -0.14465086>"
"corrected-stall-entry-3","1","904.4729","after-step","True","True","True","363","318","373","318","329","10","0","<1.6042157, 1.1414453, 85.86245>","<1.1649102, 1.1430228, 85.926216>","<1.9603344, -0.0027807504, -0.14465086>"
"corrected-stall-entry-3","0","905.4396","before-step","True","True","True","365","320","365",,,,,"<4.8293343, 1.141941, 93.45163>","<1.2327526, 1.1428919, 85.92076>","<2.2601418, -0.007125944, -0.2266882>"
"corrected-stall-entry-3","0","906.4848","after-step","True","True","True","366","321","366",,,,,"<4.958811, 1.1420195, 93.33713>","<1.2704216, 1.1427732, 85.916985>","<2.4101894, -0.008869901, -0.27715784>"
"corrected-stall-entry-3","1","920.8724","before-step","True","True","True","363","318","373","318","329","10","0","<1.6042157, 1.1414453, 85.86245>","<1.1649102, 1.1430228, 85.926216>","<1.9603344, -0.0027807504, -0.14465086>"
"corrected-stall-entry-3","1","921.1525","after-step","True","True","True","363","318","374","318","330","11","0","<1.6619192, 1.1412458, 85.84989>","<1.1649102, 1.1430228, 85.926216>","<1.9603344, -0.0027807504, -0.14465086>"
"corrected-stall-entry-3","0","922.1073","before-step","True","True","True","366","321","366",,,,,"<4.958811, 1.1420195, 93.33713>","<1.2704216, 1.1427732, 85.916985>","<2.4101894, -0.008869901, -0.27715784>"
"corrected-stall-entry-3","0","923.0051","after-step","True","True","True","367","322","367",,,,,"<5.0892606, 1.1420962, 93.22024>","<1.3105915, 1.1426253, 85.91237>","<2.5603566, -0.010266364, -0.33358>"
"corrected-stall-entry-3","1","937.5498","before-step","True","True","True","363","318","374","318","330","11","0","<1.6619192, 1.1412458, 85.84989>","<1.1649102, 1.1430228, 85.926216>","<1.9603344, -0.0027807504, -0.14465086>"
"corrected-stall-entry-3","1","937.6731","correction","True","True","True","366","321","374","321","330","8","0","<1.6619192, 1.1412458, 85.84989>","<1.2704216, 1.1427732, 85.916985>","<2.4101894, -0.008869901, -0.27715784>"
"corrected-stall-entry-3","1","937.9179","after-step","True","True","True","366","321","375","321","331","9","0","<1.7221191, 1.1410556, 85.836>","<1.2704216, 1.1427732, 85.916985>","<2.4101894, -0.008869901, -0.27715784>"
"corrected-stall-entry-3","0","938.7775","before-step","True","True","True","367","322","367",,,,,"<5.0892606, 1.1420962, 93.22024>","<1.3105915, 1.1426253, 85.91237>","<2.5603566, -0.010266364, -0.33358>"
"corrected-stall-entry-3","0","939.8174","after-step","True","True","True","368","323","368",,,,,"<5.2206993, 1.1421692, 93.101006>","<1.3532641, 1.1424543, 85.90681>","<2.7106462, -0.0113087, -0.3948812>"
"corrected-stall-entry-3","1","954.2062","before-step","True","True","True","366","321","375","321","331","9","0","<1.7221191, 1.1410556, 85.836>","<1.2704216, 1.1427732, 85.916985>","<2.4101894, -0.008869901, -0.27715784>"
"corrected-stall-entry-3","1","954.5165","after-step","True","True","True","366","321","376","321","332","10","0","<1.7848088, 1.140877, 85.820724>","<1.2704216, 1.1427732, 85.916985>","<2.4101894, -0.008869901, -0.27715784>"
"corrected-stall-entry-3","0","955.4388","before-step","True","True","True","368","323","368",,,,,"<5.2206993, 1.1421692, 93.101006>","<1.3532641, 1.1424543, 85.90681>","<2.7106462, -0.0113087, -0.3948812>"
"corrected-stall-entry-3","0","956.302","after-step","True","True","True","369","324","369",,,,,"<5.353147, 1.1422368, 92.97947>","<1.3984416, 1.1422658, 85.90022>","<2.8610284, -0.012009323, -0.46027103>"
"corrected-stall-entry-3","1","970.87","before-step","True","True","True","366","321","376","321","332","10","0","<1.7848088, 1.140877, 85.820724>","<1.2704216, 1.1427732, 85.916985>","<2.4101894, -0.008869901, -0.27715784>"
"corrected-stall-entry-3","1","971.1666","after-step","True","True","True","366","321","377","321","333","11","0","<1.8499795, 1.140712, 85.80402>","<1.2704216, 1.1427732, 85.916985>","<2.4101894, -0.008869901, -0.27715784>"
"corrected-stall-entry-3","0","972.1042","before-step","True","True","True","369","324","369",,,,,"<5.353147, 1.1422368, 92.97947>","<1.3984416, 1.1422658, 85.90022>","<2.8610284, -0.012009323, -0.46027103>"
"corrected-stall-entry-3","0","972.8881","after-step","True","True","True","370","325","370",,,,,"<5.4866285, 1.1422973, 92.85567>","<1.4461254, 1.1420656, 85.892555>","<3.0114505, -0.012392566, -0.5291784>"
"corrected-stall-entry-3","1","987.5323","before-step","True","True","True","366","321","377","321","333","11","0","<1.8499795, 1.140712, 85.80402>","<1.2704216, 1.1427732, 85.916985>","<2.4101894, -0.008869901, -0.27715784>"
"corrected-stall-entry-3","1","987.6453","correction","True","True","True","369","324","377","324","333","8","0","<1.8499795, 1.140712, 85.80402>","<1.3984416, 1.1422658, 85.90022>","<2.8610284, -0.012009323, -0.46027103>"
"corrected-stall-entry-3","1","987.8716","after-step","True","True","True","369","324","378","324","334","9","0","<1.917621, 1.1405622, 85.78586>","<1.3984416, 1.1422658, 85.90022>","<2.8610284, -0.012009323, -0.46027103>"
"corrected-stall-entry-3","0","988.7712","before-step","True","True","True","370","325","370",,,,,"<5.4866285, 1.1422973, 92.85567>","<1.4461254, 1.1420656, 85.892555>","<3.0114505, -0.012392566, -0.5291784>"
"corrected-stall-entry-3","0","989.6711","after-step","True","True","True","371","326","371",,,,,"<5.621174, 1.1423494, 92.72963>","<1.4963162, 1.141859, 85.883736>","<3.1618435, -0.012489736, -0.60120237>"
