Godot Engine v4.7.2.stable.mono.official.ed1daf0bf - https://godotengine.org
OpenGL API 3.3.0 NVIDIA 591.86 - Compatibility - Using Device: NVIDIA - NVIDIA GeForce RTX 4070 Ti

Three UDP peers initialized
Host tuning applied
AIM_AT requested=(0, 2.25, 0) firstTargetDrift=(0, 0, 0) requestedScreen=(640, 399.99988)
AIM_GEOMETRY forward: lens=(0, 4.205002, 44.205) rotation=(-0.044197436, 0, 0) targetDisplayed=(0, 1.65, 0) targetNative=(0, 1.65, 0) targetScreen=(640, 395.74567) center=(640, 400) bounds=(610.3711, 382.0799), (59.257812, 46.200226)
Machine Gun forward accepted ready
MG_GEOMETRY forward: aim=WeaponAimSolution { Vehicle = 2, Life = 1, Token = 1, Tick = 367, Yaw = 0, Pitch = -0.017323418, Origin = <0, 2.9550014, 36.845>, Direction = <0, -0.017322551, -0.99985>, Clear = True, Ready = True } target=<0, 1.65, 0> cameraDesired=<0, -0.017322551, -0.99985>
Camera shooter submits ordinary held-use request
Machine Gun forward: native hit/damage, 29 rounds, 29 target hits
AIM_REMOTE firing-forward: acceptedYaw=0 renderedYaw=0 acceptedPitch=-0.017323427 renderedPitch=-0.017323427
Remote mount yaw and payload pitch settle to accepted firing-forward aim on actual presentation nodes
forward: fixed rack, full payload scale and shared pivot origin align on observer
AIM_AT requested=(20, 2.25, 35) firstTargetDrift=(0, 0, 0) requestedScreen=(643.771, 399.79504)
AIM_GEOMETRY side: lens=(-7.304695, 4.30927, 37.579494) rotation=(-0.07527099, -1.4705824, 0) targetDisplayed=(20, 1.65, 35) targetNative=(20, 1.65, 35) targetScreen=(643.77405, 392.95987) center=(640, 400) bounds=(571.4171, 374.96262), (139.14703, 66.50287)
Machine Gun side accepted ready
MG_GEOMETRY side: aim=WeaponAimSolution { Vehicle = 2, Life = 1, Token = 1, Tick = 612, Yaw = -1.4705824, Pitch = -0.032731675, Origin = <0, 2.9550014, 36.845>, Direction = <0.99444985, -0.03272583, -0.09999272>, Clear = True, Ready = True } target=<20, 1.65, 35> cameraDesired=<0.99444985, -0.03272583, -0.09999271>
Camera shooter submits ordinary held-use request
Machine Gun side: native hit/damage, 29 rounds, 29 target hits
AIM_REMOTE firing-side: acceptedYaw=-1.4705824 renderedYaw=-1.4705824 acceptedPitch=-0.032731675 renderedPitch=-0.032731675
Remote mount yaw and payload pitch settle to accepted firing-side aim on actual presentation nodes
side: fixed rack, full payload scale and shared pivot origin align on observer
AIM_AT requested=(0, 2.2425952, 45) firstTargetDrift=(0, 0.0012358427, 0) requestedScreen=(640, 364.7152)
AIM_GEOMETRY rear: lens=(6.0132516E-07, 5.856775, 29.966644) rotation=(-0.29207146, 3.1415925, 0) targetDisplayed=(0, 1.6450664, 45) targetNative=(0, 1.65, 45) targetScreen=(640, 352.66696) center=(640, 400) bounds=(559.1045, 311.92023), (161.79095, 148.04312)
Machine Gun rear accepted ready
MG_GEOMETRY rear: aim=WeaponAimSolution { Vehicle = 2, Life = 1, Token = 1, Tick = 857, Yaw = 3.1415925, Pitch = -0.14996159, Origin = <0, 2.9550014, 36.845>, Direction = <-1.4930116E-07, -0.14940017, 0.98877686>, Clear = True, Ready = True } target=<0, 1.65, 45> cameraDesired=<-8.644157E-08, -0.14940012, 0.9887768>
Camera shooter submits ordinary held-use request
Machine Gun rear: native hit/damage, 31 rounds, 31 target hits
AIM_REMOTE firing-rear: acceptedYaw=3.1415925 renderedYaw=-3.141593 acceptedPitch=-0.14996159 renderedPitch=-0.14996159
Remote mount yaw and payload pitch settle to accepted firing-rear aim on actual presentation nodes
rear: fixed rack, full payload scale and shared pivot origin align on observer
AIM_AT requested=(0, 14.25, 0) firstTargetDrift=(0, 0, 0) requestedScreen=(640, 400)
AIM_GEOMETRY airborne: lens=(0, 4.2050014, 44.205) rotation=(0.22344233, 0, 0) targetDisplayed=(0, 13.65, 0) targetNative=(0, 13.65, 0) targetScreen=(640, 395.95407) center=(640, 400) bounds=(610.8442, 374.59973), (58.311646, 56.731903)
Machine Gun airborne accepted ready
MG_GEOMETRY airborne: aim=WeaponAimSolution { Vehicle = 2, Life = 1, Token = 1, Tick = 1102, Yaw = 0, Pitch = 0.30267978, Origin = <0, 2.9550014, 36.845>, Direction = <0, 0.29807922, -0.95454115>, Clear = True, Ready = True } target=<0, 13.65, 0> cameraDesired=<0, 0.29807922, -0.95454115>
Camera shooter submits ordinary held-use request
Machine Gun airborne: native hit/damage, 29 rounds, 29 target hits
AIM_REMOTE firing-airborne: acceptedYaw=0 renderedYaw=-6.2831855 acceptedPitch=0.30267978 renderedPitch=0.30267978
Remote mount yaw and payload pitch settle to accepted firing-airborne aim on actual presentation nodes
airborne: fixed rack, full payload scale and shared pivot origin align on observer
AIM_AT requested=(-4.5, 2.2163887, 35) firstTargetDrift=(0, 0.006111145, 0) requestedScreen=(602.46735, 404.5949)
AIM_GEOMETRY close-side: lens=(5.882938, 5.9019628, 40.371838) rotation=(-0.2986502, 1.0307429, 0) targetDisplayed=(-4.5, 1.6102777, 35) targetNative=(-4.5, 1.65, 35) targetScreen=(602.2002, 390.11124) center=(640, 400) bounds=(437.421, 334.89087), (327.56467, 203.10144)
Machine Gun close-side accepted ready
MG_GEOMETRY close-side: aim=WeaponAimSolution { Vehicle = 2, Life = 1, Token = 1, Tick = 1347, Yaw = 1.0307436, Pitch = -0.096924454, Origin = <0, 2.9550014, 36.845>, Direction = <-0.85365605, -0.09677277, -0.51176786>, Clear = True, Ready = True } target=<-4.5, 1.65, 35> cameraDesired=<-0.8536126, -0.09729105, -0.5117421>
Camera shooter submits ordinary held-use request
Machine Gun close-side: native hit/damage, 28 rounds, 28 target hits
AIM_REMOTE firing-close-side: acceptedYaw=1.0307436 renderedYaw=-5.252442 acceptedPitch=-0.09640083 renderedPitch=-0.09691673
Remote mount yaw and payload pitch settle to accepted firing-close-side aim on actual presentation nodes
close-side: fixed rack, full payload scale and shared pivot origin align on observer
Self-blocked camera direction is not firing-ready
Self-blocked held fire spends no rounds
AIM_AT requested=(0, 14.65, 0) firstTargetDrift=(0, 0, 0) requestedScreen=(640, 400)
Second shooter receives a fresh selected Machine Gun
Both shooters submit sustained activation
Two simultaneous shooters sustain default spread and cadence through real UDP (324 rounds)
Observer receives identical ordered firing endpoints/tracers (470 rounds)
Release stops actual firing on both peers
Aim expiry stops held fire without stale-forward fallback
Fresh camera intent resumes held fire after aim expiry
Suppression clears camera aiming and firing presentation
Switch retires Machine Gun capability
Switch back does not replay earlier sustained activation
Machine Gun camera firing verified: 589 native rays, 177 target hits; fixed rack uses existing yaw/pitch payload
Centered camera cursor appears alongside remote accepted aim
AIM_AT requested=(0, 2.149516, 0) firstTargetDrift=(0, -0.004198909, 0) requestedScreen=(640, 399.99762)
Center-ray car intersection replaces square with disconnected brackets
Camera intent stays at viewport center while car brackets are shown
AIM_AT requested=(2.8, 1.4952952, 0) firstTargetDrift=(0, -0.00027406216, 0) requestedScreen=(640.007, 399.99985)
A near-axis miss returns to the small square without a target lock
Small square is centered when aiming beside a rival
AIM_AT requested=(0, 2.1450195, 0) firstTargetDrift=(0, -1.8000603E-05, 0) requestedScreen=(639.9755, 399.99997)
Intervening native cover prevents car brackets
Covered car leaves the small square at camera center
Removing cover restores brackets on the directly intersected car
AIM_FORWARD clear=True ready=True yaw=-4.6862962E-05 pitch=-0.022594031
Square remains centered immediately after mouse yaw and upward tilt under network impairment
Looking away from a car removes its brackets immediately
Cursor follows the new viewport center after resizing
Side mouse aim reaches authority with the original camera orbit limits
Deployed rack remains fixed on all peers
Observer receives accepted articulated aim
AIM_REMOTE side: acceptedYaw=-1.5600469 renderedYaw=-1.5600469 acceptedPitch=0.20244756 renderedPitch=0.20244756
Remote mount yaw and payload pitch settle to accepted side aim on actual presentation nodes
Rear aim accepted
AIM_REMOTE rear: acceptedYaw=-3.120047 renderedYaw=-3.120047 acceptedPitch=0.20244755 renderedPitch=0.20244755
Remote mount yaw and payload pitch settle to accepted rear aim on actual presentation nodes
Downward tilt and weapon self-clearance limits cannot displace the camera cursor
Downward articulation cannot enter owner envelope
Fine controller camera rotation retains a centered cursor
Native stick fine/full turn separation: fine=0.109, full=2.200 rad
Ordinary camera recentering retains a centered cursor
Neutral stick restores the original chase view with a weapon selected
AIM_AT requested=(0, 2.0869827, 25) firstTargetDrift=(0, -0.33580148, 0) requestedScreen=(640, 400.37292)
AIM_GEOMETRY close: lens=(0, 4.7942233, 44.081738) rotation=(-0.14099412, 0, 0) targetDisplayed=(0, 1.1527585, 25) targetNative=(0, 1.152898, 25) targetScreen=(640, 401.06677) center=(640, 400) bounds=(576.42535, 372.00955), (127.14929, 108.51251)
Directly intersected close car receives brackets instead of a distance-based square fallback
AIM_AT requested=(-3.7, 2.0717244, 35) firstTargetDrift=(0, -0.18033564, 0) requestedScreen=(615.04364, 404.5301)
Directly intersected side-by-side car receives onscreen corner brackets
Alongside camera cursor stays centered while the accepted weapon ray remains chassis-safe
A camera ray blocked by the owner cannot mark the weapon ready
AIM_AT requested=(0, 12.65, 0) firstTargetDrift=(0, 0, 0) requestedScreen=(640, 399.96796)
AIM_AT requested=(0, 12.65, 0) firstTargetDrift=(0, 0, 0) requestedScreen=(640, 399.99973)
Elevated rivals can be aimed at above the horizon
Upward aiming does not lower the grounded chase camera relative to the car
Upward aiming retains the centered shared aiming cue
The upward camera ray actually intersects the elevated rival
Upward desired aim reaches authority and observer
AIM_AT requested=(0, 2.65, 5) firstTargetDrift=(-7.7340574, -10.438771, 4.9178257) requestedScreen=(640, 399.60812)
Repeated fast crossings never steer the camera while RMB holds the view
Crossing-car brackets surround the visible center-ray hit under interpolation (11 bracket frames, 0 misses)
Host accepts probe friction mouse=0.08, stick=0.28
Probe friction reaches the native client
Host accepts probe friction mouse=0, stick=0
Probe friction reaches the native client
AIM_RESPONSE case=0 default=0.0055765 zero=0.0060000 ratio=0.9294
AIM_RESPONSE case=1 default=0.0060000 zero=0.0060000 ratio=1.0000
AIM_RESPONSE case=2 default=0.0030584 zero=0.0040600 ratio=0.7533
AIM_RESPONSE case=3 default=0.0040600 zero=0.0040600 ratio=1.0000
AIM_RESPONSE case=4 default=0.0733333 zero=0.0733333 ratio=1.0000
AIM_RESPONSE case=5 default=0.1200000 zero=0.1200000 ratio=1.0000
Small native mouse input toward a visible rival receives bounded default friction
Fine native stick input toward a visible rival receives bounded default friction
Moving away/full-stick/flick bypass matches zero friction (case 1)
Moving away/full-stick/flick bypass matches zero friction (case 3)
Moving away/full-stick/flick bypass matches zero friction (case 4)
Moving away/full-stick/flick bypass matches zero friction (case 5)
Host accepts probe friction mouse=0.08, stick=0.28
Probe friction reaches the native client
Eligibility transfers from the first right-hand rival to the second left-hand rival without a retained lock
Removing both rivals from the cone releases small-input assistance
Observer has accepted aim before packet blackout
A bounded real UDP blackout expires accepted aim on shooter and observer
Fresh accepted aim resumes after packet delivery recovers (not authenticated reconnect)
Camera-intent cursor remains centered after transient packet recovery
CAMERA_AIM_SAMPLE CameraDistance=1.15 air=False up=False expected=<0.009203539, -0.21311006, -0.97698486> actual=<0.009203539, -0.21311006, -0.97698486> lens=(-0.065352984, 5.810026, 43.782425) target=(0.13156852, 4.7683716E-07, 22.878586) pitch=-0.27108657
Final centered rendered ray and pivot-relative intent agree: CameraDistance=1.15 air=False up=False
Camera settings retain centered HUD: CameraDistance=1.15 air=False up=False
Authoritative articulation follows camera intent within network/pose tolerance: CameraDistance=1.15 air=False up=False
Shared body clearance remains safe: CameraDistance=1.15 air=False up=False
AIM_REMOTE CameraDistance=1.15 air=False up=False: acceptedYaw=-0.009420073 renderedYaw=-0.00942007 acceptedPitch=-0.11474271 renderedPitch=-0.11474273
Remote mount yaw and payload pitch settle to accepted CameraDistance=1.15 air=False up=False aim on actual presentation nodes
Local preference leaves host tuning and peer camera unchanged: CameraDistance=1.15 air=False up=False
CAMERA_AIM_SAMPLE CameraDistance=1.15 air=False up=True expected=<0.004511111, 0.15624925, -0.9877073> actual=<0.004511111, 0.15624925, -0.9877073> lens=(-0.033614647, 4.3089437, 44.204926) target=(1.3213837, 48.81806, -252.47183) pitch=0.14891347
Final centered rendered ray and pivot-relative intent agree: CameraDistance=1.15 air=False up=True
Camera settings retain centered HUD: CameraDistance=1.15 air=False up=True
Authoritative articulation follows camera intent within network/pose tolerance: CameraDistance=1.15 air=False up=True
Shared body clearance remains safe: CameraDistance=1.15 air=False up=True
AIM_REMOTE CameraDistance=1.15 air=False up=True: acceptedYaw=-0.004567223 renderedYaw=-0.0045672213 acceptedPitch=0.1569081 renderedPitch=0.15690836
Remote mount yaw and payload pitch settle to accepted CameraDistance=1.15 air=False up=True aim on actual presentation nodes
Local preference leaves host tuning and peer camera unchanged: CameraDistance=1.15 air=False up=True
CAMERA_AIM_SAMPLE CameraDistance=1.15 air=True up=False expected=<0.00440859, -0.26168054, -0.96514446> actual=<0.00440859, -0.26168054, -0.96514446> lens=(-0.036064122, 37.46565, 44.74029) target=(0.5796844, 3.8146973E-06, -90.0616) pitch=-0.27108654
Final centered rendered ray and pivot-relative intent agree: CameraDistance=1.15 air=True up=False
Camera settings retain centered HUD: CameraDistance=1.15 air=True up=False
Authoritative articulation follows camera intent within network/pose tolerance: CameraDistance=1.15 air=True up=False
Shared body clearance remains safe: CameraDistance=1.15 air=True up=False
AIM_REMOTE CameraDistance=1.15 air=True up=False: acceptedYaw=-0.004567771 renderedYaw=-0.0045677694 acceptedPitch=-0.1147466 renderedPitch=-0.11474656
Remote mount yaw and payload pitch settle to accepted CameraDistance=1.15 air=True up=False aim on actual presentation nodes
Local preference leaves host tuning and peer camera unchanged: CameraDistance=1.15 air=True up=False
CAMERA_AIM_SAMPLE CameraDistance=1.15 air=True up=True expected=<0.004509746, 0.15831164, -0.98737884> actual=<0.004509746, 0.15831164, -0.98737884> lens=(-0.048806656, 35.753605, 47.530895) target=(1.3062322, 80.262726, -249.14586) pitch=0.14891347
Final centered rendered ray and pivot-relative intent agree: CameraDistance=1.15 air=True up=True
Camera settings retain centered HUD: CameraDistance=1.15 air=True up=True
Authoritative articulation follows camera intent within network/pose tolerance: CameraDistance=1.15 air=True up=True
Shared body clearance remains safe: CameraDistance=1.15 air=True up=True
AIM_REMOTE CameraDistance=1.15 air=True up=True: acceptedYaw=-0.0045673596 renderedYaw=-0.004567358 acceptedPitch=0.15878922 renderedPitch=0.15877676
Remote mount yaw and payload pitch settle to accepted CameraDistance=1.15 air=True up=True aim on actual presentation nodes
Local preference leaves host tuning and peer camera unchanged: CameraDistance=1.15 air=True up=True
CAMERA_AIM_SAMPLE CameraDistance=1.3 air=False up=False expected=<0.0044595515, -0.21617272, -0.97634494> actual=<0.0044595515, -0.21617272, -0.97634494> lens=(-0.035996985, 6.0188375, 44.72595) target=(0.062918246, 9.536743E-07, 23.070093) pitch=-0.27108654
Final centered rendered ray and pivot-relative intent agree: CameraDistance=1.3 air=False up=False
Camera settings retain centered HUD: CameraDistance=1.3 air=False up=False
Authoritative articulation follows camera intent within network/pose tolerance: CameraDistance=1.3 air=False up=False
Shared body clearance remains safe: CameraDistance=1.3 air=False up=False
AIM_REMOTE CameraDistance=1.3 air=False up=False: acceptedYaw=-0.0045675663 renderedYaw=-0.004567563 acceptedPitch=-0.114746675 renderedPitch=-0.114746615
Remote mount yaw and payload pitch settle to accepted CameraDistance=1.3 air=False up=False aim on actual presentation nodes
Local preference leaves host tuning and peer camera unchanged: CameraDistance=1.3 air=False up=False
CAMERA_AIM_SAMPLE CameraDistance=1.3 air=False up=True expected=<0.003737132, 0.1567618, -0.98762935> actual=<0.003737132, 0.1567618, -0.98762935> lens=(-0.03148217, 4.310467, 45.16494) target=(1.0911291, 48.81959, -251.51279) pitch=0.1489135
Final centered rendered ray and pivot-relative intent agree: CameraDistance=1.3 air=False up=True
Camera settings retain centered HUD: CameraDistance=1.3 air=False up=True
Authoritative articulation follows camera intent within network/pose tolerance: CameraDistance=1.3 air=False up=True
Shared body clearance remains safe: CameraDistance=1.3 air=False up=True
AIM_REMOTE CameraDistance=1.3 air=False up=True: acceptedYaw=-0.0037839236 renderedYaw=-0.0037839229 acceptedPitch=0.15742417 renderedPitch=0.15742524
Remote mount yaw and payload pitch settle to accepted CameraDistance=1.3 air=False up=True aim on actual presentation nodes
Local preference leaves host tuning and peer camera unchanged: CameraDistance=1.3 air=False up=True
CAMERA_AIM_SAMPLE CameraDistance=1.3 air=True up=False expected=<0.0027828268, -0.26205787, -0.9650482> actual=<0.0027828268, -0.26205787, -0.9650482> lens=(-0.025715051, 37.69526, 45.76265) target=(0.36538637, 3.8146973E-06, -89.86624) pitch=-0.27108654
Final centered rendered ray and pivot-relative intent agree: CameraDistance=1.3 air=True up=False
Camera settings retain centered HUD: CameraDistance=1.3 air=True up=False
Authoritative articulation follows camera intent within network/pose tolerance: CameraDistance=1.3 air=True up=False
Shared body clearance remains safe: CameraDistance=1.3 air=True up=False
AIM_REMOTE CameraDistance=1.3 air=True up=False: acceptedYaw=-0.0028836066 renderedYaw=-0.0028836064 acceptedPitch=-0.11474742 renderedPitch=-0.11474741
Remote mount yaw and payload pitch settle to accepted CameraDistance=1.3 air=True up=False aim on actual presentation nodes
Local preference leaves host tuning and peer camera unchanged: CameraDistance=1.3 air=True up=False
CAMERA_AIM_SAMPLE CameraDistance=1.3 air=True up=True expected=<0.004460283, 0.1587959, -0.98730135> actual=<0.004460283, 0.1587959, -0.98730135> lens=(-0.052668553, 35.741074, 48.503395) target=(1.2876139, 80.2502, -248.17343) pitch=0.14891349
Final centered rendered ray and pivot-relative intent agree: CameraDistance=1.3 air=True up=True
Camera settings retain centered HUD: CameraDistance=1.3 air=True up=True
Authoritative articulation follows camera intent within network/pose tolerance: CameraDistance=1.3 air=True up=True
Shared body clearance remains safe: CameraDistance=1.3 air=True up=True
AIM_REMOTE CameraDistance=1.3 air=True up=True: acceptedYaw=-0.004517621 renderedYaw=-0.0045176204 acceptedPitch=0.15936652 renderedPitch=0.1593648
Remote mount yaw and payload pitch settle to accepted CameraDistance=1.3 air=True up=True aim on actual presentation nodes
Local preference leaves host tuning and peer camera unchanged: CameraDistance=1.3 air=True up=True
CAMERA_AIM_SAMPLE CameraDistance=1.5 air=False up=False expected=<0.0044545755, -0.22077641, -0.9753143> actual=<0.0044545755, -0.22077641, -0.9753143> lens=(-0.041737255, 6.284486, 45.98323) target=(0.061537545, -4.7683716E-07, 23.371563) pitch=-0.27108654
Final centered rendered ray and pivot-relative intent agree: CameraDistance=1.5 air=False up=False
Camera settings retain centered HUD: CameraDistance=1.5 air=False up=False
Authoritative articulation follows camera intent within network/pose tolerance: CameraDistance=1.5 air=False up=False
Shared body clearance remains safe: CameraDistance=1.5 air=False up=False
AIM_REMOTE CameraDistance=1.5 air=False up=False: acceptedYaw=-0.004567292 renderedYaw=-0.0045672907 acceptedPitch=-0.11474658 renderedPitch=-0.11474657
Remote mount yaw and payload pitch settle to accepted CameraDistance=1.5 air=False up=False aim on actual presentation nodes
Local preference leaves host tuning and peer camera unchanged: CameraDistance=1.5 air=False up=False
CAMERA_AIM_SAMPLE CameraDistance=1.5 air=False up=True expected=<0.004510452, 0.15743732, -0.98751867> actual=<0.004510452, 0.15743732, -0.98751867> lens=(-0.043847162, 4.3086424, 46.4449) target=(1.3112121, 48.81776, -250.23186) pitch=0.14891347
Final centered rendered ray and pivot-relative intent agree: CameraDistance=1.5 air=False up=True
Camera settings retain centered HUD: CameraDistance=1.5 air=False up=True
Authoritative articulation follows camera intent within network/pose tolerance: CameraDistance=1.5 air=False up=True
Shared body clearance remains safe: CameraDistance=1.5 air=False up=True
AIM_REMOTE CameraDistance=1.5 air=False up=True: acceptedYaw=-0.0045674285 renderedYaw=-0.004567427 acceptedPitch=0.1581107 renderedPitch=0.15811187
Remote mount yaw and payload pitch settle to accepted CameraDistance=1.5 air=False up=True aim on actual presentation nodes
Local preference leaves host tuning and peer camera unchanged: CameraDistance=1.5 air=False up=True
CAMERA_AIM_SAMPLE CameraDistance=1.5 air=True up=False expected=<0.004406727, -0.26275524, -0.9648524> actual=<0.004406727, -0.26275524, -0.9648524> lens=(-0.046065476, 37.919632, 46.931034) target=(0.57706946, 3.8146973E-06, -89.5043) pitch=-0.27108654
Final centered rendered ray and pivot-relative intent agree: CameraDistance=1.5 air=True up=False
Camera settings retain centered HUD: CameraDistance=1.5 air=True up=False
Authoritative articulation follows camera intent within network/pose tolerance: CameraDistance=1.5 air=True up=False
Shared body clearance remains safe: CameraDistance=1.5 air=True up=False
AIM_REMOTE CameraDistance=1.5 air=True up=False: acceptedYaw=-0.004567224 renderedYaw=-0.0045672213 acceptedPitch=-0.114746496 renderedPitch=-0.114746474
Remote mount yaw and payload pitch settle to accepted CameraDistance=1.5 air=True up=False aim on actual presentation nodes
Local preference leaves host tuning and peer camera unchanged: CameraDistance=1.5 air=True up=False
CAMERA_AIM_SAMPLE CameraDistance=1.5 air=True up=True expected=<0.004507664, 0.15948783, -0.9871896> actual=<0.004507664, 0.15948783, -0.9871896> lens=(-0.059021566, 35.741264, 49.77087) target=(1.2956514, 80.25038, -246.90588) pitch=0.14891347
Final centered rendered ray and pivot-relative intent agree: CameraDistance=1.5 air=True up=True
Camera settings retain centered HUD: CameraDistance=1.5 air=True up=True
Authoritative articulation follows camera intent within network/pose tolerance: CameraDistance=1.5 air=True up=True
Shared body clearance remains safe: CameraDistance=1.5 air=True up=True
AIM_REMOTE CameraDistance=1.5 air=True up=True: acceptedYaw=-0.004566126 renderedYaw=-0.004566124 acceptedPitch=0.1600281 renderedPitch=0.16001862
Remote mount yaw and payload pitch settle to accepted CameraDistance=1.5 air=True up=True aim on actual presentation nodes
Local preference leaves host tuning and peer camera unchanged: CameraDistance=1.5 air=True up=True
CAMERA_AIM_SAMPLE CameraInertia=0 air=False up=False expected=<0.004461258, -0.21374318, -0.9768797> actual=<0.004461258, -0.21374318, -0.9768797> lens=(-0.031497568, 5.791009, 43.742012) target=(0.063657776, 4.7683716E-07, 22.905886) pitch=-0.27108654
Final centered rendered ray and pivot-relative intent agree: CameraInertia=0 air=False up=False
Camera settings retain centered HUD: CameraInertia=0 air=False up=False
Authoritative articulation follows camera intent within network/pose tolerance: CameraInertia=0 air=False up=False
Shared body clearance remains safe: CameraInertia=0 air=False up=False
AIM_REMOTE CameraInertia=0 air=False up=False: acceptedYaw=-0.0045668124 renderedYaw=-0.004566802 acceptedPitch=-0.114746645 renderedPitch=-0.1147465
Remote mount yaw and payload pitch settle to accepted CameraInertia=0 air=False up=False aim on actual presentation nodes
Local preference leaves host tuning and peer camera unchanged: CameraInertia=0 air=False up=False
CAMERA_AIM_SAMPLE CameraInertia=0 air=False up=True expected=<0.0045114025, 0.15622067, -0.98771185> actual=<0.0045114025, 0.15622067, -0.98771185> lens=(-0.033616662, 4.30036, 44.204926) target=(1.321463, 48.80948, -252.47183) pitch=0.14891347
Final centered rendered ray and pivot-relative intent agree: CameraInertia=0 air=False up=True
Camera settings retain centered HUD: CameraInertia=0 air=False up=True
Authoritative articulation follows camera intent within network/pose tolerance: CameraInertia=0 air=False up=True
Shared body clearance remains safe: CameraInertia=0 air=False up=True
AIM_REMOTE CameraInertia=0 air=False up=True: acceptedYaw=-0.0045674974 renderedYaw=-0.0045674965 acceptedPitch=0.15686384 renderedPitch=0.15686393
Remote mount yaw and payload pitch settle to accepted CameraInertia=0 air=False up=True aim on actual presentation nodes
Local preference leaves host tuning and peer camera unchanged: CameraInertia=0 air=False up=True
CAMERA_AIM_SAMPLE CameraInertia=0 air=True up=False expected=<0.004407472, -0.26220903, -0.96500105> actual=<0.004407472, -0.26220903, -0.96500105> lens=(-0.036060277, 37.389324, 44.740276) target=(0.5783693, 3.8146973E-06, -89.787) pitch=-0.27108654
Final centered rendered ray and pivot-relative intent agree: CameraInertia=0 air=True up=False
Camera settings retain centered HUD: CameraInertia=0 air=True up=False
Authoritative articulation follows camera intent within network/pose tolerance: CameraInertia=0 air=True up=False
Shared body clearance remains safe: CameraInertia=0 air=True up=False
AIM_REMOTE CameraInertia=0 air=True up=False: acceptedYaw=-0.0045672916 renderedYaw=-0.0045672897 acceptedPitch=-0.114746675 renderedPitch=-0.11474661
Remote mount yaw and payload pitch settle to accepted CameraInertia=0 air=True up=False aim on actual presentation nodes
Local preference leaves host tuning and peer camera unchanged: CameraInertia=0 air=True up=False
CAMERA_AIM_SAMPLE CameraInertia=0 air=True up=True expected=<0.004510202, 0.15805867, -0.9874194> actual=<0.004510202, 0.15805867, -0.9874194> lens=(-0.048809614, 35.678463, 47.5309) target=(1.3063107, 80.18758, -249.14586) pitch=0.14891347
Final centered rendered ray and pivot-relative intent agree: CameraInertia=0 air=True up=True
Camera settings retain centered HUD: CameraInertia=0 air=True up=True
Authoritative articulation follows camera intent within network/pose tolerance: CameraInertia=0 air=True up=True
Shared body clearance remains safe: CameraInertia=0 air=True up=True
AIM_REMOTE CameraInertia=0 air=True up=True: acceptedYaw=-0.0045676334 renderedYaw=-0.0045676334 acceptedPitch=0.15852518 renderedPitch=0.15851456
Remote mount yaw and payload pitch settle to accepted CameraInertia=0 air=True up=True aim on actual presentation nodes
Local preference leaves host tuning and peer camera unchanged: CameraInertia=0 air=True up=True
CAMERA_AIM_SAMPLE CameraInertia=0.5 air=False up=False expected=<0.004461932, -0.21306671, -0.97702754> actual=<0.004461932, -0.21306671, -0.97702754> lens=(-0.031701997, 5.8163376, 43.786774) target=(0.063869536, 4.7683716E-07, 22.859514) pitch=-0.27108654
Final centered rendered ray and pivot-relative intent agree: CameraInertia=0.5 air=False up=False
Camera settings retain centered HUD: CameraInertia=0.5 air=False up=False
Authoritative articulation follows camera intent within network/pose tolerance: CameraInertia=0.5 air=False up=False
Shared body clearance remains safe: CameraInertia=0.5 air=False up=False
AIM_REMOTE CameraInertia=0.5 air=False up=False: acceptedYaw=-0.0045668124 renderedYaw=-0.00456681 acceptedPitch=-0.11474666 renderedPitch=-0.11474663
Remote mount yaw and payload pitch settle to accepted CameraInertia=0.5 air=False up=False aim on actual presentation nodes
Local preference leaves host tuning and peer camera unchanged: CameraInertia=0.5 air=False up=False
CAMERA_AIM_SAMPLE CameraInertia=0.5 air=False up=True expected=<0.004511315, 0.1562483, -0.98770756> actual=<0.004511315, 0.1562483, -0.98770756> lens=(-0.03361616, 4.3086543, 44.204926) target=(1.3214431, 48.817772, -252.47183) pitch=0.14891347
Final centered rendered ray and pivot-relative intent agree: CameraInertia=0.5 air=False up=True
Camera settings retain centered HUD: CameraInertia=0.5 air=False up=True
Authoritative articulation follows camera intent within network/pose tolerance: CameraInertia=0.5 air=False up=True
Shared body clearance remains safe: CameraInertia=0.5 air=False up=True
AIM_REMOTE CameraInertia=0.5 air=False up=True: acceptedYaw=-0.004567428 renderedYaw=-0.0045674266 acceptedPitch=0.15690368 renderedPitch=0.15690564
Remote mount yaw and payload pitch settle to accepted CameraInertia=0.5 air=False up=True aim on actual presentation nodes
Local preference leaves host tuning and peer camera unchanged: CameraInertia=0.5 air=False up=True
CAMERA_AIM_SAMPLE CameraInertia=0.5 air=True up=False expected=<0.0044072946, -0.26176614, -0.96512127> actual=<0.0044072946, -0.26176614, -0.96512127> lens=(-0.036054313, 37.453266, 44.740273) target=(0.57932466, 0, -90.01708) pitch=-0.27108654
Final centered rendered ray and pivot-relative intent agree: CameraInertia=0.5 air=True up=False
Camera settings retain centered HUD: CameraInertia=0.5 air=True up=False
Authoritative articulation follows camera intent within network/pose tolerance: CameraInertia=0.5 air=True up=False
Shared body clearance remains safe: CameraInertia=0.5 air=True up=False
AIM_REMOTE CameraInertia=0.5 air=True up=False: acceptedYaw=-0.004566538 renderedYaw=-0.0045665368 acceptedPitch=-0.11474657 renderedPitch=-0.11474659
Remote mount yaw and payload pitch settle to accepted CameraInertia=0.5 air=True up=False aim on actual presentation nodes
Local preference leaves host tuning and peer camera unchanged: CameraInertia=0.5 air=True up=False
CAMERA_AIM_SAMPLE CameraInertia=0.5 air=True up=True expected=<0.004509979, 0.158272, -0.98738533> actual=<0.004509979, 0.158272, -0.98738533> lens=(-0.04880887, 35.74183, 47.5309) target=(1.3062911, 80.250946, -249.14586) pitch=0.14891347
Final centered rendered ray and pivot-relative intent agree: CameraInertia=0.5 air=True up=True
Camera settings retain centered HUD: CameraInertia=0.5 air=True up=True
Authoritative articulation follows camera intent within network/pose tolerance: CameraInertia=0.5 air=True up=True
Shared body clearance remains safe: CameraInertia=0.5 air=True up=True
AIM_REMOTE CameraInertia=0.5 air=True up=True: acceptedYaw=-0.004567565 renderedYaw=-0.0045675505 acceptedPitch=0.15875855 renderedPitch=0.15874295
Remote mount yaw and payload pitch settle to accepted CameraInertia=0.5 air=True up=True aim on actual presentation nodes
Local preference leaves host tuning and peer camera unchanged: CameraInertia=0.5 air=True up=True
CAMERA_AIM_SAMPLE CameraInertia=1 air=False up=False expected=<0.0044621807, -0.21308559, -0.97702336> actual=<0.0044621807, -0.21308559, -0.97702336> lens=(-0.031729884, 5.8175583, 43.792465) target=(0.06386744, 0, 22.860811) pitch=-0.27108654
Final centered rendered ray and pivot-relative intent agree: CameraInertia=1 air=False up=False
Camera settings retain centered HUD: CameraInertia=1 air=False up=False
Authoritative articulation follows camera intent within network/pose tolerance: CameraInertia=1 air=False up=False
Shared body clearance remains safe: CameraInertia=1 air=False up=False
AIM_REMOTE CameraInertia=1 air=False up=False: acceptedYaw=-0.004567086 renderedYaw=-0.0045670844 acceptedPitch=-0.11474662 renderedPitch=-0.114746585
Remote mount yaw and payload pitch settle to accepted CameraInertia=1 air=False up=False aim on actual presentation nodes
Local preference leaves host tuning and peer camera unchanged: CameraInertia=1 air=False up=False
CAMERA_AIM_SAMPLE CameraInertia=1 air=False up=True expected=<0.0045114504, 0.15624833, -0.98770756> actual=<0.0045114504, 0.15624833, -0.98770756> lens=(-0.033617165, 4.3086624, 44.204926) target=(1.3214828, 48.81778, -252.47183) pitch=0.14891347
Final centered rendered ray and pivot-relative intent agree: CameraInertia=1 air=False up=True
Camera settings retain centered HUD: CameraInertia=1 air=False up=True
Authoritative articulation follows camera intent within network/pose tolerance: CameraInertia=1 air=False up=True
Shared body clearance remains safe: CameraInertia=1 air=False up=True
AIM_REMOTE CameraInertia=1 air=False up=True: acceptedYaw=-0.0045675654 renderedYaw=-0.004567555 acceptedPitch=0.15690102 renderedPitch=0.1569037
Remote mount yaw and payload pitch settle to accepted CameraInertia=1 air=False up=True aim on actual presentation nodes
Local preference leaves host tuning and peer camera unchanged: CameraInertia=1 air=False up=True
CAMERA_AIM_SAMPLE CameraInertia=1 air=True up=False expected=<0.004408632, -0.26132542, -0.96524066> actual=<0.004408632, -0.26132542, -0.96524066> lens=(-0.03606084, 37.517097, 44.74028) target=(0.5804777, 3.8146973E-06, -90.246735) pitch=-0.27108654
Final centered rendered ray and pivot-relative intent agree: CameraInertia=1 air=True up=False
Camera settings retain centered HUD: CameraInertia=1 air=True up=False
Authoritative articulation follows camera intent within network/pose tolerance: CameraInertia=1 air=True up=False
Shared body clearance remains safe: CameraInertia=1 air=True up=False
AIM_REMOTE CameraInertia=1 air=True up=False: acceptedYaw=-0.00456736 renderedYaw=-0.0045673586 acceptedPitch=-0.11474672 renderedPitch=-0.11474668
Remote mount yaw and payload pitch settle to accepted CameraInertia=1 air=True up=False aim on actual presentation nodes
Local preference leaves host tuning and peer camera unchanged: CameraInertia=1 air=True up=False
CAMERA_AIM_SAMPLE CameraInertia=1 air=True up=True expected=<0.004509551, 0.15848522, -0.987351> actual=<0.004509551, 0.15848522, -0.987351> lens=(-0.048805926, 35.80519, 47.53089) target=(1.3062128, 80.31431, -249.14587) pitch=0.14891347
Final centered rendered ray and pivot-relative intent agree: CameraInertia=1 air=True up=True
Camera settings retain centered HUD: CameraInertia=1 air=True up=True
Authoritative articulation follows camera intent within network/pose tolerance: CameraInertia=1 air=True up=True
Shared body clearance remains safe: CameraInertia=1 air=True up=True
AIM_REMOTE CameraInertia=1 air=True up=True: acceptedYaw=-0.0045672916 renderedYaw=-0.0045672897 acceptedPitch=0.15902765 renderedPitch=0.15899159
Remote mount yaw and payload pitch settle to accepted CameraInertia=1 air=True up=True aim on actual presentation nodes
Local preference leaves host tuning and peer camera unchanged: CameraInertia=1 air=True up=True
CAMERA_AIM_SAMPLE CameraAerialPullback=0 air=False up=False expected=<0.004462482, -0.21305227, -0.97703063> actual=<0.004462482, -0.21305227, -0.97703063> lens=(-0.031687014, 5.8154707, 43.78266) target=(0.06388174, 0, 22.85852) pitch=-0.27108654
Final centered rendered ray and pivot-relative intent agree: CameraAerialPullback=0 air=False up=False
Camera settings retain centered HUD: CameraAerialPullback=0 air=False up=False
Authoritative articulation follows camera intent within network/pose tolerance: CameraAerialPullback=0 air=False up=False
Shared body clearance remains safe: CameraAerialPullback=0 air=False up=False
AIM_REMOTE CameraAerialPullback=0 air=False up=False: acceptedYaw=-0.0045673596 renderedYaw=-0.004567359 acceptedPitch=-0.11474657 renderedPitch=-0.11474656
Remote mount yaw and payload pitch settle to accepted CameraAerialPullback=0 air=False up=False aim on actual presentation nodes
Local preference leaves host tuning and peer camera unchanged: CameraAerialPullback=0 air=False up=False
CAMERA_AIM_SAMPLE CameraAerialPullback=0 air=False up=True expected=<0.004511112, 0.15624836, -0.98770756> actual=<0.004511112, 0.15624836, -0.98770756> lens=(-0.033614647, 4.308669, 44.204926) target=(1.3213837, 48.817787, -252.47183) pitch=0.14891347
Final centered rendered ray and pivot-relative intent agree: CameraAerialPullback=0 air=False up=True
Camera settings retain centered HUD: CameraAerialPullback=0 air=False up=True
Authoritative articulation follows camera intent within network/pose tolerance: CameraAerialPullback=0 air=False up=True
Shared body clearance remains safe: CameraAerialPullback=0 air=False up=True
AIM_REMOTE CameraAerialPullback=0 air=False up=True: acceptedYaw=-0.004567223 renderedYaw=-0.0045672082 acceptedPitch=0.15690668 renderedPitch=0.15690692
Remote mount yaw and payload pitch settle to accepted CameraAerialPullback=0 air=False up=True aim on actual presentation nodes
Local preference leaves host tuning and peer camera unchanged: CameraAerialPullback=0 air=False up=True
CAMERA_AIM_SAMPLE CameraAerialPullback=0 air=True up=False expected=<0.004407966, -0.26132986, -0.96523947> actual=<0.004407966, -0.26132986, -0.96523947> lens=(-0.03168226, 37.2503, 43.78266) target=(0.58038014, 3.8146973E-06, -90.24441) pitch=-0.27108654
Final centered rendered ray and pivot-relative intent agree: CameraAerialPullback=0 air=True up=False
Camera settings retain centered HUD: CameraAerialPullback=0 air=True up=False
Authoritative articulation follows camera intent within network/pose tolerance: CameraAerialPullback=0 air=True up=False
Shared body clearance remains safe: CameraAerialPullback=0 air=True up=False
AIM_REMOTE CameraAerialPullback=0 air=True up=False: acceptedYaw=-0.0045666755 renderedYaw=-0.0045666737 acceptedPitch=-0.11474651 renderedPitch=-0.11474652
Remote mount yaw and payload pitch settle to accepted CameraAerialPullback=0 air=True up=False aim on actual presentation nodes
Local preference leaves host tuning and peer camera unchanged: CameraAerialPullback=0 air=True up=False
CAMERA_AIM_SAMPLE CameraAerialPullback=0 air=True up=True expected=<0.0045111333, 0.1564993, -0.9876678> actual=<0.0045111333, 0.1564993, -0.9876678> lens=(-0.03361616, 35.742428, 44.204926) target=(1.3214431, 80.25154, -252.47183) pitch=0.14891347
Final centered rendered ray and pivot-relative intent agree: CameraAerialPullback=0 air=True up=True
Camera settings retain centered HUD: CameraAerialPullback=0 air=True up=True
Authoritative articulation follows camera intent within network/pose tolerance: CameraAerialPullback=0 air=True up=True
Shared body clearance remains safe: CameraAerialPullback=0 air=True up=True
AIM_REMOTE CameraAerialPullback=0 air=True up=True: acceptedYaw=-0.004567428 renderedYaw=-0.0045674276 acceptedPitch=0.15714383 renderedPitch=0.15714583
Remote mount yaw and payload pitch settle to accepted CameraAerialPullback=0 air=True up=True aim on actual presentation nodes
Local preference leaves host tuning and peer camera unchanged: CameraAerialPullback=0 air=True up=True
CAMERA_AIM_SAMPLE CameraAerialPullback=1 air=False up=False expected=<0.0044626696, -0.21306558, -0.9770277> actual=<0.0044626696, -0.21306558, -0.9770277> lens=(-0.031707212, 5.8163586, 43.786774) target=(0.06388043, 4.7683716E-07, 22.859438) pitch=-0.27108654
Final centered rendered ray and pivot-relative intent agree: CameraAerialPullback=1 air=False up=False
Camera settings retain centered HUD: CameraAerialPullback=1 air=False up=False
Authoritative articulation follows camera intent within network/pose tolerance: CameraAerialPullback=1 air=False up=False
Shared body clearance remains safe: CameraAerialPullback=1 air=False up=False
AIM_REMOTE CameraAerialPullback=1 air=False up=False: acceptedYaw=-0.004567567 renderedYaw=-0.0045675663 acceptedPitch=-0.114746556 renderedPitch=-0.11474654
Remote mount yaw and payload pitch settle to accepted CameraAerialPullback=1 air=False up=False aim on actual presentation nodes
Local preference leaves host tuning and peer camera unchanged: CameraAerialPullback=1 air=False up=False
CAMERA_AIM_SAMPLE CameraAerialPullback=1 air=False up=True expected=<0.004511112, 0.15624838, -0.98770756> actual=<0.004511112, 0.15624838, -0.98770756> lens=(-0.033614647, 4.308673, 44.204926) target=(1.3213837, 48.81779, -252.47183) pitch=0.14891347
Final centered rendered ray and pivot-relative intent agree: CameraAerialPullback=1 air=False up=True
Camera settings retain centered HUD: CameraAerialPullback=1 air=False up=True
Authoritative articulation follows camera intent within network/pose tolerance: CameraAerialPullback=1 air=False up=True
Shared body clearance remains safe: CameraAerialPullback=1 air=False up=True
AIM_REMOTE CameraAerialPullback=1 air=False up=True: acceptedYaw=-0.004567223 renderedYaw=-0.0045672194 acceptedPitch=0.15690358 renderedPitch=0.1569051
Remote mount yaw and payload pitch settle to accepted CameraAerialPullback=1 air=False up=True aim on actual presentation nodes
Local preference leaves host tuning and peer camera unchanged: CameraAerialPullback=1 air=False up=True
CAMERA_AIM_SAMPLE CameraAerialPullback=1 air=True up=False expected=<0.00440816, -0.26176074, -0.9651227> actual=<0.00440816, -0.26176074, -0.9651227> lens=(-0.036061473, 37.454052, 44.740303) target=(0.5794503, 3.8146973E-06, -90.01986) pitch=-0.27108654
Final centered rendered ray and pivot-relative intent agree: CameraAerialPullback=1 air=True up=False
Camera settings retain centered HUD: CameraAerialPullback=1 air=True up=False
Authoritative articulation follows camera intent within network/pose tolerance: CameraAerialPullback=1 air=True up=False
Shared body clearance remains safe: CameraAerialPullback=1 air=True up=False
AIM_REMOTE CameraAerialPullback=1 air=True up=False: acceptedYaw=-0.0045674294 renderedYaw=-0.004567428 acceptedPitch=-0.11474666 renderedPitch=-0.11474664
Remote mount yaw and payload pitch settle to accepted CameraAerialPullback=1 air=True up=False aim on actual presentation nodes
Local preference leaves host tuning and peer camera unchanged: CameraAerialPullback=1 air=True up=False
CAMERA_AIM_SAMPLE CameraAerialPullback=1 air=True up=True expected=<0.004510044, 0.15827493, -0.9873848> actual=<0.004510044, 0.15827493, -0.9873848> lens=(-0.0488096, 35.742706, 47.530895) target=(1.3063107, 80.25182, -249.14586) pitch=0.14891347
Final centered rendered ray and pivot-relative intent agree: CameraAerialPullback=1 air=True up=True
Camera settings retain centered HUD: CameraAerialPullback=1 air=True up=True
Authoritative articulation follows camera intent within network/pose tolerance: CameraAerialPullback=1 air=True up=True
Shared body clearance remains safe: CameraAerialPullback=1 air=True up=True
AIM_REMOTE CameraAerialPullback=1 air=True up=True: acceptedYaw=-0.0045676334 renderedYaw=-0.0045676325 acceptedPitch=0.15876074 renderedPitch=0.15873778
Remote mount yaw and payload pitch settle to accepted CameraAerialPullback=1 air=True up=True aim on actual presentation nodes
Local preference leaves host tuning and peer camera unchanged: CameraAerialPullback=1 air=True up=True
CAMERA_AIM_SAMPLE CameraAerialPullback=1.5 air=False up=False expected=<0.0044626617, -0.2130722, -0.9770263> actual=<0.0044626617, -0.2130722, -0.9770263> lens=(-0.031716604, 5.816803, 43.788826) target=(0.06387834, 0, 22.85989) pitch=-0.27108654
Final centered rendered ray and pivot-relative intent agree: CameraAerialPullback=1.5 air=False up=False
Camera settings retain centered HUD: CameraAerialPullback=1.5 air=False up=False
Authoritative articulation follows camera intent within network/pose tolerance: CameraAerialPullback=1.5 air=False up=False
Shared body clearance remains safe: CameraAerialPullback=1.5 air=False up=False
AIM_REMOTE CameraAerialPullback=1.5 air=False up=False: acceptedYaw=-0.0045675654 renderedYaw=-0.004567563 acceptedPitch=-0.114746645 renderedPitch=-0.11474664
Remote mount yaw and payload pitch settle to accepted CameraAerialPullback=1.5 air=False up=False aim on actual presentation nodes
Local preference leaves host tuning and peer camera unchanged: CameraAerialPullback=1.5 air=False up=False
CAMERA_AIM_SAMPLE CameraAerialPullback=1.5 air=False up=True expected=<0.0045112474, 0.1562484, -0.98770756> actual=<0.0045112474, 0.1562484, -0.98770756> lens=(-0.033615656, 4.3086834, 44.204926) target=(1.3214234, 48.817802, -252.47183) pitch=0.14891347
Final centered rendered ray and pivot-relative intent agree: CameraAerialPullback=1.5 air=False up=True
Camera settings retain centered HUD: CameraAerialPullback=1.5 air=False up=True
Authoritative articulation follows camera intent within network/pose tolerance: CameraAerialPullback=1.5 air=False up=True
Shared body clearance remains safe: CameraAerialPullback=1.5 air=False up=True
AIM_REMOTE CameraAerialPullback=1.5 air=False up=True: acceptedYaw=-0.0045673605 renderedYaw=-0.004567359 acceptedPitch=0.15690684 renderedPitch=0.15690789
Remote mount yaw and payload pitch settle to accepted CameraAerialPullback=1.5 air=False up=True aim on actual presentation nodes
Local preference leaves host tuning and peer camera unchanged: CameraAerialPullback=1.5 air=False up=True
CAMERA_AIM_SAMPLE CameraAerialPullback=1.5 air=True up=False expected=<0.004407897, -0.26197305, -0.96506506> actual=<0.004407897, -0.26197305, -0.96506506> lens=(-0.03824837, 37.55645, 45.2191) target=(0.5789462, 3.8146973E-06, -89.909485) pitch=-0.27108654
Final centered rendered ray and pivot-relative intent agree: CameraAerialPullback=1.5 air=True up=False
Camera settings retain centered HUD: CameraAerialPullback=1.5 air=True up=False
Authoritative articulation follows camera intent within network/pose tolerance: CameraAerialPullback=1.5 air=True up=False
Shared body clearance remains safe: CameraAerialPullback=1.5 air=True up=False
AIM_REMOTE CameraAerialPullback=1.5 air=True up=False: acceptedYaw=-0.004567429 renderedYaw=-0.0045674266 acceptedPitch=-0.114746496 renderedPitch=-0.11474651
Remote mount yaw and payload pitch settle to accepted CameraAerialPullback=1.5 air=True up=False aim on actual presentation nodes
Local preference leaves host tuning and peer camera unchanged: CameraAerialPullback=1.5 air=True up=False
CAMERA_AIM_SAMPLE CameraAerialPullback=1.5 air=True up=True expected=<0.0045090425, 0.15917821, -0.98723954> actual=<0.0045090425, 0.15917821, -0.98723954> lens=(-0.056401297, 35.742985, 49.193874) target=(1.2986175, 80.252106, -247.48288) pitch=0.14891347
Final centered rendered ray and pivot-relative intent agree: CameraAerialPullback=1.5 air=True up=True
Camera settings retain centered HUD: CameraAerialPullback=1.5 air=True up=True
Authoritative articulation follows camera intent within network/pose tolerance: CameraAerialPullback=1.5 air=True up=True
Shared body clearance remains safe: CameraAerialPullback=1.5 air=True up=True
AIM_REMOTE CameraAerialPullback=1.5 air=True up=True: acceptedYaw=-0.004567291 renderedYaw=-0.0045672893 acceptedPitch=0.15964231 renderedPitch=0.15962735
Remote mount yaw and payload pitch settle to accepted CameraAerialPullback=1.5 air=True up=True aim on actual presentation nodes
Local preference leaves host tuning and peer camera unchanged: CameraAerialPullback=1.5 air=True up=True
CAMERA_AIM_SAMPLE CameraShakeIntensity=0 air=False up=False expected=<0.0044625364, -0.21306483, -0.97702783> actual=<0.0044625364, -0.21306483, -0.97702783> lens=(-0.03170627, 5.816373, 43.786774) target=(0.063878745, 4.7683716E-07, 22.859386) pitch=-0.27108654
Final centered rendered ray and pivot-relative intent agree: CameraShakeIntensity=0 air=False up=False
Camera settings retain centered HUD: CameraShakeIntensity=0 air=False up=False
Authoritative articulation follows camera intent within network/pose tolerance: CameraShakeIntensity=0 air=False up=False
Shared body clearance remains safe: CameraShakeIntensity=0 air=False up=False
AIM_REMOTE CameraShakeIntensity=0 air=False up=False: acceptedYaw=-0.004567428 renderedYaw=-0.0045674266 acceptedPitch=-0.11474672 renderedPitch=-0.11474669
Remote mount yaw and payload pitch settle to accepted CameraShakeIntensity=0 air=False up=False aim on actual presentation nodes
Local preference leaves host tuning and peer camera unchanged: CameraShakeIntensity=0 air=False up=False
CAMERA_AIM_SAMPLE CameraShakeIntensity=0 air=False up=True expected=<0.004511315, 0.15624842, -0.98770756> actual=<0.004511315, 0.15624842, -0.98770756> lens=(-0.03361616, 4.3086905, 44.204926) target=(1.3214431, 48.817806, -252.47183) pitch=0.14891347
Final centered rendered ray and pivot-relative intent agree: CameraShakeIntensity=0 air=False up=True
Camera settings retain centered HUD: CameraShakeIntensity=0 air=False up=True
Authoritative articulation follows camera intent within network/pose tolerance: CameraShakeIntensity=0 air=False up=True
Shared body clearance remains safe: CameraShakeIntensity=0 air=False up=True
AIM_REMOTE CameraShakeIntensity=0 air=False up=True: acceptedYaw=-0.004567428 renderedYaw=-0.0045674257 acceptedPitch=0.15690677 renderedPitch=0.15690736
Remote mount yaw and payload pitch settle to accepted CameraShakeIntensity=0 air=False up=True aim on actual presentation nodes
Local preference leaves host tuning and peer camera unchanged: CameraShakeIntensity=0 air=False up=True
CAMERA_AIM_SAMPLE CameraShakeIntensity=0 air=True up=False expected=<0.004408171, -0.26175204, -0.9651251> actual=<0.004408171, -0.26175204, -0.9651251> lens=(-0.036061443, 37.45531, 44.740295) target=(0.579471, 3.8146973E-06, -90.0244) pitch=-0.27108654
Final centered rendered ray and pivot-relative intent agree: CameraShakeIntensity=0 air=True up=False
Camera settings retain centered HUD: CameraShakeIntensity=0 air=True up=False
Authoritative articulation follows camera intent within network/pose tolerance: CameraShakeIntensity=0 air=True up=False
Shared body clearance remains safe: CameraShakeIntensity=0 air=True up=False
AIM_REMOTE CameraShakeIntensity=0 air=True up=False: acceptedYaw=-0.0045674285 renderedYaw=-0.0045674266 acceptedPitch=-0.114746585 renderedPitch=-0.114746556
Remote mount yaw and payload pitch settle to accepted CameraShakeIntensity=0 air=True up=False aim on actual presentation nodes
Local preference leaves host tuning and peer camera unchanged: CameraShakeIntensity=0 air=True up=False
CAMERA_AIM_SAMPLE CameraShakeIntensity=0 air=True up=True expected=<0.0045092977, 0.15827686, -0.9873845> actual=<0.0045092977, 0.15827686, -0.9873845> lens=(-0.04880153, 35.743282, 47.53089) target=(1.3060951, 80.252396, -249.14587) pitch=0.14891347
Final centered rendered ray and pivot-relative intent agree: CameraShakeIntensity=0 air=True up=True
Camera settings retain centered HUD: CameraShakeIntensity=0 air=True up=True
Authoritative articulation follows camera intent within network/pose tolerance: CameraShakeIntensity=0 air=True up=True
Shared body clearance remains safe: CameraShakeIntensity=0 air=True up=True
AIM_REMOTE CameraShakeIntensity=0 air=True up=True: acceptedYaw=-0.00456688 renderedYaw=-0.0045668785 acceptedPitch=0.1587624 renderedPitch=0.15874405
Remote mount yaw and payload pitch settle to accepted CameraShakeIntensity=0 air=True up=True aim on actual presentation nodes
Local preference leaves host tuning and peer camera unchanged: CameraShakeIntensity=0 air=True up=True
CAMERA_AIM_SAMPLE CameraShakeIntensity=0.5 air=False up=False expected=<0.004531376, -0.21295598, -0.97705126> actual=<0.004531376, -0.21295598, -0.97705126> lens=(-0.0307252, 5.818306, 43.786243) target=(0.06489731, 0, 22.8519) pitch=-0.27108654
Final centered rendered ray and pivot-relative intent agree: CameraShakeIntensity=0.5 air=False up=False
Camera settings retain centered HUD: CameraShakeIntensity=0.5 air=False up=False
Authoritative articulation follows camera intent within network/pose tolerance: CameraShakeIntensity=0.5 air=False up=False
Shared body clearance remains safe: CameraShakeIntensity=0.5 air=False up=False
AIM_REMOTE CameraShakeIntensity=0.5 air=False up=False: acceptedYaw=-0.004870545 renderedYaw=-0.0047610044 acceptedPitch=-0.11474638 renderedPitch=-0.11474643
Remote mount yaw and payload pitch settle to accepted CameraShakeIntensity=0.5 air=False up=False aim on actual presentation nodes
Local preference leaves host tuning and peer camera unchanged: CameraShakeIntensity=0.5 air=False up=False
CAMERA_AIM_SAMPLE CameraShakeIntensity=0.5 air=False up=True expected=<0.004514388, 0.15625517, -0.98770636> actual=<0.004514388, 0.15625517, -0.98770636> lens=(-0.03263456, 4.3106713, 44.205227) target=(1.3223433, 48.81979, -252.47153) pitch=0.14891347
Final centered rendered ray and pivot-relative intent agree: CameraShakeIntensity=0.5 air=False up=True
Camera settings retain centered HUD: CameraShakeIntensity=0.5 air=False up=True
Authoritative articulation follows camera intent within network/pose tolerance: CameraShakeIntensity=0.5 air=False up=True
Shared body clearance remains safe: CameraShakeIntensity=0.5 air=False up=True
AIM_REMOTE CameraShakeIntensity=0.5 air=False up=True: acceptedYaw=-0.004580459 renderedYaw=-0.0045757 acceptedPitch=0.15692571 renderedPitch=0.1569233
Remote mount yaw and payload pitch settle to accepted CameraShakeIntensity=0.5 air=False up=True aim on actual presentation nodes
Local preference leaves host tuning and peer camera unchanged: CameraShakeIntensity=0.5 air=False up=True
CAMERA_AIM_SAMPLE CameraShakeIntensity=0.5 air=True up=False expected=<0.0044155787, -0.26174024, -0.9651283> actual=<0.0044155787, -0.26174024, -0.9651283> lens=(-0.035077732, 37.456867, 44.739765) target=(0.5804709, 3.8146973E-06, -90.03053) pitch=-0.27108654
Final centered rendered ray and pivot-relative intent agree: CameraShakeIntensity=0.5 air=True up=False
Camera settings retain centered HUD: CameraShakeIntensity=0.5 air=True up=False
Authoritative articulation follows camera intent within network/pose tolerance: CameraShakeIntensity=0.5 air=True up=False
Shared body clearance remains safe: CameraShakeIntensity=0.5 air=True up=False
AIM_REMOTE CameraShakeIntensity=0.5 air=True up=False: acceptedYaw=-0.004599649 renderedYaw=-0.004593024 acceptedPitch=-0.114746675 renderedPitch=-0.11474665
Remote mount yaw and payload pitch settle to accepted CameraShakeIntensity=0.5 air=True up=False aim on actual presentation nodes
Local preference leaves host tuning and peer camera unchanged: CameraShakeIntensity=0.5 air=True up=False
CAMERA_AIM_SAMPLE CameraShakeIntensity=0.5 air=True up=True expected=<0.004513354, 0.15828462, -0.9873832> actual=<0.004513354, 0.15828462, -0.9873832> lens=(-0.047829583, 35.74554, 47.531193) target=(1.3072703, 80.254654, -249.14557) pitch=0.14891347
Final centered rendered ray and pivot-relative intent agree: CameraShakeIntensity=0.5 air=True up=True
Camera settings retain centered HUD: CameraShakeIntensity=0.5 air=True up=True
Authoritative articulation follows camera intent within network/pose tolerance: CameraShakeIntensity=0.5 air=True up=True
Shared body clearance remains safe: CameraShakeIntensity=0.5 air=True up=True
AIM_REMOTE CameraShakeIntensity=0.5 air=True up=True: acceptedYaw=-0.0045825643 renderedYaw=-0.004577098 acceptedPitch=0.15875617 renderedPitch=0.15874173
Remote mount yaw and payload pitch settle to accepted CameraShakeIntensity=0.5 air=True up=True aim on actual presentation nodes
Local preference leaves host tuning and peer camera unchanged: CameraShakeIntensity=0.5 air=True up=True
CAMERA_AIM_SAMPLE CameraShakeIntensity=1 air=False up=False expected=<0.0045994394, -0.21286654, -0.9770704> actual=<0.0045994394, -0.21286654, -0.9770704> lens=(-0.029764373, 5.8214493, 43.7914) target=(0.065899774, 0, 22.845747) pitch=-0.27108654
Final centered rendered ray and pivot-relative intent agree: CameraShakeIntensity=1 air=False up=False
Camera settings retain centered HUD: CameraShakeIntensity=1 air=False up=False
Authoritative articulation follows camera intent within network/pose tolerance: CameraShakeIntensity=1 air=False up=False
Shared body clearance remains safe: CameraShakeIntensity=1 air=False up=False
AIM_REMOTE CameraShakeIntensity=1 air=False up=False: acceptedYaw=-0.005109843 renderedYaw=-0.004897339 acceptedPitch=-0.11474627 renderedPitch=-0.11474636
Remote mount yaw and payload pitch settle to accepted CameraShakeIntensity=1 air=False up=False aim on actual presentation nodes
Local preference leaves host tuning and peer camera unchanged: CameraShakeIntensity=1 air=False up=False
CAMERA_AIM_SAMPLE CameraShakeIntensity=1 air=False up=True expected=<0.004518205, 0.15626195, -0.98770535> actual=<0.004518205, 0.15626195, -0.98770535> lens=(-0.03165886, 4.312657, 44.205524) target=(1.3234614, 48.821774, -252.47124) pitch=0.14891347
Final centered rendered ray and pivot-relative intent agree: CameraShakeIntensity=1 air=False up=True
Camera settings retain centered HUD: CameraShakeIntensity=1 air=False up=True
Authoritative articulation follows camera intent within network/pose tolerance: CameraShakeIntensity=1 air=False up=True
Shared body clearance remains safe: CameraShakeIntensity=1 air=False up=True
AIM_REMOTE CameraShakeIntensity=1 air=False up=True: acceptedYaw=-0.0045973253 renderedYaw=-0.004591186 acceptedPitch=0.15689321 renderedPitch=0.15689309
Remote mount yaw and payload pitch settle to accepted CameraShakeIntensity=1 air=False up=True aim on actual presentation nodes
Local preference leaves host tuning and peer camera unchanged: CameraShakeIntensity=1 air=False up=True
CAMERA_AIM_SAMPLE CameraShakeIntensity=1 air=True up=False expected=<0.00442319, -0.2617237, -0.9651328> actual=<0.00442319, -0.2617237, -0.9651328> lens=(-0.034095798, 37.459106, 44.73922) target=(0.5815083, 3.8146973E-06, -90.03915) pitch=-0.27108654
Final centered rendered ray and pivot-relative intent agree: CameraShakeIntensity=1 air=True up=False
Camera settings retain centered HUD: CameraShakeIntensity=1 air=True up=False
Authoritative articulation follows camera intent within network/pose tolerance: CameraShakeIntensity=1 air=True up=False
Shared body clearance remains safe: CameraShakeIntensity=1 air=True up=False
AIM_REMOTE CameraShakeIntensity=1 air=True up=False: acceptedYaw=-0.00462577 renderedYaw=-0.0046211756 acceptedPitch=-0.1147465 renderedPitch=-0.114746526
Remote mount yaw and payload pitch settle to accepted CameraShakeIntensity=1 air=True up=False aim on actual presentation nodes
Local preference leaves host tuning and peer camera unchanged: CameraShakeIntensity=1 air=True up=False
CAMERA_AIM_SAMPLE CameraShakeIntensity=1 air=True up=True expected=<0.0045167343, 0.15829235, -0.98738194> actual=<0.0045167343, 0.15829235, -0.98738194> lens=(-0.04685038, 35.747787, 47.531498) target=(1.3082496, 80.256905, -249.14526) pitch=0.14891347
Final centered rendered ray and pivot-relative intent agree: CameraShakeIntensity=1 air=True up=True
Camera settings retain centered HUD: CameraShakeIntensity=1 air=True up=True
Authoritative articulation follows camera intent within network/pose tolerance: CameraShakeIntensity=1 air=True up=True
Shared body clearance remains safe: CameraShakeIntensity=1 air=True up=True
AIM_REMOTE CameraShakeIntensity=1 air=True up=True: acceptedYaw=-0.00459447 renderedYaw=-0.004576536 acceptedPitch=0.15884781 renderedPitch=0.15877059
Remote mount yaw and payload pitch settle to accepted CameraShakeIntensity=1 air=True up=True aim on actual presentation nodes
Local preference leaves host tuning and peer camera unchanged: CameraShakeIntensity=1 air=True up=True
CAMERA_AIM_SAMPLE HorizontalLookSensitivity=0.25 air=False up=False expected=<0.001115638, -0.21306385, -0.9770376> actual=<0.001115638, -0.21306385, -0.9770376> lens=(-0.007926594, 5.816392, 43.786842) target=(0.015969817, 0, 22.85918) pitch=-0.27108654
Final centered rendered ray and pivot-relative intent agree: HorizontalLookSensitivity=0.25 air=False up=False
Camera settings retain centered HUD: HorizontalLookSensitivity=0.25 air=False up=False
Authoritative articulation follows camera intent within network/pose tolerance: HorizontalLookSensitivity=0.25 air=False up=False
Shared body clearance remains safe: HorizontalLookSensitivity=0.25 air=False up=False
AIM_REMOTE HorizontalLookSensitivity=0.25 air=False up=False: acceptedYaw=-0.001141857 renderedYaw=-0.001141857 acceptedPitch=-0.114747666 renderedPitch=-0.11474772
Remote mount yaw and payload pitch settle to accepted HorizontalLookSensitivity=0.25 air=False up=False aim on actual presentation nodes
Local preference leaves host tuning and peer camera unchanged: HorizontalLookSensitivity=0.25 air=False up=False
CAMERA_AIM_SAMPLE HorizontalLookSensitivity=0.25 air=False up=True expected=<0.0011277647, 0.1562485, -0.98771715> actual=<0.0011277647, 0.1562485, -0.98771715> lens=(-0.008403563, 4.308712, 44.204998) target=(0.33034208, 48.817837, -252.47469) pitch=0.1489135
Final centered rendered ray and pivot-relative intent agree: HorizontalLookSensitivity=0.25 air=False up=True
Camera settings retain centered HUD: HorizontalLookSensitivity=0.25 air=False up=True
Authoritative articulation follows camera intent within network/pose tolerance: HorizontalLookSensitivity=0.25 air=False up=True
Shared body clearance remains safe: HorizontalLookSensitivity=0.25 air=False up=True
AIM_REMOTE HorizontalLookSensitivity=0.25 air=False up=True: acceptedYaw=-0.0011417886 renderedYaw=-0.0011417882 acceptedPitch=0.15690403 renderedPitch=0.15690567
Remote mount yaw and payload pitch settle to accepted HorizontalLookSensitivity=0.25 air=False up=True aim on actual presentation nodes
Local preference leaves host tuning and peer camera unchanged: HorizontalLookSensitivity=0.25 air=False up=True
CAMERA_AIM_SAMPLE HorizontalLookSensitivity=0.25 air=True up=False expected=<0.0011020646, -0.2617459, -0.9651362> actual=<0.0011020646, -0.2617459, -0.9651362> lens=(-0.0090155145, 37.456196, 44.740364) target=(0.14487402, 3.8146973E-06, -90.02883) pitch=-0.27108654
Final centered rendered ray and pivot-relative intent agree: HorizontalLookSensitivity=0.25 air=True up=False
Camera settings retain centered HUD: HorizontalLookSensitivity=0.25 air=True up=False
Authoritative articulation follows camera intent within network/pose tolerance: HorizontalLookSensitivity=0.25 air=True up=False
Shared body clearance remains safe: HorizontalLookSensitivity=0.25 air=True up=False
AIM_REMOTE HorizontalLookSensitivity=0.25 air=True up=False: acceptedYaw=-0.0011418741 renderedYaw=-0.0011418737 acceptedPitch=-0.11474779 renderedPitch=-0.11474776
Remote mount yaw and payload pitch settle to accepted HorizontalLookSensitivity=0.25 air=True up=False aim on actual presentation nodes
Local preference leaves host tuning and peer camera unchanged: HorizontalLookSensitivity=0.25 air=True up=False
CAMERA_AIM_SAMPLE HorizontalLookSensitivity=0.25 air=True up=True expected=<0.0011274966, 0.15827976, -0.9873937> actual=<0.0011274966, 0.15827976, -0.9873937> lens=(-0.012202254, 35.74414, 47.531) target=(0.32657382, 80.253265, -249.14868) pitch=0.1489135
Final centered rendered ray and pivot-relative intent agree: HorizontalLookSensitivity=0.25 air=True up=True
Camera settings retain centered HUD: HorizontalLookSensitivity=0.25 air=True up=True
Authoritative articulation follows camera intent within network/pose tolerance: HorizontalLookSensitivity=0.25 air=True up=True
Shared body clearance remains safe: HorizontalLookSensitivity=0.25 air=True up=True
AIM_REMOTE HorizontalLookSensitivity=0.25 air=True up=True: acceptedYaw=-0.0011418912 renderedYaw=-0.0011418909 acceptedPitch=0.1588405 renderedPitch=0.1588177
Remote mount yaw and payload pitch settle to accepted HorizontalLookSensitivity=0.25 air=True up=True aim on actual presentation nodes
Local preference leaves host tuning and peer camera unchanged: HorizontalLookSensitivity=0.25 air=True up=True
CAMERA_AIM_SAMPLE HorizontalLookSensitivity=1 air=False up=False expected=<0.004462739, -0.2130634, -0.9770282> actual=<0.004462739, -0.2130634, -0.9770282> lens=(-0.031707697, 5.8164005, 43.786774) target=(0.063882075, 4.7683716E-07, 22.859287) pitch=-0.27108654
Final centered rendered ray and pivot-relative intent agree: HorizontalLookSensitivity=1 air=False up=False
Camera settings retain centered HUD: HorizontalLookSensitivity=1 air=False up=False
Authoritative articulation follows camera intent within network/pose tolerance: HorizontalLookSensitivity=1 air=False up=False
Shared body clearance remains safe: HorizontalLookSensitivity=1 air=False up=False
AIM_REMOTE HorizontalLookSensitivity=1 air=False up=False: acceptedYaw=-0.004567635 renderedYaw=-0.0045676325 acceptedPitch=-0.1147466 renderedPitch=-0.114746556
Remote mount yaw and payload pitch settle to accepted HorizontalLookSensitivity=1 air=False up=False aim on actual presentation nodes
Local preference leaves host tuning and peer camera unchanged: HorizontalLookSensitivity=1 air=False up=False
CAMERA_AIM_SAMPLE HorizontalLookSensitivity=1 air=False up=True expected=<0.0045112474, 0.15624851, -0.98770756> actual=<0.0045112474, 0.15624851, -0.98770756> lens=(-0.033615656, 4.3087177, 44.204926) target=(1.3214234, 48.817833, -252.47183) pitch=0.14891347
Final centered rendered ray and pivot-relative intent agree: HorizontalLookSensitivity=1 air=False up=True
Camera settings retain centered HUD: HorizontalLookSensitivity=1 air=False up=True
Authoritative articulation follows camera intent within network/pose tolerance: HorizontalLookSensitivity=1 air=False up=True
Shared body clearance remains safe: HorizontalLookSensitivity=1 air=False up=True
AIM_REMOTE HorizontalLookSensitivity=1 air=False up=True: acceptedYaw=-0.00456736 renderedYaw=-0.0045673596 acceptedPitch=0.15690401 renderedPitch=0.15690604
Remote mount yaw and payload pitch settle to accepted HorizontalLookSensitivity=1 air=False up=True aim on actual presentation nodes
Local preference leaves host tuning and peer camera unchanged: HorizontalLookSensitivity=1 air=False up=True
CAMERA_AIM_SAMPLE HorizontalLookSensitivity=1 air=True up=False expected=<0.0044081747, -0.2617484, -0.96512604> actual=<0.0044081747, -0.2617484, -0.96512604> lens=(-0.036061395, 37.455826, 44.740284) target=(0.5794795, 3.8146973E-06, -90.026276) pitch=-0.27108654
Final centered rendered ray and pivot-relative intent agree: HorizontalLookSensitivity=1 air=True up=False
Camera settings retain centered HUD: HorizontalLookSensitivity=1 air=True up=False
Authoritative articulation follows camera intent within network/pose tolerance: HorizontalLookSensitivity=1 air=True up=False
Shared body clearance remains safe: HorizontalLookSensitivity=1 air=True up=False
AIM_REMOTE HorizontalLookSensitivity=1 air=True up=False: acceptedYaw=-0.004567429 renderedYaw=-0.0045674276 acceptedPitch=-0.114746734 renderedPitch=-0.11474664
Remote mount yaw and payload pitch settle to accepted HorizontalLookSensitivity=1 air=True up=False aim on actual presentation nodes
Local preference leaves host tuning and peer camera unchanged: HorizontalLookSensitivity=1 air=True up=False
CAMERA_AIM_SAMPLE HorizontalLookSensitivity=1 air=True up=True expected=<0.0045097014, 0.15828076, -0.98738384> actual=<0.0045097014, 0.15828076, -0.98738384> lens=(-0.048805926, 35.744434, 47.53089) target=(1.3062128, 80.253555, -249.14587) pitch=0.14891347
Final centered rendered ray and pivot-relative intent agree: HorizontalLookSensitivity=1 air=True up=True
Camera settings retain centered HUD: HorizontalLookSensitivity=1 air=True up=True
Authoritative articulation follows camera intent within network/pose tolerance: HorizontalLookSensitivity=1 air=True up=True
Shared body clearance remains safe: HorizontalLookSensitivity=1 air=True up=True
AIM_REMOTE HorizontalLookSensitivity=1 air=True up=True: acceptedYaw=-0.0045672916 renderedYaw=-0.00456729 acceptedPitch=0.15880552 renderedPitch=0.15875119
Remote mount yaw and payload pitch settle to accepted HorizontalLookSensitivity=1 air=True up=True aim on actual presentation nodes
Local preference leaves host tuning and peer camera unchanged: HorizontalLookSensitivity=1 air=True up=True
CAMERA_AIM_SAMPLE HorizontalLookSensitivity=3 air=False up=False expected=<0.013386641, -0.21306302, -0.9769468> actual=<0.013386641, -0.21306302, -0.9769468> lens=(-0.09511189, 5.816407, 43.786194) target=(0.19162403, 0, 22.860426) pitch=-0.2710865
Final centered rendered ray and pivot-relative intent agree: HorizontalLookSensitivity=3 air=False up=False
Camera settings retain centered HUD: HorizontalLookSensitivity=3 air=False up=False
Authoritative articulation follows camera intent within network/pose tolerance: HorizontalLookSensitivity=3 air=False up=False
Shared body clearance remains safe: HorizontalLookSensitivity=3 air=False up=False
AIM_REMOTE HorizontalLookSensitivity=3 air=False up=False: acceptedYaw=-0.013701668 renderedYaw=-0.013701663 acceptedPitch=-0.11473706 renderedPitch=-0.114737086
Remote mount yaw and payload pitch settle to accepted HorizontalLookSensitivity=3 air=False up=False aim on actual presentation nodes
Local preference leaves host tuning and peer camera unchanged: HorizontalLookSensitivity=3 air=False up=False
CAMERA_AIM_SAMPLE HorizontalLookSensitivity=3 air=False up=True expected=<0.013533162, 0.15624855, -0.987625> actual=<0.013533162, 0.15624855, -0.987625> lens=(-0.10084265, 4.3087254, 44.20431) target=(3.9641006, 48.81785, -252.4477) pitch=0.14891349
Final centered rendered ray and pivot-relative intent agree: HorizontalLookSensitivity=3 air=False up=True
Camera settings retain centered HUD: HorizontalLookSensitivity=3 air=False up=True
Authoritative articulation follows camera intent within network/pose tolerance: HorizontalLookSensitivity=3 air=False up=True
Shared body clearance remains safe: HorizontalLookSensitivity=3 air=False up=True
AIM_REMOTE HorizontalLookSensitivity=3 air=False up=True: acceptedYaw=-0.013701876 renderedYaw=-0.013701876 acceptedPitch=0.15690708 renderedPitch=0.15690833
Remote mount yaw and payload pitch settle to accepted HorizontalLookSensitivity=3 air=False up=True aim on actual presentation nodes
Local preference leaves host tuning and peer camera unchanged: HorizontalLookSensitivity=3 air=False up=True
CAMERA_AIM_SAMPLE HorizontalLookSensitivity=3 air=True up=False expected=<0.013224761, -0.26174662, -0.96504605> actual=<0.013224761, -0.26174662, -0.96504605> lens=(-0.10818619, 37.45609, 44.739635) target=(1.7384818, 0, -90.01665) pitch=-0.2710865
Final centered rendered ray and pivot-relative intent agree: HorizontalLookSensitivity=3 air=True up=False
Camera settings retain centered HUD: HorizontalLookSensitivity=3 air=True up=False
Authoritative articulation follows camera intent within network/pose tolerance: HorizontalLookSensitivity=3 air=True up=False
Shared body clearance remains safe: HorizontalLookSensitivity=3 air=True up=False
AIM_REMOTE HorizontalLookSensitivity=3 air=True up=False: acceptedYaw=-0.013702904 renderedYaw=-0.013702893 acceptedPitch=-0.114737034 renderedPitch=-0.11473698
Remote mount yaw and payload pitch settle to accepted HorizontalLookSensitivity=3 air=True up=False aim on actual presentation nodes
Local preference leaves host tuning and peer camera unchanged: HorizontalLookSensitivity=3 air=True up=False
CAMERA_AIM_SAMPLE HorizontalLookSensitivity=3 air=True up=True expected=<0.013528523, 0.15828158, -0.98730135> actual=<0.013528523, 0.15828158, -0.98730135> lens=(-0.1464116, 35.744675, 47.530006) target=(3.9184706, 80.2538, -249.12201) pitch=0.14891349
Final centered rendered ray and pivot-relative intent agree: HorizontalLookSensitivity=3 air=True up=True
Camera settings retain centered HUD: HorizontalLookSensitivity=3 air=True up=True
Authoritative articulation follows camera intent within network/pose tolerance: HorizontalLookSensitivity=3 air=True up=True
Shared body clearance remains safe: HorizontalLookSensitivity=3 air=True up=True
AIM_REMOTE HorizontalLookSensitivity=3 air=True up=True: acceptedYaw=-0.01370167 renderedYaw=-0.013701668 acceptedPitch=0.15880634 renderedPitch=0.15876734
Remote mount yaw and payload pitch settle to accepted HorizontalLookSensitivity=3 air=True up=True aim on actual presentation nodes
Local preference leaves host tuning and peer camera unchanged: HorizontalLookSensitivity=3 air=True up=True
CAMERA_AIM_SAMPLE VerticalLookSensitivity=0.25 air=False up=False expected=<0.0044627395, -0.2130632, -0.97702825> actual=<0.0044627395, -0.2130632, -0.97702825> lens=(-0.031707693, 5.8164043, 43.786774) target=(0.06388214, 4.7683716E-07, 22.859274) pitch=-0.27108654
Final centered rendered ray and pivot-relative intent agree: VerticalLookSensitivity=0.25 air=False up=False
Camera settings retain centered HUD: VerticalLookSensitivity=0.25 air=False up=False
Authoritative articulation follows camera intent within network/pose tolerance: VerticalLookSensitivity=0.25 air=False up=False
Shared body clearance remains safe: VerticalLookSensitivity=0.25 air=False up=False
AIM_REMOTE VerticalLookSensitivity=0.25 air=False up=False: acceptedYaw=-0.0045676343 renderedYaw=-0.004567633 acceptedPitch=-0.11474673 renderedPitch=-0.1147467
Remote mount yaw and payload pitch settle to accepted VerticalLookSensitivity=0.25 air=False up=False aim on actual presentation nodes
Local preference leaves host tuning and peer camera unchanged: VerticalLookSensitivity=0.25 air=False up=False
CAMERA_AIM_SAMPLE VerticalLookSensitivity=0.25 air=False up=True expected=<0.0045113824, 0.15624855, -0.98770744> actual=<0.0045113824, 0.15624855, -0.98770744> lens=(-0.033616662, 4.308732, 44.204926) target=(1.321463, 48.81785, -252.47183) pitch=0.14891347
Final centered rendered ray and pivot-relative intent agree: VerticalLookSensitivity=0.25 air=False up=True
Camera settings retain centered HUD: VerticalLookSensitivity=0.25 air=False up=True
Authoritative articulation follows camera intent within network/pose tolerance: VerticalLookSensitivity=0.25 air=False up=True
Shared body clearance remains safe: VerticalLookSensitivity=0.25 air=False up=True
AIM_REMOTE VerticalLookSensitivity=0.25 air=False up=True: acceptedYaw=-0.004567497 renderedYaw=-0.0045674946 acceptedPitch=0.15690412 renderedPitch=0.15690541
Remote mount yaw and payload pitch settle to accepted VerticalLookSensitivity=0.25 air=False up=True aim on actual presentation nodes
Local preference leaves host tuning and peer camera unchanged: VerticalLookSensitivity=0.25 air=False up=True
CAMERA_AIM_SAMPLE VerticalLookSensitivity=0.25 air=True up=False expected=<0.0044082454, -0.26174495, -0.96512705> actual=<0.0044082454, -0.26174495, -0.96512705> lens=(-0.036062058, 37.45634, 44.74031) target=(0.5794965, 3.8146973E-06, -90.02809) pitch=-0.27108654
Final centered rendered ray and pivot-relative intent agree: VerticalLookSensitivity=0.25 air=True up=False
Camera settings retain centered HUD: VerticalLookSensitivity=0.25 air=True up=False
Authoritative articulation follows camera intent within network/pose tolerance: VerticalLookSensitivity=0.25 air=True up=False
Shared body clearance remains safe: VerticalLookSensitivity=0.25 air=True up=False
AIM_REMOTE VerticalLookSensitivity=0.25 air=True up=False: acceptedYaw=-0.004567498 renderedYaw=-0.004567496 acceptedPitch=-0.114746526 renderedPitch=-0.11474655
Remote mount yaw and payload pitch settle to accepted VerticalLookSensitivity=0.25 air=True up=False aim on actual presentation nodes
Local preference leaves host tuning and peer camera unchanged: VerticalLookSensitivity=0.25 air=True up=False
CAMERA_AIM_SAMPLE VerticalLookSensitivity=0.25 air=True up=True expected=<0.004509835, 0.15828265, -0.98738354> actual=<0.004509835, 0.15828265, -0.98738354> lens=(-0.04880739, 35.745, 47.53089) target=(1.3062519, 80.25412, -249.14587) pitch=0.14891347
Final centered rendered ray and pivot-relative intent agree: VerticalLookSensitivity=0.25 air=True up=True
Camera settings retain centered HUD: VerticalLookSensitivity=0.25 air=True up=True
Authoritative articulation follows camera intent within network/pose tolerance: VerticalLookSensitivity=0.25 air=True up=True
Shared body clearance remains safe: VerticalLookSensitivity=0.25 air=True up=True
AIM_REMOTE VerticalLookSensitivity=0.25 air=True up=True: acceptedYaw=-0.004567428 renderedYaw=-0.0045674266 acceptedPitch=0.1587668 renderedPitch=0.15874298
Remote mount yaw and payload pitch settle to accepted VerticalLookSensitivity=0.25 air=True up=True aim on actual presentation nodes
Local preference leaves host tuning and peer camera unchanged: VerticalLookSensitivity=0.25 air=True up=True
CAMERA_AIM_SAMPLE VerticalLookSensitivity=1 air=False up=False expected=<0.0044624717, -0.21306226, -0.9770284> actual=<0.0044624717, -0.21306226, -0.9770284> lens=(-0.031705797, 5.8164225, 43.786774) target=(0.0638786, 0, 22.859207) pitch=-0.27108654
Final centered rendered ray and pivot-relative intent agree: VerticalLookSensitivity=1 air=False up=False
Camera settings retain centered HUD: VerticalLookSensitivity=1 air=False up=False
Authoritative articulation follows camera intent within network/pose tolerance: VerticalLookSensitivity=1 air=False up=False
Shared body clearance remains safe: VerticalLookSensitivity=1 air=False up=False
AIM_REMOTE VerticalLookSensitivity=1 air=False up=False: acceptedYaw=-0.0045673596 renderedYaw=-0.004567358 acceptedPitch=-0.114746675 renderedPitch=-0.114746645
Remote mount yaw and payload pitch settle to accepted VerticalLookSensitivity=1 air=False up=False aim on actual presentation nodes
Local preference leaves host tuning and peer camera unchanged: VerticalLookSensitivity=1 air=False up=False
CAMERA_AIM_SAMPLE VerticalLookSensitivity=1 air=False up=True expected=<0.00451145, 0.15624857, -0.98770744> actual=<0.00451145, 0.15624857, -0.98770744> lens=(-0.033617165, 4.3087378, 44.204926) target=(1.3214828, 48.817856, -252.47183) pitch=0.14891347
Final centered rendered ray and pivot-relative intent agree: VerticalLookSensitivity=1 air=False up=True
Camera settings retain centered HUD: VerticalLookSensitivity=1 air=False up=True
Authoritative articulation follows camera intent within network/pose tolerance: VerticalLookSensitivity=1 air=False up=True
Shared body clearance remains safe: VerticalLookSensitivity=1 air=False up=True
AIM_REMOTE VerticalLookSensitivity=1 air=False up=True: acceptedYaw=-0.0045675654 renderedYaw=-0.0045675617 acceptedPitch=0.15690404 renderedPitch=0.15690473
Remote mount yaw and payload pitch settle to accepted VerticalLookSensitivity=1 air=False up=True aim on actual presentation nodes
Local preference leaves host tuning and peer camera unchanged: VerticalLookSensitivity=1 air=False up=True
CAMERA_AIM_SAMPLE VerticalLookSensitivity=1 air=True up=False expected=<0.0044081826, -0.26174247, -0.96512765> actual=<0.0044081826, -0.26174247, -0.96512765> lens=(-0.036061373, 37.456688, 44.74028) target=(0.5794937, 3.8146973E-06, -90.02937) pitch=-0.27108654
Final centered rendered ray and pivot-relative intent agree: VerticalLookSensitivity=1 air=True up=False
Camera settings retain centered HUD: VerticalLookSensitivity=1 air=True up=False
Authoritative articulation follows camera intent within network/pose tolerance: VerticalLookSensitivity=1 air=True up=False
Shared body clearance remains safe: VerticalLookSensitivity=1 air=True up=False
AIM_REMOTE VerticalLookSensitivity=1 air=True up=False: acceptedYaw=-0.0045674285 renderedYaw=-0.004567427 acceptedPitch=-0.114746615 renderedPitch=-0.11474663
Remote mount yaw and payload pitch settle to accepted VerticalLookSensitivity=1 air=True up=False aim on actual presentation nodes
Local preference leaves host tuning and peer camera unchanged: VerticalLookSensitivity=1 air=True up=False
CAMERA_AIM_SAMPLE VerticalLookSensitivity=1 air=True up=True expected=<0.0045099696, 0.1582836, -0.9873834> actual=<0.0045099696, 0.1582836, -0.9873834> lens=(-0.04880885, 35.745285, 47.53089) target=(1.3062911, 80.2544, -249.14587) pitch=0.14891347
Final centered rendered ray and pivot-relative intent agree: VerticalLookSensitivity=1 air=True up=True
Camera settings retain centered HUD: VerticalLookSensitivity=1 air=True up=True
Authoritative articulation follows camera intent within network/pose tolerance: VerticalLookSensitivity=1 air=True up=True
Shared body clearance remains safe: VerticalLookSensitivity=1 air=True up=True
AIM_REMOTE VerticalLookSensitivity=1 air=True up=True: acceptedYaw=-0.0045675654 renderedYaw=-0.004567563 acceptedPitch=0.15867089 renderedPitch=0.15866734
Remote mount yaw and payload pitch settle to accepted VerticalLookSensitivity=1 air=True up=True aim on actual presentation nodes
Local preference leaves host tuning and peer camera unchanged: VerticalLookSensitivity=1 air=True up=True
CAMERA_AIM_SAMPLE VerticalLookSensitivity=3 air=False up=False expected=<0.0044625886, -0.21308126, -0.9770243> actual=<0.0044625886, -0.21308126, -0.9770243> lens=(-0.031732738, 5.8176417, 43.792465) target=(0.06387458, 0, 22.860514) pitch=-0.27108654
Final centered rendered ray and pivot-relative intent agree: VerticalLookSensitivity=3 air=False up=False
Camera settings retain centered HUD: VerticalLookSensitivity=3 air=False up=False
Authoritative articulation follows camera intent within network/pose tolerance: VerticalLookSensitivity=3 air=False up=False
Shared body clearance remains safe: VerticalLookSensitivity=3 air=False up=False
AIM_REMOTE VerticalLookSensitivity=3 air=False up=False: acceptedYaw=-0.004567497 renderedYaw=-0.0045674955 acceptedPitch=-0.11474657 renderedPitch=-0.114746585
Remote mount yaw and payload pitch settle to accepted VerticalLookSensitivity=3 air=False up=False aim on actual presentation nodes
Local preference leaves host tuning and peer camera unchanged: VerticalLookSensitivity=3 air=False up=False
CAMERA_AIM_SAMPLE VerticalLookSensitivity=3 air=False up=True expected=<0.0045109084, 0.1562486, -0.98770744> actual=<0.0045109084, 0.1562486, -0.98770744> lens=(-0.03361313, 4.3087473, 44.204926) target=(1.3213242, 48.817863, -252.47183) pitch=0.14891347
Final centered rendered ray and pivot-relative intent agree: VerticalLookSensitivity=3 air=False up=True
Camera settings retain centered HUD: VerticalLookSensitivity=3 air=False up=True
Authoritative articulation follows camera intent within network/pose tolerance: VerticalLookSensitivity=3 air=False up=True
Shared body clearance remains safe: VerticalLookSensitivity=3 air=False up=True
AIM_REMOTE VerticalLookSensitivity=3 air=False up=True: acceptedYaw=-0.004567018 renderedYaw=-0.0045670173 acceptedPitch=0.1569072 renderedPitch=0.15690775
Remote mount yaw and payload pitch settle to accepted VerticalLookSensitivity=3 air=False up=True aim on actual presentation nodes
Local preference leaves host tuning and peer camera unchanged: VerticalLookSensitivity=3 air=False up=True
CAMERA_AIM_SAMPLE VerticalLookSensitivity=3 air=True up=False expected=<0.0044078496, -0.26174426, -0.96512717> actual=<0.0044078496, -0.26174426, -0.96512717> lens=(-0.03605867, 37.45643, 44.74028) target=(0.57944596, 3.8146973E-06, -90.02844) pitch=-0.27108654
Final centered rendered ray and pivot-relative intent agree: VerticalLookSensitivity=3 air=True up=False
Camera settings retain centered HUD: VerticalLookSensitivity=3 air=True up=False
Authoritative articulation follows camera intent within network/pose tolerance: VerticalLookSensitivity=3 air=True up=False
Shared body clearance remains safe: VerticalLookSensitivity=3 air=True up=False
AIM_REMOTE VerticalLookSensitivity=3 air=True up=False: acceptedYaw=-0.0045670867 renderedYaw=-0.0045670853 acceptedPitch=-0.11474672 renderedPitch=-0.11474669
Remote mount yaw and payload pitch settle to accepted VerticalLookSensitivity=3 air=True up=False aim on actual presentation nodes
Local preference leaves host tuning and peer camera unchanged: VerticalLookSensitivity=3 air=True up=False
CAMERA_AIM_SAMPLE VerticalLookSensitivity=3 air=True up=True expected=<0.0045098336, 0.15828459, -0.98738325> actual=<0.0045098336, 0.15828459, -0.98738325> lens=(-0.048807394, 35.745575, 47.530895) target=(1.3062519, 80.25469, -249.14586) pitch=0.14891347
Final centered rendered ray and pivot-relative intent agree: VerticalLookSensitivity=3 air=True up=True
Camera settings retain centered HUD: VerticalLookSensitivity=3 air=True up=True
Authoritative articulation follows camera intent within network/pose tolerance: VerticalLookSensitivity=3 air=True up=True
Shared body clearance remains safe: VerticalLookSensitivity=3 air=True up=True
AIM_REMOTE VerticalLookSensitivity=3 air=True up=True: acceptedYaw=-0.004567428 renderedYaw=-0.004567426 acceptedPitch=0.1588087 renderedPitch=0.15878758
Remote mount yaw and payload pitch settle to accepted VerticalLookSensitivity=3 air=True up=True aim on actual presentation nodes
Local preference leaves host tuning and peer camera unchanged: VerticalLookSensitivity=3 air=True up=True
CAMERA_AIM_SAMPLE StickAimSensitivity=0.25 air=False up=False expected=<0.0011156888, -0.21306159, -0.97703815> actual=<0.0011156888, -0.21306159, -0.97703815> lens=(-0.007926949, 5.816436, 43.786842) target=(0.015970718, -4.7683716E-07, 22.859022) pitch=-0.27108654
Final centered rendered ray and pivot-relative intent agree: StickAimSensitivity=0.25 air=False up=False
Camera settings retain centered HUD: StickAimSensitivity=0.25 air=False up=False
Authoritative articulation follows camera intent within network/pose tolerance: StickAimSensitivity=0.25 air=False up=False
Shared body clearance remains safe: StickAimSensitivity=0.25 air=False up=False
AIM_REMOTE StickAimSensitivity=0.25 air=False up=False: acceptedYaw=-0.0011419086 renderedYaw=-0.0011419086 acceptedPitch=-0.11474784 renderedPitch=-0.11474782
Remote mount yaw and payload pitch settle to accepted StickAimSensitivity=0.25 air=False up=False aim on actual presentation nodes
Local preference leaves host tuning and peer camera unchanged: StickAimSensitivity=0.25 air=False up=False
CAMERA_AIM_SAMPLE StickAimSensitivity=0.25 air=False up=True expected=<0.0011277986, 0.15624863, -0.98771715> actual=<0.0011277986, 0.15624863, -0.98771715> lens=(-0.008403815, 4.308754, 44.204998) target=(0.330352, 48.81788, -252.47469) pitch=0.1489135
Final centered rendered ray and pivot-relative intent agree: StickAimSensitivity=0.25 air=False up=True
Camera settings retain centered HUD: StickAimSensitivity=0.25 air=False up=True
Authoritative articulation follows camera intent within network/pose tolerance: StickAimSensitivity=0.25 air=False up=True
Shared body clearance remains safe: StickAimSensitivity=0.25 air=False up=True
AIM_REMOTE StickAimSensitivity=0.25 air=False up=True: acceptedYaw=-0.0011418229 renderedYaw=-0.0011418223 acceptedPitch=0.15690696 renderedPitch=0.1569071
Remote mount yaw and payload pitch settle to accepted StickAimSensitivity=0.25 air=False up=True aim on actual presentation nodes
Local preference leaves host tuning and peer camera unchanged: StickAimSensitivity=0.25 air=False up=True
CAMERA_AIM_SAMPLE StickAimSensitivity=0.25 air=True up=False expected=<0.0011020189, -0.261734, -0.96513945> actual=<0.0011020189, -0.261734, -0.96513945> lens=(-0.009015112, 37.457912, 44.740368) target=(0.14487459, 3.8146973E-06, -90.03502) pitch=-0.27108654
Final centered rendered ray and pivot-relative intent agree: StickAimSensitivity=0.25 air=True up=False
Camera settings retain centered HUD: StickAimSensitivity=0.25 air=True up=False
Authoritative articulation follows camera intent within network/pose tolerance: StickAimSensitivity=0.25 air=True up=False
Shared body clearance remains safe: StickAimSensitivity=0.25 air=True up=False
AIM_REMOTE StickAimSensitivity=0.25 air=True up=False: acceptedYaw=-0.001141823 renderedYaw=-0.0011418229 acceptedPitch=-0.11474782 renderedPitch=-0.11474779
Remote mount yaw and payload pitch settle to accepted StickAimSensitivity=0.25 air=True up=False aim on actual presentation nodes
Local preference leaves host tuning and peer camera unchanged: StickAimSensitivity=0.25 air=True up=False
CAMERA_AIM_SAMPLE StickAimSensitivity=0.25 air=True up=True expected=<0.0011274789, 0.15828547, -0.9873927> actual=<0.0011274789, 0.15828547, -0.9873927> lens=(-0.012202059, 35.745842, 47.530987) target=(0.32656902, 80.25497, -249.1487) pitch=0.1489135
Final centered rendered ray and pivot-relative intent agree: StickAimSensitivity=0.25 air=True up=True
Camera settings retain centered HUD: StickAimSensitivity=0.25 air=True up=True
Authoritative articulation follows camera intent within network/pose tolerance: StickAimSensitivity=0.25 air=True up=True
Shared body clearance remains safe: StickAimSensitivity=0.25 air=True up=True
AIM_REMOTE StickAimSensitivity=0.25 air=True up=True: acceptedYaw=-0.0011418744 renderedYaw=-0.001141874 acceptedPitch=0.15876898 renderedPitch=0.15874508
Remote mount yaw and payload pitch settle to accepted StickAimSensitivity=0.25 air=True up=True aim on actual presentation nodes
Local preference leaves host tuning and peer camera unchanged: StickAimSensitivity=0.25 air=True up=True
CAMERA_AIM_SAMPLE StickAimSensitivity=1 air=False up=False expected=<0.0044625397, -0.21306121, -0.97702867> actual=<0.0044625397, -0.21306121, -0.97702867> lens=(-0.031706274, 5.816443, 43.786774) target=(0.0638799, -4.7683716E-07, 22.859133) pitch=-0.27108654
Final centered rendered ray and pivot-relative intent agree: StickAimSensitivity=1 air=False up=False
Camera settings retain centered HUD: StickAimSensitivity=1 air=False up=False
Authoritative articulation follows camera intent within network/pose tolerance: StickAimSensitivity=1 air=False up=False
Shared body clearance remains safe: StickAimSensitivity=1 air=False up=False
AIM_REMOTE StickAimSensitivity=1 air=False up=False: acceptedYaw=-0.0045674294 renderedYaw=-0.0045674266 acceptedPitch=-0.1147466 renderedPitch=-0.11474659
Remote mount yaw and payload pitch settle to accepted StickAimSensitivity=1 air=False up=False aim on actual presentation nodes
Local preference leaves host tuning and peer camera unchanged: StickAimSensitivity=1 air=False up=False
CAMERA_AIM_SAMPLE StickAimSensitivity=1 air=False up=True expected=<0.00451145, 0.15624866, -0.98770744> actual=<0.00451145, 0.15624866, -0.98770744> lens=(-0.033617165, 4.3087626, 44.204926) target=(1.3214828, 48.81788, -252.47183) pitch=0.14891347
Final centered rendered ray and pivot-relative intent agree: StickAimSensitivity=1 air=False up=True
Camera settings retain centered HUD: StickAimSensitivity=1 air=False up=True
Authoritative articulation follows camera intent within network/pose tolerance: StickAimSensitivity=1 air=False up=True
Shared body clearance remains safe: StickAimSensitivity=1 air=False up=True
AIM_REMOTE StickAimSensitivity=1 air=False up=True: acceptedYaw=-0.0045675654 renderedYaw=-0.0045675635 acceptedPitch=0.15690437 renderedPitch=0.15690556
Remote mount yaw and payload pitch settle to accepted StickAimSensitivity=1 air=False up=True aim on actual presentation nodes
Local preference leaves host tuning and peer camera unchanged: StickAimSensitivity=1 air=False up=True
CAMERA_AIM_SAMPLE StickAimSensitivity=1 air=True up=False expected=<0.004408321, -0.26173759, -0.96512896> actual=<0.004408321, -0.26173759, -0.96512896> lens=(-0.03606272, 37.45741, 44.740337) target=(0.57952267, 3.8146973E-06, -90.031906) pitch=-0.27108654
Final centered rendered ray and pivot-relative intent agree: StickAimSensitivity=1 air=True up=False
Camera settings retain centered HUD: StickAimSensitivity=1 air=True up=False
Authoritative articulation follows camera intent within network/pose tolerance: StickAimSensitivity=1 air=True up=False
Shared body clearance remains safe: StickAimSensitivity=1 air=True up=False
AIM_REMOTE StickAimSensitivity=1 air=True up=False: acceptedYaw=-0.004567566 renderedYaw=-0.004567566 acceptedPitch=-0.1147466 renderedPitch=-0.1147466
Remote mount yaw and payload pitch settle to accepted StickAimSensitivity=1 air=True up=False aim on actual presentation nodes
Local preference leaves host tuning and peer camera unchanged: StickAimSensitivity=1 air=True up=False
CAMERA_AIM_SAMPLE StickAimSensitivity=1 air=True up=True expected=<0.0045097647, 0.15828656, -0.9873829> actual=<0.0045097647, 0.15828656, -0.9873829> lens=(-0.048806656, 35.74616, 47.53089) target=(1.3062325, 80.25528, -249.14587) pitch=0.14891347
Final centered rendered ray and pivot-relative intent agree: StickAimSensitivity=1 air=True up=True
Camera settings retain centered HUD: StickAimSensitivity=1 air=True up=True
Authoritative articulation follows camera intent within network/pose tolerance: StickAimSensitivity=1 air=True up=True
Shared body clearance remains safe: StickAimSensitivity=1 air=True up=True
AIM_REMOTE StickAimSensitivity=1 air=True up=True: acceptedYaw=-0.00456736 renderedYaw=-0.0045673577 acceptedPitch=0.15876979 renderedPitch=0.1587608
Remote mount yaw and payload pitch settle to accepted StickAimSensitivity=1 air=True up=True aim on actual presentation nodes
Local preference leaves host tuning and peer camera unchanged: StickAimSensitivity=1 air=True up=True
CAMERA_AIM_SAMPLE StickAimSensitivity=3 air=False up=False expected=<0.01338739, -0.21308008, -0.976943> actual=<0.01338739, -0.21308008, -0.976943> lens=(-0.095195584, 5.817663, 43.791885) target=(0.19161946, -4.7683716E-07, 22.861597) pitch=-0.2710865
Final centered rendered ray and pivot-relative intent agree: StickAimSensitivity=3 air=False up=False
Camera settings retain centered HUD: StickAimSensitivity=3 air=False up=False
Authoritative articulation follows camera intent within network/pose tolerance: StickAimSensitivity=3 air=False up=False
Shared body clearance remains safe: StickAimSensitivity=3 air=False up=False
AIM_REMOTE StickAimSensitivity=3 air=False up=False: acceptedYaw=-0.013702493 renderedYaw=-0.013702487 acceptedPitch=-0.11473712 renderedPitch=-0.114737146
Remote mount yaw and payload pitch settle to accepted StickAimSensitivity=3 air=False up=False aim on actual presentation nodes
Local preference leaves host tuning and peer camera unchanged: StickAimSensitivity=3 air=False up=False
CAMERA_AIM_SAMPLE StickAimSensitivity=3 air=False up=True expected=<0.013533162, 0.15624869, -0.987625> actual=<0.013533162, 0.15624869, -0.987625> lens=(-0.10084265, 4.3087683, 44.20431) target=(3.9641006, 48.81789, -252.4477) pitch=0.14891349
Final centered rendered ray and pivot-relative intent agree: StickAimSensitivity=3 air=False up=True
Camera settings retain centered HUD: StickAimSensitivity=3 air=False up=True
Authoritative articulation follows camera intent within network/pose tolerance: StickAimSensitivity=3 air=False up=True
Shared body clearance remains safe: StickAimSensitivity=3 air=False up=True
AIM_REMOTE StickAimSensitivity=3 air=False up=True: acceptedYaw=-0.013701877 renderedYaw=-0.013701872 acceptedPitch=0.1569015 renderedPitch=0.1569028
Remote mount yaw and payload pitch settle to accepted StickAimSensitivity=3 air=False up=True aim on actual presentation nodes
Local preference leaves host tuning and peer camera unchanged: StickAimSensitivity=3 air=False up=True
CAMERA_AIM_SAMPLE StickAimSensitivity=3 air=True up=False expected=<0.013224012, -0.2617344, -0.9650493> actual=<0.013224012, -0.2617344, -0.9650493> lens=(-0.10817947, 37.45785, 44.73962) target=(1.7384645, 0, -90.022995) pitch=-0.2710865
Final centered rendered ray and pivot-relative intent agree: StickAimSensitivity=3 air=True up=False
Camera settings retain centered HUD: StickAimSensitivity=3 air=True up=False
Authoritative articulation follows camera intent within network/pose tolerance: StickAimSensitivity=3 air=True up=False
Shared body clearance remains safe: StickAimSensitivity=3 air=True up=False
AIM_REMOTE StickAimSensitivity=3 air=True up=False: acceptedYaw=-0.013702079 renderedYaw=-0.013702072 acceptedPitch=-0.11473721 renderedPitch=-0.11473718
Remote mount yaw and payload pitch settle to accepted StickAimSensitivity=3 air=True up=False aim on actual presentation nodes
Local preference leaves host tuning and peer camera unchanged: StickAimSensitivity=3 air=True up=False
CAMERA_AIM_SAMPLE StickAimSensitivity=3 air=True up=True expected=<0.013526889, 0.15828729, -0.9873004> actual=<0.013526889, 0.15828729, -0.9873004> lens=(-0.14639406, 35.74637, 47.53001) target=(3.9180005, 80.25549, -249.122) pitch=0.1489135
Final centered rendered ray and pivot-relative intent agree: StickAimSensitivity=3 air=True up=True
Camera settings retain centered HUD: StickAimSensitivity=3 air=True up=True
Authoritative articulation follows camera intent within network/pose tolerance: StickAimSensitivity=3 air=True up=True
Shared body clearance remains safe: StickAimSensitivity=3 air=True up=True
AIM_REMOTE StickAimSensitivity=3 air=True up=True: acceptedYaw=-0.013700026 renderedYaw=-0.013700024 acceptedPitch=0.15881106 renderedPitch=0.15876953
Remote mount yaw and payload pitch settle to accepted StickAimSensitivity=3 air=True up=True aim on actual presentation nodes
Local preference leaves host tuning and peer camera unchanged: StickAimSensitivity=3 air=True up=True
CAMERA_AIM_SAMPLE CameraRecenterSpeed=0.25 air=False up=False expected=<0.004462675, -0.2130604, -0.97702885> actual=<0.004462675, -0.2130604, -0.97702885> lens=(-0.031707216, 5.8164577, 43.786774) target=(0.06388205, 9.536743E-07, 22.859083) pitch=-0.27108654
Final centered rendered ray and pivot-relative intent agree: CameraRecenterSpeed=0.25 air=False up=False
Camera settings retain centered HUD: CameraRecenterSpeed=0.25 air=False up=False
Authoritative articulation follows camera intent within network/pose tolerance: CameraRecenterSpeed=0.25 air=False up=False
Shared body clearance remains safe: CameraRecenterSpeed=0.25 air=False up=False
AIM_REMOTE CameraRecenterSpeed=0.25 air=False up=False: acceptedYaw=-0.0045675663 renderedYaw=-0.004567566 acceptedPitch=-0.11474673 renderedPitch=-0.11474668
Remote mount yaw and payload pitch settle to accepted CameraRecenterSpeed=0.25 air=False up=False aim on actual presentation nodes
Local preference leaves host tuning and peer camera unchanged: CameraRecenterSpeed=0.25 air=False up=False
CAMERA_AIM_SAMPLE CameraRecenterSpeed=0.25 air=False up=True expected=<0.0045113824, 0.1562487, -0.98770744> actual=<0.0045113824, 0.1562487, -0.98770744> lens=(-0.033616662, 4.308776, 44.204926) target=(1.321463, 48.817894, -252.47183) pitch=0.14891347
Final centered rendered ray and pivot-relative intent agree: CameraRecenterSpeed=0.25 air=False up=True
Camera settings retain centered HUD: CameraRecenterSpeed=0.25 air=False up=True
Authoritative articulation follows camera intent within network/pose tolerance: CameraRecenterSpeed=0.25 air=False up=True
Shared body clearance remains safe: CameraRecenterSpeed=0.25 air=False up=True
AIM_REMOTE CameraRecenterSpeed=0.25 air=False up=True: acceptedYaw=-0.004567497 renderedYaw=-0.0045674955 acceptedPitch=0.1569072 renderedPitch=0.15690787
Remote mount yaw and payload pitch settle to accepted CameraRecenterSpeed=0.25 air=False up=True aim on actual presentation nodes
Local preference leaves host tuning and peer camera unchanged: CameraRecenterSpeed=0.25 air=False up=True
CAMERA_AIM_SAMPLE CameraRecenterSpeed=0.25 air=True up=False expected=<0.0044080685, -0.26172808, -0.9651316> actual=<0.0044080685, -0.26172808, -0.9651316> lens=(-0.036060333, 37.45877, 44.740288) target=(0.57951045, 7.6293945E-06, -90.03684) pitch=-0.27108654
Final centered rendered ray and pivot-relative intent agree: CameraRecenterSpeed=0.25 air=True up=False
Camera settings retain centered HUD: CameraRecenterSpeed=0.25 air=True up=False
Authoritative articulation follows camera intent within network/pose tolerance: CameraRecenterSpeed=0.25 air=True up=False
Shared body clearance remains safe: CameraRecenterSpeed=0.25 air=True up=False
AIM_REMOTE CameraRecenterSpeed=0.25 air=True up=False: acceptedYaw=-0.004567292 renderedYaw=-0.00456729 acceptedPitch=-0.114746705 renderedPitch=-0.11474669
Remote mount yaw and payload pitch settle to accepted CameraRecenterSpeed=0.25 air=True up=False aim on actual presentation nodes
Local preference leaves host tuning and peer camera unchanged: CameraRecenterSpeed=0.25 air=True up=False
CAMERA_AIM_SAMPLE CameraRecenterSpeed=0.25 air=True up=True expected=<0.0045098304, 0.15828843, -0.9873826> actual=<0.0045098304, 0.15828843, -0.9873826> lens=(-0.04880739, 35.74672, 47.53089) target=(1.3062519, 80.25584, -249.14587) pitch=0.14891347
Final centered rendered ray and pivot-relative intent agree: CameraRecenterSpeed=0.25 air=True up=True
Camera settings retain centered HUD: CameraRecenterSpeed=0.25 air=True up=True
Authoritative articulation follows camera intent within network/pose tolerance: CameraRecenterSpeed=0.25 air=True up=True
Shared body clearance remains safe: CameraRecenterSpeed=0.25 air=True up=True
AIM_REMOTE CameraRecenterSpeed=0.25 air=True up=True: acceptedYaw=-0.004567429 renderedYaw=-0.004567428 acceptedPitch=0.15884782 renderedPitch=0.15879941
Remote mount yaw and payload pitch settle to accepted CameraRecenterSpeed=0.25 air=True up=True aim on actual presentation nodes
Local preference leaves host tuning and peer camera unchanged: CameraRecenterSpeed=0.25 air=True up=True
CAMERA_AIM_SAMPLE CameraRecenterSpeed=1 air=False up=False expected=<0.0044627427, -0.21306005, -0.97702897> actual=<0.0044627427, -0.21306005, -0.97702897> lens=(-0.031707697, 5.816465, 43.786774) target=(0.06388313, 4.7683716E-07, 22.859056) pitch=-0.27108654
Final centered rendered ray and pivot-relative intent agree: CameraRecenterSpeed=1 air=False up=False
Camera settings retain centered HUD: CameraRecenterSpeed=1 air=False up=False
Authoritative articulation follows camera intent within network/pose tolerance: CameraRecenterSpeed=1 air=False up=False
Shared body clearance remains safe: CameraRecenterSpeed=1 air=False up=False
AIM_REMOTE CameraRecenterSpeed=1 air=False up=False: acceptedYaw=-0.004567635 renderedYaw=-0.0045676334 acceptedPitch=-0.1147466 renderedPitch=-0.11474659
Remote mount yaw and payload pitch settle to accepted CameraRecenterSpeed=1 air=False up=False aim on actual presentation nodes
Local preference leaves host tuning and peer camera unchanged: CameraRecenterSpeed=1 air=False up=False
CAMERA_AIM_SAMPLE CameraRecenterSpeed=1 air=False up=True expected=<0.0045111794, 0.15624872, -0.98770744> actual=<0.0045111794, 0.15624872, -0.98770744> lens=(-0.03361515, 4.308782, 44.204926) target=(1.3214036, 48.817898, -252.47183) pitch=0.14891347
Final centered rendered ray and pivot-relative intent agree: CameraRecenterSpeed=1 air=False up=True
Camera settings retain centered HUD: CameraRecenterSpeed=1 air=False up=True
Authoritative articulation follows camera intent within network/pose tolerance: CameraRecenterSpeed=1 air=False up=True
Shared body clearance remains safe: CameraRecenterSpeed=1 air=False up=True
AIM_REMOTE CameraRecenterSpeed=1 air=False up=True: acceptedYaw=-0.004567292 renderedYaw=-0.00456729 acceptedPitch=0.1569043 renderedPitch=0.15690652
Remote mount yaw and payload pitch settle to accepted CameraRecenterSpeed=1 air=False up=True aim on actual presentation nodes
Local preference leaves host tuning and peer camera unchanged: CameraRecenterSpeed=1 air=False up=True
CAMERA_AIM_SAMPLE CameraRecenterSpeed=1 air=True up=False expected=<0.0044087265, -0.26173058, -0.96513087> actual=<0.0044087265, -0.26173058, -0.96513087> lens=(-0.036065716, 37.45841, 44.740284) target=(0.5795915, 3.8146973E-06, -90.03555) pitch=-0.27108654
Final centered rendered ray and pivot-relative intent agree: CameraRecenterSpeed=1 air=True up=False
Camera settings retain centered HUD: CameraRecenterSpeed=1 air=True up=False
Authoritative articulation follows camera intent within network/pose tolerance: CameraRecenterSpeed=1 air=True up=False
Shared body clearance remains safe: CameraRecenterSpeed=1 air=True up=False
AIM_REMOTE CameraRecenterSpeed=1 air=True up=False: acceptedYaw=-0.0045679775 renderedYaw=-0.0045679673 acceptedPitch=-0.11474653 renderedPitch=-0.114746414
Remote mount yaw and payload pitch settle to accepted CameraRecenterSpeed=1 air=True up=False aim on actual presentation nodes
Local preference leaves host tuning and peer camera unchanged: CameraRecenterSpeed=1 air=True up=False
CAMERA_AIM_SAMPLE CameraRecenterSpeed=1 air=True up=True expected=<0.0045098304, 0.1582894, -0.9873825> actual=<0.0045098304, 0.1582894, -0.9873825> lens=(-0.048807394, 35.746998, 47.530895) target=(1.3062519, 80.25612, -249.14586) pitch=0.14891347
Final centered rendered ray and pivot-relative intent agree: CameraRecenterSpeed=1 air=True up=True
Camera settings retain centered HUD: CameraRecenterSpeed=1 air=True up=True
Authoritative articulation follows camera intent within network/pose tolerance: CameraRecenterSpeed=1 air=True up=True
Shared body clearance remains safe: CameraRecenterSpeed=1 air=True up=True
AIM_REMOTE CameraRecenterSpeed=1 air=True up=True: acceptedYaw=-0.004567429 renderedYaw=-0.004567426 acceptedPitch=0.15888071 renderedPitch=0.15882343
Remote mount yaw and payload pitch settle to accepted CameraRecenterSpeed=1 air=True up=True aim on actual presentation nodes
Local preference leaves host tuning and peer camera unchanged: CameraRecenterSpeed=1 air=True up=True
CAMERA_AIM_SAMPLE CameraRecenterSpeed=3 air=False up=False expected=<0.0044623893, -0.21307915, -0.9770248> actual=<0.0044623893, -0.21307915, -0.9770248> lens=(-0.03173131, 5.817682, 43.792465) target=(0.06387235, 0, 22.860369) pitch=-0.27108654
Final centered rendered ray and pivot-relative intent agree: CameraRecenterSpeed=3 air=False up=False
Camera settings retain centered HUD: CameraRecenterSpeed=3 air=False up=False
Authoritative articulation follows camera intent within network/pose tolerance: CameraRecenterSpeed=3 air=False up=False
Shared body clearance remains safe: CameraRecenterSpeed=3 air=False up=False
AIM_REMOTE CameraRecenterSpeed=3 air=False up=False: acceptedYaw=-0.004567292 renderedYaw=-0.0045672916 acceptedPitch=-0.1147467 renderedPitch=-0.11474665
Remote mount yaw and payload pitch settle to accepted CameraRecenterSpeed=3 air=False up=False aim on actual presentation nodes
Local preference leaves host tuning and peer camera unchanged: CameraRecenterSpeed=3 air=False up=False
CAMERA_AIM_SAMPLE CameraRecenterSpeed=3 air=False up=True expected=<0.0045111794, 0.15624876, -0.98770744> actual=<0.0045111794, 0.15624876, -0.98770744> lens=(-0.03361515, 4.30879, 44.204926) target=(1.3214036, 48.81791, -252.47183) pitch=0.14891347
Final centered rendered ray and pivot-relative intent agree: CameraRecenterSpeed=3 air=False up=True
Camera settings retain centered HUD: CameraRecenterSpeed=3 air=False up=True
Authoritative articulation follows camera intent within network/pose tolerance: CameraRecenterSpeed=3 air=False up=True
Shared body clearance remains safe: CameraRecenterSpeed=3 air=False up=True
AIM_REMOTE CameraRecenterSpeed=3 air=False up=True: acceptedYaw=-0.0045672916 renderedYaw=-0.00456729 acceptedPitch=0.15690741 renderedPitch=0.1569086
Remote mount yaw and payload pitch settle to accepted CameraRecenterSpeed=3 air=False up=True aim on actual presentation nodes
Local preference leaves host tuning and peer camera unchanged: CameraRecenterSpeed=3 air=False up=True
CAMERA_AIM_SAMPLE CameraRecenterSpeed=3 air=True up=False expected=<0.004408133, -0.2617287, -0.96513146> actual=<0.004408133, -0.2617287, -0.96513146> lens=(-0.036060885, 37.458687, 44.74029) target=(0.5795178, 0, -90.03656) pitch=-0.27108654
Final centered rendered ray and pivot-relative intent agree: CameraRecenterSpeed=3 air=True up=False
Camera settings retain centered HUD: CameraRecenterSpeed=3 air=True up=False
Authoritative articulation follows camera intent within network/pose tolerance: CameraRecenterSpeed=3 air=True up=False
Shared body clearance remains safe: CameraRecenterSpeed=3 air=True up=False
AIM_REMOTE CameraRecenterSpeed=3 air=True up=False: acceptedYaw=-0.0045673596 renderedYaw=-0.0045673572 acceptedPitch=-0.114746645 renderedPitch=-0.11474662
Remote mount yaw and payload pitch settle to accepted CameraRecenterSpeed=3 air=True up=False aim on actual presentation nodes
Local preference leaves host tuning and peer camera unchanged: CameraRecenterSpeed=3 air=True up=False
CAMERA_AIM_SAMPLE CameraRecenterSpeed=3 air=True up=True expected=<0.0045100325, 0.1582904, -0.9873823> actual=<0.0045100325, 0.1582904, -0.9873823> lens=(-0.048809584, 35.74731, 47.53089) target=(1.3063108, 80.256424, -249.14587) pitch=0.14891347
Final centered rendered ray and pivot-relative intent agree: CameraRecenterSpeed=3 air=True up=True
Camera settings retain centered HUD: CameraRecenterSpeed=3 air=True up=True
Authoritative articulation follows camera intent within network/pose tolerance: CameraRecenterSpeed=3 air=True up=True
Shared body clearance remains safe: CameraRecenterSpeed=3 air=True up=True
AIM_REMOTE CameraRecenterSpeed=3 air=True up=True: acceptedYaw=-0.004567634 renderedYaw=-0.004567633 acceptedPitch=0.15881334 renderedPitch=0.15877171
Remote mount yaw and payload pitch settle to accepted CameraRecenterSpeed=3 air=True up=True aim on actual presentation nodes
Local preference leaves host tuning and peer camera unchanged: CameraRecenterSpeed=3 air=True up=True
CAMERA_AIM_SAMPLE CameraFov=50 air=False up=False expected=<0.0044626095, -0.21305935, -0.977029> actual=<0.0044626095, -0.21305935, -0.977029> lens=(-0.031706743, 5.8164783, 43.786774) target=(0.06388146, -4.7683716E-07, 22.859005) pitch=-0.27108654
Final centered rendered ray and pivot-relative intent agree: CameraFov=50 air=False up=False
Camera settings retain centered HUD: CameraFov=50 air=False up=False
Authoritative articulation follows camera intent within network/pose tolerance: CameraFov=50 air=False up=False
Shared body clearance remains safe: CameraFov=50 air=False up=False
AIM_REMOTE CameraFov=50 air=False up=False: acceptedYaw=-0.0045674974 renderedYaw=-0.004567496 acceptedPitch=-0.114746645 renderedPitch=-0.1147466
Remote mount yaw and payload pitch settle to accepted CameraFov=50 air=False up=False aim on actual presentation nodes
Local preference leaves host tuning and peer camera unchanged: CameraFov=50 air=False up=False
CAMERA_AIM_SAMPLE CameraFov=50 air=False up=True expected=<0, -0.04828146, -0.9988337> actual=<0, -0.04828146, -0.9988337> lens=(0, 4.3049407, 44.205) target=(0, 4.7683716E-07, -26.180145) pitch=-0.061086524
Final centered rendered ray and pivot-relative intent agree: CameraFov=50 air=False up=True
Camera settings retain centered HUD: CameraFov=50 air=False up=True
Authoritative articulation follows camera intent within network/pose tolerance: CameraFov=50 air=False up=True
Shared body clearance remains safe: CameraFov=50 air=False up=True
AIM_REMOTE CameraFov=50 air=False up=True: acceptedYaw=0 renderedYaw=-5.140709E-10 acceptedPitch=-0.048393168 renderedPitch=-0.04841289
Remote mount yaw and payload pitch settle to accepted CameraFov=50 air=False up=True aim on actual presentation nodes
Local preference leaves host tuning and peer camera unchanged: CameraFov=50 air=False up=True
CAMERA_AIM_SAMPLE CameraFov=50 air=True up=False expected=<0.0011428453, -0.05794447, -0.9983192> actual=<0.0011428453, -0.05794447, -0.9983192> lens=(-0.009623668, 35.671806, 45.251644) target=(0.33316636, 17.357244, -254.1886) pitch=-0.061086524
Final centered rendered ray and pivot-relative intent agree: CameraFov=50 air=True up=False
Camera settings retain centered HUD: CameraFov=50 air=True up=False
Authoritative articulation follows camera intent within network/pose tolerance: CameraFov=50 air=True up=False
Shared body clearance remains safe: CameraFov=50 air=True up=False
AIM_REMOTE CameraFov=50 air=True up=False: acceptedYaw=-0.0011447689 renderedYaw=-0.0011447688 acceptedPitch=-0.05790333 renderedPitch=-0.057893403
Remote mount yaw and payload pitch settle to accepted CameraFov=50 air=True up=False aim on actual presentation nodes
Local preference leaves host tuning and peer camera unchanged: CameraFov=50 air=True up=False
CAMERA_AIM_SAMPLE CameraFov=50 air=True up=True expected=<0.0011165609, -0.058251724, -0.9983013> actual=<0.0011165609, -0.058251724, -0.9983013> lens=(-0.011890084, 35.711708, 47.475758) target=(0.3230221, 17.397146, -251.9645) pitch=-0.061086524
Final centered rendered ray and pivot-relative intent agree: CameraFov=50 air=True up=True
Camera settings retain centered HUD: CameraFov=50 air=True up=True
Authoritative articulation follows camera intent within network/pose tolerance: CameraFov=50 air=True up=True
Shared body clearance remains safe: CameraFov=50 air=True up=True
AIM_REMOTE CameraFov=50 air=True up=True: acceptedYaw=-0.0011184603 renderedYaw=-0.0011184594 acceptedPitch=-0.0582907 renderedPitch=-0.058286443
Remote mount yaw and payload pitch settle to accepted CameraFov=50 air=True up=True aim on actual presentation nodes
Local preference leaves host tuning and peer camera unchanged: CameraFov=50 air=True up=True
CAMERA_AIM_SAMPLE CameraFov=65 air=False up=False expected=<0, -0.048404902, -0.9988278> actual=<0, -0.048404902, -0.9988278> lens=(0, 4.2944746, 44.124687) target=(0, 0, -26.089348) pitch=-0.061086524
Final centered rendered ray and pivot-relative intent agree: CameraFov=65 air=False up=False
Camera settings retain centered HUD: CameraFov=65 air=False up=False
Authoritative articulation follows camera intent within network/pose tolerance: CameraFov=65 air=False up=False
Shared body clearance remains safe: CameraFov=65 air=False up=False
AIM_REMOTE CameraFov=65 air=False up=False: acceptedYaw=0 renderedYaw=-3.4216008E-10 acceptedPitch=-0.048759807 renderedPitch=-0.04876842
Remote mount yaw and payload pitch settle to accepted CameraFov=65 air=False up=False aim on actual presentation nodes
Local preference leaves host tuning and peer camera unchanged: CameraFov=65 air=False up=False
CAMERA_AIM_SAMPLE CameraFov=65 air=False up=True expected=<0.0012077601, -0.048278302, -0.99883324> actual=<0.0012077601, -0.048278302, -0.99883324> lens=(-0.008899491, 4.305194, 44.204994) target=(0.07621314, 0, -26.18425) pitch=-0.061086524
Final centered rendered ray and pivot-relative intent agree: CameraFov=65 air=False up=True
Camera settings retain centered HUD: CameraFov=65 air=False up=True
Authoritative articulation follows camera intent within network/pose tolerance: CameraFov=65 air=False up=True
Shared body clearance remains safe: CameraFov=65 air=False up=True
AIM_REMOTE CameraFov=65 air=False up=True: acceptedYaw=-0.0012091702 renderedYaw=-0.0012091701 acceptedPitch=-0.048388235 renderedPitch=-0.048403833
Remote mount yaw and payload pitch settle to accepted CameraFov=65 air=False up=True aim on actual presentation nodes
Local preference leaves host tuning and peer camera unchanged: CameraFov=65 air=False up=True
CAMERA_AIM_SAMPLE CameraFov=65 air=True up=False expected=<0.0011113066, -0.058064796, -0.9983122> actual=<0.0011113066, -0.058064796, -0.9983122> lens=(-0.009379506, 35.796616, 45.27083) target=(0.323953, 17.482054, -254.16942) pitch=-0.061086524
Final centered rendered ray and pivot-relative intent agree: CameraFov=65 air=True up=False
Camera settings retain centered HUD: CameraFov=65 air=True up=False
Authoritative articulation follows camera intent within network/pose tolerance: CameraFov=65 air=True up=False
Shared body clearance remains safe: CameraFov=65 air=True up=False
AIM_REMOTE CameraFov=65 air=True up=False: acceptedYaw=-0.0011131851 renderedYaw=-0.0011131844 acceptedPitch=-0.058030408 renderedPitch=-0.057990666
Remote mount yaw and payload pitch settle to accepted CameraFov=65 air=True up=False aim on actual presentation nodes
Local preference leaves host tuning and peer camera unchanged: CameraFov=65 air=True up=False
CAMERA_AIM_SAMPLE CameraFov=65 air=True up=True expected=<0.00107025, -0.058362212, -0.9982949> actual=<0.00107025, -0.058362212, -0.9982949> lens=(-0.01140114, 35.83875, 47.479618) target=(0.30962217, 17.524187, -251.96066) pitch=-0.061086524
Final centered rendered ray and pivot-relative intent agree: CameraFov=65 air=True up=True
Camera settings retain centered HUD: CameraFov=65 air=True up=True
Authoritative articulation follows camera intent within network/pose tolerance: CameraFov=65 air=True up=True
Shared body clearance remains safe: CameraFov=65 air=True up=True
AIM_REMOTE CameraFov=65 air=True up=True: acceptedYaw=-0.0010720775 renderedYaw=-0.0010720775 acceptedPitch=-0.058617998 renderedPitch=-0.058613326
Remote mount yaw and payload pitch settle to accepted CameraFov=65 air=True up=True aim on actual presentation nodes
Local preference leaves host tuning and peer camera unchanged: CameraFov=65 air=True up=True
CAMERA_AIM_SAMPLE CameraFov=90 air=False up=False expected=<0.0011409635, -0.04840093, -0.99882734> actual=<0.0011409635, -0.04840093, -0.99882734> lens=(-0.008323261, 4.2909017, 44.13139) target=(0.07181567, 0, -26.024189) pitch=-0.061086524
Final centered rendered ray and pivot-relative intent agree: CameraFov=90 air=False up=False
Camera settings retain centered HUD: CameraFov=90 air=False up=False
Authoritative articulation follows camera intent within network/pose tolerance: CameraFov=90 air=False up=False
Shared body clearance remains safe: CameraFov=90 air=False up=False
AIM_REMOTE CameraFov=90 air=False up=False: acceptedYaw=-0.0011423025 renderedYaw=-0.0011423025 acceptedPitch=-0.04865363 renderedPitch=-0.04869695
Remote mount yaw and payload pitch settle to accepted CameraFov=90 air=False up=False aim on actual presentation nodes
Local preference leaves host tuning and peer camera unchanged: CameraFov=90 air=False up=False
CAMERA_AIM_SAMPLE CameraFov=90 air=False up=True expected=<0.0012161739, -0.048332393, -0.99883056> actual=<0.0012161739, -0.048332393, -0.99883056> lens=(-0.008961514, 4.305175, 44.204994) target=(0.07674389, 0, -26.183937) pitch=-0.061086524
Final centered rendered ray and pivot-relative intent agree: CameraFov=90 air=False up=True
Camera settings retain centered HUD: CameraFov=90 air=False up=True
Authoritative articulation follows camera intent within network/pose tolerance: CameraFov=90 air=False up=True
Shared body clearance remains safe: CameraFov=90 air=False up=True
AIM_REMOTE CameraFov=90 air=False up=True: acceptedYaw=-0.0012175972 renderedYaw=-0.001217597 acceptedPitch=-0.04843345 renderedPitch=-0.048439335
Remote mount yaw and payload pitch settle to accepted CameraFov=90 air=False up=True aim on actual presentation nodes
Local preference leaves host tuning and peer camera unchanged: CameraFov=90 air=False up=True
CAMERA_AIM_SAMPLE CameraFov=90 air=True up=False expected=<0.0012086356, -0.058049187, -0.9983129> actual=<0.0012086356, -0.058049187, -0.9983129> lens=(-0.010096192, 35.796146, 45.184288) target=(0.35242954, 17.481585, -254.25592) pitch=-0.061086524
Final centered rendered ray and pivot-relative intent agree: CameraFov=90 air=True up=False
Camera settings retain centered HUD: CameraFov=90 air=True up=False
Authoritative articulation follows camera intent within network/pose tolerance: CameraFov=90 air=True up=False
Shared body clearance remains safe: CameraFov=90 air=True up=False
AIM_REMOTE CameraFov=90 air=True up=False: acceptedYaw=-0.0012106776 renderedYaw=-0.0012106776 acceptedPitch=-0.05797432 renderedPitch=-0.05797061
Remote mount yaw and payload pitch settle to accepted CameraFov=90 air=True up=False aim on actual presentation nodes
Local preference leaves host tuning and peer camera unchanged: CameraFov=90 air=True up=False
CAMERA_AIM_SAMPLE CameraFov=90 air=True up=True expected=<0.0011524567, -0.058425207, -0.99829113> actual=<0.0011524567, -0.058425207, -0.99829113> lens=(-0.012274502, 35.66145, 47.477524) target=(0.33340818, 17.346888, -251.96272) pitch=-0.061086524
Final centered rendered ray and pivot-relative intent agree: CameraFov=90 air=True up=True
Camera settings retain centered HUD: CameraFov=90 air=True up=True
Authoritative articulation follows camera intent within network/pose tolerance: CameraFov=90 air=True up=True
Shared body clearance remains safe: CameraFov=90 air=True up=True
AIM_REMOTE CameraFov=90 air=True up=True: acceptedYaw=-0.0011544292 renderedYaw=-0.0011544292 acceptedPitch=-0.058437534 renderedPitch=-0.058430415
Remote mount yaw and payload pitch settle to accepted CameraFov=90 air=True up=True aim on actual presentation nodes
Local preference leaves host tuning and peer camera unchanged: CameraFov=90 air=True up=True
CAMERA_AIM_SAMPLE CameraHeight=0.5 air=False up=False expected=<0.0011174083, -0.059916876, -0.99820274> actual=<0.0011174083, -0.059916876, -0.99820274> lens=(-0.00814694, 3.549384, 44.122826) target=(0.056815118, -4.7683716E-07, -13.909061) pitch=-0.06108652
Final centered rendered ray and pivot-relative intent agree: CameraHeight=0.5 air=False up=False
Camera settings retain centered HUD: CameraHeight=0.5 air=False up=False
Authoritative articulation follows camera intent within network/pose tolerance: CameraHeight=0.5 air=False up=False
Shared body clearance remains safe: CameraHeight=0.5 air=False up=False
AIM_REMOTE CameraHeight=0.5 air=False up=False: acceptedYaw=-0.0011194196 renderedYaw=-0.001119419 acceptedPitch=-0.0599248 renderedPitch=-0.059924174
Remote mount yaw and payload pitch settle to accepted CameraHeight=0.5 air=False up=False aim on actual presentation nodes
Local preference leaves host tuning and peer camera unchanged: CameraHeight=0.5 air=False up=False
CAMERA_AIM_SAMPLE CameraHeight=0.5 air=False up=True expected=<0.0011756099, -0.059876032, -0.9982052> actual=<0.0011756099, -0.059876032, -0.9982052> lens=(-0.008668041, 3.5565348, 44.204994) target=(0.059815176, -2.3841858E-07, -13.943802) pitch=-0.061086524
Final centered rendered ray and pivot-relative intent agree: CameraHeight=0.5 air=False up=True
Camera settings retain centered HUD: CameraHeight=0.5 air=False up=True
Authoritative articulation follows camera intent within network/pose tolerance: CameraHeight=0.5 air=False up=True
Shared body clearance remains safe: CameraHeight=0.5 air=False up=True
AIM_REMOTE CameraHeight=0.5 air=False up=True: acceptedYaw=-0.0011777233 renderedYaw=-0.0011777232 acceptedPitch=-0.059875354 renderedPitch=-0.059867207
Remote mount yaw and payload pitch settle to accepted CameraHeight=0.5 air=False up=True aim on actual presentation nodes
Local preference leaves host tuning and peer camera unchanged: CameraHeight=0.5 air=False up=True
CAMERA_AIM_SAMPLE CameraHeight=0.5 air=True up=False expected=<0.0011541425, -0.060757674, -0.9981519> actual=<0.0011541425, -0.060757674, -0.9981519> lens=(-0.009720415, 34.84872, 45.251633) target=(0.3365162, 16.534159, -254.18861) pitch=-0.061086524
Final centered rendered ray and pivot-relative intent agree: CameraHeight=0.5 air=True up=False
Camera settings retain centered HUD: CameraHeight=0.5 air=True up=False
Authoritative articulation follows camera intent within network/pose tolerance: CameraHeight=0.5 air=True up=False
Shared body clearance remains safe: CameraHeight=0.5 air=True up=False
AIM_REMOTE CameraHeight=0.5 air=True up=False: acceptedYaw=-0.001156279 renderedYaw=-0.001156279 acceptedPitch=-0.060667913 renderedPitch=-0.06064767
Remote mount yaw and payload pitch settle to accepted CameraHeight=0.5 air=True up=False aim on actual presentation nodes
Local preference leaves host tuning and peer camera unchanged: CameraHeight=0.5 air=True up=False
CAMERA_AIM_SAMPLE CameraHeight=0.5 air=True up=True expected=<0.0010626327, -0.060912933, -0.99814254> actual=<0.0010626327, -0.060912933, -0.99814254> lens=(-0.01131864, 34.93907, 47.476723) target=(0.30746853, 16.62451, -251.96356) pitch=-0.061086524
Final centered rendered ray and pivot-relative intent agree: CameraHeight=0.5 air=True up=True
Camera settings retain centered HUD: CameraHeight=0.5 air=True up=True
Authoritative articulation follows camera intent within network/pose tolerance: CameraHeight=0.5 air=True up=True
Shared body clearance remains safe: CameraHeight=0.5 air=True up=True
AIM_REMOTE CameraHeight=0.5 air=True up=True: acceptedYaw=-0.0010646099 renderedYaw=-0.0010646076 acceptedPitch=-0.06093486 renderedPitch=-0.06092705
Remote mount yaw and payload pitch settle to accepted CameraHeight=0.5 air=True up=True aim on actual presentation nodes
Local preference leaves host tuning and peer camera unchanged: CameraHeight=0.5 air=True up=True
CAMERA_AIM_SAMPLE CameraHeight=1.25 air=False up=False expected=<0.0011421276, -0.048387367, -0.998828> actual=<0.0011421276, -0.048387367, -0.998828> lens=(-0.008319579, 4.291331, 44.120747) target=(0.071909085, 0, -26.041851) pitch=-0.061086524
Final centered rendered ray and pivot-relative intent agree: CameraHeight=1.25 air=False up=False
Camera settings retain centered HUD: CameraHeight=1.25 air=False up=False
Authoritative articulation follows camera intent within network/pose tolerance: CameraHeight=1.25 air=False up=False
Shared body clearance remains safe: CameraHeight=1.25 air=False up=False
AIM_REMOTE CameraHeight=1.25 air=False up=False: acceptedYaw=-0.001143467 renderedYaw=-0.001143467 acceptedPitch=-0.04873517 renderedPitch=-0.048748262
Remote mount yaw and payload pitch settle to accepted CameraHeight=1.25 air=False up=False aim on actual presentation nodes
Local preference leaves host tuning and peer camera unchanged: CameraHeight=1.25 air=False up=False
CAMERA_AIM_SAMPLE CameraHeight=1.25 air=False up=True expected=<0.0011787465, -0.048247334, -0.9988347> actual=<0.0011787465, -0.048247334, -0.9988347> lens=(-0.008685689, 4.3076735, 44.204994) target=(0.07443003, 0, -26.2248) pitch=-0.061086524
Final centered rendered ray and pivot-relative intent agree: CameraHeight=1.25 air=False up=True
Camera settings retain centered HUD: CameraHeight=1.25 air=False up=True
Authoritative articulation follows camera intent within network/pose tolerance: CameraHeight=1.25 air=False up=True
Shared body clearance remains safe: CameraHeight=1.25 air=False up=True
AIM_REMOTE CameraHeight=1.25 air=False up=True: acceptedYaw=-0.0011801211 renderedYaw=-0.0011801211 acceptedPitch=-0.04834326 renderedPitch=-0.048352197
Remote mount yaw and payload pitch settle to accepted CameraHeight=1.25 air=False up=True aim on actual presentation nodes
Local preference leaves host tuning and peer camera unchanged: CameraHeight=1.25 air=False up=True
CAMERA_AIM_SAMPLE CameraHeight=1.25 air=True up=False expected=<0.0011500188, -0.05806513, -0.9983121> actual=<0.0011500188, -0.05806513, -0.9983121> lens=(-0.009683995, 35.6365, 45.251514) target=(0.33526015, 17.32194, -254.18874) pitch=-0.061086524
Final centered rendered ray and pivot-relative intent agree: CameraHeight=1.25 air=True up=False
Camera settings retain centered HUD: CameraHeight=1.25 air=True up=False
Authoritative articulation follows camera intent within network/pose tolerance: CameraHeight=1.25 air=True up=False
Shared body clearance remains safe: CameraHeight=1.25 air=True up=False
AIM_REMOTE CameraHeight=1.25 air=True up=False: acceptedYaw=-0.0011519628 renderedYaw=-0.0011519603 acceptedPitch=-0.057983402 renderedPitch=-0.057978716
Remote mount yaw and payload pitch settle to accepted CameraHeight=1.25 air=True up=False aim on actual presentation nodes
Local preference leaves host tuning and peer camera unchanged: CameraHeight=1.25 air=True up=False
CAMERA_AIM_SAMPLE CameraHeight=1.25 air=True up=True expected=<0.0010713512, -0.058254633, -0.9983012> actual=<0.0010713512, -0.058254633, -0.9983012> lens=(-0.011414346, 35.711174, 47.481064) target=(0.30993727, 17.396612, -251.95921) pitch=-0.061086524
Final centered rendered ray and pivot-relative intent agree: CameraHeight=1.25 air=True up=True
Camera settings retain centered HUD: CameraHeight=1.25 air=True up=True
Authoritative articulation follows camera intent within network/pose tolerance: CameraHeight=1.25 air=True up=True
Shared body clearance remains safe: CameraHeight=1.25 air=True up=True
AIM_REMOTE CameraHeight=1.25 air=True up=True: acceptedYaw=-0.0010731738 renderedYaw=-0.001073174 acceptedPitch=-0.058302626 renderedPitch=-0.0582966
Remote mount yaw and payload pitch settle to accepted CameraHeight=1.25 air=True up=True aim on actual presentation nodes
Local preference leaves host tuning and peer camera unchanged: CameraHeight=1.25 air=True up=True
CAMERA_AIM_SAMPLE CameraHeight=3 air=False up=False expected=<0.0010865502, -0.033216935, -0.9994476> actual=<0.0010865502, -0.033216935, -0.9994476> lens=(-0.008011761, 6.057188, 44.214504) target=(0.09965322, 4.7683716E-07, -54.819584) pitch=-0.061086524
Final centered rendered ray and pivot-relative intent agree: CameraHeight=3 air=False up=False
Camera settings retain centered HUD: CameraHeight=3 air=False up=False
Authoritative articulation follows camera intent within network/pose tolerance: CameraHeight=3 air=False up=False
Shared body clearance remains safe: CameraHeight=3 air=False up=False
AIM_REMOTE CameraHeight=3 air=False up=False: acceptedYaw=-0.0010871504 renderedYaw=-0.0010871503 acceptedPitch=-0.03340043 renderedPitch=-0.03344312
Remote mount yaw and payload pitch settle to accepted CameraHeight=3 air=False up=False aim on actual presentation nodes
Local preference leaves host tuning and peer camera unchanged: CameraHeight=3 air=False up=False
CAMERA_AIM_SAMPLE CameraHeight=3 air=False up=True expected=<0.0012001487, -0.033221353, -0.99944735> actual=<0.0012001487, -0.033221353, -0.99944735> lens=(-0.008837974, 6.0558605, 44.204994) target=(0.1100573, 0, -54.807373) pitch=-0.061086524
Final centered rendered ray and pivot-relative intent agree: CameraHeight=3 air=False up=True
Camera settings retain centered HUD: CameraHeight=3 air=False up=True
Authoritative articulation follows camera intent within network/pose tolerance: CameraHeight=3 air=False up=True
Shared body clearance remains safe: CameraHeight=3 air=False up=True
AIM_REMOTE CameraHeight=3 air=False up=True: acceptedYaw=-0.0012008117 renderedYaw=-0.0012008091 acceptedPitch=-0.03345006 renderedPitch=-0.033475988
Remote mount yaw and payload pitch settle to accepted CameraHeight=3 air=False up=True aim on actual presentation nodes
Local preference leaves host tuning and peer camera unchanged: CameraHeight=3 air=False up=True
CAMERA_AIM_SAMPLE CameraHeight=3 air=True up=False expected=<0.0011593798, -0.051788658, -0.9986574> actual=<0.0011593798, -0.051788658, -0.9986574> lens=(-0.00975938, 37.471474, 45.251457) target=(0.33787233, 19.156912, -254.18878) pitch=-0.061086524
Final centered rendered ray and pivot-relative intent agree: CameraHeight=3 air=True up=False
Camera settings retain centered HUD: CameraHeight=3 air=True up=False
Authoritative articulation follows camera intent within network/pose tolerance: CameraHeight=3 air=True up=False
Shared body clearance remains safe: CameraHeight=3 air=True up=False
AIM_REMOTE CameraHeight=3 air=True up=False: acceptedYaw=-0.0011609378 renderedYaw=-0.001160938 acceptedPitch=-0.05178334 renderedPitch=-0.051780477
Remote mount yaw and payload pitch settle to accepted CameraHeight=3 air=True up=False aim on actual presentation nodes
Local preference leaves host tuning and peer camera unchanged: CameraHeight=3 air=True up=False
CAMERA_AIM_SAMPLE CameraHeight=3 air=True up=True expected=<0.0010294083, -0.052560255, -0.99861723> actual=<0.0010294083, -0.052560255, -0.99861723> lens=(-0.010958559, 37.363064, 47.475777) target=(0.2977146, 19.048502, -251.96454) pitch=-0.061086524
Final centered rendered ray and pivot-relative intent agree: CameraHeight=3 air=True up=True
Camera settings retain centered HUD: CameraHeight=3 air=True up=True
Authoritative articulation follows camera intent within network/pose tolerance: CameraHeight=3 air=True up=True
Shared body clearance remains safe: CameraHeight=3 air=True up=True
AIM_REMOTE CameraHeight=3 air=True up=True: acceptedYaw=-0.0010308332 renderedYaw=-0.0010308332 acceptedPitch=-0.052537408 renderedPitch=-0.052527945
Remote mount yaw and payload pitch settle to accepted CameraHeight=3 air=True up=True aim on actual presentation nodes
Local preference leaves host tuning and peer camera unchanged: CameraHeight=3 air=True up=True
CAMERA_AIM_SAMPLE InvertY=0 air=False up=False expected=<0, -0.048405424, -0.99882776> actual=<0, -0.048405424, -0.99882776> lens=(0, 4.2945476, 44.12656) target=(0, -4.7683716E-07, -26.088673) pitch=-0.061086524
Final centered rendered ray and pivot-relative intent agree: InvertY=0 air=False up=False
Camera settings retain centered HUD: InvertY=0 air=False up=False
Authoritative articulation follows camera intent within network/pose tolerance: InvertY=0 air=False up=False
Shared body clearance remains safe: InvertY=0 air=False up=False
AIM_REMOTE InvertY=0 air=False up=False: acceptedYaw=0 renderedYaw=-1.1602361E-10 acceptedPitch=-0.048753873 renderedPitch=-0.048779428
Remote mount yaw and payload pitch settle to accepted InvertY=0 air=False up=False aim on actual presentation nodes
Local preference leaves host tuning and peer camera unchanged: InvertY=0 air=False up=False
CAMERA_AIM_SAMPLE InvertY=0 air=False up=True expected=<0.0045113126, 0.15625186, -0.987707> actual=<0.0045113126, 0.15625186, -0.987707> lens=(-0.03361616, 4.309719, 44.204926) target=(1.3214431, 48.818836, -252.47183) pitch=0.14891347
Final centered rendered ray and pivot-relative intent agree: InvertY=0 air=False up=True
Camera settings retain centered HUD: InvertY=0 air=False up=True
Authoritative articulation follows camera intent within network/pose tolerance: InvertY=0 air=False up=True
Shared body clearance remains safe: InvertY=0 air=False up=True
AIM_REMOTE InvertY=0 air=False up=True: acceptedYaw=-0.0045674285 renderedYaw=-0.004567427 acceptedPitch=0.15691213 renderedPitch=0.15691294
Remote mount yaw and payload pitch settle to accepted InvertY=0 air=False up=True aim on actual presentation nodes
Local preference leaves host tuning and peer camera unchanged: InvertY=0 air=False up=True
CAMERA_AIM_SAMPLE InvertY=0 air=True up=False expected=<0.004408601, -0.26145825, -0.9652047> actual=<0.004408601, -0.26145825, -0.9652047> lens=(-0.036062587, 37.49788, 44.74043) target=(0.58017874, 3.8146973E-06, -90.17743) pitch=-0.27108654
Final centered rendered ray and pivot-relative intent agree: InvertY=0 air=True up=False
Camera settings retain centered HUD: InvertY=0 air=True up=False
Authoritative articulation follows camera intent within network/pose tolerance: InvertY=0 air=True up=False
Shared body clearance remains safe: InvertY=0 air=True up=False
AIM_REMOTE InvertY=0 air=True up=False: acceptedYaw=-0.0045674974 renderedYaw=-0.0045674937 acceptedPitch=-0.11474657 renderedPitch=-0.11474651
Remote mount yaw and payload pitch settle to accepted InvertY=0 air=True up=False aim on actual presentation nodes
Local preference leaves host tuning and peer camera unchanged: InvertY=0 air=True up=False
CAMERA_AIM_SAMPLE InvertY=0 air=True up=True expected=<0.0045095333, 0.15841742, -0.9873619> actual=<0.0045095333, 0.15841742, -0.9873619> lens=(-0.048805192, 35.785038, 47.53089) target=(1.3061931, 80.29416, -249.14587) pitch=0.14891347
Final centered rendered ray and pivot-relative intent agree: InvertY=0 air=True up=True
Camera settings retain centered HUD: InvertY=0 air=True up=True
Authoritative articulation follows camera intent within network/pose tolerance: InvertY=0 air=True up=True
Shared body clearance remains safe: InvertY=0 air=True up=True
AIM_REMOTE InvertY=0 air=True up=True: acceptedYaw=-0.0045672236 renderedYaw=-0.0045672227 acceptedPitch=0.1589579 renderedPitch=0.15891725
Remote mount yaw and payload pitch settle to accepted InvertY=0 air=True up=True aim on actual presentation nodes
Local preference leaves host tuning and peer camera unchanged: InvertY=0 air=True up=True
CAMERA_AIM_SAMPLE InvertY=1 air=False up=False expected=<0.0044625234, -0.21301074, -0.9770397> actual=<0.0044625234, -0.21301074, -0.9770397> lens=(-0.0317058, 5.8174076, 43.786774) target=(0.06389479, 0, 22.855663) pitch=-0.27108654
Final centered rendered ray and pivot-relative intent agree: InvertY=1 air=False up=False
Camera settings retain centered HUD: InvertY=1 air=False up=False
Authoritative articulation follows camera intent within network/pose tolerance: InvertY=1 air=False up=False
Shared body clearance remains safe: InvertY=1 air=False up=False
AIM_REMOTE InvertY=1 air=False up=False: acceptedYaw=-0.0045673614 renderedYaw=-0.004567359 acceptedPitch=-0.11474669 renderedPitch=-0.11474666
Remote mount yaw and payload pitch settle to accepted InvertY=1 air=False up=False aim on actual presentation nodes
Local preference leaves host tuning and peer camera unchanged: InvertY=1 air=False up=False
CAMERA_AIM_SAMPLE InvertY=1 air=False up=True expected=<0.0045113806, 0.15625188, -0.987707> actual=<0.0045113806, 0.15625188, -0.987707> lens=(-0.033616662, 4.3097258, 44.204926) target=(1.321463, 48.818844, -252.47183) pitch=0.14891347
Final centered rendered ray and pivot-relative intent agree: InvertY=1 air=False up=True
Camera settings retain centered HUD: InvertY=1 air=False up=True
Authoritative articulation follows camera intent within network/pose tolerance: InvertY=1 air=False up=True
Shared body clearance remains safe: InvertY=1 air=False up=True
AIM_REMOTE InvertY=1 air=False up=True: acceptedYaw=-0.004567497 renderedYaw=-0.0045674965 acceptedPitch=0.15690574 renderedPitch=0.15690921
Remote mount yaw and payload pitch settle to accepted InvertY=1 air=False up=True aim on actual presentation nodes
Local preference leaves host tuning and peer camera unchanged: InvertY=1 air=False up=True
CAMERA_AIM_SAMPLE InvertY=1 air=True up=False expected=<0.0044083926, -0.26146594, -0.9652026> actual=<0.0044083926, -0.26146594, -0.9652026> lens=(-0.036060166, 37.49671, 44.740253) target=(0.5801342, 3.8146973E-06, -90.173416) pitch=-0.27108654
Final centered rendered ray and pivot-relative intent agree: InvertY=1 air=True up=False
Camera settings retain centered HUD: InvertY=1 air=True up=False
Authoritative articulation follows camera intent within network/pose tolerance: InvertY=1 air=True up=False
Shared body clearance remains safe: InvertY=1 air=True up=False
AIM_REMOTE InvertY=1 air=True up=False: acceptedYaw=-0.004567292 renderedYaw=-0.004567292 acceptedPitch=-0.11474669 renderedPitch=-0.11474666
Remote mount yaw and payload pitch settle to accepted InvertY=1 air=True up=False aim on actual presentation nodes
Local preference leaves host tuning and peer camera unchanged: InvertY=1 air=True up=False
CAMERA_AIM_SAMPLE InvertY=1 air=True up=True expected=<0.0045098043, 0.15841836, -0.9873618> actual=<0.0045098043, 0.15841836, -0.9873618> lens=(-0.048808128, 35.785313, 47.530895) target=(1.3062717, 80.29443, -249.14586) pitch=0.14891347
Final centered rendered ray and pivot-relative intent agree: InvertY=1 air=True up=True
Camera settings retain centered HUD: InvertY=1 air=True up=True
Authoritative articulation follows camera intent within network/pose tolerance: InvertY=1 air=True up=True
Shared body clearance remains safe: InvertY=1 air=True up=True
AIM_REMOTE InvertY=1 air=True up=True: acceptedYaw=-0.0045674974 renderedYaw=-0.004567497 acceptedPitch=0.15887176 renderedPitch=0.15885344
Remote mount yaw and payload pitch settle to accepted InvertY=1 air=True up=True aim on actual presentation nodes
Local preference leaves host tuning and peer camera unchanged: InvertY=1 air=True up=True
CAMERA_AIM_SAMPLE MouseAimSensitivity=0.25 air=False up=False expected=<0.0044625713, -0.21303011, -0.9770354> actual=<0.0044625713, -0.21303011, -0.9770354> lens=(-0.031732257, 5.818619, 43.792465) target=(0.06388967, 0, 22.856997) pitch=-0.27108654
Final centered rendered ray and pivot-relative intent agree: MouseAimSensitivity=0.25 air=False up=False
Camera settings retain centered HUD: MouseAimSensitivity=0.25 air=False up=False
Authoritative articulation follows camera intent within network/pose tolerance: MouseAimSensitivity=0.25 air=False up=False
Shared body clearance remains safe: MouseAimSensitivity=0.25 air=False up=False
AIM_REMOTE MouseAimSensitivity=0.25 air=False up=False: acceptedYaw=-0.0045674285 renderedYaw=-0.0045674266 acceptedPitch=-0.1147466 renderedPitch=-0.11474661
Remote mount yaw and payload pitch settle to accepted MouseAimSensitivity=0.25 air=False up=False aim on actual presentation nodes
Local preference leaves host tuning and peer camera unchanged: MouseAimSensitivity=0.25 air=False up=False
CAMERA_AIM_SAMPLE MouseAimSensitivity=0.25 air=False up=True expected=<0.0045105005, 0.1562519, -0.987707> actual=<0.0045105005, 0.1562519, -0.987707> lens=(-0.033610106, 4.3097343, 44.204926) target=(1.3212053, 48.81885, -252.47183) pitch=0.14891347
Final centered rendered ray and pivot-relative intent agree: MouseAimSensitivity=0.25 air=False up=True
Camera settings retain centered HUD: MouseAimSensitivity=0.25 air=False up=True
Authoritative articulation follows camera intent within network/pose tolerance: MouseAimSensitivity=0.25 air=False up=True
Shared body clearance remains safe: MouseAimSensitivity=0.25 air=False up=True
AIM_REMOTE MouseAimSensitivity=0.25 air=False up=True: acceptedYaw=-0.0045666066 renderedYaw=-0.0045666066 acceptedPitch=0.15691233 renderedPitch=0.15691374
Remote mount yaw and payload pitch settle to accepted MouseAimSensitivity=0.25 air=False up=True aim on actual presentation nodes
Local preference leaves host tuning and peer camera unchanged: MouseAimSensitivity=0.25 air=False up=True
CAMERA_AIM_SAMPLE MouseAimSensitivity=0.25 air=True up=False expected=<0.0044086594, -0.26146388, -0.9652032> actual=<0.0044086594, -0.26146388, -0.9652032> lens=(-0.036062457, 37.49702, 44.74028) target=(0.5801739, 3.8146973E-06, -90.1745) pitch=-0.27108654
Final centered rendered ray and pivot-relative intent agree: MouseAimSensitivity=0.25 air=True up=False
Camera settings retain centered HUD: MouseAimSensitivity=0.25 air=True up=False
Authoritative articulation follows camera intent within network/pose tolerance: MouseAimSensitivity=0.25 air=True up=False
Shared body clearance remains safe: MouseAimSensitivity=0.25 air=True up=False
AIM_REMOTE MouseAimSensitivity=0.25 air=True up=False: acceptedYaw=-0.004567566 renderedYaw=-0.0045675654 acceptedPitch=-0.114746615 renderedPitch=-0.1147466
Remote mount yaw and payload pitch settle to accepted MouseAimSensitivity=0.25 air=True up=False aim on actual presentation nodes
Local preference leaves host tuning and peer camera unchanged: MouseAimSensitivity=0.25 air=True up=False
CAMERA_AIM_SAMPLE MouseAimSensitivity=0.25 air=True up=True expected=<0.004509465, 0.15841928, -0.9873616> actual=<0.004509465, 0.15841928, -0.9873616> lens=(-0.04880448, 35.78559, 47.530895) target=(1.3061736, 80.29471, -249.14586) pitch=0.14891347
Final centered rendered ray and pivot-relative intent agree: MouseAimSensitivity=0.25 air=True up=True
Camera settings retain centered HUD: MouseAimSensitivity=0.25 air=True up=True
Authoritative articulation follows camera intent within network/pose tolerance: MouseAimSensitivity=0.25 air=True up=True
Shared body clearance remains safe: MouseAimSensitivity=0.25 air=True up=True
AIM_REMOTE MouseAimSensitivity=0.25 air=True up=True: acceptedYaw=-0.0045671547 renderedYaw=-0.004567154 acceptedPitch=0.15891826 renderedPitch=0.15887354
Remote mount yaw and payload pitch settle to accepted MouseAimSensitivity=0.25 air=True up=True aim on actual presentation nodes
Local preference leaves host tuning and peer camera unchanged: MouseAimSensitivity=0.25 air=True up=True
CAMERA_AIM_SAMPLE MouseAimSensitivity=1 air=False up=False expected=<0.0044624126, -0.21325576, -0.9769862> actual=<0.0044624126, -0.21325576, -0.9769862> lens=(-0.031500135, 5.8001556, 43.74154) target=(0.063819796, 0, 22.872501) pitch=-0.27108654
Final centered rendered ray and pivot-relative intent agree: MouseAimSensitivity=1 air=False up=False
Camera settings retain centered HUD: MouseAimSensitivity=1 air=False up=False
Authoritative articulation follows camera intent within network/pose tolerance: MouseAimSensitivity=1 air=False up=False
Shared body clearance remains safe: MouseAimSensitivity=1 air=False up=False
AIM_REMOTE MouseAimSensitivity=1 air=False up=False: acceptedYaw=-0.0045674974 renderedYaw=-0.004567496 acceptedPitch=-0.114746734 renderedPitch=-0.11474668
Remote mount yaw and payload pitch settle to accepted MouseAimSensitivity=1 air=False up=False aim on actual presentation nodes
Local preference leaves host tuning and peer camera unchanged: MouseAimSensitivity=1 air=False up=False
CAMERA_AIM_SAMPLE MouseAimSensitivity=1 air=False up=True expected=<0.0045115836, 0.15625192, -0.987707> actual=<0.0045115836, 0.15625192, -0.987707> lens=(-0.03361818, 4.309739, 44.204926) target=(1.3215225, 48.818855, -252.47183) pitch=0.14891347
Final centered rendered ray and pivot-relative intent agree: MouseAimSensitivity=1 air=False up=True
Camera settings retain centered HUD: MouseAimSensitivity=1 air=False up=True
Authoritative articulation follows camera intent within network/pose tolerance: MouseAimSensitivity=1 air=False up=True
Shared body clearance remains safe: MouseAimSensitivity=1 air=False up=True
AIM_REMOTE MouseAimSensitivity=1 air=False up=True: acceptedYaw=-0.0045677028 renderedYaw=-0.0045677004 acceptedPitch=0.15690902 renderedPitch=0.15691094
Remote mount yaw and payload pitch settle to accepted MouseAimSensitivity=1 air=False up=True aim on actual presentation nodes
Local preference leaves host tuning and peer camera unchanged: MouseAimSensitivity=1 air=False up=True
CAMERA_AIM_SAMPLE MouseAimSensitivity=1 air=True up=False expected=<0.0044094613, -0.26145744, -0.9652049> actual=<0.0044094613, -0.26145744, -0.9652049> lens=(-0.036068857, 37.497948, 44.74026) target=(0.58029366, 7.6293945E-06, -90.17784) pitch=-0.27108654
Final centered rendered ray and pivot-relative intent agree: MouseAimSensitivity=1 air=True up=False
Camera settings retain centered HUD: MouseAimSensitivity=1 air=True up=False
Authoritative articulation follows camera intent within network/pose tolerance: MouseAimSensitivity=1 air=True up=False
Shared body clearance remains safe: MouseAimSensitivity=1 air=True up=False
AIM_REMOTE MouseAimSensitivity=1 air=True up=False: acceptedYaw=-0.0045683878 renderedYaw=-0.004568386 acceptedPitch=-0.114746615 renderedPitch=-0.114746615
Remote mount yaw and payload pitch settle to accepted MouseAimSensitivity=1 air=True up=False aim on actual presentation nodes
Local preference leaves host tuning and peer camera unchanged: MouseAimSensitivity=1 air=True up=False
CAMERA_AIM_SAMPLE MouseAimSensitivity=1 air=True up=True expected=<0.004509599, 0.15842028, -0.9873615> actual=<0.004509599, 0.15842028, -0.9873615> lens=(-0.048805922, 35.78589, 47.53089) target=(1.3062128, 80.295006, -249.14587) pitch=0.14891347
Final centered rendered ray and pivot-relative intent agree: MouseAimSensitivity=1 air=True up=True
Camera settings retain centered HUD: MouseAimSensitivity=1 air=True up=True
Authoritative articulation follows camera intent within network/pose tolerance: MouseAimSensitivity=1 air=True up=True
Shared body clearance remains safe: MouseAimSensitivity=1 air=True up=True
AIM_REMOTE MouseAimSensitivity=1 air=True up=True: acceptedYaw=-0.0045672916 renderedYaw=-0.00456729 acceptedPitch=0.1588732 renderedPitch=0.15886249
Remote mount yaw and payload pitch settle to accepted MouseAimSensitivity=1 air=True up=True aim on actual presentation nodes
Local preference leaves host tuning and peer camera unchanged: MouseAimSensitivity=1 air=True up=True
CAMERA_AIM_SAMPLE MouseAimSensitivity=3 air=False up=False expected=<0.004462725, -0.21300954, -0.9770399> actual=<0.004462725, -0.21300954, -0.9770399> lens=(-0.031707216, 5.8174295, 43.786774) target=(0.06389804, 0, 22.855581) pitch=-0.2710865
Final centered rendered ray and pivot-relative intent agree: MouseAimSensitivity=3 air=False up=False
Camera settings retain centered HUD: MouseAimSensitivity=3 air=False up=False
Authoritative articulation follows camera intent within network/pose tolerance: MouseAimSensitivity=3 air=False up=False
Shared body clearance remains safe: MouseAimSensitivity=3 air=False up=False
AIM_REMOTE MouseAimSensitivity=3 air=False up=False: acceptedYaw=-0.0045675663 renderedYaw=-0.004567564 acceptedPitch=-0.114746705 renderedPitch=-0.114746675
Remote mount yaw and payload pitch settle to accepted MouseAimSensitivity=3 air=False up=False aim on actual presentation nodes
Local preference leaves host tuning and peer camera unchanged: MouseAimSensitivity=3 air=False up=False
CAMERA_AIM_SAMPLE MouseAimSensitivity=3 air=False up=True expected=<0.0045114476, 0.15625192, -0.9877069> actual=<0.0045114476, 0.15625192, -0.9877069> lens=(-0.033617165, 4.3097467, 44.204926) target=(1.3214828, 48.81886, -252.47183) pitch=0.14891346
Final centered rendered ray and pivot-relative intent agree: MouseAimSensitivity=3 air=False up=True
Camera settings retain centered HUD: MouseAimSensitivity=3 air=False up=True
Authoritative articulation follows camera intent within network/pose tolerance: MouseAimSensitivity=3 air=False up=True
Shared body clearance remains safe: MouseAimSensitivity=3 air=False up=True
AIM_REMOTE MouseAimSensitivity=3 air=False up=True: acceptedYaw=-0.0045675654 renderedYaw=-0.0045675645 acceptedPitch=0.15690896 renderedPitch=0.15691128
Remote mount yaw and payload pitch settle to accepted MouseAimSensitivity=3 air=False up=True aim on actual presentation nodes
Local preference leaves host tuning and peer camera unchanged: MouseAimSensitivity=3 air=False up=True
CAMERA_AIM_SAMPLE MouseAimSensitivity=3 air=True up=False expected=<0.004408532, -0.2614601, -0.96520424> actual=<0.004408532, -0.2614601, -0.96520424> lens=(-0.036061443, 37.49757, 44.740295) target=(0.5801656, -3.8146973E-06, -90.1765) pitch=-0.2710865
Final centered rendered ray and pivot-relative intent agree: MouseAimSensitivity=3 air=True up=False
Camera settings retain centered HUD: MouseAimSensitivity=3 air=True up=False
Authoritative articulation follows camera intent within network/pose tolerance: MouseAimSensitivity=3 air=True up=False
Shared body clearance remains safe: MouseAimSensitivity=3 air=True up=False
AIM_REMOTE MouseAimSensitivity=3 air=True up=False: acceptedYaw=-0.0045674294 renderedYaw=-0.004567428 acceptedPitch=-0.114746615 renderedPitch=-0.11474659
Remote mount yaw and payload pitch settle to accepted MouseAimSensitivity=3 air=True up=False aim on actual presentation nodes
Local preference leaves host tuning and peer camera unchanged: MouseAimSensitivity=3 air=True up=False
CAMERA_AIM_SAMPLE MouseAimSensitivity=3 air=True up=True expected=<0.0045096655, 0.15842123, -0.98736125> actual=<0.0045096655, 0.15842123, -0.98736125> lens=(-0.04880665, 35.786182, 47.53089) target=(1.3062323, 80.295296, -249.14587) pitch=0.14891346
Final centered rendered ray and pivot-relative intent agree: MouseAimSensitivity=3 air=True up=True
Camera settings retain centered HUD: MouseAimSensitivity=3 air=True up=True
Authoritative articulation follows camera intent within network/pose tolerance: MouseAimSensitivity=3 air=True up=True
Shared body clearance remains safe: MouseAimSensitivity=3 air=True up=True
AIM_REMOTE MouseAimSensitivity=3 air=True up=True: acceptedYaw=-0.00456736 renderedYaw=-0.0045673586 acceptedPitch=0.15899853 renderedPitch=0.1589343
Remote mount yaw and payload pitch settle to accepted MouseAimSensitivity=3 air=True up=True aim on actual presentation nodes
Local preference leaves host tuning and peer camera unchanged: MouseAimSensitivity=3 air=True up=True
CAMERA_AIM_SAMPLE StickAimCurve=1 air=False up=False expected=<0.025285177, -0.21302852, -0.9767188> actual=<0.025285177, -0.21302852, -0.9767188> lens=(-0.17979671, 5.8186493, 43.79021) target=(0.36200505, 4.7683716E-07, 22.861427) pitch=-0.27108654
Final centered rendered ray and pivot-relative intent agree: StickAimCurve=1 air=False up=False
Camera settings retain centered HUD: StickAimCurve=1 air=False up=False
Authoritative articulation follows camera intent within network/pose tolerance: StickAimCurve=1 air=False up=False
Shared body clearance remains safe: StickAimCurve=1 air=False up=False
AIM_REMOTE StickAimCurve=1 air=False up=False: acceptedYaw=-0.02588209 renderedYaw=-0.025882078 acceptedPitch=-0.11470972 renderedPitch=-0.114709705
Remote mount yaw and payload pitch settle to accepted StickAimCurve=1 air=False up=False aim on actual presentation nodes
Local preference leaves host tuning and peer camera unchanged: StickAimCurve=1 air=False up=False
CAMERA_AIM_SAMPLE StickAimCurve=1 air=False up=True expected=<0.025560573, 0.15625197, -0.98738647> actual=<0.025560573, 0.15625197, -0.98738647> lens=(-0.19046524, 4.309755, 44.202538) target=(7.487144, 48.818874, -252.37796) pitch=0.14891349
Final centered rendered ray and pivot-relative intent agree: StickAimCurve=1 air=False up=True
Camera settings retain centered HUD: StickAimCurve=1 air=False up=True
Authoritative articulation follows camera intent within network/pose tolerance: StickAimCurve=1 air=False up=True
Shared body clearance remains safe: StickAimCurve=1 air=False up=True
AIM_REMOTE StickAimCurve=1 air=False up=True: acceptedYaw=-0.02588132 renderedYaw=-0.025881313 acceptedPitch=0.15691243 renderedPitch=0.15691353
Remote mount yaw and payload pitch settle to accepted StickAimCurve=1 air=False up=True aim on actual presentation nodes
Local preference leaves host tuning and peer camera unchanged: StickAimCurve=1 air=False up=True
CAMERA_AIM_SAMPLE StickAimCurve=1 air=True up=False expected=<0.02497974, -0.261458, -0.96489155> actual=<0.02497974, -0.261458, -0.96489155> lens=(-0.20433098, 37.497864, 44.737686) target=(3.287376, 0, -90.13635) pitch=-0.27108654
Final centered rendered ray and pivot-relative intent agree: StickAimCurve=1 air=True up=False
Camera settings retain centered HUD: StickAimCurve=1 air=True up=False
Authoritative articulation follows camera intent within network/pose tolerance: StickAimCurve=1 air=True up=False
Shared body clearance remains safe: StickAimCurve=1 air=True up=False
AIM_REMOTE StickAimCurve=1 air=True up=False: acceptedYaw=-0.02588287 renderedYaw=-0.025882857 acceptedPitch=-0.11470974 renderedPitch=-0.11470972
Remote mount yaw and payload pitch settle to accepted StickAimCurve=1 air=True up=False aim on actual presentation nodes
Local preference leaves host tuning and peer camera unchanged: StickAimCurve=1 air=True up=False
CAMERA_AIM_SAMPLE StickAimCurve=1 air=True up=True expected=<0.025552776, 0.15842226, -0.98704076> actual=<0.025552776, 0.15842226, -0.98704076> lens=(-0.27654946, 35.786472, 47.527428) target=(7.401405, 80.29559, -249.05304) pitch=0.1489135
Final centered rendered ray and pivot-relative intent agree: StickAimCurve=1 air=True up=True
Camera settings retain centered HUD: StickAimCurve=1 air=True up=True
Authoritative articulation follows camera intent within network/pose tolerance: StickAimCurve=1 air=True up=True
Shared body clearance remains safe: StickAimCurve=1 air=True up=True
AIM_REMOTE StickAimCurve=1 air=True up=True: acceptedYaw=-0.025882486 renderedYaw=-0.025882483 acceptedPitch=0.15892068 renderedPitch=0.15891017
Remote mount yaw and payload pitch settle to accepted StickAimCurve=1 air=True up=True aim on actual presentation nodes
Local preference leaves host tuning and peer camera unchanged: StickAimCurve=1 air=True up=True
CAMERA_AIM_SAMPLE StickAimCurve=2 air=False up=False expected=<0.0044623916, -0.21300882, -0.9770401> actual=<0.0044623916, -0.21300882, -0.9770401> lens=(-0.031704843, 5.817444, 43.786774) target=(0.06389348, 0, 22.855532) pitch=-0.27108654
Final centered rendered ray and pivot-relative intent agree: StickAimCurve=2 air=False up=False
Camera settings retain centered HUD: StickAimCurve=2 air=False up=False
Authoritative articulation follows camera intent within network/pose tolerance: StickAimCurve=2 air=False up=False
Shared body clearance remains safe: StickAimCurve=2 air=False up=False
AIM_REMOTE StickAimCurve=2 air=False up=False: acceptedYaw=-0.0045672236 renderedYaw=-0.004567223 acceptedPitch=-0.114746675 renderedPitch=-0.11474663
Remote mount yaw and payload pitch settle to accepted StickAimCurve=2 air=False up=False aim on actual presentation nodes
Local preference leaves host tuning and peer camera unchanged: StickAimCurve=2 air=False up=False
CAMERA_AIM_SAMPLE StickAimCurve=2 air=False up=True expected=<0.0045115156, 0.156252, -0.9877069> actual=<0.0045115156, 0.156252, -0.9877069> lens=(-0.03361767, 4.309764, 44.204926) target=(1.3215027, 48.818882, -252.47183) pitch=0.14891347
Final centered rendered ray and pivot-relative intent agree: StickAimCurve=2 air=False up=True
Camera settings retain centered HUD: StickAimCurve=2 air=False up=True
Authoritative articulation follows camera intent within network/pose tolerance: StickAimCurve=2 air=False up=True
Shared body clearance remains safe: StickAimCurve=2 air=False up=True
AIM_REMOTE StickAimCurve=2 air=False up=True: acceptedYaw=-0.0045676343 renderedYaw=-0.004567633 acceptedPitch=0.15691271 renderedPitch=0.15691376
Remote mount yaw and payload pitch settle to accepted StickAimCurve=2 air=False up=True aim on actual presentation nodes
Local preference leaves host tuning and peer camera unchanged: StickAimCurve=2 air=False up=True
CAMERA_AIM_SAMPLE StickAimCurve=2 air=True up=False expected=<0.004408543, -0.26145172, -0.9652065> actual=<0.004408543, -0.26145172, -0.9652065> lens=(-0.03606143, 37.498787, 44.74029) target=(0.58018553, 3.8146973E-06, -90.18083) pitch=-0.27108654
Final centered rendered ray and pivot-relative intent agree: StickAimCurve=2 air=True up=False
Camera settings retain centered HUD: StickAimCurve=2 air=True up=False
Authoritative articulation follows camera intent within network/pose tolerance: StickAimCurve=2 air=True up=False
Shared body clearance remains safe: StickAimCurve=2 air=True up=False
AIM_REMOTE StickAimCurve=2 air=True up=False: acceptedYaw=-0.0045674285 renderedYaw=-0.0045674266 acceptedPitch=-0.114746526 renderedPitch=-0.11474655
Remote mount yaw and payload pitch settle to accepted StickAimCurve=2 air=True up=False aim on actual presentation nodes
Local preference leaves host tuning and peer camera unchanged: StickAimCurve=2 air=True up=False
CAMERA_AIM_SAMPLE StickAimCurve=2 air=True up=True expected=<0.004509664, 0.15842319, -0.98736095> actual=<0.004509664, 0.15842319, -0.98736095> lens=(-0.048806656, 35.78676, 47.53089) target=(1.3062323, 80.295876, -249.14587) pitch=0.14891347
Final centered rendered ray and pivot-relative intent agree: StickAimCurve=2 air=True up=True
Camera settings retain centered HUD: StickAimCurve=2 air=True up=True
Authoritative articulation follows camera intent within network/pose tolerance: StickAimCurve=2 air=True up=True
Shared body clearance remains safe: StickAimCurve=2 air=True up=True
AIM_REMOTE StickAimCurve=2 air=True up=True: acceptedYaw=-0.00456736 renderedYaw=-0.00456735 acceptedPitch=0.15887554 renderedPitch=0.1588497
Remote mount yaw and payload pitch settle to accepted StickAimCurve=2 air=True up=True aim on actual presentation nodes
Local preference leaves host tuning and peer camera unchanged: StickAimCurve=2 air=True up=True
CAMERA_AIM_SAMPLE StickAimCurve=3 air=False up=False expected=<0.0007875086, -0.2130682, -0.977037> actual=<0.0007875086, -0.2130682, -0.977037> lens=(-0.0055950014, 5.816226, 43.786545) target=(0.011272575, 0, 22.859474) pitch=-0.27108654
Final centered rendered ray and pivot-relative intent agree: StickAimCurve=3 air=False up=False
Camera settings retain centered HUD: StickAimCurve=3 air=False up=False
Authoritative articulation follows camera intent within network/pose tolerance: StickAimCurve=3 air=False up=False
Shared body clearance remains safe: StickAimCurve=3 air=False up=False
AIM_REMOTE StickAimCurve=3 air=False up=False: acceptedYaw=-0.00080601685 renderedYaw=-0.0008060169 acceptedPitch=-0.11474779 renderedPitch=-0.114747755
Remote mount yaw and payload pitch settle to accepted StickAimCurve=3 air=False up=False aim on actual presentation nodes
Local preference leaves host tuning and peer camera unchanged: StickAimCurve=3 air=False up=False
CAMERA_AIM_SAMPLE StickAimCurve=3 air=False up=True expected=<0.00079610426, 0.15625511, -0.98771644> actual=<0.00079610426, 0.15625511, -0.98771644> lens=(-0.0059321946, 4.3107004, 44.204998) target=(0.23319314, 48.81982, -252.47478) pitch=0.14891349
Final centered rendered ray and pivot-relative intent agree: StickAimCurve=3 air=False up=True
Camera settings retain centered HUD: StickAimCurve=3 air=False up=True
Authoritative articulation follows camera intent within network/pose tolerance: StickAimCurve=3 air=False up=True
Shared body clearance remains safe: StickAimCurve=3 air=False up=True
AIM_REMOTE StickAimCurve=3 air=False up=True: acceptedYaw=-0.0008060047 renderedYaw=-0.00080600457 acceptedPitch=0.15691361 renderedPitch=0.15691505
Remote mount yaw and payload pitch settle to accepted StickAimCurve=3 air=False up=True aim on actual presentation nodes
Local preference leaves host tuning and peer camera unchanged: StickAimCurve=3 air=False up=True
CAMERA_AIM_SAMPLE StickAimCurve=3 air=True up=False expected=<0.00077807216, -0.2611928, -0.9652863> actual=<0.00077807216, -0.2611928, -0.9652863> lens=(-0.0063640582, 37.536335, 44.740334) target=(0.10249956, 3.8146973E-06, -90.31727) pitch=-0.27108654
Final centered rendered ray and pivot-relative intent agree: StickAimCurve=3 air=True up=False
Camera settings retain centered HUD: StickAimCurve=3 air=True up=False
Authoritative articulation follows camera intent within network/pose tolerance: StickAimCurve=3 air=True up=False
Shared body clearance remains safe: StickAimCurve=3 air=True up=False
AIM_REMOTE StickAimCurve=3 air=True up=False: acceptedYaw=-0.00080605317 renderedYaw=-0.0008060529 acceptedPitch=-0.11474782 renderedPitch=-0.11474774
Remote mount yaw and payload pitch settle to accepted StickAimCurve=3 air=True up=False aim on actual presentation nodes
Local preference leaves host tuning and peer camera unchanged: StickAimCurve=3 air=True up=False
CAMERA_AIM_SAMPLE StickAimCurve=3 air=True up=True expected=<0.0007957854, 0.15855183, -0.9873504> actual=<0.0007957854, 0.15855183, -0.9873504> lens=(-0.008612712, 35.824966, 47.531002) target=(0.23050548, 80.33409, -249.14877) pitch=0.14891349
Final centered rendered ray and pivot-relative intent agree: StickAimCurve=3 air=True up=True
Camera settings retain centered HUD: StickAimCurve=3 air=True up=True
Authoritative articulation follows camera intent within network/pose tolerance: StickAimCurve=3 air=True up=True
Shared body clearance remains safe: StickAimCurve=3 air=True up=True
AIM_REMOTE StickAimCurve=3 air=True up=True: acceptedYaw=-0.0008059806 renderedYaw=-0.00080598023 acceptedPitch=0.15897498 renderedPitch=0.15896498
Remote mount yaw and payload pitch settle to accepted StickAimCurve=3 air=True up=True aim on actual presentation nodes
Local preference leaves host tuning and peer camera unchanged: StickAimCurve=3 air=True up=True
Camera preference aiming matrix passed: 152 low/default/high ground/air upward/downward cases through three real UDP peers.
Vehicle drives while aiming (peak 21.36 m/s, travel 23.28 m)
Airborne shooter opens wider camera framing
Airborne shooter can aim above the horizon
Airborne camera input retains the centered shared aiming cursor
Aerial pullback cannot drift held camera aim
Airborne desired aim reaches authority and the observer
Aiming survives landing and smooth chase recovery
Landing retains camera-relative aiming presentation
Menu suppression clears marker immediately
Item switch selects shared Missile foundation
Native NOS granted
Native high-speed weapon granted
NOS request accepted
Real sustained NOS accelerates the native vehicle
Direct-fire aim resumes at high speed after selecting away from NOS
Removal retires authoritative aim and local marker
New life retires previous aiming capability
Fresh weapon restores aiming before lethal damage
Lethal damage and timed respawn fixture tuning accepted
Other vehicle receives a real missile
Real host missile use accepted
Actual missile explosion kills the aiming vehicle
Death carries authoritative missile attribution
Actual death immediately clears authoritative aim
Confirmed client death clears the camera cursor before respawn
Ordinary timed respawn creates a fresh living vehicle
Respawn cannot retain a dead weapon's marker
Weapon aiming integration passed: 1031 checks; three native UDP peers.
