Godot Engine v4.7.2.stable.mono.official.ed1daf0bf - https://godotengine.org

WARNING: 'res://assets/arena/kenney/city/shipping-container-a.glb': In external resource #0, invalid UID: 'uid://dlrogtf07hlub' - using text path instead: 'res://assets/arena/kenney/city/Textures/colormap.png'.
   at: open (core/io/resource_format_binary.cpp:1025)
   C# backtrace (most recent call first):
       [0] Godot.GodotObject Godot.NativeCalls.godot_icall_3_1268(nint, nint, string, string, int) (/root/godot/modules/mono/glue/GodotSharp/GodotSharp/Generated/NativeCalls.cs:11611)
       [1] Godot.Resource Godot.ResourceLoader.Load(string, string, Godot.ResourceLoader+CacheMode) (/root/godot/modules/mono/glue/GodotSharp/GodotSharp/Generated/GodotObjects/ResourceLoader.cs:120)
       [2] T Godot.ResourceLoader.Load<T>(string, string, Godot.ResourceLoader+CacheMode) (/root/godot/modules/mono/glue/GodotSharp/GodotSharp/Core/Extensions/ResourceLoaderExtensions.cs:27)
       [3] T Trackstorm.Client.Networking.MatchResourceLoader.LoadResource<T>(string) (C:\Users\j_gen\OneDrive\Documents\Game_Projects\Trackstorm\.godot\ts217-main-baseline\code\Client\Networking\MatchResourceLoader.cs:61)
       [4] void Trackstorm.Client.Arenas.CombatArena.AddModel(Godot.Node3D, string, Godot.Vector3, Godot.Vector3, Godot.Material) (C:\Users\j_gen\OneDrive\Documents\Game_Projects\Trackstorm\.godot\ts217-main-baseline\code\Client\Arenas\CombatArena.cs:137)
       [5] void Trackstorm.Client.Arenas.CombatArena.AddObstacle(string, Godot.Vector3, Godot.Vector3, string, Godot.Material) (C:\Users\j_gen\OneDrive\Documents\Game_Projects\Trackstorm\.godot\ts217-main-baseline\code\Client\Arenas\CombatArena.cs:178)
       [6] void Trackstorm.Client.Arenas.CombatArena._Ready() (C:\Users\j_gen\OneDrive\Documents\Game_Projects\Trackstorm\.godot\ts217-main-baseline\code\Client\Arenas\CombatArena.cs:47)
       [7] bool Godot.Node.InvokeGodotClassMethod(Godot.NativeInterop.godot_string_name&, Godot.NativeInterop.NativeVariantPtrArgs, Godot.NativeInterop.godot_variant&) (/root/godot/modules/mono/glue/GodotSharp/GodotSharp/Generated/GodotObjects/Node.cs:2660)
       [8] bool Godot.Node3D.InvokeGodotClassMethod(Godot.NativeInterop.godot_string_name&, Godot.NativeInterop.NativeVariantPtrArgs, Godot.NativeInterop.godot_variant&) (/root/godot/modules/mono/glue/GodotSharp/GodotSharp/Generated/GodotObjects/Node3D.cs:1127)
       [9] bool Trackstorm.Client.Arenas.CombatArena.InvokeGodotClassMethod(Godot.NativeInterop.godot_string_name&, Godot.NativeInterop.NativeVariantPtrArgs, Godot.NativeInterop.godot_variant&) (C:\Users\j_gen\OneDrive\Documents\Game_Projects\Trackstorm\.godot\ts217-main-baseline\.godot\mono\temp\obj\Debug\Godot.SourceGenerators\Godot.SourceGenerators.ScriptMethodsGenerator\Trackstorm.Client.Arenas.CombatArena_ScriptMethods.generated.cs:90)
       [10] Godot.NativeInterop.godot_bool Godot.Bridge.CSharpInstanceBridge.Call(nint, Godot.NativeInterop.godot_string_name*, Godot.NativeInterop.godot_variant**, int, Godot.NativeInterop.godot_variant_call_error*, Godot.NativeInterop.godot_variant*) (/root/godot/modules/mono/glue/GodotSharp/GodotSharp/Core/Bridge/CSharpInstanceBridge.cs:24)
       [11] void Godot.NativeInterop.NativeFuncs.godotsharp_method_bind_ptrcall(nint, nint, System.Void**, System.Void*) (/root/godot/modules/mono/glue/GodotSharp/GodotSharp/Godot.SourceGenerators.Internal/Godot.SourceGenerators.Internal.UnmanagedCallbacksGenerator/Godot.NativeInterop.NativeFuncs.generated.cs:380)
       [12] void Godot.NativeCalls.godot_icall_3_912(nint, nint, nint, Godot.NativeInterop.godot_bool, int) (/root/godot/modules/mono/glue/GodotSharp/GodotSharp/Generated/NativeCalls.cs:8061)
       [13] void Godot.Node.AddChild(Godot.Node, bool, Godot.Node+InternalMode) (/root/godot/modules/mono/glue/GodotSharp/GodotSharp/Generated/GodotObjects/Node.cs:848)
       [14] void Trackstorm.Client.Networking.NetworkVehicleArena._Ready() (C:\Users\j_gen\OneDrive\Documents\Game_Projects\Trackstorm\.godot\ts217-main-baseline\code\Client\Networking\NetworkVehicleArena.cs:90)
       [15] bool Godot.Node.InvokeGodotClassMethod(Godot.NativeInterop.godot_string_name&, Godot.NativeInterop.NativeVariantPtrArgs, Godot.NativeInterop.godot_variant&) (/root/godot/modules/mono/glue/GodotSharp/GodotSharp/Generated/GodotObjects/Node.cs:2660)
       [16] bool Godot.Node3D.InvokeGodotClassMethod(Godot.NativeInterop.godot_string_name&, Godot.NativeInterop.NativeVariantPtrArgs, Godot.NativeInterop.godot_variant&) (/root/godot/modules/mono/glue/GodotSharp/GodotSharp/Generated/GodotObjects/Node3D.cs:1127)
       [17] bool Trackstorm.Client.Networking.NetworkVehicleArena.InvokeGodotClassMethod(Godot.NativeInterop.godot_string_name&, Godot.NativeInterop.NativeVariantPtrArgs, Godot.NativeInterop.godot_variant&) (C:\Users\j_gen\OneDrive\Documents\Game_Projects\Trackstorm\.godot\ts217-main-baseline\.godot\mono\temp\obj\Debug\Godot.SourceGenerators\Godot.SourceGenerators.ScriptMethodsGenerator\Trackstorm.Client.Networking.NetworkVehicleArena_ScriptMethods.generated.cs:70)
       [18] Godot.NativeInterop.godot_bool Godot.Bridge.CSharpInstanceBridge.Call(nint, Godot.NativeInterop.godot_string_name*, Godot.NativeInterop.godot_variant**, int, Godot.NativeInterop.godot_variant_call_error*, Godot.NativeInterop.godot_variant*) (/root/godot/modules/mono/glue/GodotSharp/GodotSharp/Core/Bridge/CSharpInstanceBridge.cs:24)
       [19] void Godot.NativeInterop.NativeFuncs.godotsharp_method_bind_ptrcall(nint, nint, System.Void**, System.Void*) (/root/godot/modules/mono/glue/GodotSharp/GodotSharp/Godot.SourceGenerators.Internal/Godot.SourceGenerators.Internal.UnmanagedCallbacksGenerator/Godot.NativeInterop.NativeFuncs.generated.cs:380)
       [20] void Godot.NativeCalls.godot_icall_3_912(nint, nint, nint, Godot.NativeInterop.godot_bool, int) (/root/godot/modules/mono/glue/GodotSharp/GodotSharp/Generated/NativeCalls.cs:8061)
       [21] void Godot.Node.AddChild(Godot.Node, bool, Godot.Node+InternalMode) (/root/godot/modules/mono/glue/GodotSharp/GodotSharp/Generated/GodotObjects/Node.cs:848)
       [22] void Trackstorm.Client.Verification.ProxyMineIntegrationChecks.AddPeer() (C:\Users\j_gen\OneDrive\Documents\Game_Projects\Trackstorm\.godot\ts217-main-baseline\code\Client\Verification\ProxyMineIntegrationChecks.cs:69)
       [23] void Trackstorm.Client.Verification.ProxyMineIntegrationChecks._Ready() (C:\Users\j_gen\OneDrive\Documents\Game_Projects\Trackstorm\.godot\ts217-main-baseline\code\Client\Verification\ProxyMineIntegrationChecks.cs:47)
       [24] bool Godot.Node.InvokeGodotClassMethod(Godot.NativeInterop.godot_string_name&, Godot.NativeInterop.NativeVariantPtrArgs, Godot.NativeInterop.godot_variant&) (/root/godot/modules/mono/glue/GodotSharp/GodotSharp/Generated/GodotObjects/Node.cs:2660)
       [25] bool Trackstorm.Client.Verification.ProxyMineIntegrationChecks.InvokeGodotClassMethod(Godot.NativeInterop.godot_string_name&, Godot.NativeInterop.NativeVariantPtrArgs, Godot.NativeInterop.godot_variant&) (C:\Users\j_gen\OneDrive\Documents\Game_Projects\Trackstorm\.godot\ts217-main-baseline\.godot\mono\temp\obj\Debug\Godot.SourceGenerators\Godot.SourceGenerators.ScriptMethodsGenerator\Trackstorm.Client.Verification.ProxyMineIntegrationChecks_ScriptMethods.generated.cs:130)
       [26] Godot.NativeInterop.godot_bool Godot.Bridge.CSharpInstanceBridge.Call(nint, Godot.NativeInterop.godot_string_name*, Godot.NativeInterop.godot_variant**, int, Godot.NativeInterop.godot_variant_call_error*, Godot.NativeInterop.godot_variant*) (/root/godot/modules/mono/glue/GodotSharp/GodotSharp/Core/Bridge/CSharpInstanceBridge.cs:24)
WARNING: 'res://assets/arena/polyhaven/concrete_road_barrier/concrete_road_barrier_1k.gltf': In external resource #0, invalid UID: 'uid://cww55djgkdl0e' - using text path instead: 'res://assets/arena/polyhaven/concrete_road_barrier/textures/concrete_road_barrier_diff_1k.jpg'.
   at: open (core/io/resource_format_binary.cpp:1025)
   C# backtrace (most recent call first):
       [0] Godot.GodotObject Godot.NativeCalls.godot_icall_3_1268(nint, nint, string, string, int) (/root/godot/modules/mono/glue/GodotSharp/GodotSharp/Generated/NativeCalls.cs:11611)
       [1] Godot.Resource Godot.ResourceLoader.Load(string, string, Godot.ResourceLoader+CacheMode) (/root/godot/modules/mono/glue/GodotSharp/GodotSharp/Generated/GodotObjects/ResourceLoader.cs:120)
       [2] T Godot.ResourceLoader.Load<T>(string, string, Godot.ResourceLoader+CacheMode) (/root/godot/modules/mono/glue/GodotSharp/GodotSharp/Core/Extensions/ResourceLoaderExtensions.cs:27)
       [3] T Trackstorm.Client.Networking.MatchResourceLoader.LoadResource<T>(string) (C:\Users\j_gen\OneDrive\Documents\Game_Projects\Trackstorm\.godot\ts217-main-baseline\code\Client\Networking\MatchResourceLoader.cs:61)
       [4] void Trackstorm.Client.Arenas.CombatArena.AddModel(Godot.Node3D, string, Godot.Vector3, Godot.Vector3, Godot.Material) (C:\Users\j_gen\OneDrive\Documents\Game_Projects\Trackstorm\.godot\ts217-main-baseline\code\Client\Arenas\CombatArena.cs:137)
       [5] void Trackstorm.Client.Arenas.CombatArena.AddObstacle(string, Godot.Vector3, Godot.Vector3, string, Godot.Material) (C:\Users\j_gen\OneDrive\Documents\Game_Projects\Trackstorm\.godot\ts217-main-baseline\code\Client\Arenas\CombatArena.cs:178)
       [6] void Trackstorm.Client.Arenas.CombatArena._Ready() (C:\Users\j_gen\OneDrive\Documents\Game_Projects\Trackstorm\.godot\ts217-main-baseline\code\Client\Arenas\CombatArena.cs:49)
       [7] bool Godot.Node.InvokeGodotClassMethod(Godot.NativeInterop.godot_string_name&, Godot.NativeInterop.NativeVariantPtrArgs, Godot.NativeInterop.godot_variant&) (/root/godot/modules/mono/glue/GodotSharp/GodotSharp/Generated/GodotObjects/Node.cs:2660)
       [8] bool Godot.Node3D.InvokeGodotClassMethod(Godot.NativeInterop.godot_string_name&, Godot.NativeInterop.NativeVariantPtrArgs, Godot.NativeInterop.godot_variant&) (/root/godot/modules/mono/glue/GodotSharp/GodotSharp/Generated/GodotObjects/Node3D.cs:1127)
       [9] bool Trackstorm.Client.Arenas.CombatArena.InvokeGodotClassMethod(Godot.NativeInterop.godot_string_name&, Godot.NativeInterop.NativeVariantPtrArgs, Godot.NativeInterop.godot_variant&) (C:\Users\j_gen\OneDrive\Documents\Game_Projects\Trackstorm\.godot\ts217-main-baseline\.godot\mono\temp\obj\Debug\Godot.SourceGenerators\Godot.SourceGenerators.ScriptMethodsGenerator\Trackstorm.Client.Arenas.CombatArena_ScriptMethods.generated.cs:90)
       [10] Godot.NativeInterop.godot_bool Godot.Bridge.CSharpInstanceBridge.Call(nint, Godot.NativeInterop.godot_string_name*, Godot.NativeInterop.godot_variant**, int, Godot.NativeInterop.godot_variant_call_error*, Godot.NativeInterop.godot_variant*) (/root/godot/modules/mono/glue/GodotSharp/GodotSharp/Core/Bridge/CSharpInstanceBridge.cs:24)
       [11] void Godot.NativeInterop.NativeFuncs.godotsharp_method_bind_ptrcall(nint, nint, System.Void**, System.Void*) (/root/godot/modules/mono/glue/GodotSharp/GodotSharp/Godot.SourceGenerators.Internal/Godot.SourceGenerators.Internal.UnmanagedCallbacksGenerator/Godot.NativeInterop.NativeFuncs.generated.cs:380)
       [12] void Godot.NativeCalls.godot_icall_3_912(nint, nint, nint, Godot.NativeInterop.godot_bool, int) (/root/godot/modules/mono/glue/GodotSharp/GodotSharp/Generated/NativeCalls.cs:8061)
       [13] void Godot.Node.AddChild(Godot.Node, bool, Godot.Node+InternalMode) (/root/godot/modules/mono/glue/GodotSharp/GodotSharp/Generated/GodotObjects/Node.cs:848)
       [14] void Trackstorm.Client.Networking.NetworkVehicleArena._Ready() (C:\Users\j_gen\OneDrive\Documents\Game_Projects\Trackstorm\.godot\ts217-main-baseline\code\Client\Networking\NetworkVehicleArena.cs:90)
       [15] bool Godot.Node.InvokeGodotClassMethod(Godot.NativeInterop.godot_string_name&, Godot.NativeInterop.NativeVariantPtrArgs, Godot.NativeInterop.godot_variant&) (/root/godot/modules/mono/glue/GodotSharp/GodotSharp/Generated/GodotObjects/Node.cs:2660)
       [16] bool Godot.Node3D.InvokeGodotClassMethod(Godot.NativeInterop.godot_string_name&, Godot.NativeInterop.NativeVariantPtrArgs, Godot.NativeInterop.godot_variant&) (/root/godot/modules/mono/glue/GodotSharp/GodotSharp/Generated/GodotObjects/Node3D.cs:1127)
       [17] bool Trackstorm.Client.Networking.NetworkVehicleArena.InvokeGodotClassMethod(Godot.NativeInterop.godot_string_name&, Godot.NativeInterop.NativeVariantPtrArgs, Godot.NativeInterop.godot_variant&) (C:\Users\j_gen\OneDrive\Documents\Game_Projects\Trackstorm\.godot\ts217-main-baseline\.godot\mono\temp\obj\Debug\Godot.SourceGenerators\Godot.SourceGenerators.ScriptMethodsGenerator\Trackstorm.Client.Networking.NetworkVehicleArena_ScriptMethods.generated.cs:70)
       [18] Godot.NativeInterop.godot_bool Godot.Bridge.CSharpInstanceBridge.Call(nint, Godot.NativeInterop.godot_string_name*, Godot.NativeInterop.godot_variant**, int, Godot.NativeInterop.godot_variant_call_error*, Godot.NativeInterop.godot_variant*) (/root/godot/modules/mono/glue/GodotSharp/GodotSharp/Core/Bridge/CSharpInstanceBridge.cs:24)
       [19] void Godot.NativeInterop.NativeFuncs.godotsharp_method_bind_ptrcall(nint, nint, System.Void**, System.Void*) (/root/godot/modules/mono/glue/GodotSharp/GodotSharp/Godot.SourceGenerators.Internal/Godot.SourceGenerators.Internal.UnmanagedCallbacksGenerator/Godot.NativeInterop.NativeFuncs.generated.cs:380)
       [20] void Godot.NativeCalls.godot_icall_3_912(nint, nint, nint, Godot.NativeInterop.godot_bool, int) (/root/godot/modules/mono/glue/GodotSharp/GodotSharp/Generated/NativeCalls.cs:8061)
       [21] void Godot.Node.AddChild(Godot.Node, bool, Godot.Node+InternalMode) (/root/godot/modules/mono/glue/GodotSharp/GodotSharp/Generated/GodotObjects/Node.cs:848)
       [22] void Trackstorm.Client.Verification.ProxyMineIntegrationChecks.AddPeer() (C:\Users\j_gen\OneDrive\Documents\Game_Projects\Trackstorm\.godot\ts217-main-baseline\code\Client\Verification\ProxyMineIntegrationChecks.cs:69)
       [23] void Trackstorm.Client.Verification.ProxyMineIntegrationChecks._Ready() (C:\Users\j_gen\OneDrive\Documents\Game_Projects\Trackstorm\.godot\ts217-main-baseline\code\Client\Verification\ProxyMineIntegrationChecks.cs:47)
       [24] bool Godot.Node.InvokeGodotClassMethod(Godot.NativeInterop.godot_string_name&, Godot.NativeInterop.NativeVariantPtrArgs, Godot.NativeInterop.godot_variant&) (/root/godot/modules/mono/glue/GodotSharp/GodotSharp/Generated/GodotObjects/Node.cs:2660)
       [25] bool Trackstorm.Client.Verification.ProxyMineIntegrationChecks.InvokeGodotClassMethod(Godot.NativeInterop.godot_string_name&, Godot.NativeInterop.NativeVariantPtrArgs, Godot.NativeInterop.godot_variant&) (C:\Users\j_gen\OneDrive\Documents\Game_Projects\Trackstorm\.godot\ts217-main-baseline\.godot\mono\temp\obj\Debug\Godot.SourceGenerators\Godot.SourceGenerators.ScriptMethodsGenerator\Trackstorm.Client.Verification.ProxyMineIntegrationChecks_ScriptMethods.generated.cs:130)
       [26] Godot.NativeInterop.godot_bool Godot.Bridge.CSharpInstanceBridge.Call(nint, Godot.NativeInterop.godot_string_name*, Godot.NativeInterop.godot_variant**, int, Godot.NativeInterop.godot_variant_call_error*, Godot.NativeInterop.godot_variant*) (/root/godot/modules/mono/glue/GodotSharp/GodotSharp/Core/Bridge/CSharpInstanceBridge.cs:24)
WARNING: 'res://assets/arena/polyhaven/concrete_road_barrier/concrete_road_barrier_1k.gltf': In external resource #1, invalid UID: 'uid://du7weygp4d8d' - using text path instead: 'res://assets/arena/polyhaven/concrete_road_barrier/textures/concrete_road_barrier_arm_1k.jpg'.
   at: open (core/io/resource_format_binary.cpp:1025)
   C# backtrace (most recent call first):
       [0] Godot.GodotObject Godot.NativeCalls.godot_icall_3_1268(nint, nint, string, string, int) (/root/godot/modules/mono/glue/GodotSharp/GodotSharp/Generated/NativeCalls.cs:11611)
       [1] Godot.Resource Godot.ResourceLoader.Load(string, string, Godot.ResourceLoader+CacheMode) (/root/godot/modules/mono/glue/GodotSharp/GodotSharp/Generated/GodotObjects/ResourceLoader.cs:120)
       [2] T Godot.ResourceLoader.Load<T>(string, string, Godot.ResourceLoader+CacheMode) (/root/godot/modules/mono/glue/GodotSharp/GodotSharp/Core/Extensions/ResourceLoaderExtensions.cs:27)
       [3] T Trackstorm.Client.Networking.MatchResourceLoader.LoadResource<T>(string) (C:\Users\j_gen\OneDrive\Documents\Game_Projects\Trackstorm\.godot\ts217-main-baseline\code\Client\Networking\MatchResourceLoader.cs:61)
       [4] void Trackstorm.Client.Arenas.CombatArena.AddModel(Godot.Node3D, string, Godot.Vector3, Godot.Vector3, Godot.Material) (C:\Users\j_gen\OneDrive\Documents\Game_Projects\Trackstorm\.godot\ts217-main-baseline\code\Client\Arenas\CombatArena.cs:137)
       [5] void Trackstorm.Client.Arenas.CombatArena.AddObstacle(string, Godot.Vector3, Godot.Vector3, string, Godot.Material) (C:\Users\j_gen\OneDrive\Documents\Game_Projects\Trackstorm\.godot\ts217-main-baseline\code\Client\Arenas\CombatArena.cs:178)
       [6] void Trackstorm.Client.Arenas.CombatArena._Ready() (C:\Users\j_gen\OneDrive\Documents\Game_Projects\Trackstorm\.godot\ts217-main-baseline\code\Client\Arenas\CombatArena.cs:49)
       [7] bool Godot.Node.InvokeGodotClassMethod(Godot.NativeInterop.godot_string_name&, Godot.NativeInterop.NativeVariantPtrArgs, Godot.NativeInterop.godot_variant&) (/root/godot/modules/mono/glue/GodotSharp/GodotSharp/Generated/GodotObjects/Node.cs:2660)
       [8] bool Godot.Node3D.InvokeGodotClassMethod(Godot.NativeInterop.godot_string_name&, Godot.NativeInterop.NativeVariantPtrArgs, Godot.NativeInterop.godot_variant&) (/root/godot/modules/mono/glue/GodotSharp/GodotSharp/Generated/GodotObjects/Node3D.cs:1127)
       [9] bool Trackstorm.Client.Arenas.CombatArena.InvokeGodotClassMethod(Godot.NativeInterop.godot_string_name&, Godot.NativeInterop.NativeVariantPtrArgs, Godot.NativeInterop.godot_variant&) (C:\Users\j_gen\OneDrive\Documents\Game_Projects\Trackstorm\.godot\ts217-main-baseline\.godot\mono\temp\obj\Debug\Godot.SourceGenerators\Godot.SourceGenerators.ScriptMethodsGenerator\Trackstorm.Client.Arenas.CombatArena_ScriptMethods.generated.cs:90)
       [10] Godot.NativeInterop.godot_bool Godot.Bridge.CSharpInstanceBridge.Call(nint, Godot.NativeInterop.godot_string_name*, Godot.NativeInterop.godot_variant**, int, Godot.NativeInterop.godot_variant_call_error*, Godot.NativeInterop.godot_variant*) (/root/godot/modules/mono/glue/GodotSharp/GodotSharp/Core/Bridge/CSharpInstanceBridge.cs:24)
       [11] void Godot.NativeInterop.NativeFuncs.godotsharp_method_bind_ptrcall(nint, nint, System.Void**, System.Void*) (/root/godot/modules/mono/glue/GodotSharp/GodotSharp/Godot.SourceGenerators.Internal/Godot.SourceGenerators.Internal.UnmanagedCallbacksGenerator/Godot.NativeInterop.NativeFuncs.generated.cs:380)
       [12] void Godot.NativeCalls.godot_icall_3_912(nint, nint, nint, Godot.NativeInterop.godot_bool, int) (/root/godot/modules/mono/glue/GodotSharp/GodotSharp/Generated/NativeCalls.cs:8061)
       [13] void Godot.Node.AddChild(Godot.Node, bool, Godot.Node+InternalMode) (/root/godot/modules/mono/glue/GodotSharp/GodotSharp/Generated/GodotObjects/Node.cs:848)
       [14] void Trackstorm.Client.Networking.NetworkVehicleArena._Ready() (C:\Users\j_gen\OneDrive\Documents\Game_Projects\Trackstorm\.godot\ts217-main-baseline\code\Client\Networking\NetworkVehicleArena.cs:90)
       [15] bool Godot.Node.InvokeGodotClassMethod(Godot.NativeInterop.godot_string_name&, Godot.NativeInterop.NativeVariantPtrArgs, Godot.NativeInterop.godot_variant&) (/root/godot/modules/mono/glue/GodotSharp/GodotSharp/Generated/GodotObjects/Node.cs:2660)
       [16] bool Godot.Node3D.InvokeGodotClassMethod(Godot.NativeInterop.godot_string_name&, Godot.NativeInterop.NativeVariantPtrArgs, Godot.NativeInterop.godot_variant&) (/root/godot/modules/mono/glue/GodotSharp/GodotSharp/Generated/GodotObjects/Node3D.cs:1127)
       [17] bool Trackstorm.Client.Networking.NetworkVehicleArena.InvokeGodotClassMethod(Godot.NativeInterop.godot_string_name&, Godot.NativeInterop.NativeVariantPtrArgs, Godot.NativeInterop.godot_variant&) (C:\Users\j_gen\OneDrive\Documents\Game_Projects\Trackstorm\.godot\ts217-main-baseline\.godot\mono\temp\obj\Debug\Godot.SourceGenerators\Godot.SourceGenerators.ScriptMethodsGenerator\Trackstorm.Client.Networking.NetworkVehicleArena_ScriptMethods.generated.cs:70)
       [18] Godot.NativeInterop.godot_bool Godot.Bridge.CSharpInstanceBridge.Call(nint, Godot.NativeInterop.godot_string_name*, Godot.NativeInterop.godot_variant**, int, Godot.NativeInterop.godot_variant_call_error*, Godot.NativeInterop.godot_variant*) (/root/godot/modules/mono/glue/GodotSharp/GodotSharp/Core/Bridge/CSharpInstanceBridge.cs:24)
       [19] void Godot.NativeInterop.NativeFuncs.godotsharp_method_bind_ptrcall(nint, nint, System.Void**, System.Void*) (/root/godot/modules/mono/glue/GodotSharp/GodotSharp/Godot.SourceGenerators.Internal/Godot.SourceGenerators.Internal.UnmanagedCallbacksGenerator/Godot.NativeInterop.NativeFuncs.generated.cs:380)
       [20] void Godot.NativeCalls.godot_icall_3_912(nint, nint, nint, Godot.NativeInterop.godot_bool, int) (/root/godot/modules/mono/glue/GodotSharp/GodotSharp/Generated/NativeCalls.cs:8061)
       [21] void Godot.Node.AddChild(Godot.Node, bool, Godot.Node+InternalMode) (/root/godot/modules/mono/glue/GodotSharp/GodotSharp/Generated/GodotObjects/Node.cs:848)
       [22] void Trackstorm.Client.Verification.ProxyMineIntegrationChecks.AddPeer() (C:\Users\j_gen\OneDrive\Documents\Game_Projects\Trackstorm\.godot\ts217-main-baseline\code\Client\Verification\ProxyMineIntegrationChecks.cs:69)
       [23] void Trackstorm.Client.Verification.ProxyMineIntegrationChecks._Ready() (C:\Users\j_gen\OneDrive\Documents\Game_Projects\Trackstorm\.godot\ts217-main-baseline\code\Client\Verification\ProxyMineIntegrationChecks.cs:47)
       [24] bool Godot.Node.InvokeGodotClassMethod(Godot.NativeInterop.godot_string_name&, Godot.NativeInterop.NativeVariantPtrArgs, Godot.NativeInterop.godot_variant&) (/root/godot/modules/mono/glue/GodotSharp/GodotSharp/Generated/GodotObjects/Node.cs:2660)
       [25] bool Trackstorm.Client.Verification.ProxyMineIntegrationChecks.InvokeGodotClassMethod(Godot.NativeInterop.godot_string_name&, Godot.NativeInterop.NativeVariantPtrArgs, Godot.NativeInterop.godot_variant&) (C:\Users\j_gen\OneDrive\Documents\Game_Projects\Trackstorm\.godot\ts217-main-baseline\.godot\mono\temp\obj\Debug\Godot.SourceGenerators\Godot.SourceGenerators.ScriptMethodsGenerator\Trackstorm.Client.Verification.ProxyMineIntegrationChecks_ScriptMethods.generated.cs:130)
       [26] Godot.NativeInterop.godot_bool Godot.Bridge.CSharpInstanceBridge.Call(nint, Godot.NativeInterop.godot_string_name*, Godot.NativeInterop.godot_variant**, int, Godot.NativeInterop.godot_variant_call_error*, Godot.NativeInterop.godot_variant*) (/root/godot/modules/mono/glue/GodotSharp/GodotSharp/Core/Bridge/CSharpInstanceBridge.cs:24)
WARNING: 'res://assets/arena/polyhaven/concrete_road_barrier/concrete_road_barrier_1k.gltf': In external resource #2, invalid UID: 'uid://ckbbjqc1027n7' - using text path instead: 'res://assets/arena/polyhaven/concrete_road_barrier/textures/concrete_road_barrier_nor_gl_1k.jpg'.
   at: open (core/io/resource_format_binary.cpp:1025)
   C# backtrace (most recent call first):
       [0] Godot.GodotObject Godot.NativeCalls.godot_icall_3_1268(nint, nint, string, string, int) (/root/godot/modules/mono/glue/GodotSharp/GodotSharp/Generated/NativeCalls.cs:11611)
       [1] Godot.Resource Godot.ResourceLoader.Load(string, string, Godot.ResourceLoader+CacheMode) (/root/godot/modules/mono/glue/GodotSharp/GodotSharp/Generated/GodotObjects/ResourceLoader.cs:120)
       [2] T Godot.ResourceLoader.Load<T>(string, string, Godot.ResourceLoader+CacheMode) (/root/godot/modules/mono/glue/GodotSharp/GodotSharp/Core/Extensions/ResourceLoaderExtensions.cs:27)
       [3] T Trackstorm.Client.Networking.MatchResourceLoader.LoadResource<T>(string) (C:\Users\j_gen\OneDrive\Documents\Game_Projects\Trackstorm\.godot\ts217-main-baseline\code\Client\Networking\MatchResourceLoader.cs:61)
       [4] void Trackstorm.Client.Arenas.CombatArena.AddModel(Godot.Node3D, string, Godot.Vector3, Godot.Vector3, Godot.Material) (C:\Users\j_gen\OneDrive\Documents\Game_Projects\Trackstorm\.godot\ts217-main-baseline\code\Client\Arenas\CombatArena.cs:137)
       [5] void Trackstorm.Client.Arenas.CombatArena.AddObstacle(string, Godot.Vector3, Godot.Vector3, string, Godot.Material) (C:\Users\j_gen\OneDrive\Documents\Game_Projects\Trackstorm\.godot\ts217-main-baseline\code\Client\Arenas\CombatArena.cs:178)
       [6] void Trackstorm.Client.Arenas.CombatArena._Ready() (C:\Users\j_gen\OneDrive\Documents\Game_Projects\Trackstorm\.godot\ts217-main-baseline\code\Client\Arenas\CombatArena.cs:49)
       [7] bool Godot.Node.InvokeGodotClassMethod(Godot.NativeInterop.godot_string_name&, Godot.NativeInterop.NativeVariantPtrArgs, Godot.NativeInterop.godot_variant&) (/root/godot/modules/mono/glue/GodotSharp/GodotSharp/Generated/GodotObjects/Node.cs:2660)
       [8] bool Godot.Node3D.InvokeGodotClassMethod(Godot.NativeInterop.godot_string_name&, Godot.NativeInterop.NativeVariantPtrArgs, Godot.NativeInterop.godot_variant&) (/root/godot/modules/mono/glue/GodotSharp/GodotSharp/Generated/GodotObjects/Node3D.cs:1127)
       [9] bool Trackstorm.Client.Arenas.CombatArena.InvokeGodotClassMethod(Godot.NativeInterop.godot_string_name&, Godot.NativeInterop.NativeVariantPtrArgs, Godot.NativeInterop.godot_variant&) (C:\Users\j_gen\OneDrive\Documents\Game_Projects\Trackstorm\.godot\ts217-main-baseline\.godot\mono\temp\obj\Debug\Godot.SourceGenerators\Godot.SourceGenerators.ScriptMethodsGenerator\Trackstorm.Client.Arenas.CombatArena_ScriptMethods.generated.cs:90)
       [10] Godot.NativeInterop.godot_bool Godot.Bridge.CSharpInstanceBridge.Call(nint, Godot.NativeInterop.godot_string_name*, Godot.NativeInterop.godot_variant**, int, Godot.NativeInterop.godot_variant_call_error*, Godot.NativeInterop.godot_variant*) (/root/godot/modules/mono/glue/GodotSharp/GodotSharp/Core/Bridge/CSharpInstanceBridge.cs:24)
       [11] void Godot.NativeInterop.NativeFuncs.godotsharp_method_bind_ptrcall(nint, nint, System.Void**, System.Void*) (/root/godot/modules/mono/glue/GodotSharp/GodotSharp/Godot.SourceGenerators.Internal/Godot.SourceGenerators.Internal.UnmanagedCallbacksGenerator/Godot.NativeInterop.NativeFuncs.generated.cs:380)
       [12] void Godot.NativeCalls.godot_icall_3_912(nint, nint, nint, Godot.NativeInterop.godot_bool, int) (/root/godot/modules/mono/glue/GodotSharp/GodotSharp/Generated/NativeCalls.cs:8061)
       [13] void Godot.Node.AddChild(Godot.Node, bool, Godot.Node+InternalMode) (/root/godot/modules/mono/glue/GodotSharp/GodotSharp/Generated/GodotObjects/Node.cs:848)
       [14] void Trackstorm.Client.Networking.NetworkVehicleArena._Ready() (C:\Users\j_gen\OneDrive\Documents\Game_Projects\Trackstorm\.godot\ts217-main-baseline\code\Client\Networking\NetworkVehicleArena.cs:90)
       [15] bool Godot.Node.InvokeGodotClassMethod(Godot.NativeInterop.godot_string_name&, Godot.NativeInterop.NativeVariantPtrArgs, Godot.NativeInterop.godot_variant&) (/root/godot/modules/mono/glue/GodotSharp/GodotSharp/Generated/GodotObjects/Node.cs:2660)
       [16] bool Godot.Node3D.InvokeGodotClassMethod(Godot.NativeInterop.godot_string_name&, Godot.NativeInterop.NativeVariantPtrArgs, Godot.NativeInterop.godot_variant&) (/root/godot/modules/mono/glue/GodotSharp/GodotSharp/Generated/GodotObjects/Node3D.cs:1127)
       [17] bool Trackstorm.Client.Networking.NetworkVehicleArena.InvokeGodotClassMethod(Godot.NativeInterop.godot_string_name&, Godot.NativeInterop.NativeVariantPtrArgs, Godot.NativeInterop.godot_variant&) (C:\Users\j_gen\OneDrive\Documents\Game_Projects\Trackstorm\.godot\ts217-main-baseline\.godot\mono\temp\obj\Debug\Godot.SourceGenerators\Godot.SourceGenerators.ScriptMethodsGenerator\Trackstorm.Client.Networking.NetworkVehicleArena_ScriptMethods.generated.cs:70)
       [18] Godot.NativeInterop.godot_bool Godot.Bridge.CSharpInstanceBridge.Call(nint, Godot.NativeInterop.godot_string_name*, Godot.NativeInterop.godot_variant**, int, Godot.NativeInterop.godot_variant_call_error*, Godot.NativeInterop.godot_variant*) (/root/godot/modules/mono/glue/GodotSharp/GodotSharp/Core/Bridge/CSharpInstanceBridge.cs:24)
       [19] void Godot.NativeInterop.NativeFuncs.godotsharp_method_bind_ptrcall(nint, nint, System.Void**, System.Void*) (/root/godot/modules/mono/glue/GodotSharp/GodotSharp/Godot.SourceGenerators.Internal/Godot.SourceGenerators.Internal.UnmanagedCallbacksGenerator/Godot.NativeInterop.NativeFuncs.generated.cs:380)
       [20] void Godot.NativeCalls.godot_icall_3_912(nint, nint, nint, Godot.NativeInterop.godot_bool, int) (/root/godot/modules/mono/glue/GodotSharp/GodotSharp/Generated/NativeCalls.cs:8061)
       [21] void Godot.Node.AddChild(Godot.Node, bool, Godot.Node+InternalMode) (/root/godot/modules/mono/glue/GodotSharp/GodotSharp/Generated/GodotObjects/Node.cs:848)
       [22] void Trackstorm.Client.Verification.ProxyMineIntegrationChecks.AddPeer() (C:\Users\j_gen\OneDrive\Documents\Game_Projects\Trackstorm\.godot\ts217-main-baseline\code\Client\Verification\ProxyMineIntegrationChecks.cs:69)
       [23] void Trackstorm.Client.Verification.ProxyMineIntegrationChecks._Ready() (C:\Users\j_gen\OneDrive\Documents\Game_Projects\Trackstorm\.godot\ts217-main-baseline\code\Client\Verification\ProxyMineIntegrationChecks.cs:47)
       [24] bool Godot.Node.InvokeGodotClassMethod(Godot.NativeInterop.godot_string_name&, Godot.NativeInterop.NativeVariantPtrArgs, Godot.NativeInterop.godot_variant&) (/root/godot/modules/mono/glue/GodotSharp/GodotSharp/Generated/GodotObjects/Node.cs:2660)
       [25] bool Trackstorm.Client.Verification.ProxyMineIntegrationChecks.InvokeGodotClassMethod(Godot.NativeInterop.godot_string_name&, Godot.NativeInterop.NativeVariantPtrArgs, Godot.NativeInterop.godot_variant&) (C:\Users\j_gen\OneDrive\Documents\Game_Projects\Trackstorm\.godot\ts217-main-baseline\.godot\mono\temp\obj\Debug\Godot.SourceGenerators\Godot.SourceGenerators.ScriptMethodsGenerator\Trackstorm.Client.Verification.ProxyMineIntegrationChecks_ScriptMethods.generated.cs:130)
       [26] Godot.NativeInterop.godot_bool Godot.Bridge.CSharpInstanceBridge.Call(nint, Godot.NativeInterop.godot_string_name*, Godot.NativeInterop.godot_variant**, int, Godot.NativeInterop.godot_variant_call_error*, Godot.NativeInterop.godot_variant*) (/root/godot/modules/mono/glue/GodotSharp/GodotSharp/Core/Bridge/CSharpInstanceBridge.cs:24)
WARNING: 'res://assets/arena/polyhaven/Barrel_01/Barrel_01_1k.gltf': In external resource #0, invalid UID: 'uid://6mhx6tospv7c' - using text path instead: 'res://assets/arena/polyhaven/Barrel_01/textures/Barrel_01_explosive_diff_1k.jpg'.
   at: open (core/io/resource_format_binary.cpp:1025)
   C# backtrace (most recent call first):
       [0] Godot.GodotObject Godot.NativeCalls.godot_icall_3_1268(nint, nint, string, string, int) (/root/godot/modules/mono/glue/GodotSharp/GodotSharp/Generated/NativeCalls.cs:11611)
       [1] Godot.Resource Godot.ResourceLoader.Load(string, string, Godot.ResourceLoader+CacheMode) (/root/godot/modules/mono/glue/GodotSharp/GodotSharp/Generated/GodotObjects/ResourceLoader.cs:120)
       [2] T Godot.ResourceLoader.Load<T>(string, string, Godot.ResourceLoader+CacheMode) (/root/godot/modules/mono/glue/GodotSharp/GodotSharp/Core/Extensions/ResourceLoaderExtensions.cs:27)
       [3] T Trackstorm.Client.Networking.MatchResourceLoader.LoadResource<T>(string) (C:\Users\j_gen\OneDrive\Documents\Game_Projects\Trackstorm\.godot\ts217-main-baseline\code\Client\Networking\MatchResourceLoader.cs:61)
       [4] void Trackstorm.Client.Arenas.CombatArena.AddModel(Godot.Node3D, string, Godot.Vector3, Godot.Vector3, Godot.Material) (C:\Users\j_gen\OneDrive\Documents\Game_Projects\Trackstorm\.godot\ts217-main-baseline\code\Client\Arenas\CombatArena.cs:137)
       [5] void Trackstorm.Client.Arenas.CombatArena._Ready() (C:\Users\j_gen\OneDrive\Documents\Game_Projects\Trackstorm\.godot\ts217-main-baseline\code\Client\Arenas\CombatArena.cs:76)
       [6] bool Godot.Node.InvokeGodotClassMethod(Godot.NativeInterop.godot_string_name&, Godot.NativeInterop.NativeVariantPtrArgs, Godot.NativeInterop.godot_variant&) (/root/godot/modules/mono/glue/GodotSharp/GodotSharp/Generated/GodotObjects/Node.cs:2660)
       [7] bool Godot.Node3D.InvokeGodotClassMethod(Godot.NativeInterop.godot_string_name&, Godot.NativeInterop.NativeVariantPtrArgs, Godot.NativeInterop.godot_variant&) (/root/godot/modules/mono/glue/GodotSharp/GodotSharp/Generated/GodotObjects/Node3D.cs:1127)
       [8] bool Trackstorm.Client.Arenas.CombatArena.InvokeGodotClassMethod(Godot.NativeInterop.godot_string_name&, Godot.NativeInterop.NativeVariantPtrArgs, Godot.NativeInterop.godot_variant&) (C:\Users\j_gen\OneDrive\Documents\Game_Projects\Trackstorm\.godot\ts217-main-baseline\.godot\mono\temp\obj\Debug\Godot.SourceGenerators\Godot.SourceGenerators.ScriptMethodsGenerator\Trackstorm.Client.Arenas.CombatArena_ScriptMethods.generated.cs:90)
       [9] Godot.NativeInterop.godot_bool Godot.Bridge.CSharpInstanceBridge.Call(nint, Godot.NativeInterop.godot_string_name*, Godot.NativeInterop.godot_variant**, int, Godot.NativeInterop.godot_variant_call_error*, Godot.NativeInterop.godot_variant*) (/root/godot/modules/mono/glue/GodotSharp/GodotSharp/Core/Bridge/CSharpInstanceBridge.cs:24)
       [10] void Godot.NativeInterop.NativeFuncs.godotsharp_method_bind_ptrcall(nint, nint, System.Void**, System.Void*) (/root/godot/modules/mono/glue/GodotSharp/GodotSharp/Godot.SourceGenerators.Internal/Godot.SourceGenerators.Internal.UnmanagedCallbacksGenerator/Godot.NativeInterop.NativeFuncs.generated.cs:380)
       [11] void Godot.NativeCalls.godot_icall_3_912(nint, nint, nint, Godot.NativeInterop.godot_bool, int) (/root/godot/modules/mono/glue/GodotSharp/GodotSharp/Generated/NativeCalls.cs:8061)
       [12] void Godot.Node.AddChild(Godot.Node, bool, Godot.Node+InternalMode) (/root/godot/modules/mono/glue/GodotSharp/GodotSharp/Generated/GodotObjects/Node.cs:848)
       [13] void Trackstorm.Client.Networking.NetworkVehicleArena._Ready() (C:\Users\j_gen\OneDrive\Documents\Game_Projects\Trackstorm\.godot\ts217-main-baseline\code\Client\Networking\NetworkVehicleArena.cs:90)
       [14] bool Godot.Node.InvokeGodotClassMethod(Godot.NativeInterop.godot_string_name&, Godot.NativeInterop.NativeVariantPtrArgs, Godot.NativeInterop.godot_variant&) (/root/godot/modules/mono/glue/GodotSharp/GodotSharp/Generated/GodotObjects/Node.cs:2660)
       [15] bool Godot.Node3D.InvokeGodotClassMethod(Godot.NativeInterop.godot_string_name&, Godot.NativeInterop.NativeVariantPtrArgs, Godot.NativeInterop.godot_variant&) (/root/godot/modules/mono/glue/GodotSharp/GodotSharp/Generated/GodotObjects/Node3D.cs:1127)
       [16] bool Trackstorm.Client.Networking.NetworkVehicleArena.InvokeGodotClassMethod(Godot.NativeInterop.godot_string_name&, Godot.NativeInterop.NativeVariantPtrArgs, Godot.NativeInterop.godot_variant&) (C:\Users\j_gen\OneDrive\Documents\Game_Projects\Trackstorm\.godot\ts217-main-baseline\.godot\mono\temp\obj\Debug\Godot.SourceGenerators\Godot.SourceGenerators.ScriptMethodsGenerator\Trackstorm.Client.Networking.NetworkVehicleArena_ScriptMethods.generated.cs:70)
       [17] Godot.NativeInterop.godot_bool Godot.Bridge.CSharpInstanceBridge.Call(nint, Godot.NativeInterop.godot_string_name*, Godot.NativeInterop.godot_variant**, int, Godot.NativeInterop.godot_variant_call_error*, Godot.NativeInterop.godot_variant*) (/root/godot/modules/mono/glue/GodotSharp/GodotSharp/Core/Bridge/CSharpInstanceBridge.cs:24)
       [18] void Godot.NativeInterop.NativeFuncs.godotsharp_method_bind_ptrcall(nint, nint, System.Void**, System.Void*) (/root/godot/modules/mono/glue/GodotSharp/GodotSharp/Godot.SourceGenerators.Internal/Godot.SourceGenerators.Internal.UnmanagedCallbacksGenerator/Godot.NativeInterop.NativeFuncs.generated.cs:380)
       [19] void Godot.NativeCalls.godot_icall_3_912(nint, nint, nint, Godot.NativeInterop.godot_bool, int) (/root/godot/modules/mono/glue/GodotSharp/GodotSharp/Generated/NativeCalls.cs:8061)
       [20] void Godot.Node.AddChild(Godot.Node, bool, Godot.Node+InternalMode) (/root/godot/modules/mono/glue/GodotSharp/GodotSharp/Generated/GodotObjects/Node.cs:848)
       [21] void Trackstorm.Client.Verification.ProxyMineIntegrationChecks.AddPeer() (C:\Users\j_gen\OneDrive\Documents\Game_Projects\Trackstorm\.godot\ts217-main-baseline\code\Client\Verification\ProxyMineIntegrationChecks.cs:69)
       [22] void Trackstorm.Client.Verification.ProxyMineIntegrationChecks._Ready() (C:\Users\j_gen\OneDrive\Documents\Game_Projects\Trackstorm\.godot\ts217-main-baseline\code\Client\Verification\ProxyMineIntegrationChecks.cs:47)
       [23] bool Godot.Node.InvokeGodotClassMethod(Godot.NativeInterop.godot_string_name&, Godot.NativeInterop.NativeVariantPtrArgs, Godot.NativeInterop.godot_variant&) (/root/godot/modules/mono/glue/GodotSharp/GodotSharp/Generated/GodotObjects/Node.cs:2660)
       [24] bool Trackstorm.Client.Verification.ProxyMineIntegrationChecks.InvokeGodotClassMethod(Godot.NativeInterop.godot_string_name&, Godot.NativeInterop.NativeVariantPtrArgs, Godot.NativeInterop.godot_variant&) (C:\Users\j_gen\OneDrive\Documents\Game_Projects\Trackstorm\.godot\ts217-main-baseline\.godot\mono\temp\obj\Debug\Godot.SourceGenerators\Godot.SourceGenerators.ScriptMethodsGenerator\Trackstorm.Client.Verification.ProxyMineIntegrationChecks_ScriptMethods.generated.cs:130)
       [25] Godot.NativeInterop.godot_bool Godot.Bridge.CSharpInstanceBridge.Call(nint, Godot.NativeInterop.godot_string_name*, Godot.NativeInterop.godot_variant**, int, Godot.NativeInterop.godot_variant_call_error*, Godot.NativeInterop.godot_variant*) (/root/godot/modules/mono/glue/GodotSharp/GodotSharp/Core/Bridge/CSharpInstanceBridge.cs:24)
WARNING: 'res://assets/arena/polyhaven/Barrel_01/Barrel_01_1k.gltf': In external resource #1, invalid UID: 'uid://dgqo7ytn1mete' - using text path instead: 'res://assets/arena/polyhaven/Barrel_01/textures/Barrel_01_explosive_arm_1k.jpg'.
   at: open (core/io/resource_format_binary.cpp:1025)
   C# backtrace (most recent call first):
       [0] Godot.GodotObject Godot.NativeCalls.godot_icall_3_1268(nint, nint, string, string, int) (/root/godot/modules/mono/glue/GodotSharp/GodotSharp/Generated/NativeCalls.cs:11611)
       [1] Godot.Resource Godot.ResourceLoader.Load(string, string, Godot.ResourceLoader+CacheMode) (/root/godot/modules/mono/glue/GodotSharp/GodotSharp/Generated/GodotObjects/ResourceLoader.cs:120)
       [2] T Godot.ResourceLoader.Load<T>(string, string, Godot.ResourceLoader+CacheMode) (/root/godot/modules/mono/glue/GodotSharp/GodotSharp/Core/Extensions/ResourceLoaderExtensions.cs:27)
       [3] T Trackstorm.Client.Networking.MatchResourceLoader.LoadResource<T>(string) (C:\Users\j_gen\OneDrive\Documents\Game_Projects\Trackstorm\.godot\ts217-main-baseline\code\Client\Networking\MatchResourceLoader.cs:61)
       [4] void Trackstorm.Client.Arenas.CombatArena.AddModel(Godot.Node3D, string, Godot.Vector3, Godot.Vector3, Godot.Material) (C:\Users\j_gen\OneDrive\Documents\Game_Projects\Trackstorm\.godot\ts217-main-baseline\code\Client\Arenas\CombatArena.cs:137)
       [5] void Trackstorm.Client.Arenas.CombatArena._Ready() (C:\Users\j_gen\OneDrive\Documents\Game_Projects\Trackstorm\.godot\ts217-main-baseline\code\Client\Arenas\CombatArena.cs:76)
       [6] bool Godot.Node.InvokeGodotClassMethod(Godot.NativeInterop.godot_string_name&, Godot.NativeInterop.NativeVariantPtrArgs, Godot.NativeInterop.godot_variant&) (/root/godot/modules/mono/glue/GodotSharp/GodotSharp/Generated/GodotObjects/Node.cs:2660)
       [7] bool Godot.Node3D.InvokeGodotClassMethod(Godot.NativeInterop.godot_string_name&, Godot.NativeInterop.NativeVariantPtrArgs, Godot.NativeInterop.godot_variant&) (/root/godot/modules/mono/glue/GodotSharp/GodotSharp/Generated/GodotObjects/Node3D.cs:1127)
       [8] bool Trackstorm.Client.Arenas.CombatArena.InvokeGodotClassMethod(Godot.NativeInterop.godot_string_name&, Godot.NativeInterop.NativeVariantPtrArgs, Godot.NativeInterop.godot_variant&) (C:\Users\j_gen\OneDrive\Documents\Game_Projects\Trackstorm\.godot\ts217-main-baseline\.godot\mono\temp\obj\Debug\Godot.SourceGenerators\Godot.SourceGenerators.ScriptMethodsGenerator\Trackstorm.Client.Arenas.CombatArena_ScriptMethods.generated.cs:90)
       [9] Godot.NativeInterop.godot_bool Godot.Bridge.CSharpInstanceBridge.Call(nint, Godot.NativeInterop.godot_string_name*, Godot.NativeInterop.godot_variant**, int, Godot.NativeInterop.godot_variant_call_error*, Godot.NativeInterop.godot_variant*) (/root/godot/modules/mono/glue/GodotSharp/GodotSharp/Core/Bridge/CSharpInstanceBridge.cs:24)
       [10] void Godot.NativeInterop.NativeFuncs.godotsharp_method_bind_ptrcall(nint, nint, System.Void**, System.Void*) (/root/godot/modules/mono/glue/GodotSharp/GodotSharp/Godot.SourceGenerators.Internal/Godot.SourceGenerators.Internal.UnmanagedCallbacksGenerator/Godot.NativeInterop.NativeFuncs.generated.cs:380)
       [11] void Godot.NativeCalls.godot_icall_3_912(nint, nint, nint, Godot.NativeInterop.godot_bool, int) (/root/godot/modules/mono/glue/GodotSharp/GodotSharp/Generated/NativeCalls.cs:8061)
       [12] void Godot.Node.AddChild(Godot.Node, bool, Godot.Node+InternalMode) (/root/godot/modules/mono/glue/GodotSharp/GodotSharp/Generated/GodotObjects/Node.cs:848)
       [13] void Trackstorm.Client.Networking.NetworkVehicleArena._Ready() (C:\Users\j_gen\OneDrive\Documents\Game_Projects\Trackstorm\.godot\ts217-main-baseline\code\Client\Networking\NetworkVehicleArena.cs:90)
       [14] bool Godot.Node.InvokeGodotClassMethod(Godot.NativeInterop.godot_string_name&, Godot.NativeInterop.NativeVariantPtrArgs, Godot.NativeInterop.godot_variant&) (/root/godot/modules/mono/glue/GodotSharp/GodotSharp/Generated/GodotObjects/Node.cs:2660)
       [15] bool Godot.Node3D.InvokeGodotClassMethod(Godot.NativeInterop.godot_string_name&, Godot.NativeInterop.NativeVariantPtrArgs, Godot.NativeInterop.godot_variant&) (/root/godot/modules/mono/glue/GodotSharp/GodotSharp/Generated/GodotObjects/Node3D.cs:1127)
       [16] bool Trackstorm.Client.Networking.NetworkVehicleArena.InvokeGodotClassMethod(Godot.NativeInterop.godot_string_name&, Godot.NativeInterop.NativeVariantPtrArgs, Godot.NativeInterop.godot_variant&) (C:\Users\j_gen\OneDrive\Documents\Game_Projects\Trackstorm\.godot\ts217-main-baseline\.godot\mono\temp\obj\Debug\Godot.SourceGenerators\Godot.SourceGenerators.ScriptMethodsGenerator\Trackstorm.Client.Networking.NetworkVehicleArena_ScriptMethods.generated.cs:70)
       [17] Godot.NativeInterop.godot_bool Godot.Bridge.CSharpInstanceBridge.Call(nint, Godot.NativeInterop.godot_string_name*, Godot.NativeInterop.godot_variant**, int, Godot.NativeInterop.godot_variant_call_error*, Godot.NativeInterop.godot_variant*) (/root/godot/modules/mono/glue/GodotSharp/GodotSharp/Core/Bridge/CSharpInstanceBridge.cs:24)
       [18] void Godot.NativeInterop.NativeFuncs.godotsharp_method_bind_ptrcall(nint, nint, System.Void**, System.Void*) (/root/godot/modules/mono/glue/GodotSharp/GodotSharp/Godot.SourceGenerators.Internal/Godot.SourceGenerators.Internal.UnmanagedCallbacksGenerator/Godot.NativeInterop.NativeFuncs.generated.cs:380)
       [19] void Godot.NativeCalls.godot_icall_3_912(nint, nint, nint, Godot.NativeInterop.godot_bool, int) (/root/godot/modules/mono/glue/GodotSharp/GodotSharp/Generated/NativeCalls.cs:8061)
       [20] void Godot.Node.AddChild(Godot.Node, bool, Godot.Node+InternalMode) (/root/godot/modules/mono/glue/GodotSharp/GodotSharp/Generated/GodotObjects/Node.cs:848)
       [21] void Trackstorm.Client.Verification.ProxyMineIntegrationChecks.AddPeer() (C:\Users\j_gen\OneDrive\Documents\Game_Projects\Trackstorm\.godot\ts217-main-baseline\code\Client\Verification\ProxyMineIntegrationChecks.cs:69)
       [22] void Trackstorm.Client.Verification.ProxyMineIntegrationChecks._Ready() (C:\Users\j_gen\OneDrive\Documents\Game_Projects\Trackstorm\.godot\ts217-main-baseline\code\Client\Verification\ProxyMineIntegrationChecks.cs:47)
       [23] bool Godot.Node.InvokeGodotClassMethod(Godot.NativeInterop.godot_string_name&, Godot.NativeInterop.NativeVariantPtrArgs, Godot.NativeInterop.godot_variant&) (/root/godot/modules/mono/glue/GodotSharp/GodotSharp/Generated/GodotObjects/Node.cs:2660)
       [24] bool Trackstorm.Client.Verification.ProxyMineIntegrationChecks.InvokeGodotClassMethod(Godot.NativeInterop.godot_string_name&, Godot.NativeInterop.NativeVariantPtrArgs, Godot.NativeInterop.godot_variant&) (C:\Users\j_gen\OneDrive\Documents\Game_Projects\Trackstorm\.godot\ts217-main-baseline\.godot\mono\temp\obj\Debug\Godot.SourceGenerators\Godot.SourceGenerators.ScriptMethodsGenerator\Trackstorm.Client.Verification.ProxyMineIntegrationChecks_ScriptMethods.generated.cs:130)
       [25] Godot.NativeInterop.godot_bool Godot.Bridge.CSharpInstanceBridge.Call(nint, Godot.NativeInterop.godot_string_name*, Godot.NativeInterop.godot_variant**, int, Godot.NativeInterop.godot_variant_call_error*, Godot.NativeInterop.godot_variant*) (/root/godot/modules/mono/glue/GodotSharp/GodotSharp/Core/Bridge/CSharpInstanceBridge.cs:24)
WARNING: 'res://assets/arena/polyhaven/Barrel_01/Barrel_01_1k.gltf': In external resource #2, invalid UID: 'uid://du1jxrrdxeq10' - using text path instead: 'res://assets/arena/polyhaven/Barrel_01/textures/Barrel_01_explosive_nor_gl_1k.jpg'.
   at: open (core/io/resource_format_binary.cpp:1025)
   C# backtrace (most recent call first):
       [0] Godot.GodotObject Godot.NativeCalls.godot_icall_3_1268(nint, nint, string, string, int) (/root/godot/modules/mono/glue/GodotSharp/GodotSharp/Generated/NativeCalls.cs:11611)
       [1] Godot.Resource Godot.ResourceLoader.Load(string, string, Godot.ResourceLoader+CacheMode) (/root/godot/modules/mono/glue/GodotSharp/GodotSharp/Generated/GodotObjects/ResourceLoader.cs:120)
       [2] T Godot.ResourceLoader.Load<T>(string, string, Godot.ResourceLoader+CacheMode) (/root/godot/modules/mono/glue/GodotSharp/GodotSharp/Core/Extensions/ResourceLoaderExtensions.cs:27)
       [3] T Trackstorm.Client.Networking.MatchResourceLoader.LoadResource<T>(string) (C:\Users\j_gen\OneDrive\Documents\Game_Projects\Trackstorm\.godot\ts217-main-baseline\code\Client\Networking\MatchResourceLoader.cs:61)
       [4] void Trackstorm.Client.Arenas.CombatArena.AddModel(Godot.Node3D, string, Godot.Vector3, Godot.Vector3, Godot.Material) (C:\Users\j_gen\OneDrive\Documents\Game_Projects\Trackstorm\.godot\ts217-main-baseline\code\Client\Arenas\CombatArena.cs:137)
       [5] void Trackstorm.Client.Arenas.CombatArena._Ready() (C:\Users\j_gen\OneDrive\Documents\Game_Projects\Trackstorm\.godot\ts217-main-baseline\code\Client\Arenas\CombatArena.cs:76)
       [6] bool Godot.Node.InvokeGodotClassMethod(Godot.NativeInterop.godot_string_name&, Godot.NativeInterop.NativeVariantPtrArgs, Godot.NativeInterop.godot_variant&) (/root/godot/modules/mono/glue/GodotSharp/GodotSharp/Generated/GodotObjects/Node.cs:2660)
       [7] bool Godot.Node3D.InvokeGodotClassMethod(Godot.NativeInterop.godot_string_name&, Godot.NativeInterop.NativeVariantPtrArgs, Godot.NativeInterop.godot_variant&) (/root/godot/modules/mono/glue/GodotSharp/GodotSharp/Generated/GodotObjects/Node3D.cs:1127)
       [8] bool Trackstorm.Client.Arenas.CombatArena.InvokeGodotClassMethod(Godot.NativeInterop.godot_string_name&, Godot.NativeInterop.NativeVariantPtrArgs, Godot.NativeInterop.godot_variant&) (C:\Users\j_gen\OneDrive\Documents\Game_Projects\Trackstorm\.godot\ts217-main-baseline\.godot\mono\temp\obj\Debug\Godot.SourceGenerators\Godot.SourceGenerators.ScriptMethodsGenerator\Trackstorm.Client.Arenas.CombatArena_ScriptMethods.generated.cs:90)
       [9] Godot.NativeInterop.godot_bool Godot.Bridge.CSharpInstanceBridge.Call(nint, Godot.NativeInterop.godot_string_name*, Godot.NativeInterop.godot_variant**, int, Godot.NativeInterop.godot_variant_call_error*, Godot.NativeInterop.godot_variant*) (/root/godot/modules/mono/glue/GodotSharp/GodotSharp/Core/Bridge/CSharpInstanceBridge.cs:24)
       [10] void Godot.NativeInterop.NativeFuncs.godotsharp_method_bind_ptrcall(nint, nint, System.Void**, System.Void*) (/root/godot/modules/mono/glue/GodotSharp/GodotSharp/Godot.SourceGenerators.Internal/Godot.SourceGenerators.Internal.UnmanagedCallbacksGenerator/Godot.NativeInterop.NativeFuncs.generated.cs:380)
       [11] void Godot.NativeCalls.godot_icall_3_912(nint, nint, nint, Godot.NativeInterop.godot_bool, int) (/root/godot/modules/mono/glue/GodotSharp/GodotSharp/Generated/NativeCalls.cs:8061)
       [12] void Godot.Node.AddChild(Godot.Node, bool, Godot.Node+InternalMode) (/root/godot/modules/mono/glue/GodotSharp/GodotSharp/Generated/GodotObjects/Node.cs:848)
       [13] void Trackstorm.Client.Networking.NetworkVehicleArena._Ready() (C:\Users\j_gen\OneDrive\Documents\Game_Projects\Trackstorm\.godot\ts217-main-baseline\code\Client\Networking\NetworkVehicleArena.cs:90)
       [14] bool Godot.Node.InvokeGodotClassMethod(Godot.NativeInterop.godot_string_name&, Godot.NativeInterop.NativeVariantPtrArgs, Godot.NativeInterop.godot_variant&) (/root/godot/modules/mono/glue/GodotSharp/GodotSharp/Generated/GodotObjects/Node.cs:2660)
       [15] bool Godot.Node3D.InvokeGodotClassMethod(Godot.NativeInterop.godot_string_name&, Godot.NativeInterop.NativeVariantPtrArgs, Godot.NativeInterop.godot_variant&) (/root/godot/modules/mono/glue/GodotSharp/GodotSharp/Generated/GodotObjects/Node3D.cs:1127)
       [16] bool Trackstorm.Client.Networking.NetworkVehicleArena.InvokeGodotClassMethod(Godot.NativeInterop.godot_string_name&, Godot.NativeInterop.NativeVariantPtrArgs, Godot.NativeInterop.godot_variant&) (C:\Users\j_gen\OneDrive\Documents\Game_Projects\Trackstorm\.godot\ts217-main-baseline\.godot\mono\temp\obj\Debug\Godot.SourceGenerators\Godot.SourceGenerators.ScriptMethodsGenerator\Trackstorm.Client.Networking.NetworkVehicleArena_ScriptMethods.generated.cs:70)
       [17] Godot.NativeInterop.godot_bool Godot.Bridge.CSharpInstanceBridge.Call(nint, Godot.NativeInterop.godot_string_name*, Godot.NativeInterop.godot_variant**, int, Godot.NativeInterop.godot_variant_call_error*, Godot.NativeInterop.godot_variant*) (/root/godot/modules/mono/glue/GodotSharp/GodotSharp/Core/Bridge/CSharpInstanceBridge.cs:24)
       [18] void Godot.NativeInterop.NativeFuncs.godotsharp_method_bind_ptrcall(nint, nint, System.Void**, System.Void*) (/root/godot/modules/mono/glue/GodotSharp/GodotSharp/Godot.SourceGenerators.Internal/Godot.SourceGenerators.Internal.UnmanagedCallbacksGenerator/Godot.NativeInterop.NativeFuncs.generated.cs:380)
       [19] void Godot.NativeCalls.godot_icall_3_912(nint, nint, nint, Godot.NativeInterop.godot_bool, int) (/root/godot/modules/mono/glue/GodotSharp/GodotSharp/Generated/NativeCalls.cs:8061)
       [20] void Godot.Node.AddChild(Godot.Node, bool, Godot.Node+InternalMode) (/root/godot/modules/mono/glue/GodotSharp/GodotSharp/Generated/GodotObjects/Node.cs:848)
       [21] void Trackstorm.Client.Verification.ProxyMineIntegrationChecks.AddPeer() (C:\Users\j_gen\OneDrive\Documents\Game_Projects\Trackstorm\.godot\ts217-main-baseline\code\Client\Verification\ProxyMineIntegrationChecks.cs:69)
       [22] void Trackstorm.Client.Verification.ProxyMineIntegrationChecks._Ready() (C:\Users\j_gen\OneDrive\Documents\Game_Projects\Trackstorm\.godot\ts217-main-baseline\code\Client\Verification\ProxyMineIntegrationChecks.cs:47)
       [23] bool Godot.Node.InvokeGodotClassMethod(Godot.NativeInterop.godot_string_name&, Godot.NativeInterop.NativeVariantPtrArgs, Godot.NativeInterop.godot_variant&) (/root/godot/modules/mono/glue/GodotSharp/GodotSharp/Generated/GodotObjects/Node.cs:2660)
       [24] bool Trackstorm.Client.Verification.ProxyMineIntegrationChecks.InvokeGodotClassMethod(Godot.NativeInterop.godot_string_name&, Godot.NativeInterop.NativeVariantPtrArgs, Godot.NativeInterop.godot_variant&) (C:\Users\j_gen\OneDrive\Documents\Game_Projects\Trackstorm\.godot\ts217-main-baseline\.godot\mono\temp\obj\Debug\Godot.SourceGenerators\Godot.SourceGenerators.ScriptMethodsGenerator\Trackstorm.Client.Verification.ProxyMineIntegrationChecks_ScriptMethods.generated.cs:130)
       [25] Godot.NativeInterop.godot_bool Godot.Bridge.CSharpInstanceBridge.Call(nint, Godot.NativeInterop.godot_string_name*, Godot.NativeInterop.godot_variant**, int, Godot.NativeInterop.godot_variant_call_error*, Godot.NativeInterop.godot_variant*) (/root/godot/modules/mono/glue/GodotSharp/GodotSharp/Core/Bridge/CSharpInstanceBridge.cs:24)
WARNING: 'res://assets/arena/kenney/city/building-a.glb': In external resource #0, invalid UID: 'uid://dlrogtf07hlub' - using text path instead: 'res://assets/arena/kenney/city/Textures/colormap.png'.
   at: open (core/io/resource_format_binary.cpp:1025)
   C# backtrace (most recent call first):
       [0] Godot.GodotObject Godot.NativeCalls.godot_icall_3_1268(nint, nint, string, string, int) (/root/godot/modules/mono/glue/GodotSharp/GodotSharp/Generated/NativeCalls.cs:11611)
       [1] Godot.Resource Godot.ResourceLoader.Load(string, string, Godot.ResourceLoader+CacheMode) (/root/godot/modules/mono/glue/GodotSharp/GodotSharp/Generated/GodotObjects/ResourceLoader.cs:120)
       [2] T Godot.ResourceLoader.Load<T>(string, string, Godot.ResourceLoader+CacheMode) (/root/godot/modules/mono/glue/GodotSharp/GodotSharp/Core/Extensions/ResourceLoaderExtensions.cs:27)
       [3] T Trackstorm.Client.Networking.MatchResourceLoader.LoadResource<T>(string) (C:\Users\j_gen\OneDrive\Documents\Game_Projects\Trackstorm\.godot\ts217-main-baseline\code\Client\Networking\MatchResourceLoader.cs:61)
       [4] void Trackstorm.Client.Arenas.CombatArena.AddModel(Godot.Node3D, string, Godot.Vector3, Godot.Vector3, Godot.Material) (C:\Users\j_gen\OneDrive\Documents\Game_Projects\Trackstorm\.godot\ts217-main-baseline\code\Client\Arenas\CombatArena.cs:137)
       [5] void Trackstorm.Client.Arenas.CombatArena._Ready() (C:\Users\j_gen\OneDrive\Documents\Game_Projects\Trackstorm\.godot\ts217-main-baseline\code\Client\Arenas\CombatArena.cs:85)
       [6] bool Godot.Node.InvokeGodotClassMethod(Godot.NativeInterop.godot_string_name&, Godot.NativeInterop.NativeVariantPtrArgs, Godot.NativeInterop.godot_variant&) (/root/godot/modules/mono/glue/GodotSharp/GodotSharp/Generated/GodotObjects/Node.cs:2660)
       [7] bool Godot.Node3D.InvokeGodotClassMethod(Godot.NativeInterop.godot_string_name&, Godot.NativeInterop.NativeVariantPtrArgs, Godot.NativeInterop.godot_variant&) (/root/godot/modules/mono/glue/GodotSharp/GodotSharp/Generated/GodotObjects/Node3D.cs:1127)
       [8] bool Trackstorm.Client.Arenas.CombatArena.InvokeGodotClassMethod(Godot.NativeInterop.godot_string_name&, Godot.NativeInterop.NativeVariantPtrArgs, Godot.NativeInterop.godot_variant&) (C:\Users\j_gen\OneDrive\Documents\Game_Projects\Trackstorm\.godot\ts217-main-baseline\.godot\mono\temp\obj\Debug\Godot.SourceGenerators\Godot.SourceGenerators.ScriptMethodsGenerator\Trackstorm.Client.Arenas.CombatArena_ScriptMethods.generated.cs:90)
       [9] Godot.NativeInterop.godot_bool Godot.Bridge.CSharpInstanceBridge.Call(nint, Godot.NativeInterop.godot_string_name*, Godot.NativeInterop.godot_variant**, int, Godot.NativeInterop.godot_variant_call_error*, Godot.NativeInterop.godot_variant*) (/root/godot/modules/mono/glue/GodotSharp/GodotSharp/Core/Bridge/CSharpInstanceBridge.cs:24)
       [10] void Godot.NativeInterop.NativeFuncs.godotsharp_method_bind_ptrcall(nint, nint, System.Void**, System.Void*) (/root/godot/modules/mono/glue/GodotSharp/GodotSharp/Godot.SourceGenerators.Internal/Godot.SourceGenerators.Internal.UnmanagedCallbacksGenerator/Godot.NativeInterop.NativeFuncs.generated.cs:380)
       [11] void Godot.NativeCalls.godot_icall_3_912(nint, nint, nint, Godot.NativeInterop.godot_bool, int) (/root/godot/modules/mono/glue/GodotSharp/GodotSharp/Generated/NativeCalls.cs:8061)
       [12] void Godot.Node.AddChild(Godot.Node, bool, Godot.Node+InternalMode) (/root/godot/modules/mono/glue/GodotSharp/GodotSharp/Generated/GodotObjects/Node.cs:848)
       [13] void Trackstorm.Client.Networking.NetworkVehicleArena._Ready() (C:\Users\j_gen\OneDrive\Documents\Game_Projects\Trackstorm\.godot\ts217-main-baseline\code\Client\Networking\NetworkVehicleArena.cs:90)
       [14] bool Godot.Node.InvokeGodotClassMethod(Godot.NativeInterop.godot_string_name&, Godot.NativeInterop.NativeVariantPtrArgs, Godot.NativeInterop.godot_variant&) (/root/godot/modules/mono/glue/GodotSharp/GodotSharp/Generated/GodotObjects/Node.cs:2660)
       [15] bool Godot.Node3D.InvokeGodotClassMethod(Godot.NativeInterop.godot_string_name&, Godot.NativeInterop.NativeVariantPtrArgs, Godot.NativeInterop.godot_variant&) (/root/godot/modules/mono/glue/GodotSharp/GodotSharp/Generated/GodotObjects/Node3D.cs:1127)
       [16] bool Trackstorm.Client.Networking.NetworkVehicleArena.InvokeGodotClassMethod(Godot.NativeInterop.godot_string_name&, Godot.NativeInterop.NativeVariantPtrArgs, Godot.NativeInterop.godot_variant&) (C:\Users\j_gen\OneDrive\Documents\Game_Projects\Trackstorm\.godot\ts217-main-baseline\.godot\mono\temp\obj\Debug\Godot.SourceGenerators\Godot.SourceGenerators.ScriptMethodsGenerator\Trackstorm.Client.Networking.NetworkVehicleArena_ScriptMethods.generated.cs:70)
       [17] Godot.NativeInterop.godot_bool Godot.Bridge.CSharpInstanceBridge.Call(nint, Godot.NativeInterop.godot_string_name*, Godot.NativeInterop.godot_variant**, int, Godot.NativeInterop.godot_variant_call_error*, Godot.NativeInterop.godot_variant*) (/root/godot/modules/mono/glue/GodotSharp/GodotSharp/Core/Bridge/CSharpInstanceBridge.cs:24)
       [18] void Godot.NativeInterop.NativeFuncs.godotsharp_method_bind_ptrcall(nint, nint, System.Void**, System.Void*) (/root/godot/modules/mono/glue/GodotSharp/GodotSharp/Godot.SourceGenerators.Internal/Godot.SourceGenerators.Internal.UnmanagedCallbacksGenerator/Godot.NativeInterop.NativeFuncs.generated.cs:380)
       [19] void Godot.NativeCalls.godot_icall_3_912(nint, nint, nint, Godot.NativeInterop.godot_bool, int) (/root/godot/modules/mono/glue/GodotSharp/GodotSharp/Generated/NativeCalls.cs:8061)
       [20] void Godot.Node.AddChild(Godot.Node, bool, Godot.Node+InternalMode) (/root/godot/modules/mono/glue/GodotSharp/GodotSharp/Generated/GodotObjects/Node.cs:848)
       [21] void Trackstorm.Client.Verification.ProxyMineIntegrationChecks.AddPeer() (C:\Users\j_gen\OneDrive\Documents\Game_Projects\Trackstorm\.godot\ts217-main-baseline\code\Client\Verification\ProxyMineIntegrationChecks.cs:69)
       [22] void Trackstorm.Client.Verification.ProxyMineIntegrationChecks._Ready() (C:\Users\j_gen\OneDrive\Documents\Game_Projects\Trackstorm\.godot\ts217-main-baseline\code\Client\Verification\ProxyMineIntegrationChecks.cs:47)
       [23] bool Godot.Node.InvokeGodotClassMethod(Godot.NativeInterop.godot_string_name&, Godot.NativeInterop.NativeVariantPtrArgs, Godot.NativeInterop.godot_variant&) (/root/godot/modules/mono/glue/GodotSharp/GodotSharp/Generated/GodotObjects/Node.cs:2660)
       [24] bool Trackstorm.Client.Verification.ProxyMineIntegrationChecks.InvokeGodotClassMethod(Godot.NativeInterop.godot_string_name&, Godot.NativeInterop.NativeVariantPtrArgs, Godot.NativeInterop.godot_variant&) (C:\Users\j_gen\OneDrive\Documents\Game_Projects\Trackstorm\.godot\ts217-main-baseline\.godot\mono\temp\obj\Debug\Godot.SourceGenerators\Godot.SourceGenerators.ScriptMethodsGenerator\Trackstorm.Client.Verification.ProxyMineIntegrationChecks_ScriptMethods.generated.cs:130)
       [25] Godot.NativeInterop.godot_bool Godot.Bridge.CSharpInstanceBridge.Call(nint, Godot.NativeInterop.godot_string_name*, Godot.NativeInterop.godot_variant**, int, Godot.NativeInterop.godot_variant_call_error*, Godot.NativeInterop.godot_variant*) (/root/godot/modules/mono/glue/GodotSharp/GodotSharp/Core/Bridge/CSharpInstanceBridge.cs:24)
WARNING: 'res://assets/arena/kenney/city/chimney-large.glb': In external resource #0, invalid UID: 'uid://dlrogtf07hlub' - using text path instead: 'res://assets/arena/kenney/city/Textures/colormap.png'.
   at: open (core/io/resource_format_binary.cpp:1025)
   C# backtrace (most recent call first):
       [0] Godot.GodotObject Godot.NativeCalls.godot_icall_3_1268(nint, nint, string, string, int) (/root/godot/modules/mono/glue/GodotSharp/GodotSharp/Generated/NativeCalls.cs:11611)
       [1] Godot.Resource Godot.ResourceLoader.Load(string, string, Godot.ResourceLoader+CacheMode) (/root/godot/modules/mono/glue/GodotSharp/GodotSharp/Generated/GodotObjects/ResourceLoader.cs:120)
       [2] T Godot.ResourceLoader.Load<T>(string, string, Godot.ResourceLoader+CacheMode) (/root/godot/modules/mono/glue/GodotSharp/GodotSharp/Core/Extensions/ResourceLoaderExtensions.cs:27)
       [3] T Trackstorm.Client.Networking.MatchResourceLoader.LoadResource<T>(string) (C:\Users\j_gen\OneDrive\Documents\Game_Projects\Trackstorm\.godot\ts217-main-baseline\code\Client\Networking\MatchResourceLoader.cs:61)
       [4] void Trackstorm.Client.Arenas.CombatArena.AddModel(Godot.Node3D, string, Godot.Vector3, Godot.Vector3, Godot.Material) (C:\Users\j_gen\OneDrive\Documents\Game_Projects\Trackstorm\.godot\ts217-main-baseline\code\Client\Arenas\CombatArena.cs:137)
       [5] void Trackstorm.Client.Arenas.CombatArena._Ready() (C:\Users\j_gen\OneDrive\Documents\Game_Projects\Trackstorm\.godot\ts217-main-baseline\code\Client\Arenas\CombatArena.cs:88)
       [6] bool Godot.Node.InvokeGodotClassMethod(Godot.NativeInterop.godot_string_name&, Godot.NativeInterop.NativeVariantPtrArgs, Godot.NativeInterop.godot_variant&) (/root/godot/modules/mono/glue/GodotSharp/GodotSharp/Generated/GodotObjects/Node.cs:2660)
       [7] bool Godot.Node3D.InvokeGodotClassMethod(Godot.NativeInterop.godot_string_name&, Godot.NativeInterop.NativeVariantPtrArgs, Godot.NativeInterop.godot_variant&) (/root/godot/modules/mono/glue/GodotSharp/GodotSharp/Generated/GodotObjects/Node3D.cs:1127)
       [8] bool Trackstorm.Client.Arenas.CombatArena.InvokeGodotClassMethod(Godot.NativeInterop.godot_string_name&, Godot.NativeInterop.NativeVariantPtrArgs, Godot.NativeInterop.godot_variant&) (C:\Users\j_gen\OneDrive\Documents\Game_Projects\Trackstorm\.godot\ts217-main-baseline\.godot\mono\temp\obj\Debug\Godot.SourceGenerators\Godot.SourceGenerators.ScriptMethodsGenerator\Trackstorm.Client.Arenas.CombatArena_ScriptMethods.generated.cs:90)
       [9] Godot.NativeInterop.godot_bool Godot.Bridge.CSharpInstanceBridge.Call(nint, Godot.NativeInterop.godot_string_name*, Godot.NativeInterop.godot_variant**, int, Godot.NativeInterop.godot_variant_call_error*, Godot.NativeInterop.godot_variant*) (/root/godot/modules/mono/glue/GodotSharp/GodotSharp/Core/Bridge/CSharpInstanceBridge.cs:24)
       [10] void Godot.NativeInterop.NativeFuncs.godotsharp_method_bind_ptrcall(nint, nint, System.Void**, System.Void*) (/root/godot/modules/mono/glue/GodotSharp/GodotSharp/Godot.SourceGenerators.Internal/Godot.SourceGenerators.Internal.UnmanagedCallbacksGenerator/Godot.NativeInterop.NativeFuncs.generated.cs:380)
       [11] void Godot.NativeCalls.godot_icall_3_912(nint, nint, nint, Godot.NativeInterop.godot_bool, int) (/root/godot/modules/mono/glue/GodotSharp/GodotSharp/Generated/NativeCalls.cs:8061)
       [12] void Godot.Node.AddChild(Godot.Node, bool, Godot.Node+InternalMode) (/root/godot/modules/mono/glue/GodotSharp/GodotSharp/Generated/GodotObjects/Node.cs:848)
       [13] void Trackstorm.Client.Networking.NetworkVehicleArena._Ready() (C:\Users\j_gen\OneDrive\Documents\Game_Projects\Trackstorm\.godot\ts217-main-baseline\code\Client\Networking\NetworkVehicleArena.cs:90)
       [14] bool Godot.Node.InvokeGodotClassMethod(Godot.NativeInterop.godot_string_name&, Godot.NativeInterop.NativeVariantPtrArgs, Godot.NativeInterop.godot_variant&) (/root/godot/modules/mono/glue/GodotSharp/GodotSharp/Generated/GodotObjects/Node.cs:2660)
       [15] bool Godot.Node3D.InvokeGodotClassMethod(Godot.NativeInterop.godot_string_name&, Godot.NativeInterop.NativeVariantPtrArgs, Godot.NativeInterop.godot_variant&) (/root/godot/modules/mono/glue/GodotSharp/GodotSharp/Generated/GodotObjects/Node3D.cs:1127)
       [16] bool Trackstorm.Client.Networking.NetworkVehicleArena.InvokeGodotClassMethod(Godot.NativeInterop.godot_string_name&, Godot.NativeInterop.NativeVariantPtrArgs, Godot.NativeInterop.godot_variant&) (C:\Users\j_gen\OneDrive\Documents\Game_Projects\Trackstorm\.godot\ts217-main-baseline\.godot\mono\temp\obj\Debug\Godot.SourceGenerators\Godot.SourceGenerators.ScriptMethodsGenerator\Trackstorm.Client.Networking.NetworkVehicleArena_ScriptMethods.generated.cs:70)
       [17] Godot.NativeInterop.godot_bool Godot.Bridge.CSharpInstanceBridge.Call(nint, Godot.NativeInterop.godot_string_name*, Godot.NativeInterop.godot_variant**, int, Godot.NativeInterop.godot_variant_call_error*, Godot.NativeInterop.godot_variant*) (/root/godot/modules/mono/glue/GodotSharp/GodotSharp/Core/Bridge/CSharpInstanceBridge.cs:24)
       [18] void Godot.NativeInterop.NativeFuncs.godotsharp_method_bind_ptrcall(nint, nint, System.Void**, System.Void*) (/root/godot/modules/mono/glue/GodotSharp/GodotSharp/Godot.SourceGenerators.Internal/Godot.SourceGenerators.Internal.UnmanagedCallbacksGenerator/Godot.NativeInterop.NativeFuncs.generated.cs:380)
       [19] void Godot.NativeCalls.godot_icall_3_912(nint, nint, nint, Godot.NativeInterop.godot_bool, int) (/root/godot/modules/mono/glue/GodotSharp/GodotSharp/Generated/NativeCalls.cs:8061)
       [20] void Godot.Node.AddChild(Godot.Node, bool, Godot.Node+InternalMode) (/root/godot/modules/mono/glue/GodotSharp/GodotSharp/Generated/GodotObjects/Node.cs:848)
       [21] void Trackstorm.Client.Verification.ProxyMineIntegrationChecks.AddPeer() (C:\Users\j_gen\OneDrive\Documents\Game_Projects\Trackstorm\.godot\ts217-main-baseline\code\Client\Verification\ProxyMineIntegrationChecks.cs:69)
       [22] void Trackstorm.Client.Verification.ProxyMineIntegrationChecks._Ready() (C:\Users\j_gen\OneDrive\Documents\Game_Projects\Trackstorm\.godot\ts217-main-baseline\code\Client\Verification\ProxyMineIntegrationChecks.cs:47)
       [23] bool Godot.Node.InvokeGodotClassMethod(Godot.NativeInterop.godot_string_name&, Godot.NativeInterop.NativeVariantPtrArgs, Godot.NativeInterop.godot_variant&) (/root/godot/modules/mono/glue/GodotSharp/GodotSharp/Generated/GodotObjects/Node.cs:2660)
       [24] bool Trackstorm.Client.Verification.ProxyMineIntegrationChecks.InvokeGodotClassMethod(Godot.NativeInterop.godot_string_name&, Godot.NativeInterop.NativeVariantPtrArgs, Godot.NativeInterop.godot_variant&) (C:\Users\j_gen\OneDrive\Documents\Game_Projects\Trackstorm\.godot\ts217-main-baseline\.godot\mono\temp\obj\Debug\Godot.SourceGenerators\Godot.SourceGenerators.ScriptMethodsGenerator\Trackstorm.Client.Verification.ProxyMineIntegrationChecks_ScriptMethods.generated.cs:130)
       [25] Godot.NativeInterop.godot_bool Godot.Bridge.CSharpInstanceBridge.Call(nint, Godot.NativeInterop.godot_string_name*, Godot.NativeInterop.godot_variant**, int, Godot.NativeInterop.godot_variant_call_error*, Godot.NativeInterop.godot_variant*) (/root/godot/modules/mono/glue/GodotSharp/GodotSharp/Core/Bridge/CSharpInstanceBridge.cs:24)
WARNING: 'res://assets/arena/kenney/factory/machine.glb': In external resource #0, invalid UID: 'uid://2vtt41bw21ks' - using text path instead: 'res://assets/arena/kenney/factory/Textures/colormap.png'.
   at: open (core/io/resource_format_binary.cpp:1025)
   C# backtrace (most recent call first):
       [0] Godot.GodotObject Godot.NativeCalls.godot_icall_3_1268(nint, nint, string, string, int) (/root/godot/modules/mono/glue/GodotSharp/GodotSharp/Generated/NativeCalls.cs:11611)
       [1] Godot.Resource Godot.ResourceLoader.Load(string, string, Godot.ResourceLoader+CacheMode) (/root/godot/modules/mono/glue/GodotSharp/GodotSharp/Generated/GodotObjects/ResourceLoader.cs:120)
       [2] T Godot.ResourceLoader.Load<T>(string, string, Godot.ResourceLoader+CacheMode) (/root/godot/modules/mono/glue/GodotSharp/GodotSharp/Core/Extensions/ResourceLoaderExtensions.cs:27)
       [3] T Trackstorm.Client.Networking.MatchResourceLoader.LoadResource<T>(string) (C:\Users\j_gen\OneDrive\Documents\Game_Projects\Trackstorm\.godot\ts217-main-baseline\code\Client\Networking\MatchResourceLoader.cs:61)
       [4] void Trackstorm.Client.Arenas.CombatArena.AddModel(Godot.Node3D, string, Godot.Vector3, Godot.Vector3, Godot.Material) (C:\Users\j_gen\OneDrive\Documents\Game_Projects\Trackstorm\.godot\ts217-main-baseline\code\Client\Arenas\CombatArena.cs:137)
       [5] void Trackstorm.Client.Arenas.CombatArena._Ready() (C:\Users\j_gen\OneDrive\Documents\Game_Projects\Trackstorm\.godot\ts217-main-baseline\code\Client\Arenas\CombatArena.cs:89)
       [6] bool Godot.Node.InvokeGodotClassMethod(Godot.NativeInterop.godot_string_name&, Godot.NativeInterop.NativeVariantPtrArgs, Godot.NativeInterop.godot_variant&) (/root/godot/modules/mono/glue/GodotSharp/GodotSharp/Generated/GodotObjects/Node.cs:2660)
       [7] bool Godot.Node3D.InvokeGodotClassMethod(Godot.NativeInterop.godot_string_name&, Godot.NativeInterop.NativeVariantPtrArgs, Godot.NativeInterop.godot_variant&) (/root/godot/modules/mono/glue/GodotSharp/GodotSharp/Generated/GodotObjects/Node3D.cs:1127)
       [8] bool Trackstorm.Client.Arenas.CombatArena.InvokeGodotClassMethod(Godot.NativeInterop.godot_string_name&, Godot.NativeInterop.NativeVariantPtrArgs, Godot.NativeInterop.godot_variant&) (C:\Users\j_gen\OneDrive\Documents\Game_Projects\Trackstorm\.godot\ts217-main-baseline\.godot\mono\temp\obj\Debug\Godot.SourceGenerators\Godot.SourceGenerators.ScriptMethodsGenerator\Trackstorm.Client.Arenas.CombatArena_ScriptMethods.generated.cs:90)
       [9] Godot.NativeInterop.godot_bool Godot.Bridge.CSharpInstanceBridge.Call(nint, Godot.NativeInterop.godot_string_name*, Godot.NativeInterop.godot_variant**, int, Godot.NativeInterop.godot_variant_call_error*, Godot.NativeInterop.godot_variant*) (/root/godot/modules/mono/glue/GodotSharp/GodotSharp/Core/Bridge/CSharpInstanceBridge.cs:24)
       [10] void Godot.NativeInterop.NativeFuncs.godotsharp_method_bind_ptrcall(nint, nint, System.Void**, System.Void*) (/root/godot/modules/mono/glue/GodotSharp/GodotSharp/Godot.SourceGenerators.Internal/Godot.SourceGenerators.Internal.UnmanagedCallbacksGenerator/Godot.NativeInterop.NativeFuncs.generated.cs:380)
       [11] void Godot.NativeCalls.godot_icall_3_912(nint, nint, nint, Godot.NativeInterop.godot_bool, int) (/root/godot/modules/mono/glue/GodotSharp/GodotSharp/Generated/NativeCalls.cs:8061)
       [12] void Godot.Node.AddChild(Godot.Node, bool, Godot.Node+InternalMode) (/root/godot/modules/mono/glue/GodotSharp/GodotSharp/Generated/GodotObjects/Node.cs:848)
       [13] void Trackstorm.Client.Networking.NetworkVehicleArena._Ready() (C:\Users\j_gen\OneDrive\Documents\Game_Projects\Trackstorm\.godot\ts217-main-baseline\code\Client\Networking\NetworkVehicleArena.cs:90)
       [14] bool Godot.Node.InvokeGodotClassMethod(Godot.NativeInterop.godot_string_name&, Godot.NativeInterop.NativeVariantPtrArgs, Godot.NativeInterop.godot_variant&) (/root/godot/modules/mono/glue/GodotSharp/GodotSharp/Generated/GodotObjects/Node.cs:2660)
       [15] bool Godot.Node3D.InvokeGodotClassMethod(Godot.NativeInterop.godot_string_name&, Godot.NativeInterop.NativeVariantPtrArgs, Godot.NativeInterop.godot_variant&) (/root/godot/modules/mono/glue/GodotSharp/GodotSharp/Generated/GodotObjects/Node3D.cs:1127)
       [16] bool Trackstorm.Client.Networking.NetworkVehicleArena.InvokeGodotClassMethod(Godot.NativeInterop.godot_string_name&, Godot.NativeInterop.NativeVariantPtrArgs, Godot.NativeInterop.godot_variant&) (C:\Users\j_gen\OneDrive\Documents\Game_Projects\Trackstorm\.godot\ts217-main-baseline\.godot\mono\temp\obj\Debug\Godot.SourceGenerators\Godot.SourceGenerators.ScriptMethodsGenerator\Trackstorm.Client.Networking.NetworkVehicleArena_ScriptMethods.generated.cs:70)
       [17] Godot.NativeInterop.godot_bool Godot.Bridge.CSharpInstanceBridge.Call(nint, Godot.NativeInterop.godot_string_name*, Godot.NativeInterop.godot_variant**, int, Godot.NativeInterop.godot_variant_call_error*, Godot.NativeInterop.godot_variant*) (/root/godot/modules/mono/glue/GodotSharp/GodotSharp/Core/Bridge/CSharpInstanceBridge.cs:24)
       [18] void Godot.NativeInterop.NativeFuncs.godotsharp_method_bind_ptrcall(nint, nint, System.Void**, System.Void*) (/root/godot/modules/mono/glue/GodotSharp/GodotSharp/Godot.SourceGenerators.Internal/Godot.SourceGenerators.Internal.UnmanagedCallbacksGenerator/Godot.NativeInterop.NativeFuncs.generated.cs:380)
       [19] void Godot.NativeCalls.godot_icall_3_912(nint, nint, nint, Godot.NativeInterop.godot_bool, int) (/root/godot/modules/mono/glue/GodotSharp/GodotSharp/Generated/NativeCalls.cs:8061)
       [20] void Godot.Node.AddChild(Godot.Node, bool, Godot.Node+InternalMode) (/root/godot/modules/mono/glue/GodotSharp/GodotSharp/Generated/GodotObjects/Node.cs:848)
       [21] void Trackstorm.Client.Verification.ProxyMineIntegrationChecks.AddPeer() (C:\Users\j_gen\OneDrive\Documents\Game_Projects\Trackstorm\.godot\ts217-main-baseline\code\Client\Verification\ProxyMineIntegrationChecks.cs:69)
       [22] void Trackstorm.Client.Verification.ProxyMineIntegrationChecks._Ready() (C:\Users\j_gen\OneDrive\Documents\Game_Projects\Trackstorm\.godot\ts217-main-baseline\code\Client\Verification\ProxyMineIntegrationChecks.cs:47)
       [23] bool Godot.Node.InvokeGodotClassMethod(Godot.NativeInterop.godot_string_name&, Godot.NativeInterop.NativeVariantPtrArgs, Godot.NativeInterop.godot_variant&) (/root/godot/modules/mono/glue/GodotSharp/GodotSharp/Generated/GodotObjects/Node.cs:2660)
       [24] bool Trackstorm.Client.Verification.ProxyMineIntegrationChecks.InvokeGodotClassMethod(Godot.NativeInterop.godot_string_name&, Godot.NativeInterop.NativeVariantPtrArgs, Godot.NativeInterop.godot_variant&) (C:\Users\j_gen\OneDrive\Documents\Game_Projects\Trackstorm\.godot\ts217-main-baseline\.godot\mono\temp\obj\Debug\Godot.SourceGenerators\Godot.SourceGenerators.ScriptMethodsGenerator\Trackstorm.Client.Verification.ProxyMineIntegrationChecks_ScriptMethods.generated.cs:130)
       [25] Godot.NativeInterop.godot_bool Godot.Bridge.CSharpInstanceBridge.Call(nint, Godot.NativeInterop.godot_string_name*, Godot.NativeInterop.godot_variant**, int, Godot.NativeInterop.godot_variant_call_error*, Godot.NativeInterop.godot_variant*) (/root/godot/modules/mono/glue/GodotSharp/GodotSharp/Core/Bridge/CSharpInstanceBridge.cs:24)
Mine support convergence passed: flat/banked/uneven normals, 1200 ticks each, finite unit normals and unchanged bank response.
Two UDP peers ready; ordinary host Proxy Mine use requested.
WARNING: 'res://assets/items/proxy-mine/ProxyMinePlacementArm.glb': In external resource #0, invalid UID: 'uid://doesk0r2qorgu' - using text path instead: 'res://assets/items/proxy-mine/ProxyMinePlacementArm_Arm machined steel original patina.png'.
   at: open (core/io/resource_format_binary.cpp:1025)
   C# backtrace (most recent call first):
       [0] Godot.GodotObject Godot.NativeCalls.godot_icall_3_1268(nint, nint, string, string, int) (/root/godot/modules/mono/glue/GodotSharp/GodotSharp/Generated/NativeCalls.cs:11611)
       [1] Godot.Resource Godot.ResourceLoader.Load(string, string, Godot.ResourceLoader+CacheMode) (/root/godot/modules/mono/glue/GodotSharp/GodotSharp/Generated/GodotObjects/ResourceLoader.cs:120)
       [2] T Godot.ResourceLoader.Load<T>(string, string, Godot.ResourceLoader+CacheMode) (/root/godot/modules/mono/glue/GodotSharp/GodotSharp/Core/Extensions/ResourceLoaderExtensions.cs:27)
       [3] T Trackstorm.Client.Networking.MatchResourceLoader.LoadResource<T>(string) (C:\Users\j_gen\OneDrive\Documents\Game_Projects\Trackstorm\.godot\ts217-main-baseline\code\Client\Networking\MatchResourceLoader.cs:61)
       [4] void Trackstorm.Client.Items.ProxyMineRack._Ready() (C:\Users\j_gen\OneDrive\Documents\Game_Projects\Trackstorm\.godot\ts217-main-baseline\code\Client\Items\ProxyMineRack.cs:33)
       [5] bool Godot.Node.InvokeGodotClassMethod(Godot.NativeInterop.godot_string_name&, Godot.NativeInterop.NativeVariantPtrArgs, Godot.NativeInterop.godot_variant&) (/root/godot/modules/mono/glue/GodotSharp/GodotSharp/Generated/GodotObjects/Node.cs:2660)
       [6] bool Godot.Node3D.InvokeGodotClassMethod(Godot.NativeInterop.godot_string_name&, Godot.NativeInterop.NativeVariantPtrArgs, Godot.NativeInterop.godot_variant&) (/root/godot/modules/mono/glue/GodotSharp/GodotSharp/Generated/GodotObjects/Node3D.cs:1127)
       [7] bool Trackstorm.Client.Items.ProxyMineRack.InvokeGodotClassMethod(Godot.NativeInterop.godot_string_name&, Godot.NativeInterop.NativeVariantPtrArgs, Godot.NativeInterop.godot_variant&) (C:\Users\j_gen\OneDrive\Documents\Game_Projects\Trackstorm\.godot\ts217-main-baseline\.godot\mono\temp\obj\Debug\Godot.SourceGenerators\Godot.SourceGenerators.ScriptMethodsGenerator\Trackstorm.Client.Items.ProxyMineRack_ScriptMethods.generated.cs:80)
       [8] Godot.NativeInterop.godot_bool Godot.Bridge.CSharpInstanceBridge.Call(nint, Godot.NativeInterop.godot_string_name*, Godot.NativeInterop.godot_variant**, int, Godot.NativeInterop.godot_variant_call_error*, Godot.NativeInterop.godot_variant*) (/root/godot/modules/mono/glue/GodotSharp/GodotSharp/Core/Bridge/CSharpInstanceBridge.cs:24)
       [9] void Godot.NativeInterop.NativeFuncs.godotsharp_method_bind_ptrcall(nint, nint, System.Void**, System.Void*) (/root/godot/modules/mono/glue/GodotSharp/GodotSharp/Godot.SourceGenerators.Internal/Godot.SourceGenerators.Internal.UnmanagedCallbacksGenerator/Godot.NativeInterop.NativeFuncs.generated.cs:380)
       [10] void Godot.NativeCalls.godot_icall_3_912(nint, nint, nint, Godot.NativeInterop.godot_bool, int) (/root/godot/modules/mono/glue/GodotSharp/GodotSharp/Generated/NativeCalls.cs:8061)
       [11] void Godot.Node.AddChild(Godot.Node, bool, Godot.Node+InternalMode) (/root/godot/modules/mono/glue/GodotSharp/GodotSharp/Generated/GodotObjects/Node.cs:848)
       [12] void Trackstorm.Client.Vehicles.CarRackPresentation._Process(double) (C:\Users\j_gen\OneDrive\Documents\Game_Projects\Trackstorm\.godot\ts217-main-baseline\code\Client\Vehicles\CarRackPresentation.cs:147)
       [13] bool Godot.Node.InvokeGodotClassMethod(Godot.NativeInterop.godot_string_name&, Godot.NativeInterop.NativeVariantPtrArgs, Godot.NativeInterop.godot_variant&) (/root/godot/modules/mono/glue/GodotSharp/GodotSharp/Generated/GodotObjects/Node.cs:2654)
       [14] bool Trackstorm.Client.Vehicles.CarRackPresentation.InvokeGodotClassMethod(Godot.NativeInterop.godot_string_name&, Godot.NativeInterop.NativeVariantPtrArgs, Godot.NativeInterop.godot_variant&) (C:\Users\j_gen\OneDrive\Documents\Game_Projects\Trackstorm\.godot\ts217-main-baseline\.godot\mono\temp\obj\Debug\Godot.SourceGenerators\Godot.SourceGenerators.ScriptMethodsGenerator\Trackstorm.Client.Vehicles.CarRackPresentation_ScriptMethods.generated.cs:80)
       [15] Godot.NativeInterop.godot_bool Godot.Bridge.CSharpInstanceBridge.Call(nint, Godot.NativeInterop.godot_string_name*, Godot.NativeInterop.godot_variant**, int, Godot.NativeInterop.godot_variant_call_error*, Godot.NativeInterop.godot_variant*) (/root/godot/modules/mono/glue/GodotSharp/GodotSharp/Core/Bridge/CSharpInstanceBridge.cs:24)
WARNING: 'res://assets/items/proxy-mine/ProxyMinePlacementArm.glb': In external resource #1, invalid UID: 'uid://bsj3ysll8si47' - using text path instead: 'res://assets/items/proxy-mine/ProxyMinePlacementArm_Arm forged gunmetal original patina.png'.
   at: open (core/io/resource_format_binary.cpp:1025)
   C# backtrace (most recent call first):
       [0] Godot.GodotObject Godot.NativeCalls.godot_icall_3_1268(nint, nint, string, string, int) (/root/godot/modules/mono/glue/GodotSharp/GodotSharp/Generated/NativeCalls.cs:11611)
       [1] Godot.Resource Godot.ResourceLoader.Load(string, string, Godot.ResourceLoader+CacheMode) (/root/godot/modules/mono/glue/GodotSharp/GodotSharp/Generated/GodotObjects/ResourceLoader.cs:120)
       [2] T Godot.ResourceLoader.Load<T>(string, string, Godot.ResourceLoader+CacheMode) (/root/godot/modules/mono/glue/GodotSharp/GodotSharp/Core/Extensions/ResourceLoaderExtensions.cs:27)
       [3] T Trackstorm.Client.Networking.MatchResourceLoader.LoadResource<T>(string) (C:\Users\j_gen\OneDrive\Documents\Game_Projects\Trackstorm\.godot\ts217-main-baseline\code\Client\Networking\MatchResourceLoader.cs:61)
       [4] void Trackstorm.Client.Items.ProxyMineRack._Ready() (C:\Users\j_gen\OneDrive\Documents\Game_Projects\Trackstorm\.godot\ts217-main-baseline\code\Client\Items\ProxyMineRack.cs:33)
       [5] bool Godot.Node.InvokeGodotClassMethod(Godot.NativeInterop.godot_string_name&, Godot.NativeInterop.NativeVariantPtrArgs, Godot.NativeInterop.godot_variant&) (/root/godot/modules/mono/glue/GodotSharp/GodotSharp/Generated/GodotObjects/Node.cs:2660)
       [6] bool Godot.Node3D.InvokeGodotClassMethod(Godot.NativeInterop.godot_string_name&, Godot.NativeInterop.NativeVariantPtrArgs, Godot.NativeInterop.godot_variant&) (/root/godot/modules/mono/glue/GodotSharp/GodotSharp/Generated/GodotObjects/Node3D.cs:1127)
       [7] bool Trackstorm.Client.Items.ProxyMineRack.InvokeGodotClassMethod(Godot.NativeInterop.godot_string_name&, Godot.NativeInterop.NativeVariantPtrArgs, Godot.NativeInterop.godot_variant&) (C:\Users\j_gen\OneDrive\Documents\Game_Projects\Trackstorm\.godot\ts217-main-baseline\.godot\mono\temp\obj\Debug\Godot.SourceGenerators\Godot.SourceGenerators.ScriptMethodsGenerator\Trackstorm.Client.Items.ProxyMineRack_ScriptMethods.generated.cs:80)
       [8] Godot.NativeInterop.godot_bool Godot.Bridge.CSharpInstanceBridge.Call(nint, Godot.NativeInterop.godot_string_name*, Godot.NativeInterop.godot_variant**, int, Godot.NativeInterop.godot_variant_call_error*, Godot.NativeInterop.godot_variant*) (/root/godot/modules/mono/glue/GodotSharp/GodotSharp/Core/Bridge/CSharpInstanceBridge.cs:24)
       [9] void Godot.NativeInterop.NativeFuncs.godotsharp_method_bind_ptrcall(nint, nint, System.Void**, System.Void*) (/root/godot/modules/mono/glue/GodotSharp/GodotSharp/Godot.SourceGenerators.Internal/Godot.SourceGenerators.Internal.UnmanagedCallbacksGenerator/Godot.NativeInterop.NativeFuncs.generated.cs:380)
       [10] void Godot.NativeCalls.godot_icall_3_912(nint, nint, nint, Godot.NativeInterop.godot_bool, int) (/root/godot/modules/mono/glue/GodotSharp/GodotSharp/Generated/NativeCalls.cs:8061)
       [11] void Godot.Node.AddChild(Godot.Node, bool, Godot.Node+InternalMode) (/root/godot/modules/mono/glue/GodotSharp/GodotSharp/Generated/GodotObjects/Node.cs:848)
       [12] void Trackstorm.Client.Vehicles.CarRackPresentation._Process(double) (C:\Users\j_gen\OneDrive\Documents\Game_Projects\Trackstorm\.godot\ts217-main-baseline\code\Client\Vehicles\CarRackPresentation.cs:147)
       [13] bool Godot.Node.InvokeGodotClassMethod(Godot.NativeInterop.godot_string_name&, Godot.NativeInterop.NativeVariantPtrArgs, Godot.NativeInterop.godot_variant&) (/root/godot/modules/mono/glue/GodotSharp/GodotSharp/Generated/GodotObjects/Node.cs:2654)
       [14] bool Trackstorm.Client.Vehicles.CarRackPresentation.InvokeGodotClassMethod(Godot.NativeInterop.godot_string_name&, Godot.NativeInterop.NativeVariantPtrArgs, Godot.NativeInterop.godot_variant&) (C:\Users\j_gen\OneDrive\Documents\Game_Projects\Trackstorm\.godot\ts217-main-baseline\.godot\mono\temp\obj\Debug\Godot.SourceGenerators\Godot.SourceGenerators.ScriptMethodsGenerator\Trackstorm.Client.Vehicles.CarRackPresentation_ScriptMethods.generated.cs:80)
       [15] Godot.NativeInterop.godot_bool Godot.Bridge.CSharpInstanceBridge.Call(nint, Godot.NativeInterop.godot_string_name*, Godot.NativeInterop.godot_variant**, int, Godot.NativeInterop.godot_variant_call_error*, Godot.NativeInterop.godot_variant*) (/root/godot/modules/mono/glue/GodotSharp/GodotSharp/Core/Bridge/CSharpInstanceBridge.cs:24)
WARNING: 'res://assets/items/proxy-mine/ProxyMinePlacementArm.glb': In external resource #2, invalid UID: 'uid://62j8iil5vcf1' - using text path instead: 'res://assets/items/proxy-mine/ProxyMinePlacementArm_Arm rubber and recess original patina.png'.
   at: open (core/io/resource_format_binary.cpp:1025)
   C# backtrace (most recent call first):
       [0] Godot.GodotObject Godot.NativeCalls.godot_icall_3_1268(nint, nint, string, string, int) (/root/godot/modules/mono/glue/GodotSharp/GodotSharp/Generated/NativeCalls.cs:11611)
       [1] Godot.Resource Godot.ResourceLoader.Load(string, string, Godot.ResourceLoader+CacheMode) (/root/godot/modules/mono/glue/GodotSharp/GodotSharp/Generated/GodotObjects/ResourceLoader.cs:120)
       [2] T Godot.ResourceLoader.Load<T>(string, string, Godot.ResourceLoader+CacheMode) (/root/godot/modules/mono/glue/GodotSharp/GodotSharp/Core/Extensions/ResourceLoaderExtensions.cs:27)
       [3] T Trackstorm.Client.Networking.MatchResourceLoader.LoadResource<T>(string) (C:\Users\j_gen\OneDrive\Documents\Game_Projects\Trackstorm\.godot\ts217-main-baseline\code\Client\Networking\MatchResourceLoader.cs:61)
       [4] void Trackstorm.Client.Items.ProxyMineRack._Ready() (C:\Users\j_gen\OneDrive\Documents\Game_Projects\Trackstorm\.godot\ts217-main-baseline\code\Client\Items\ProxyMineRack.cs:33)
       [5] bool Godot.Node.InvokeGodotClassMethod(Godot.NativeInterop.godot_string_name&, Godot.NativeInterop.NativeVariantPtrArgs, Godot.NativeInterop.godot_variant&) (/root/godot/modules/mono/glue/GodotSharp/GodotSharp/Generated/GodotObjects/Node.cs:2660)
       [6] bool Godot.Node3D.InvokeGodotClassMethod(Godot.NativeInterop.godot_string_name&, Godot.NativeInterop.NativeVariantPtrArgs, Godot.NativeInterop.godot_variant&) (/root/godot/modules/mono/glue/GodotSharp/GodotSharp/Generated/GodotObjects/Node3D.cs:1127)
       [7] bool Trackstorm.Client.Items.ProxyMineRack.InvokeGodotClassMethod(Godot.NativeInterop.godot_string_name&, Godot.NativeInterop.NativeVariantPtrArgs, Godot.NativeInterop.godot_variant&) (C:\Users\j_gen\OneDrive\Documents\Game_Projects\Trackstorm\.godot\ts217-main-baseline\.godot\mono\temp\obj\Debug\Godot.SourceGenerators\Godot.SourceGenerators.ScriptMethodsGenerator\Trackstorm.Client.Items.ProxyMineRack_ScriptMethods.generated.cs:80)
       [8] Godot.NativeInterop.godot_bool Godot.Bridge.CSharpInstanceBridge.Call(nint, Godot.NativeInterop.godot_string_name*, Godot.NativeInterop.godot_variant**, int, Godot.NativeInterop.godot_variant_call_error*, Godot.NativeInterop.godot_variant*) (/root/godot/modules/mono/glue/GodotSharp/GodotSharp/Core/Bridge/CSharpInstanceBridge.cs:24)
       [9] void Godot.NativeInterop.NativeFuncs.godotsharp_method_bind_ptrcall(nint, nint, System.Void**, System.Void*) (/root/godot/modules/mono/glue/GodotSharp/GodotSharp/Godot.SourceGenerators.Internal/Godot.SourceGenerators.Internal.UnmanagedCallbacksGenerator/Godot.NativeInterop.NativeFuncs.generated.cs:380)
       [10] void Godot.NativeCalls.godot_icall_3_912(nint, nint, nint, Godot.NativeInterop.godot_bool, int) (/root/godot/modules/mono/glue/GodotSharp/GodotSharp/Generated/NativeCalls.cs:8061)
       [11] void Godot.Node.AddChild(Godot.Node, bool, Godot.Node+InternalMode) (/root/godot/modules/mono/glue/GodotSharp/GodotSharp/Generated/GodotObjects/Node.cs:848)
       [12] void Trackstorm.Client.Vehicles.CarRackPresentation._Process(double) (C:\Users\j_gen\OneDrive\Documents\Game_Projects\Trackstorm\.godot\ts217-main-baseline\code\Client\Vehicles\CarRackPresentation.cs:147)
       [13] bool Godot.Node.InvokeGodotClassMethod(Godot.NativeInterop.godot_string_name&, Godot.NativeInterop.NativeVariantPtrArgs, Godot.NativeInterop.godot_variant&) (/root/godot/modules/mono/glue/GodotSharp/GodotSharp/Generated/GodotObjects/Node.cs:2654)
       [14] bool Trackstorm.Client.Vehicles.CarRackPresentation.InvokeGodotClassMethod(Godot.NativeInterop.godot_string_name&, Godot.NativeInterop.NativeVariantPtrArgs, Godot.NativeInterop.godot_variant&) (C:\Users\j_gen\OneDrive\Documents\Game_Projects\Trackstorm\.godot\ts217-main-baseline\.godot\mono\temp\obj\Debug\Godot.SourceGenerators\Godot.SourceGenerators.ScriptMethodsGenerator\Trackstorm.Client.Vehicles.CarRackPresentation_ScriptMethods.generated.cs:80)
       [15] Godot.NativeInterop.godot_bool Godot.Bridge.CSharpInstanceBridge.Call(nint, Godot.NativeInterop.godot_string_name*, Godot.NativeInterop.godot_variant**, int, Godot.NativeInterop.godot_variant_call_error*, Godot.NativeInterop.godot_variant*) (/root/godot/modules/mono/glue/GodotSharp/GodotSharp/Core/Bridge/CSharpInstanceBridge.cs:24)
WARNING: 'res://assets/items/proxy-mine/ProxyMinePlacementArm.glb': In external resource #3, invalid UID: 'uid://200sca5lmhnh' - using text path instead: 'res://assets/items/proxy-mine/ProxyMinePlacementArm_Arm oxblood enamel original patina.png'.
   at: open (core/io/resource_format_binary.cpp:1025)
   C# backtrace (most recent call first):
       [0] Godot.GodotObject Godot.NativeCalls.godot_icall_3_1268(nint, nint, string, string, int) (/root/godot/modules/mono/glue/GodotSharp/GodotSharp/Generated/NativeCalls.cs:11611)
       [1] Godot.Resource Godot.ResourceLoader.Load(string, string, Godot.ResourceLoader+CacheMode) (/root/godot/modules/mono/glue/GodotSharp/GodotSharp/Generated/GodotObjects/ResourceLoader.cs:120)
       [2] T Godot.ResourceLoader.Load<T>(string, string, Godot.ResourceLoader+CacheMode) (/root/godot/modules/mono/glue/GodotSharp/GodotSharp/Core/Extensions/ResourceLoaderExtensions.cs:27)
       [3] T Trackstorm.Client.Networking.MatchResourceLoader.LoadResource<T>(string) (C:\Users\j_gen\OneDrive\Documents\Game_Projects\Trackstorm\.godot\ts217-main-baseline\code\Client\Networking\MatchResourceLoader.cs:61)
       [4] void Trackstorm.Client.Items.ProxyMineRack._Ready() (C:\Users\j_gen\OneDrive\Documents\Game_Projects\Trackstorm\.godot\ts217-main-baseline\code\Client\Items\ProxyMineRack.cs:33)
       [5] bool Godot.Node.InvokeGodotClassMethod(Godot.NativeInterop.godot_string_name&, Godot.NativeInterop.NativeVariantPtrArgs, Godot.NativeInterop.godot_variant&) (/root/godot/modules/mono/glue/GodotSharp/GodotSharp/Generated/GodotObjects/Node.cs:2660)
       [6] bool Godot.Node3D.InvokeGodotClassMethod(Godot.NativeInterop.godot_string_name&, Godot.NativeInterop.NativeVariantPtrArgs, Godot.NativeInterop.godot_variant&) (/root/godot/modules/mono/glue/GodotSharp/GodotSharp/Generated/GodotObjects/Node3D.cs:1127)
       [7] bool Trackstorm.Client.Items.ProxyMineRack.InvokeGodotClassMethod(Godot.NativeInterop.godot_string_name&, Godot.NativeInterop.NativeVariantPtrArgs, Godot.NativeInterop.godot_variant&) (C:\Users\j_gen\OneDrive\Documents\Game_Projects\Trackstorm\.godot\ts217-main-baseline\.godot\mono\temp\obj\Debug\Godot.SourceGenerators\Godot.SourceGenerators.ScriptMethodsGenerator\Trackstorm.Client.Items.ProxyMineRack_ScriptMethods.generated.cs:80)
       [8] Godot.NativeInterop.godot_bool Godot.Bridge.CSharpInstanceBridge.Call(nint, Godot.NativeInterop.godot_string_name*, Godot.NativeInterop.godot_variant**, int, Godot.NativeInterop.godot_variant_call_error*, Godot.NativeInterop.godot_variant*) (/root/godot/modules/mono/glue/GodotSharp/GodotSharp/Core/Bridge/CSharpInstanceBridge.cs:24)
       [9] void Godot.NativeInterop.NativeFuncs.godotsharp_method_bind_ptrcall(nint, nint, System.Void**, System.Void*) (/root/godot/modules/mono/glue/GodotSharp/GodotSharp/Godot.SourceGenerators.Internal/Godot.SourceGenerators.Internal.UnmanagedCallbacksGenerator/Godot.NativeInterop.NativeFuncs.generated.cs:380)
       [10] void Godot.NativeCalls.godot_icall_3_912(nint, nint, nint, Godot.NativeInterop.godot_bool, int) (/root/godot/modules/mono/glue/GodotSharp/GodotSharp/Generated/NativeCalls.cs:8061)
       [11] void Godot.Node.AddChild(Godot.Node, bool, Godot.Node+InternalMode) (/root/godot/modules/mono/glue/GodotSharp/GodotSharp/Generated/GodotObjects/Node.cs:848)
       [12] void Trackstorm.Client.Vehicles.CarRackPresentation._Process(double) (C:\Users\j_gen\OneDrive\Documents\Game_Projects\Trackstorm\.godot\ts217-main-baseline\code\Client\Vehicles\CarRackPresentation.cs:147)
       [13] bool Godot.Node.InvokeGodotClassMethod(Godot.NativeInterop.godot_string_name&, Godot.NativeInterop.NativeVariantPtrArgs, Godot.NativeInterop.godot_variant&) (/root/godot/modules/mono/glue/GodotSharp/GodotSharp/Generated/GodotObjects/Node.cs:2654)
       [14] bool Trackstorm.Client.Vehicles.CarRackPresentation.InvokeGodotClassMethod(Godot.NativeInterop.godot_string_name&, Godot.NativeInterop.NativeVariantPtrArgs, Godot.NativeInterop.godot_variant&) (C:\Users\j_gen\OneDrive\Documents\Game_Projects\Trackstorm\.godot\ts217-main-baseline\.godot\mono\temp\obj\Debug\Godot.SourceGenerators\Godot.SourceGenerators.ScriptMethodsGenerator\Trackstorm.Client.Vehicles.CarRackPresentation_ScriptMethods.generated.cs:80)
       [15] Godot.NativeInterop.godot_bool Godot.Bridge.CSharpInstanceBridge.Call(nint, Godot.NativeInterop.godot_string_name*, Godot.NativeInterop.godot_variant**, int, Godot.NativeInterop.godot_variant_call_error*, Godot.NativeInterop.godot_variant*) (/root/godot/modules/mono/glue/GodotSharp/GodotSharp/Core/Bridge/CSharpInstanceBridge.cs:24)
WARNING: 'res://assets/items/proxy-mine/ProxyMinePlacementArm.glb': In external resource #4, invalid UID: 'uid://0lq6u4vtllac' - using text path instead: 'res://assets/items/proxy-mine/ProxyMinePlacementArm_Arm ivory identification original patina.png'.
   at: open (core/io/resource_format_binary.cpp:1025)
   C# backtrace (most recent call first):
       [0] Godot.GodotObject Godot.NativeCalls.godot_icall_3_1268(nint, nint, string, string, int) (/root/godot/modules/mono/glue/GodotSharp/GodotSharp/Generated/NativeCalls.cs:11611)
       [1] Godot.Resource Godot.ResourceLoader.Load(string, string, Godot.ResourceLoader+CacheMode) (/root/godot/modules/mono/glue/GodotSharp/GodotSharp/Generated/GodotObjects/ResourceLoader.cs:120)
       [2] T Godot.ResourceLoader.Load<T>(string, string, Godot.ResourceLoader+CacheMode) (/root/godot/modules/mono/glue/GodotSharp/GodotSharp/Core/Extensions/ResourceLoaderExtensions.cs:27)
       [3] T Trackstorm.Client.Networking.MatchResourceLoader.LoadResource<T>(string) (C:\Users\j_gen\OneDrive\Documents\Game_Projects\Trackstorm\.godot\ts217-main-baseline\code\Client\Networking\MatchResourceLoader.cs:61)
       [4] void Trackstorm.Client.Items.ProxyMineRack._Ready() (C:\Users\j_gen\OneDrive\Documents\Game_Projects\Trackstorm\.godot\ts217-main-baseline\code\Client\Items\ProxyMineRack.cs:33)
       [5] bool Godot.Node.InvokeGodotClassMethod(Godot.NativeInterop.godot_string_name&, Godot.NativeInterop.NativeVariantPtrArgs, Godot.NativeInterop.godot_variant&) (/root/godot/modules/mono/glue/GodotSharp/GodotSharp/Generated/GodotObjects/Node.cs:2660)
       [6] bool Godot.Node3D.InvokeGodotClassMethod(Godot.NativeInterop.godot_string_name&, Godot.NativeInterop.NativeVariantPtrArgs, Godot.NativeInterop.godot_variant&) (/root/godot/modules/mono/glue/GodotSharp/GodotSharp/Generated/GodotObjects/Node3D.cs:1127)
       [7] bool Trackstorm.Client.Items.ProxyMineRack.InvokeGodotClassMethod(Godot.NativeInterop.godot_string_name&, Godot.NativeInterop.NativeVariantPtrArgs, Godot.NativeInterop.godot_variant&) (C:\Users\j_gen\OneDrive\Documents\Game_Projects\Trackstorm\.godot\ts217-main-baseline\.godot\mono\temp\obj\Debug\Godot.SourceGenerators\Godot.SourceGenerators.ScriptMethodsGenerator\Trackstorm.Client.Items.ProxyMineRack_ScriptMethods.generated.cs:80)
       [8] Godot.NativeInterop.godot_bool Godot.Bridge.CSharpInstanceBridge.Call(nint, Godot.NativeInterop.godot_string_name*, Godot.NativeInterop.godot_variant**, int, Godot.NativeInterop.godot_variant_call_error*, Godot.NativeInterop.godot_variant*) (/root/godot/modules/mono/glue/GodotSharp/GodotSharp/Core/Bridge/CSharpInstanceBridge.cs:24)
       [9] void Godot.NativeInterop.NativeFuncs.godotsharp_method_bind_ptrcall(nint, nint, System.Void**, System.Void*) (/root/godot/modules/mono/glue/GodotSharp/GodotSharp/Godot.SourceGenerators.Internal/Godot.SourceGenerators.Internal.UnmanagedCallbacksGenerator/Godot.NativeInterop.NativeFuncs.generated.cs:380)
       [10] void Godot.NativeCalls.godot_icall_3_912(nint, nint, nint, Godot.NativeInterop.godot_bool, int) (/root/godot/modules/mono/glue/GodotSharp/GodotSharp/Generated/NativeCalls.cs:8061)
       [11] void Godot.Node.AddChild(Godot.Node, bool, Godot.Node+InternalMode) (/root/godot/modules/mono/glue/GodotSharp/GodotSharp/Generated/GodotObjects/Node.cs:848)
       [12] void Trackstorm.Client.Vehicles.CarRackPresentation._Process(double) (C:\Users\j_gen\OneDrive\Documents\Game_Projects\Trackstorm\.godot\ts217-main-baseline\code\Client\Vehicles\CarRackPresentation.cs:147)
       [13] bool Godot.Node.InvokeGodotClassMethod(Godot.NativeInterop.godot_string_name&, Godot.NativeInterop.NativeVariantPtrArgs, Godot.NativeInterop.godot_variant&) (/root/godot/modules/mono/glue/GodotSharp/GodotSharp/Generated/GodotObjects/Node.cs:2654)
       [14] bool Trackstorm.Client.Vehicles.CarRackPresentation.InvokeGodotClassMethod(Godot.NativeInterop.godot_string_name&, Godot.NativeInterop.NativeVariantPtrArgs, Godot.NativeInterop.godot_variant&) (C:\Users\j_gen\OneDrive\Documents\Game_Projects\Trackstorm\.godot\ts217-main-baseline\.godot\mono\temp\obj\Debug\Godot.SourceGenerators\Godot.SourceGenerators.ScriptMethodsGenerator\Trackstorm.Client.Vehicles.CarRackPresentation_ScriptMethods.generated.cs:80)
       [15] Godot.NativeInterop.godot_bool Godot.Bridge.CSharpInstanceBridge.Call(nint, Godot.NativeInterop.godot_string_name*, Godot.NativeInterop.godot_variant**, int, Godot.NativeInterop.godot_variant_call_error*, Godot.NativeInterop.godot_variant*) (/root/godot/modules/mono/glue/GodotSharp/GodotSharp/Core/Bridge/CSharpInstanceBridge.cs:24)
WARNING: 'res://assets/items/proxy-mine/ProxyMine.glb': In external resource #0, invalid UID: 'uid://bo3koppii13ej' - using text path instead: 'res://assets/items/proxy-mine/ProxyMine_Recess patina.png'.
   at: open (core/io/resource_format_binary.cpp:1025)
   C# backtrace (most recent call first):
       [0] Godot.GodotObject Godot.NativeCalls.godot_icall_3_1268(nint, nint, string, string, int) (/root/godot/modules/mono/glue/GodotSharp/GodotSharp/Generated/NativeCalls.cs:11611)
       [1] Godot.Resource Godot.ResourceLoader.Load(string, string, Godot.ResourceLoader+CacheMode) (/root/godot/modules/mono/glue/GodotSharp/GodotSharp/Generated/GodotObjects/ResourceLoader.cs:120)
       [2] T Godot.ResourceLoader.Load<T>(string, string, Godot.ResourceLoader+CacheMode) (/root/godot/modules/mono/glue/GodotSharp/GodotSharp/Core/Extensions/ResourceLoaderExtensions.cs:27)
       [3] T Trackstorm.Client.Networking.MatchResourceLoader.LoadResource<T>(string) (C:\Users\j_gen\OneDrive\Documents\Game_Projects\Trackstorm\.godot\ts217-main-baseline\code\Client\Networking\MatchResourceLoader.cs:61)
       [4] void Trackstorm.Client.Items.ProxyMineVisual._Ready() (C:\Users\j_gen\OneDrive\Documents\Game_Projects\Trackstorm\.godot\ts217-main-baseline\code\Client\Items\ProxyMineVisual.cs:15)
       [5] bool Godot.Node.InvokeGodotClassMethod(Godot.NativeInterop.godot_string_name&, Godot.NativeInterop.NativeVariantPtrArgs, Godot.NativeInterop.godot_variant&) (/root/godot/modules/mono/glue/GodotSharp/GodotSharp/Generated/GodotObjects/Node.cs:2660)
       [6] bool Godot.Node3D.InvokeGodotClassMethod(Godot.NativeInterop.godot_string_name&, Godot.NativeInterop.NativeVariantPtrArgs, Godot.NativeInterop.godot_variant&) (/root/godot/modules/mono/glue/GodotSharp/GodotSharp/Generated/GodotObjects/Node3D.cs:1127)
       [7] bool Trackstorm.Client.Items.ProxyMineVisual.InvokeGodotClassMethod(Godot.NativeInterop.godot_string_name&, Godot.NativeInterop.NativeVariantPtrArgs, Godot.NativeInterop.godot_variant&) (C:\Users\j_gen\OneDrive\Documents\Game_Projects\Trackstorm\.godot\ts217-main-baseline\.godot\mono\temp\obj\Debug\Godot.SourceGenerators\Godot.SourceGenerators.ScriptMethodsGenerator\Trackstorm.Client.Items.ProxyMineVisual_ScriptMethods.generated.cs:60)
       [8] Godot.NativeInterop.godot_bool Godot.Bridge.CSharpInstanceBridge.Call(nint, Godot.NativeInterop.godot_string_name*, Godot.NativeInterop.godot_variant**, int, Godot.NativeInterop.godot_variant_call_error*, Godot.NativeInterop.godot_variant*) (/root/godot/modules/mono/glue/GodotSharp/GodotSharp/Core/Bridge/CSharpInstanceBridge.cs:24)
       [9] void Godot.NativeInterop.NativeFuncs.godotsharp_method_bind_ptrcall(nint, nint, System.Void**, System.Void*) (/root/godot/modules/mono/glue/GodotSharp/GodotSharp/Godot.SourceGenerators.Internal/Godot.SourceGenerators.Internal.UnmanagedCallbacksGenerator/Godot.NativeInterop.NativeFuncs.generated.cs:380)
       [10] void Godot.NativeCalls.godot_icall_3_912(nint, nint, nint, Godot.NativeInterop.godot_bool, int) (/root/godot/modules/mono/glue/GodotSharp/GodotSharp/Generated/NativeCalls.cs:8061)
       [11] void Godot.Node.AddChild(Godot.Node, bool, Godot.Node+InternalMode) (/root/godot/modules/mono/glue/GodotSharp/GodotSharp/Generated/GodotObjects/Node.cs:848)
       [12] void Trackstorm.Client.Items.ProxyMineRack._Ready() (C:\Users\j_gen\OneDrive\Documents\Game_Projects\Trackstorm\.godot\ts217-main-baseline\code\Client\Items\ProxyMineRack.cs:40)
       [13] bool Godot.Node.InvokeGodotClassMethod(Godot.NativeInterop.godot_string_name&, Godot.NativeInterop.NativeVariantPtrArgs, Godot.NativeInterop.godot_variant&) (/root/godot/modules/mono/glue/GodotSharp/GodotSharp/Generated/GodotObjects/Node.cs:2660)
       [14] bool Godot.Node3D.InvokeGodotClassMethod(Godot.NativeInterop.godot_string_name&, Godot.NativeInterop.NativeVariantPtrArgs, Godot.NativeInterop.godot_variant&) (/root/godot/modules/mono/glue/GodotSharp/GodotSharp/Generated/GodotObjects/Node3D.cs:1127)
       [15] bool Trackstorm.Client.Items.ProxyMineRack.InvokeGodotClassMethod(Godot.NativeInterop.godot_string_name&, Godot.NativeInterop.NativeVariantPtrArgs, Godot.NativeInterop.godot_variant&) (C:\Users\j_gen\OneDrive\Documents\Game_Projects\Trackstorm\.godot\ts217-main-baseline\.godot\mono\temp\obj\Debug\Godot.SourceGenerators\Godot.SourceGenerators.ScriptMethodsGenerator\Trackstorm.Client.Items.ProxyMineRack_ScriptMethods.generated.cs:80)
       [16] Godot.NativeInterop.godot_bool Godot.Bridge.CSharpInstanceBridge.Call(nint, Godot.NativeInterop.godot_string_name*, Godot.NativeInterop.godot_variant**, int, Godot.NativeInterop.godot_variant_call_error*, Godot.NativeInterop.godot_variant*) (/root/godot/modules/mono/glue/GodotSharp/GodotSharp/Core/Bridge/CSharpInstanceBridge.cs:24)
       [17] void Godot.NativeInterop.NativeFuncs.godotsharp_method_bind_ptrcall(nint, nint, System.Void**, System.Void*) (/root/godot/modules/mono/glue/GodotSharp/GodotSharp/Godot.SourceGenerators.Internal/Godot.SourceGenerators.Internal.UnmanagedCallbacksGenerator/Godot.NativeInterop.NativeFuncs.generated.cs:380)
       [18] void Godot.NativeCalls.godot_icall_3_912(nint, nint, nint, Godot.NativeInterop.godot_bool, int) (/root/godot/modules/mono/glue/GodotSharp/GodotSharp/Generated/NativeCalls.cs:8061)
       [19] void Godot.Node.AddChild(Godot.Node, bool, Godot.Node+InternalMode) (/root/godot/modules/mono/glue/GodotSharp/GodotSharp/Generated/GodotObjects/Node.cs:848)
       [20] void Trackstorm.Client.Vehicles.CarRackPresentation._Process(double) (C:\Users\j_gen\OneDrive\Documents\Game_Projects\Trackstorm\.godot\ts217-main-baseline\code\Client\Vehicles\CarRackPresentation.cs:147)
       [21] bool Godot.Node.InvokeGodotClassMethod(Godot.NativeInterop.godot_string_name&, Godot.NativeInterop.NativeVariantPtrArgs, Godot.NativeInterop.godot_variant&) (/root/godot/modules/mono/glue/GodotSharp/GodotSharp/Generated/GodotObjects/Node.cs:2654)
       [22] bool Trackstorm.Client.Vehicles.CarRackPresentation.InvokeGodotClassMethod(Godot.NativeInterop.godot_string_name&, Godot.NativeInterop.NativeVariantPtrArgs, Godot.NativeInterop.godot_variant&) (C:\Users\j_gen\OneDrive\Documents\Game_Projects\Trackstorm\.godot\ts217-main-baseline\.godot\mono\temp\obj\Debug\Godot.SourceGenerators\Godot.SourceGenerators.ScriptMethodsGenerator\Trackstorm.Client.Vehicles.CarRackPresentation_ScriptMethods.generated.cs:80)
       [23] Godot.NativeInterop.godot_bool Godot.Bridge.CSharpInstanceBridge.Call(nint, Godot.NativeInterop.godot_string_name*, Godot.NativeInterop.godot_variant**, int, Godot.NativeInterop.godot_variant_call_error*, Godot.NativeInterop.godot_variant*) (/root/godot/modules/mono/glue/GodotSharp/GodotSharp/Core/Bridge/CSharpInstanceBridge.cs:24)
WARNING: 'res://assets/items/proxy-mine/ProxyMine.glb': In external resource #1, invalid UID: 'uid://udfym458wmbq' - using text path instead: 'res://assets/items/proxy-mine/ProxyMine_Gunmetal patina.png'.
   at: open (core/io/resource_format_binary.cpp:1025)
   C# backtrace (most recent call first):
       [0] Godot.GodotObject Godot.NativeCalls.godot_icall_3_1268(nint, nint, string, string, int) (/root/godot/modules/mono/glue/GodotSharp/GodotSharp/Generated/NativeCalls.cs:11611)
       [1] Godot.Resource Godot.ResourceLoader.Load(string, string, Godot.ResourceLoader+CacheMode) (/root/godot/modules/mono/glue/GodotSharp/GodotSharp/Generated/GodotObjects/ResourceLoader.cs:120)
       [2] T Godot.ResourceLoader.Load<T>(string, string, Godot.ResourceLoader+CacheMode) (/root/godot/modules/mono/glue/GodotSharp/GodotSharp/Core/Extensions/ResourceLoaderExtensions.cs:27)
       [3] T Trackstorm.Client.Networking.MatchResourceLoader.LoadResource<T>(string) (C:\Users\j_gen\OneDrive\Documents\Game_Projects\Trackstorm\.godot\ts217-main-baseline\code\Client\Networking\MatchResourceLoader.cs:61)
       [4] void Trackstorm.Client.Items.ProxyMineVisual._Ready() (C:\Users\j_gen\OneDrive\Documents\Game_Projects\Trackstorm\.godot\ts217-main-baseline\code\Client\Items\ProxyMineVisual.cs:15)
       [5] bool Godot.Node.InvokeGodotClassMethod(Godot.NativeInterop.godot_string_name&, Godot.NativeInterop.NativeVariantPtrArgs, Godot.NativeInterop.godot_variant&) (/root/godot/modules/mono/glue/GodotSharp/GodotSharp/Generated/GodotObjects/Node.cs:2660)
       [6] bool Godot.Node3D.InvokeGodotClassMethod(Godot.NativeInterop.godot_string_name&, Godot.NativeInterop.NativeVariantPtrArgs, Godot.NativeInterop.godot_variant&) (/root/godot/modules/mono/glue/GodotSharp/GodotSharp/Generated/GodotObjects/Node3D.cs:1127)
       [7] bool Trackstorm.Client.Items.ProxyMineVisual.InvokeGodotClassMethod(Godot.NativeInterop.godot_string_name&, Godot.NativeInterop.NativeVariantPtrArgs, Godot.NativeInterop.godot_variant&) (C:\Users\j_gen\OneDrive\Documents\Game_Projects\Trackstorm\.godot\ts217-main-baseline\.godot\mono\temp\obj\Debug\Godot.SourceGenerators\Godot.SourceGenerators.ScriptMethodsGenerator\Trackstorm.Client.Items.ProxyMineVisual_ScriptMethods.generated.cs:60)
       [8] Godot.NativeInterop.godot_bool Godot.Bridge.CSharpInstanceBridge.Call(nint, Godot.NativeInterop.godot_string_name*, Godot.NativeInterop.godot_variant**, int, Godot.NativeInterop.godot_variant_call_error*, Godot.NativeInterop.godot_variant*) (/root/godot/modules/mono/glue/GodotSharp/GodotSharp/Core/Bridge/CSharpInstanceBridge.cs:24)
       [9] void Godot.NativeInterop.NativeFuncs.godotsharp_method_bind_ptrcall(nint, nint, System.Void**, System.Void*) (/root/godot/modules/mono/glue/GodotSharp/GodotSharp/Godot.SourceGenerators.Internal/Godot.SourceGenerators.Internal.UnmanagedCallbacksGenerator/Godot.NativeInterop.NativeFuncs.generated.cs:380)
       [10] void Godot.NativeCalls.godot_icall_3_912(nint, nint, nint, Godot.NativeInterop.godot_bool, int) (/root/godot/modules/mono/glue/GodotSharp/GodotSharp/Generated/NativeCalls.cs:8061)
       [11] void Godot.Node.AddChild(Godot.Node, bool, Godot.Node+InternalMode) (/root/godot/modules/mono/glue/GodotSharp/GodotSharp/Generated/GodotObjects/Node.cs:848)
       [12] void Trackstorm.Client.Items.ProxyMineRack._Ready() (C:\Users\j_gen\OneDrive\Documents\Game_Projects\Trackstorm\.godot\ts217-main-baseline\code\Client\Items\ProxyMineRack.cs:40)
       [13] bool Godot.Node.InvokeGodotClassMethod(Godot.NativeInterop.godot_string_name&, Godot.NativeInterop.NativeVariantPtrArgs, Godot.NativeInterop.godot_variant&) (/root/godot/modules/mono/glue/GodotSharp/GodotSharp/Generated/GodotObjects/Node.cs:2660)
       [14] bool Godot.Node3D.InvokeGodotClassMethod(Godot.NativeInterop.godot_string_name&, Godot.NativeInterop.NativeVariantPtrArgs, Godot.NativeInterop.godot_variant&) (/root/godot/modules/mono/glue/GodotSharp/GodotSharp/Generated/GodotObjects/Node3D.cs:1127)
       [15] bool Trackstorm.Client.Items.ProxyMineRack.InvokeGodotClassMethod(Godot.NativeInterop.godot_string_name&, Godot.NativeInterop.NativeVariantPtrArgs, Godot.NativeInterop.godot_variant&) (C:\Users\j_gen\OneDrive\Documents\Game_Projects\Trackstorm\.godot\ts217-main-baseline\.godot\mono\temp\obj\Debug\Godot.SourceGenerators\Godot.SourceGenerators.ScriptMethodsGenerator\Trackstorm.Client.Items.ProxyMineRack_ScriptMethods.generated.cs:80)
       [16] Godot.NativeInterop.godot_bool Godot.Bridge.CSharpInstanceBridge.Call(nint, Godot.NativeInterop.godot_string_name*, Godot.NativeInterop.godot_variant**, int, Godot.NativeInterop.godot_variant_call_error*, Godot.NativeInterop.godot_variant*) (/root/godot/modules/mono/glue/GodotSharp/GodotSharp/Core/Bridge/CSharpInstanceBridge.cs:24)
       [17] void Godot.NativeInterop.NativeFuncs.godotsharp_method_bind_ptrcall(nint, nint, System.Void**, System.Void*) (/root/godot/modules/mono/glue/GodotSharp/GodotSharp/Godot.SourceGenerators.Internal/Godot.SourceGenerators.Internal.UnmanagedCallbacksGenerator/Godot.NativeInterop.NativeFuncs.generated.cs:380)
       [18] void Godot.NativeCalls.godot_icall_3_912(nint, nint, nint, Godot.NativeInterop.godot_bool, int) (/root/godot/modules/mono/glue/GodotSharp/GodotSharp/Generated/NativeCalls.cs:8061)
       [19] void Godot.Node.AddChild(Godot.Node, bool, Godot.Node+InternalMode) (/root/godot/modules/mono/glue/GodotSharp/GodotSharp/Generated/GodotObjects/Node.cs:848)
       [20] void Trackstorm.Client.Vehicles.CarRackPresentation._Process(double) (C:\Users\j_gen\OneDrive\Documents\Game_Projects\Trackstorm\.godot\ts217-main-baseline\code\Client\Vehicles\CarRackPresentation.cs:147)
       [21] bool Godot.Node.InvokeGodotClassMethod(Godot.NativeInterop.godot_string_name&, Godot.NativeInterop.NativeVariantPtrArgs, Godot.NativeInterop.godot_variant&) (/root/godot/modules/mono/glue/GodotSharp/GodotSharp/Generated/GodotObjects/Node.cs:2654)
       [22] bool Trackstorm.Client.Vehicles.CarRackPresentation.InvokeGodotClassMethod(Godot.NativeInterop.godot_string_name&, Godot.NativeInterop.NativeVariantPtrArgs, Godot.NativeInterop.godot_variant&) (C:\Users\j_gen\OneDrive\Documents\Game_Projects\Trackstorm\.godot\ts217-main-baseline\.godot\mono\temp\obj\Debug\Godot.SourceGenerators\Godot.SourceGenerators.ScriptMethodsGenerator\Trackstorm.Client.Vehicles.CarRackPresentation_ScriptMethods.generated.cs:80)
       [23] Godot.NativeInterop.godot_bool Godot.Bridge.CSharpInstanceBridge.Call(nint, Godot.NativeInterop.godot_string_name*, Godot.NativeInterop.godot_variant**, int, Godot.NativeInterop.godot_variant_call_error*, Godot.NativeInterop.godot_variant*) (/root/godot/modules/mono/glue/GodotSharp/GodotSharp/Core/Bridge/CSharpInstanceBridge.cs:24)
WARNING: 'res://assets/items/proxy-mine/ProxyMine.glb': In external resource #2, invalid UID: 'uid://bgcqs6uemnaff' - using text path instead: 'res://assets/items/proxy-mine/ProxyMine_Worn steel patina.png'.
   at: open (core/io/resource_format_binary.cpp:1025)
   C# backtrace (most recent call first):
       [0] Godot.GodotObject Godot.NativeCalls.godot_icall_3_1268(nint, nint, string, string, int) (/root/godot/modules/mono/glue/GodotSharp/GodotSharp/Generated/NativeCalls.cs:11611)
       [1] Godot.Resource Godot.ResourceLoader.Load(string, string, Godot.ResourceLoader+CacheMode) (/root/godot/modules/mono/glue/GodotSharp/GodotSharp/Generated/GodotObjects/ResourceLoader.cs:120)
       [2] T Godot.ResourceLoader.Load<T>(string, string, Godot.ResourceLoader+CacheMode) (/root/godot/modules/mono/glue/GodotSharp/GodotSharp/Core/Extensions/ResourceLoaderExtensions.cs:27)
       [3] T Trackstorm.Client.Networking.MatchResourceLoader.LoadResource<T>(string) (C:\Users\j_gen\OneDrive\Documents\Game_Projects\Trackstorm\.godot\ts217-main-baseline\code\Client\Networking\MatchResourceLoader.cs:61)
       [4] void Trackstorm.Client.Items.ProxyMineVisual._Ready() (C:\Users\j_gen\OneDrive\Documents\Game_Projects\Trackstorm\.godot\ts217-main-baseline\code\Client\Items\ProxyMineVisual.cs:15)
       [5] bool Godot.Node.InvokeGodotClassMethod(Godot.NativeInterop.godot_string_name&, Godot.NativeInterop.NativeVariantPtrArgs, Godot.NativeInterop.godot_variant&) (/root/godot/modules/mono/glue/GodotSharp/GodotSharp/Generated/GodotObjects/Node.cs:2660)
       [6] bool Godot.Node3D.InvokeGodotClassMethod(Godot.NativeInterop.godot_string_name&, Godot.NativeInterop.NativeVariantPtrArgs, Godot.NativeInterop.godot_variant&) (/root/godot/modules/mono/glue/GodotSharp/GodotSharp/Generated/GodotObjects/Node3D.cs:1127)
       [7] bool Trackstorm.Client.Items.ProxyMineVisual.InvokeGodotClassMethod(Godot.NativeInterop.godot_string_name&, Godot.NativeInterop.NativeVariantPtrArgs, Godot.NativeInterop.godot_variant&) (C:\Users\j_gen\OneDrive\Documents\Game_Projects\Trackstorm\.godot\ts217-main-baseline\.godot\mono\temp\obj\Debug\Godot.SourceGenerators\Godot.SourceGenerators.ScriptMethodsGenerator\Trackstorm.Client.Items.ProxyMineVisual_ScriptMethods.generated.cs:60)
       [8] Godot.NativeInterop.godot_bool Godot.Bridge.CSharpInstanceBridge.Call(nint, Godot.NativeInterop.godot_string_name*, Godot.NativeInterop.godot_variant**, int, Godot.NativeInterop.godot_variant_call_error*, Godot.NativeInterop.godot_variant*) (/root/godot/modules/mono/glue/GodotSharp/GodotSharp/Core/Bridge/CSharpInstanceBridge.cs:24)
       [9] void Godot.NativeInterop.NativeFuncs.godotsharp_method_bind_ptrcall(nint, nint, System.Void**, System.Void*) (/root/godot/modules/mono/glue/GodotSharp/GodotSharp/Godot.SourceGenerators.Internal/Godot.SourceGenerators.Internal.UnmanagedCallbacksGenerator/Godot.NativeInterop.NativeFuncs.generated.cs:380)
       [10] void Godot.NativeCalls.godot_icall_3_912(nint, nint, nint, Godot.NativeInterop.godot_bool, int) (/root/godot/modules/mono/glue/GodotSharp/GodotSharp/Generated/NativeCalls.cs:8061)
       [11] void Godot.Node.AddChild(Godot.Node, bool, Godot.Node+InternalMode) (/root/godot/modules/mono/glue/GodotSharp/GodotSharp/Generated/GodotObjects/Node.cs:848)
       [12] void Trackstorm.Client.Items.ProxyMineRack._Ready() (C:\Users\j_gen\OneDrive\Documents\Game_Projects\Trackstorm\.godot\ts217-main-baseline\code\Client\Items\ProxyMineRack.cs:40)
       [13] bool Godot.Node.InvokeGodotClassMethod(Godot.NativeInterop.godot_string_name&, Godot.NativeInterop.NativeVariantPtrArgs, Godot.NativeInterop.godot_variant&) (/root/godot/modules/mono/glue/GodotSharp/GodotSharp/Generated/GodotObjects/Node.cs:2660)
       [14] bool Godot.Node3D.InvokeGodotClassMethod(Godot.NativeInterop.godot_string_name&, Godot.NativeInterop.NativeVariantPtrArgs, Godot.NativeInterop.godot_variant&) (/root/godot/modules/mono/glue/GodotSharp/GodotSharp/Generated/GodotObjects/Node3D.cs:1127)
       [15] bool Trackstorm.Client.Items.ProxyMineRack.InvokeGodotClassMethod(Godot.NativeInterop.godot_string_name&, Godot.NativeInterop.NativeVariantPtrArgs, Godot.NativeInterop.godot_variant&) (C:\Users\j_gen\OneDrive\Documents\Game_Projects\Trackstorm\.godot\ts217-main-baseline\.godot\mono\temp\obj\Debug\Godot.SourceGenerators\Godot.SourceGenerators.ScriptMethodsGenerator\Trackstorm.Client.Items.ProxyMineRack_ScriptMethods.generated.cs:80)
       [16] Godot.NativeInterop.godot_bool Godot.Bridge.CSharpInstanceBridge.Call(nint, Godot.NativeInterop.godot_string_name*, Godot.NativeInterop.godot_variant**, int, Godot.NativeInterop.godot_variant_call_error*, Godot.NativeInterop.godot_variant*) (/root/godot/modules/mono/glue/GodotSharp/GodotSharp/Core/Bridge/CSharpInstanceBridge.cs:24)
       [17] void Godot.NativeInterop.NativeFuncs.godotsharp_method_bind_ptrcall(nint, nint, System.Void**, System.Void*) (/root/godot/modules/mono/glue/GodotSharp/GodotSharp/Godot.SourceGenerators.Internal/Godot.SourceGenerators.Internal.UnmanagedCallbacksGenerator/Godot.NativeInterop.NativeFuncs.generated.cs:380)
       [18] void Godot.NativeCalls.godot_icall_3_912(nint, nint, nint, Godot.NativeInterop.godot_bool, int) (/root/godot/modules/mono/glue/GodotSharp/GodotSharp/Generated/NativeCalls.cs:8061)
       [19] void Godot.Node.AddChild(Godot.Node, bool, Godot.Node+InternalMode) (/root/godot/modules/mono/glue/GodotSharp/GodotSharp/Generated/GodotObjects/Node.cs:848)
       [20] void Trackstorm.Client.Vehicles.CarRackPresentation._Process(double) (C:\Users\j_gen\OneDrive\Documents\Game_Projects\Trackstorm\.godot\ts217-main-baseline\code\Client\Vehicles\CarRackPresentation.cs:147)
       [21] bool Godot.Node.InvokeGodotClassMethod(Godot.NativeInterop.godot_string_name&, Godot.NativeInterop.NativeVariantPtrArgs, Godot.NativeInterop.godot_variant&) (/root/godot/modules/mono/glue/GodotSharp/GodotSharp/Generated/GodotObjects/Node.cs:2654)
       [22] bool Trackstorm.Client.Vehicles.CarRackPresentation.InvokeGodotClassMethod(Godot.NativeInterop.godot_string_name&, Godot.NativeInterop.NativeVariantPtrArgs, Godot.NativeInterop.godot_variant&) (C:\Users\j_gen\OneDrive\Documents\Game_Projects\Trackstorm\.godot\ts217-main-baseline\.godot\mono\temp\obj\Debug\Godot.SourceGenerators\Godot.SourceGenerators.ScriptMethodsGenerator\Trackstorm.Client.Vehicles.CarRackPresentation_ScriptMethods.generated.cs:80)
       [23] Godot.NativeInterop.godot_bool Godot.Bridge.CSharpInstanceBridge.Call(nint, Godot.NativeInterop.godot_string_name*, Godot.NativeInterop.godot_variant**, int, Godot.NativeInterop.godot_variant_call_error*, Godot.NativeInterop.godot_variant*) (/root/godot/modules/mono/glue/GodotSharp/GodotSharp/Core/Bridge/CSharpInstanceBridge.cs:24)
WARNING: 'res://assets/items/proxy-mine/ProxyMine.glb': In external resource #3, invalid UID: 'uid://l8te3invob5q' - using text path instead: 'res://assets/items/proxy-mine/ProxyMine_Circus oxblood patina.png'.
   at: open (core/io/resource_format_binary.cpp:1025)
   C# backtrace (most recent call first):
       [0] Godot.GodotObject Godot.NativeCalls.godot_icall_3_1268(nint, nint, string, string, int) (/root/godot/modules/mono/glue/GodotSharp/GodotSharp/Generated/NativeCalls.cs:11611)
       [1] Godot.Resource Godot.ResourceLoader.Load(string, string, Godot.ResourceLoader+CacheMode) (/root/godot/modules/mono/glue/GodotSharp/GodotSharp/Generated/GodotObjects/ResourceLoader.cs:120)
       [2] T Godot.ResourceLoader.Load<T>(string, string, Godot.ResourceLoader+CacheMode) (/root/godot/modules/mono/glue/GodotSharp/GodotSharp/Core/Extensions/ResourceLoaderExtensions.cs:27)
       [3] T Trackstorm.Client.Networking.MatchResourceLoader.LoadResource<T>(string) (C:\Users\j_gen\OneDrive\Documents\Game_Projects\Trackstorm\.godot\ts217-main-baseline\code\Client\Networking\MatchResourceLoader.cs:61)
       [4] void Trackstorm.Client.Items.ProxyMineVisual._Ready() (C:\Users\j_gen\OneDrive\Documents\Game_Projects\Trackstorm\.godot\ts217-main-baseline\code\Client\Items\ProxyMineVisual.cs:15)
       [5] bool Godot.Node.InvokeGodotClassMethod(Godot.NativeInterop.godot_string_name&, Godot.NativeInterop.NativeVariantPtrArgs, Godot.NativeInterop.godot_variant&) (/root/godot/modules/mono/glue/GodotSharp/GodotSharp/Generated/GodotObjects/Node.cs:2660)
       [6] bool Godot.Node3D.InvokeGodotClassMethod(Godot.NativeInterop.godot_string_name&, Godot.NativeInterop.NativeVariantPtrArgs, Godot.NativeInterop.godot_variant&) (/root/godot/modules/mono/glue/GodotSharp/GodotSharp/Generated/GodotObjects/Node3D.cs:1127)
       [7] bool Trackstorm.Client.Items.ProxyMineVisual.InvokeGodotClassMethod(Godot.NativeInterop.godot_string_name&, Godot.NativeInterop.NativeVariantPtrArgs, Godot.NativeInterop.godot_variant&) (C:\Users\j_gen\OneDrive\Documents\Game_Projects\Trackstorm\.godot\ts217-main-baseline\.godot\mono\temp\obj\Debug\Godot.SourceGenerators\Godot.SourceGenerators.ScriptMethodsGenerator\Trackstorm.Client.Items.ProxyMineVisual_ScriptMethods.generated.cs:60)
       [8] Godot.NativeInterop.godot_bool Godot.Bridge.CSharpInstanceBridge.Call(nint, Godot.NativeInterop.godot_string_name*, Godot.NativeInterop.godot_variant**, int, Godot.NativeInterop.godot_variant_call_error*, Godot.NativeInterop.godot_variant*) (/root/godot/modules/mono/glue/GodotSharp/GodotSharp/Core/Bridge/CSharpInstanceBridge.cs:24)
       [9] void Godot.NativeInterop.NativeFuncs.godotsharp_method_bind_ptrcall(nint, nint, System.Void**, System.Void*) (/root/godot/modules/mono/glue/GodotSharp/GodotSharp/Godot.SourceGenerators.Internal/Godot.SourceGenerators.Internal.UnmanagedCallbacksGenerator/Godot.NativeInterop.NativeFuncs.generated.cs:380)
       [10] void Godot.NativeCalls.godot_icall_3_912(nint, nint, nint, Godot.NativeInterop.godot_bool, int) (/root/godot/modules/mono/glue/GodotSharp/GodotSharp/Generated/NativeCalls.cs:8061)
       [11] void Godot.Node.AddChild(Godot.Node, bool, Godot.Node+InternalMode) (/root/godot/modules/mono/glue/GodotSharp/GodotSharp/Generated/GodotObjects/Node.cs:848)
       [12] void Trackstorm.Client.Items.ProxyMineRack._Ready() (C:\Users\j_gen\OneDrive\Documents\Game_Projects\Trackstorm\.godot\ts217-main-baseline\code\Client\Items\ProxyMineRack.cs:40)
       [13] bool Godot.Node.InvokeGodotClassMethod(Godot.NativeInterop.godot_string_name&, Godot.NativeInterop.NativeVariantPtrArgs, Godot.NativeInterop.godot_variant&) (/root/godot/modules/mono/glue/GodotSharp/GodotSharp/Generated/GodotObjects/Node.cs:2660)
       [14] bool Godot.Node3D.InvokeGodotClassMethod(Godot.NativeInterop.godot_string_name&, Godot.NativeInterop.NativeVariantPtrArgs, Godot.NativeInterop.godot_variant&) (/root/godot/modules/mono/glue/GodotSharp/GodotSharp/Generated/GodotObjects/Node3D.cs:1127)
       [15] bool Trackstorm.Client.Items.ProxyMineRack.InvokeGodotClassMethod(Godot.NativeInterop.godot_string_name&, Godot.NativeInterop.NativeVariantPtrArgs, Godot.NativeInterop.godot_variant&) (C:\Users\j_gen\OneDrive\Documents\Game_Projects\Trackstorm\.godot\ts217-main-baseline\.godot\mono\temp\obj\Debug\Godot.SourceGenerators\Godot.SourceGenerators.ScriptMethodsGenerator\Trackstorm.Client.Items.ProxyMineRack_ScriptMethods.generated.cs:80)
       [16] Godot.NativeInterop.godot_bool Godot.Bridge.CSharpInstanceBridge.Call(nint, Godot.NativeInterop.godot_string_name*, Godot.NativeInterop.godot_variant**, int, Godot.NativeInterop.godot_variant_call_error*, Godot.NativeInterop.godot_variant*) (/root/godot/modules/mono/glue/GodotSharp/GodotSharp/Core/Bridge/CSharpInstanceBridge.cs:24)
       [17] void Godot.NativeInterop.NativeFuncs.godotsharp_method_bind_ptrcall(nint, nint, System.Void**, System.Void*) (/root/godot/modules/mono/glue/GodotSharp/GodotSharp/Godot.SourceGenerators.Internal/Godot.SourceGenerators.Internal.UnmanagedCallbacksGenerator/Godot.NativeInterop.NativeFuncs.generated.cs:380)
       [18] void Godot.NativeCalls.godot_icall_3_912(nint, nint, nint, Godot.NativeInterop.godot_bool, int) (/root/godot/modules/mono/glue/GodotSharp/GodotSharp/Generated/NativeCalls.cs:8061)
       [19] void Godot.Node.AddChild(Godot.Node, bool, Godot.Node+InternalMode) (/root/godot/modules/mono/glue/GodotSharp/GodotSharp/Generated/GodotObjects/Node.cs:848)
       [20] void Trackstorm.Client.Vehicles.CarRackPresentation._Process(double) (C:\Users\j_gen\OneDrive\Documents\Game_Projects\Trackstorm\.godot\ts217-main-baseline\code\Client\Vehicles\CarRackPresentation.cs:147)
       [21] bool Godot.Node.InvokeGodotClassMethod(Godot.NativeInterop.godot_string_name&, Godot.NativeInterop.NativeVariantPtrArgs, Godot.NativeInterop.godot_variant&) (/root/godot/modules/mono/glue/GodotSharp/GodotSharp/Generated/GodotObjects/Node.cs:2654)
       [22] bool Trackstorm.Client.Vehicles.CarRackPresentation.InvokeGodotClassMethod(Godot.NativeInterop.godot_string_name&, Godot.NativeInterop.NativeVariantPtrArgs, Godot.NativeInterop.godot_variant&) (C:\Users\j_gen\OneDrive\Documents\Game_Projects\Trackstorm\.godot\ts217-main-baseline\.godot\mono\temp\obj\Debug\Godot.SourceGenerators\Godot.SourceGenerators.ScriptMethodsGenerator\Trackstorm.Client.Vehicles.CarRackPresentation_ScriptMethods.generated.cs:80)
       [23] Godot.NativeInterop.godot_bool Godot.Bridge.CSharpInstanceBridge.Call(nint, Godot.NativeInterop.godot_string_name*, Godot.NativeInterop.godot_variant**, int, Godot.NativeInterop.godot_variant_call_error*, Godot.NativeInterop.godot_variant*) (/root/godot/modules/mono/glue/GodotSharp/GodotSharp/Core/Bridge/CSharpInstanceBridge.cs:24)
WARNING: 'res://assets/items/proxy-mine/ProxyMine.glb': In external resource #4, invalid UID: 'uid://cgo78aenexsmj' - using text path instead: 'res://assets/items/proxy-mine/ProxyMine_Magnet copper patina.png'.
   at: open (core/io/resource_format_binary.cpp:1025)
   C# backtrace (most recent call first):
       [0] Godot.GodotObject Godot.NativeCalls.godot_icall_3_1268(nint, nint, string, string, int) (/root/godot/modules/mono/glue/GodotSharp/GodotSharp/Generated/NativeCalls.cs:11611)
       [1] Godot.Resource Godot.ResourceLoader.Load(string, string, Godot.ResourceLoader+CacheMode) (/root/godot/modules/mono/glue/GodotSharp/GodotSharp/Generated/GodotObjects/ResourceLoader.cs:120)
       [2] T Godot.ResourceLoader.Load<T>(string, string, Godot.ResourceLoader+CacheMode) (/root/godot/modules/mono/glue/GodotSharp/GodotSharp/Core/Extensions/ResourceLoaderExtensions.cs:27)
       [3] T Trackstorm.Client.Networking.MatchResourceLoader.LoadResource<T>(string) (C:\Users\j_gen\OneDrive\Documents\Game_Projects\Trackstorm\.godot\ts217-main-baseline\code\Client\Networking\MatchResourceLoader.cs:61)
       [4] void Trackstorm.Client.Items.ProxyMineVisual._Ready() (C:\Users\j_gen\OneDrive\Documents\Game_Projects\Trackstorm\.godot\ts217-main-baseline\code\Client\Items\ProxyMineVisual.cs:15)
       [5] bool Godot.Node.InvokeGodotClassMethod(Godot.NativeInterop.godot_string_name&, Godot.NativeInterop.NativeVariantPtrArgs, Godot.NativeInterop.godot_variant&) (/root/godot/modules/mono/glue/GodotSharp/GodotSharp/Generated/GodotObjects/Node.cs:2660)
       [6] bool Godot.Node3D.InvokeGodotClassMethod(Godot.NativeInterop.godot_string_name&, Godot.NativeInterop.NativeVariantPtrArgs, Godot.NativeInterop.godot_variant&) (/root/godot/modules/mono/glue/GodotSharp/GodotSharp/Generated/GodotObjects/Node3D.cs:1127)
       [7] bool Trackstorm.Client.Items.ProxyMineVisual.InvokeGodotClassMethod(Godot.NativeInterop.godot_string_name&, Godot.NativeInterop.NativeVariantPtrArgs, Godot.NativeInterop.godot_variant&) (C:\Users\j_gen\OneDrive\Documents\Game_Projects\Trackstorm\.godot\ts217-main-baseline\.godot\mono\temp\obj\Debug\Godot.SourceGenerators\Godot.SourceGenerators.ScriptMethodsGenerator\Trackstorm.Client.Items.ProxyMineVisual_ScriptMethods.generated.cs:60)
       [8] Godot.NativeInterop.godot_bool Godot.Bridge.CSharpInstanceBridge.Call(nint, Godot.NativeInterop.godot_string_name*, Godot.NativeInterop.godot_variant**, int, Godot.NativeInterop.godot_variant_call_error*, Godot.NativeInterop.godot_variant*) (/root/godot/modules/mono/glue/GodotSharp/GodotSharp/Core/Bridge/CSharpInstanceBridge.cs:24)
       [9] void Godot.NativeInterop.NativeFuncs.godotsharp_method_bind_ptrcall(nint, nint, System.Void**, System.Void*) (/root/godot/modules/mono/glue/GodotSharp/GodotSharp/Godot.SourceGenerators.Internal/Godot.SourceGenerators.Internal.UnmanagedCallbacksGenerator/Godot.NativeInterop.NativeFuncs.generated.cs:380)
       [10] void Godot.NativeCalls.godot_icall_3_912(nint, nint, nint, Godot.NativeInterop.godot_bool, int) (/root/godot/modules/mono/glue/GodotSharp/GodotSharp/Generated/NativeCalls.cs:8061)
       [11] void Godot.Node.AddChild(Godot.Node, bool, Godot.Node+InternalMode) (/root/godot/modules/mono/glue/GodotSharp/GodotSharp/Generated/GodotObjects/Node.cs:848)
       [12] void Trackstorm.Client.Items.ProxyMineRack._Ready() (C:\Users\j_gen\OneDrive\Documents\Game_Projects\Trackstorm\.godot\ts217-main-baseline\code\Client\Items\ProxyMineRack.cs:40)
       [13] bool Godot.Node.InvokeGodotClassMethod(Godot.NativeInterop.godot_string_name&, Godot.NativeInterop.NativeVariantPtrArgs, Godot.NativeInterop.godot_variant&) (/root/godot/modules/mono/glue/GodotSharp/GodotSharp/Generated/GodotObjects/Node.cs:2660)
       [14] bool Godot.Node3D.InvokeGodotClassMethod(Godot.NativeInterop.godot_string_name&, Godot.NativeInterop.NativeVariantPtrArgs, Godot.NativeInterop.godot_variant&) (/root/godot/modules/mono/glue/GodotSharp/GodotSharp/Generated/GodotObjects/Node3D.cs:1127)
       [15] bool Trackstorm.Client.Items.ProxyMineRack.InvokeGodotClassMethod(Godot.NativeInterop.godot_string_name&, Godot.NativeInterop.NativeVariantPtrArgs, Godot.NativeInterop.godot_variant&) (C:\Users\j_gen\OneDrive\Documents\Game_Projects\Trackstorm\.godot\ts217-main-baseline\.godot\mono\temp\obj\Debug\Godot.SourceGenerators\Godot.SourceGenerators.ScriptMethodsGenerator\Trackstorm.Client.Items.ProxyMineRack_ScriptMethods.generated.cs:80)
       [16] Godot.NativeInterop.godot_bool Godot.Bridge.CSharpInstanceBridge.Call(nint, Godot.NativeInterop.godot_string_name*, Godot.NativeInterop.godot_variant**, int, Godot.NativeInterop.godot_variant_call_error*, Godot.NativeInterop.godot_variant*) (/root/godot/modules/mono/glue/GodotSharp/GodotSharp/Core/Bridge/CSharpInstanceBridge.cs:24)
       [17] void Godot.NativeInterop.NativeFuncs.godotsharp_method_bind_ptrcall(nint, nint, System.Void**, System.Void*) (/root/godot/modules/mono/glue/GodotSharp/GodotSharp/Godot.SourceGenerators.Internal/Godot.SourceGenerators.Internal.UnmanagedCallbacksGenerator/Godot.NativeInterop.NativeFuncs.generated.cs:380)
       [18] void Godot.NativeCalls.godot_icall_3_912(nint, nint, nint, Godot.NativeInterop.godot_bool, int) (/root/godot/modules/mono/glue/GodotSharp/GodotSharp/Generated/NativeCalls.cs:8061)
       [19] void Godot.Node.AddChild(Godot.Node, bool, Godot.Node+InternalMode) (/root/godot/modules/mono/glue/GodotSharp/GodotSharp/Generated/GodotObjects/Node.cs:848)
       [20] void Trackstorm.Client.Vehicles.CarRackPresentation._Process(double) (C:\Users\j_gen\OneDrive\Documents\Game_Projects\Trackstorm\.godot\ts217-main-baseline\code\Client\Vehicles\CarRackPresentation.cs:147)
       [21] bool Godot.Node.InvokeGodotClassMethod(Godot.NativeInterop.godot_string_name&, Godot.NativeInterop.NativeVariantPtrArgs, Godot.NativeInterop.godot_variant&) (/root/godot/modules/mono/glue/GodotSharp/GodotSharp/Generated/GodotObjects/Node.cs:2654)
       [22] bool Trackstorm.Client.Vehicles.CarRackPresentation.InvokeGodotClassMethod(Godot.NativeInterop.godot_string_name&, Godot.NativeInterop.NativeVariantPtrArgs, Godot.NativeInterop.godot_variant&) (C:\Users\j_gen\OneDrive\Documents\Game_Projects\Trackstorm\.godot\ts217-main-baseline\.godot\mono\temp\obj\Debug\Godot.SourceGenerators\Godot.SourceGenerators.ScriptMethodsGenerator\Trackstorm.Client.Vehicles.CarRackPresentation_ScriptMethods.generated.cs:80)
       [23] Godot.NativeInterop.godot_bool Godot.Bridge.CSharpInstanceBridge.Call(nint, Godot.NativeInterop.godot_string_name*, Godot.NativeInterop.godot_variant**, int, Godot.NativeInterop.godot_variant_call_error*, Godot.NativeInterop.godot_variant*) (/root/godot/modules/mono/glue/GodotSharp/GodotSharp/Core/Bridge/CSharpInstanceBridge.cs:24)
WARNING: 'res://assets/items/proxy-mine/ProxyMine.glb': In external resource #5, invalid UID: 'uid://cty6av411x08q' - using text path instead: 'res://assets/items/proxy-mine/ProxyMine_Aged ivory patina.png'.
   at: open (core/io/resource_format_binary.cpp:1025)
   C# backtrace (most recent call first):
       [0] Godot.GodotObject Godot.NativeCalls.godot_icall_3_1268(nint, nint, string, string, int) (/root/godot/modules/mono/glue/GodotSharp/GodotSharp/Generated/NativeCalls.cs:11611)
       [1] Godot.Resource Godot.ResourceLoader.Load(string, string, Godot.ResourceLoader+CacheMode) (/root/godot/modules/mono/glue/GodotSharp/GodotSharp/Generated/GodotObjects/ResourceLoader.cs:120)
       [2] T Godot.ResourceLoader.Load<T>(string, string, Godot.ResourceLoader+CacheMode) (/root/godot/modules/mono/glue/GodotSharp/GodotSharp/Core/Extensions/ResourceLoaderExtensions.cs:27)
       [3] T Trackstorm.Client.Networking.MatchResourceLoader.LoadResource<T>(string) (C:\Users\j_gen\OneDrive\Documents\Game_Projects\Trackstorm\.godot\ts217-main-baseline\code\Client\Networking\MatchResourceLoader.cs:61)
       [4] void Trackstorm.Client.Items.ProxyMineVisual._Ready() (C:\Users\j_gen\OneDrive\Documents\Game_Projects\Trackstorm\.godot\ts217-main-baseline\code\Client\Items\ProxyMineVisual.cs:15)
       [5] bool Godot.Node.InvokeGodotClassMethod(Godot.NativeInterop.godot_string_name&, Godot.NativeInterop.NativeVariantPtrArgs, Godot.NativeInterop.godot_variant&) (/root/godot/modules/mono/glue/GodotSharp/GodotSharp/Generated/GodotObjects/Node.cs:2660)
       [6] bool Godot.Node3D.InvokeGodotClassMethod(Godot.NativeInterop.godot_string_name&, Godot.NativeInterop.NativeVariantPtrArgs, Godot.NativeInterop.godot_variant&) (/root/godot/modules/mono/glue/GodotSharp/GodotSharp/Generated/GodotObjects/Node3D.cs:1127)
       [7] bool Trackstorm.Client.Items.ProxyMineVisual.InvokeGodotClassMethod(Godot.NativeInterop.godot_string_name&, Godot.NativeInterop.NativeVariantPtrArgs, Godot.NativeInterop.godot_variant&) (C:\Users\j_gen\OneDrive\Documents\Game_Projects\Trackstorm\.godot\ts217-main-baseline\.godot\mono\temp\obj\Debug\Godot.SourceGenerators\Godot.SourceGenerators.ScriptMethodsGenerator\Trackstorm.Client.Items.ProxyMineVisual_ScriptMethods.generated.cs:60)
       [8] Godot.NativeInterop.godot_bool Godot.Bridge.CSharpInstanceBridge.Call(nint, Godot.NativeInterop.godot_string_name*, Godot.NativeInterop.godot_variant**, int, Godot.NativeInterop.godot_variant_call_error*, Godot.NativeInterop.godot_variant*) (/root/godot/modules/mono/glue/GodotSharp/GodotSharp/Core/Bridge/CSharpInstanceBridge.cs:24)
       [9] void Godot.NativeInterop.NativeFuncs.godotsharp_method_bind_ptrcall(nint, nint, System.Void**, System.Void*) (/root/godot/modules/mono/glue/GodotSharp/GodotSharp/Godot.SourceGenerators.Internal/Godot.SourceGenerators.Internal.UnmanagedCallbacksGenerator/Godot.NativeInterop.NativeFuncs.generated.cs:380)
       [10] void Godot.NativeCalls.godot_icall_3_912(nint, nint, nint, Godot.NativeInterop.godot_bool, int) (/root/godot/modules/mono/glue/GodotSharp/GodotSharp/Generated/NativeCalls.cs:8061)
       [11] void Godot.Node.AddChild(Godot.Node, bool, Godot.Node+InternalMode) (/root/godot/modules/mono/glue/GodotSharp/GodotSharp/Generated/GodotObjects/Node.cs:848)
       [12] void Trackstorm.Client.Items.ProxyMineRack._Ready() (C:\Users\j_gen\OneDrive\Documents\Game_Projects\Trackstorm\.godot\ts217-main-baseline\code\Client\Items\ProxyMineRack.cs:40)
       [13] bool Godot.Node.InvokeGodotClassMethod(Godot.NativeInterop.godot_string_name&, Godot.NativeInterop.NativeVariantPtrArgs, Godot.NativeInterop.godot_variant&) (/root/godot/modules/mono/glue/GodotSharp/GodotSharp/Generated/GodotObjects/Node.cs:2660)
       [14] bool Godot.Node3D.InvokeGodotClassMethod(Godot.NativeInterop.godot_string_name&, Godot.NativeInterop.NativeVariantPtrArgs, Godot.NativeInterop.godot_variant&) (/root/godot/modules/mono/glue/GodotSharp/GodotSharp/Generated/GodotObjects/Node3D.cs:1127)
       [15] bool Trackstorm.Client.Items.ProxyMineRack.InvokeGodotClassMethod(Godot.NativeInterop.godot_string_name&, Godot.NativeInterop.NativeVariantPtrArgs, Godot.NativeInterop.godot_variant&) (C:\Users\j_gen\OneDrive\Documents\Game_Projects\Trackstorm\.godot\ts217-main-baseline\.godot\mono\temp\obj\Debug\Godot.SourceGenerators\Godot.SourceGenerators.ScriptMethodsGenerator\Trackstorm.Client.Items.ProxyMineRack_ScriptMethods.generated.cs:80)
       [16] Godot.NativeInterop.godot_bool Godot.Bridge.CSharpInstanceBridge.Call(nint, Godot.NativeInterop.godot_string_name*, Godot.NativeInterop.godot_variant**, int, Godot.NativeInterop.godot_variant_call_error*, Godot.NativeInterop.godot_variant*) (/root/godot/modules/mono/glue/GodotSharp/GodotSharp/Core/Bridge/CSharpInstanceBridge.cs:24)
       [17] void Godot.NativeInterop.NativeFuncs.godotsharp_method_bind_ptrcall(nint, nint, System.Void**, System.Void*) (/root/godot/modules/mono/glue/GodotSharp/GodotSharp/Godot.SourceGenerators.Internal/Godot.SourceGenerators.Internal.UnmanagedCallbacksGenerator/Godot.NativeInterop.NativeFuncs.generated.cs:380)
       [18] void Godot.NativeCalls.godot_icall_3_912(nint, nint, nint, Godot.NativeInterop.godot_bool, int) (/root/godot/modules/mono/glue/GodotSharp/GodotSharp/Generated/NativeCalls.cs:8061)
       [19] void Godot.Node.AddChild(Godot.Node, bool, Godot.Node+InternalMode) (/root/godot/modules/mono/glue/GodotSharp/GodotSharp/Generated/GodotObjects/Node.cs:848)
       [20] void Trackstorm.Client.Vehicles.CarRackPresentation._Process(double) (C:\Users\j_gen\OneDrive\Documents\Game_Projects\Trackstorm\.godot\ts217-main-baseline\code\Client\Vehicles\CarRackPresentation.cs:147)
       [21] bool Godot.Node.InvokeGodotClassMethod(Godot.NativeInterop.godot_string_name&, Godot.NativeInterop.NativeVariantPtrArgs, Godot.NativeInterop.godot_variant&) (/root/godot/modules/mono/glue/GodotSharp/GodotSharp/Generated/GodotObjects/Node.cs:2654)
       [22] bool Trackstorm.Client.Vehicles.CarRackPresentation.InvokeGodotClassMethod(Godot.NativeInterop.godot_string_name&, Godot.NativeInterop.NativeVariantPtrArgs, Godot.NativeInterop.godot_variant&) (C:\Users\j_gen\OneDrive\Documents\Game_Projects\Trackstorm\.godot\ts217-main-baseline\.godot\mono\temp\obj\Debug\Godot.SourceGenerators\Godot.SourceGenerators.ScriptMethodsGenerator\Trackstorm.Client.Vehicles.CarRackPresentation_ScriptMethods.generated.cs:80)
       [23] Godot.NativeInterop.godot_bool Godot.Bridge.CSharpInstanceBridge.Call(nint, Godot.NativeInterop.godot_string_name*, Godot.NativeInterop.godot_variant**, int, Godot.NativeInterop.godot_variant_call_error*, Godot.NativeInterop.godot_variant*) (/root/godot/modules/mono/glue/GodotSharp/GodotSharp/Core/Bridge/CSharpInstanceBridge.cs:24)
WARNING: 'res://assets/items/proxy-mine/ProxyMinePlacementArm.glb': In external resource #0, invalid UID: 'uid://doesk0r2qorgu' - using text path instead: 'res://assets/items/proxy-mine/ProxyMinePlacementArm_Arm machined steel original patina.png'.
   at: open (core/io/resource_format_binary.cpp:1025)
   C# backtrace (most recent call first):
       [0] Godot.GodotObject Godot.NativeCalls.godot_icall_3_1268(nint, nint, string, string, int) (/root/godot/modules/mono/glue/GodotSharp/GodotSharp/Generated/NativeCalls.cs:11611)
       [1] Godot.Resource Godot.ResourceLoader.Load(string, string, Godot.ResourceLoader+CacheMode) (/root/godot/modules/mono/glue/GodotSharp/GodotSharp/Generated/GodotObjects/ResourceLoader.cs:120)
       [2] T Godot.ResourceLoader.Load<T>(string, string, Godot.ResourceLoader+CacheMode) (/root/godot/modules/mono/glue/GodotSharp/GodotSharp/Core/Extensions/ResourceLoaderExtensions.cs:27)
       [3] T Trackstorm.Client.Networking.MatchResourceLoader.LoadResource<T>(string) (C:\Users\j_gen\OneDrive\Documents\Game_Projects\Trackstorm\.godot\ts217-main-baseline\code\Client\Networking\MatchResourceLoader.cs:61)
       [4] void Trackstorm.Client.Items.ProxyMineRack._Ready() (C:\Users\j_gen\OneDrive\Documents\Game_Projects\Trackstorm\.godot\ts217-main-baseline\code\Client\Items\ProxyMineRack.cs:33)
       [5] bool Godot.Node.InvokeGodotClassMethod(Godot.NativeInterop.godot_string_name&, Godot.NativeInterop.NativeVariantPtrArgs, Godot.NativeInterop.godot_variant&) (/root/godot/modules/mono/glue/GodotSharp/GodotSharp/Generated/GodotObjects/Node.cs:2660)
       [6] bool Godot.Node3D.InvokeGodotClassMethod(Godot.NativeInterop.godot_string_name&, Godot.NativeInterop.NativeVariantPtrArgs, Godot.NativeInterop.godot_variant&) (/root/godot/modules/mono/glue/GodotSharp/GodotSharp/Generated/GodotObjects/Node3D.cs:1127)
       [7] bool Trackstorm.Client.Items.ProxyMineRack.InvokeGodotClassMethod(Godot.NativeInterop.godot_string_name&, Godot.NativeInterop.NativeVariantPtrArgs, Godot.NativeInterop.godot_variant&) (C:\Users\j_gen\OneDrive\Documents\Game_Projects\Trackstorm\.godot\ts217-main-baseline\.godot\mono\temp\obj\Debug\Godot.SourceGenerators\Godot.SourceGenerators.ScriptMethodsGenerator\Trackstorm.Client.Items.ProxyMineRack_ScriptMethods.generated.cs:80)
       [8] Godot.NativeInterop.godot_bool Godot.Bridge.CSharpInstanceBridge.Call(nint, Godot.NativeInterop.godot_string_name*, Godot.NativeInterop.godot_variant**, int, Godot.NativeInterop.godot_variant_call_error*, Godot.NativeInterop.godot_variant*) (/root/godot/modules/mono/glue/GodotSharp/GodotSharp/Core/Bridge/CSharpInstanceBridge.cs:24)
       [9] void Godot.NativeInterop.NativeFuncs.godotsharp_method_bind_ptrcall(nint, nint, System.Void**, System.Void*) (/root/godot/modules/mono/glue/GodotSharp/GodotSharp/Godot.SourceGenerators.Internal/Godot.SourceGenerators.Internal.UnmanagedCallbacksGenerator/Godot.NativeInterop.NativeFuncs.generated.cs:380)
       [10] void Godot.NativeCalls.godot_icall_3_912(nint, nint, nint, Godot.NativeInterop.godot_bool, int) (/root/godot/modules/mono/glue/GodotSharp/GodotSharp/Generated/NativeCalls.cs:8061)
       [11] void Godot.Node.AddChild(Godot.Node, bool, Godot.Node+InternalMode) (/root/godot/modules/mono/glue/GodotSharp/GodotSharp/Generated/GodotObjects/Node.cs:848)
       [12] void Trackstorm.Client.Vehicles.CarRackPresentation._Process(double) (C:\Users\j_gen\OneDrive\Documents\Game_Projects\Trackstorm\.godot\ts217-main-baseline\code\Client\Vehicles\CarRackPresentation.cs:147)
       [13] bool Godot.Node.InvokeGodotClassMethod(Godot.NativeInterop.godot_string_name&, Godot.NativeInterop.NativeVariantPtrArgs, Godot.NativeInterop.godot_variant&) (/root/godot/modules/mono/glue/GodotSharp/GodotSharp/Generated/GodotObjects/Node.cs:2654)
       [14] bool Trackstorm.Client.Vehicles.CarRackPresentation.InvokeGodotClassMethod(Godot.NativeInterop.godot_string_name&, Godot.NativeInterop.NativeVariantPtrArgs, Godot.NativeInterop.godot_variant&) (C:\Users\j_gen\OneDrive\Documents\Game_Projects\Trackstorm\.godot\ts217-main-baseline\.godot\mono\temp\obj\Debug\Godot.SourceGenerators\Godot.SourceGenerators.ScriptMethodsGenerator\Trackstorm.Client.Vehicles.CarRackPresentation_ScriptMethods.generated.cs:80)
       [15] Godot.NativeInterop.godot_bool Godot.Bridge.CSharpInstanceBridge.Call(nint, Godot.NativeInterop.godot_string_name*, Godot.NativeInterop.godot_variant**, int, Godot.NativeInterop.godot_variant_call_error*, Godot.NativeInterop.godot_variant*) (/root/godot/modules/mono/glue/GodotSharp/GodotSharp/Core/Bridge/CSharpInstanceBridge.cs:24)
WARNING: 'res://assets/items/proxy-mine/ProxyMinePlacementArm.glb': In external resource #1, invalid UID: 'uid://bsj3ysll8si47' - using text path instead: 'res://assets/items/proxy-mine/ProxyMinePlacementArm_Arm forged gunmetal original patina.png'.
   at: open (core/io/resource_format_binary.cpp:1025)
   C# backtrace (most recent call first):
       [0] Godot.GodotObject Godot.NativeCalls.godot_icall_3_1268(nint, nint, string, string, int) (/root/godot/modules/mono/glue/GodotSharp/GodotSharp/Generated/NativeCalls.cs:11611)
       [1] Godot.Resource Godot.ResourceLoader.Load(string, string, Godot.ResourceLoader+CacheMode) (/root/godot/modules/mono/glue/GodotSharp/GodotSharp/Generated/GodotObjects/ResourceLoader.cs:120)
       [2] T Godot.ResourceLoader.Load<T>(string, string, Godot.ResourceLoader+CacheMode) (/root/godot/modules/mono/glue/GodotSharp/GodotSharp/Core/Extensions/ResourceLoaderExtensions.cs:27)
       [3] T Trackstorm.Client.Networking.MatchResourceLoader.LoadResource<T>(string) (C:\Users\j_gen\OneDrive\Documents\Game_Projects\Trackstorm\.godot\ts217-main-baseline\code\Client\Networking\MatchResourceLoader.cs:61)
       [4] void Trackstorm.Client.Items.ProxyMineRack._Ready() (C:\Users\j_gen\OneDrive\Documents\Game_Projects\Trackstorm\.godot\ts217-main-baseline\code\Client\Items\ProxyMineRack.cs:33)
       [5] bool Godot.Node.InvokeGodotClassMethod(Godot.NativeInterop.godot_string_name&, Godot.NativeInterop.NativeVariantPtrArgs, Godot.NativeInterop.godot_variant&) (/root/godot/modules/mono/glue/GodotSharp/GodotSharp/Generated/GodotObjects/Node.cs:2660)
       [6] bool Godot.Node3D.InvokeGodotClassMethod(Godot.NativeInterop.godot_string_name&, Godot.NativeInterop.NativeVariantPtrArgs, Godot.NativeInterop.godot_variant&) (/root/godot/modules/mono/glue/GodotSharp/GodotSharp/Generated/GodotObjects/Node3D.cs:1127)
       [7] bool Trackstorm.Client.Items.ProxyMineRack.InvokeGodotClassMethod(Godot.NativeInterop.godot_string_name&, Godot.NativeInterop.NativeVariantPtrArgs, Godot.NativeInterop.godot_variant&) (C:\Users\j_gen\OneDrive\Documents\Game_Projects\Trackstorm\.godot\ts217-main-baseline\.godot\mono\temp\obj\Debug\Godot.SourceGenerators\Godot.SourceGenerators.ScriptMethodsGenerator\Trackstorm.Client.Items.ProxyMineRack_ScriptMethods.generated.cs:80)
       [8] Godot.NativeInterop.godot_bool Godot.Bridge.CSharpInstanceBridge.Call(nint, Godot.NativeInterop.godot_string_name*, Godot.NativeInterop.godot_variant**, int, Godot.NativeInterop.godot_variant_call_error*, Godot.NativeInterop.godot_variant*) (/root/godot/modules/mono/glue/GodotSharp/GodotSharp/Core/Bridge/CSharpInstanceBridge.cs:24)
       [9] void Godot.NativeInterop.NativeFuncs.godotsharp_method_bind_ptrcall(nint, nint, System.Void**, System.Void*) (/root/godot/modules/mono/glue/GodotSharp/GodotSharp/Godot.SourceGenerators.Internal/Godot.SourceGenerators.Internal.UnmanagedCallbacksGenerator/Godot.NativeInterop.NativeFuncs.generated.cs:380)
       [10] void Godot.NativeCalls.godot_icall_3_912(nint, nint, nint, Godot.NativeInterop.godot_bool, int) (/root/godot/modules/mono/glue/GodotSharp/GodotSharp/Generated/NativeCalls.cs:8061)
       [11] void Godot.Node.AddChild(Godot.Node, bool, Godot.Node+InternalMode) (/root/godot/modules/mono/glue/GodotSharp/GodotSharp/Generated/GodotObjects/Node.cs:848)
       [12] void Trackstorm.Client.Vehicles.CarRackPresentation._Process(double) (C:\Users\j_gen\OneDrive\Documents\Game_Projects\Trackstorm\.godot\ts217-main-baseline\code\Client\Vehicles\CarRackPresentation.cs:147)
       [13] bool Godot.Node.InvokeGodotClassMethod(Godot.NativeInterop.godot_string_name&, Godot.NativeInterop.NativeVariantPtrArgs, Godot.NativeInterop.godot_variant&) (/root/godot/modules/mono/glue/GodotSharp/GodotSharp/Generated/GodotObjects/Node.cs:2654)
       [14] bool Trackstorm.Client.Vehicles.CarRackPresentation.InvokeGodotClassMethod(Godot.NativeInterop.godot_string_name&, Godot.NativeInterop.NativeVariantPtrArgs, Godot.NativeInterop.godot_variant&) (C:\Users\j_gen\OneDrive\Documents\Game_Projects\Trackstorm\.godot\ts217-main-baseline\.godot\mono\temp\obj\Debug\Godot.SourceGenerators\Godot.SourceGenerators.ScriptMethodsGenerator\Trackstorm.Client.Vehicles.CarRackPresentation_ScriptMethods.generated.cs:80)
       [15] Godot.NativeInterop.godot_bool Godot.Bridge.CSharpInstanceBridge.Call(nint, Godot.NativeInterop.godot_string_name*, Godot.NativeInterop.godot_variant**, int, Godot.NativeInterop.godot_variant_call_error*, Godot.NativeInterop.godot_variant*) (/root/godot/modules/mono/glue/GodotSharp/GodotSharp/Core/Bridge/CSharpInstanceBridge.cs:24)
WARNING: 'res://assets/items/proxy-mine/ProxyMinePlacementArm.glb': In external resource #2, invalid UID: 'uid://62j8iil5vcf1' - using text path instead: 'res://assets/items/proxy-mine/ProxyMinePlacementArm_Arm rubber and recess original patina.png'.
   at: open (core/io/resource_format_binary.cpp:1025)
   C# backtrace (most recent call first):
       [0] Godot.GodotObject Godot.NativeCalls.godot_icall_3_1268(nint, nint, string, string, int) (/root/godot/modules/mono/glue/GodotSharp/GodotSharp/Generated/NativeCalls.cs:11611)
       [1] Godot.Resource Godot.ResourceLoader.Load(string, string, Godot.ResourceLoader+CacheMode) (/root/godot/modules/mono/glue/GodotSharp/GodotSharp/Generated/GodotObjects/ResourceLoader.cs:120)
       [2] T Godot.ResourceLoader.Load<T>(string, string, Godot.ResourceLoader+CacheMode) (/root/godot/modules/mono/glue/GodotSharp/GodotSharp/Core/Extensions/ResourceLoaderExtensions.cs:27)
       [3] T Trackstorm.Client.Networking.MatchResourceLoader.LoadResource<T>(string) (C:\Users\j_gen\OneDrive\Documents\Game_Projects\Trackstorm\.godot\ts217-main-baseline\code\Client\Networking\MatchResourceLoader.cs:61)
       [4] void Trackstorm.Client.Items.ProxyMineRack._Ready() (C:\Users\j_gen\OneDrive\Documents\Game_Projects\Trackstorm\.godot\ts217-main-baseline\code\Client\Items\ProxyMineRack.cs:33)
       [5] bool Godot.Node.InvokeGodotClassMethod(Godot.NativeInterop.godot_string_name&, Godot.NativeInterop.NativeVariantPtrArgs, Godot.NativeInterop.godot_variant&) (/root/godot/modules/mono/glue/GodotSharp/GodotSharp/Generated/GodotObjects/Node.cs:2660)
       [6] bool Godot.Node3D.InvokeGodotClassMethod(Godot.NativeInterop.godot_string_name&, Godot.NativeInterop.NativeVariantPtrArgs, Godot.NativeInterop.godot_variant&) (/root/godot/modules/mono/glue/GodotSharp/GodotSharp/Generated/GodotObjects/Node3D.cs:1127)
       [7] bool Trackstorm.Client.Items.ProxyMineRack.InvokeGodotClassMethod(Godot.NativeInterop.godot_string_name&, Godot.NativeInterop.NativeVariantPtrArgs, Godot.NativeInterop.godot_variant&) (C:\Users\j_gen\OneDrive\Documents\Game_Projects\Trackstorm\.godot\ts217-main-baseline\.godot\mono\temp\obj\Debug\Godot.SourceGenerators\Godot.SourceGenerators.ScriptMethodsGenerator\Trackstorm.Client.Items.ProxyMineRack_ScriptMethods.generated.cs:80)
       [8] Godot.NativeInterop.godot_bool Godot.Bridge.CSharpInstanceBridge.Call(nint, Godot.NativeInterop.godot_string_name*, Godot.NativeInterop.godot_variant**, int, Godot.NativeInterop.godot_variant_call_error*, Godot.NativeInterop.godot_variant*) (/root/godot/modules/mono/glue/GodotSharp/GodotSharp/Core/Bridge/CSharpInstanceBridge.cs:24)
       [9] void Godot.NativeInterop.NativeFuncs.godotsharp_method_bind_ptrcall(nint, nint, System.Void**, System.Void*) (/root/godot/modules/mono/glue/GodotSharp/GodotSharp/Godot.SourceGenerators.Internal/Godot.SourceGenerators.Internal.UnmanagedCallbacksGenerator/Godot.NativeInterop.NativeFuncs.generated.cs:380)
       [10] void Godot.NativeCalls.godot_icall_3_912(nint, nint, nint, Godot.NativeInterop.godot_bool, int) (/root/godot/modules/mono/glue/GodotSharp/GodotSharp/Generated/NativeCalls.cs:8061)
       [11] void Godot.Node.AddChild(Godot.Node, bool, Godot.Node+InternalMode) (/root/godot/modules/mono/glue/GodotSharp/GodotSharp/Generated/GodotObjects/Node.cs:848)
       [12] void Trackstorm.Client.Vehicles.CarRackPresentation._Process(double) (C:\Users\j_gen\OneDrive\Documents\Game_Projects\Trackstorm\.godot\ts217-main-baseline\code\Client\Vehicles\CarRackPresentation.cs:147)
       [13] bool Godot.Node.InvokeGodotClassMethod(Godot.NativeInterop.godot_string_name&, Godot.NativeInterop.NativeVariantPtrArgs, Godot.NativeInterop.godot_variant&) (/root/godot/modules/mono/glue/GodotSharp/GodotSharp/Generated/GodotObjects/Node.cs:2654)
       [14] bool Trackstorm.Client.Vehicles.CarRackPresentation.InvokeGodotClassMethod(Godot.NativeInterop.godot_string_name&, Godot.NativeInterop.NativeVariantPtrArgs, Godot.NativeInterop.godot_variant&) (C:\Users\j_gen\OneDrive\Documents\Game_Projects\Trackstorm\.godot\ts217-main-baseline\.godot\mono\temp\obj\Debug\Godot.SourceGenerators\Godot.SourceGenerators.ScriptMethodsGenerator\Trackstorm.Client.Vehicles.CarRackPresentation_ScriptMethods.generated.cs:80)
       [15] Godot.NativeInterop.godot_bool Godot.Bridge.CSharpInstanceBridge.Call(nint, Godot.NativeInterop.godot_string_name*, Godot.NativeInterop.godot_variant**, int, Godot.NativeInterop.godot_variant_call_error*, Godot.NativeInterop.godot_variant*) (/root/godot/modules/mono/glue/GodotSharp/GodotSharp/Core/Bridge/CSharpInstanceBridge.cs:24)
WARNING: 'res://assets/items/proxy-mine/ProxyMinePlacementArm.glb': In external resource #3, invalid UID: 'uid://200sca5lmhnh' - using text path instead: 'res://assets/items/proxy-mine/ProxyMinePlacementArm_Arm oxblood enamel original patina.png'.
   at: open (core/io/resource_format_binary.cpp:1025)
   C# backtrace (most recent call first):
       [0] Godot.GodotObject Godot.NativeCalls.godot_icall_3_1268(nint, nint, string, string, int) (/root/godot/modules/mono/glue/GodotSharp/GodotSharp/Generated/NativeCalls.cs:11611)
       [1] Godot.Resource Godot.ResourceLoader.Load(string, string, Godot.ResourceLoader+CacheMode) (/root/godot/modules/mono/glue/GodotSharp/GodotSharp/Generated/GodotObjects/ResourceLoader.cs:120)
       [2] T Godot.ResourceLoader.Load<T>(string, string, Godot.ResourceLoader+CacheMode) (/root/godot/modules/mono/glue/GodotSharp/GodotSharp/Core/Extensions/ResourceLoaderExtensions.cs:27)
       [3] T Trackstorm.Client.Networking.MatchResourceLoader.LoadResource<T>(string) (C:\Users\j_gen\OneDrive\Documents\Game_Projects\Trackstorm\.godot\ts217-main-baseline\code\Client\Networking\MatchResourceLoader.cs:61)
       [4] void Trackstorm.Client.Items.ProxyMineRack._Ready() (C:\Users\j_gen\OneDrive\Documents\Game_Projects\Trackstorm\.godot\ts217-main-baseline\code\Client\Items\ProxyMineRack.cs:33)
       [5] bool Godot.Node.InvokeGodotClassMethod(Godot.NativeInterop.godot_string_name&, Godot.NativeInterop.NativeVariantPtrArgs, Godot.NativeInterop.godot_variant&) (/root/godot/modules/mono/glue/GodotSharp/GodotSharp/Generated/GodotObjects/Node.cs:2660)
       [6] bool Godot.Node3D.InvokeGodotClassMethod(Godot.NativeInterop.godot_string_name&, Godot.NativeInterop.NativeVariantPtrArgs, Godot.NativeInterop.godot_variant&) (/root/godot/modules/mono/glue/GodotSharp/GodotSharp/Generated/GodotObjects/Node3D.cs:1127)
       [7] bool Trackstorm.Client.Items.ProxyMineRack.InvokeGodotClassMethod(Godot.NativeInterop.godot_string_name&, Godot.NativeInterop.NativeVariantPtrArgs, Godot.NativeInterop.godot_variant&) (C:\Users\j_gen\OneDrive\Documents\Game_Projects\Trackstorm\.godot\ts217-main-baseline\.godot\mono\temp\obj\Debug\Godot.SourceGenerators\Godot.SourceGenerators.ScriptMethodsGenerator\Trackstorm.Client.Items.ProxyMineRack_ScriptMethods.generated.cs:80)
       [8] Godot.NativeInterop.godot_bool Godot.Bridge.CSharpInstanceBridge.Call(nint, Godot.NativeInterop.godot_string_name*, Godot.NativeInterop.godot_variant**, int, Godot.NativeInterop.godot_variant_call_error*, Godot.NativeInterop.godot_variant*) (/root/godot/modules/mono/glue/GodotSharp/GodotSharp/Core/Bridge/CSharpInstanceBridge.cs:24)
       [9] void Godot.NativeInterop.NativeFuncs.godotsharp_method_bind_ptrcall(nint, nint, System.Void**, System.Void*) (/root/godot/modules/mono/glue/GodotSharp/GodotSharp/Godot.SourceGenerators.Internal/Godot.SourceGenerators.Internal.UnmanagedCallbacksGenerator/Godot.NativeInterop.NativeFuncs.generated.cs:380)
       [10] void Godot.NativeCalls.godot_icall_3_912(nint, nint, nint, Godot.NativeInterop.godot_bool, int) (/root/godot/modules/mono/glue/GodotSharp/GodotSharp/Generated/NativeCalls.cs:8061)
       [11] void Godot.Node.AddChild(Godot.Node, bool, Godot.Node+InternalMode) (/root/godot/modules/mono/glue/GodotSharp/GodotSharp/Generated/GodotObjects/Node.cs:848)
       [12] void Trackstorm.Client.Vehicles.CarRackPresentation._Process(double) (C:\Users\j_gen\OneDrive\Documents\Game_Projects\Trackstorm\.godot\ts217-main-baseline\code\Client\Vehicles\CarRackPresentation.cs:147)
       [13] bool Godot.Node.InvokeGodotClassMethod(Godot.NativeInterop.godot_string_name&, Godot.NativeInterop.NativeVariantPtrArgs, Godot.NativeInterop.godot_variant&) (/root/godot/modules/mono/glue/GodotSharp/GodotSharp/Generated/GodotObjects/Node.cs:2654)
       [14] bool Trackstorm.Client.Vehicles.CarRackPresentation.InvokeGodotClassMethod(Godot.NativeInterop.godot_string_name&, Godot.NativeInterop.NativeVariantPtrArgs, Godot.NativeInterop.godot_variant&) (C:\Users\j_gen\OneDrive\Documents\Game_Projects\Trackstorm\.godot\ts217-main-baseline\.godot\mono\temp\obj\Debug\Godot.SourceGenerators\Godot.SourceGenerators.ScriptMethodsGenerator\Trackstorm.Client.Vehicles.CarRackPresentation_ScriptMethods.generated.cs:80)
       [15] Godot.NativeInterop.godot_bool Godot.Bridge.CSharpInstanceBridge.Call(nint, Godot.NativeInterop.godot_string_name*, Godot.NativeInterop.godot_variant**, int, Godot.NativeInterop.godot_variant_call_error*, Godot.NativeInterop.godot_variant*) (/root/godot/modules/mono/glue/GodotSharp/GodotSharp/Core/Bridge/CSharpInstanceBridge.cs:24)
WARNING: 'res://assets/items/proxy-mine/ProxyMinePlacementArm.glb': In external resource #4, invalid UID: 'uid://0lq6u4vtllac' - using text path instead: 'res://assets/items/proxy-mine/ProxyMinePlacementArm_Arm ivory identification original patina.png'.
   at: open (core/io/resource_format_binary.cpp:1025)
   C# backtrace (most recent call first):
       [0] Godot.GodotObject Godot.NativeCalls.godot_icall_3_1268(nint, nint, string, string, int) (/root/godot/modules/mono/glue/GodotSharp/GodotSharp/Generated/NativeCalls.cs:11611)
       [1] Godot.Resource Godot.ResourceLoader.Load(string, string, Godot.ResourceLoader+CacheMode) (/root/godot/modules/mono/glue/GodotSharp/GodotSharp/Generated/GodotObjects/ResourceLoader.cs:120)
       [2] T Godot.ResourceLoader.Load<T>(string, string, Godot.ResourceLoader+CacheMode) (/root/godot/modules/mono/glue/GodotSharp/GodotSharp/Core/Extensions/ResourceLoaderExtensions.cs:27)
       [3] T Trackstorm.Client.Networking.MatchResourceLoader.LoadResource<T>(string) (C:\Users\j_gen\OneDrive\Documents\Game_Projects\Trackstorm\.godot\ts217-main-baseline\code\Client\Networking\MatchResourceLoader.cs:61)
       [4] void Trackstorm.Client.Items.ProxyMineRack._Ready() (C:\Users\j_gen\OneDrive\Documents\Game_Projects\Trackstorm\.godot\ts217-main-baseline\code\Client\Items\ProxyMineRack.cs:33)
       [5] bool Godot.Node.InvokeGodotClassMethod(Godot.NativeInterop.godot_string_name&, Godot.NativeInterop.NativeVariantPtrArgs, Godot.NativeInterop.godot_variant&) (/root/godot/modules/mono/glue/GodotSharp/GodotSharp/Generated/GodotObjects/Node.cs:2660)
       [6] bool Godot.Node3D.InvokeGodotClassMethod(Godot.NativeInterop.godot_string_name&, Godot.NativeInterop.NativeVariantPtrArgs, Godot.NativeInterop.godot_variant&) (/root/godot/modules/mono/glue/GodotSharp/GodotSharp/Generated/GodotObjects/Node3D.cs:1127)
       [7] bool Trackstorm.Client.Items.ProxyMineRack.InvokeGodotClassMethod(Godot.NativeInterop.godot_string_name&, Godot.NativeInterop.NativeVariantPtrArgs, Godot.NativeInterop.godot_variant&) (C:\Users\j_gen\OneDrive\Documents\Game_Projects\Trackstorm\.godot\ts217-main-baseline\.godot\mono\temp\obj\Debug\Godot.SourceGenerators\Godot.SourceGenerators.ScriptMethodsGenerator\Trackstorm.Client.Items.ProxyMineRack_ScriptMethods.generated.cs:80)
       [8] Godot.NativeInterop.godot_bool Godot.Bridge.CSharpInstanceBridge.Call(nint, Godot.NativeInterop.godot_string_name*, Godot.NativeInterop.godot_variant**, int, Godot.NativeInterop.godot_variant_call_error*, Godot.NativeInterop.godot_variant*) (/root/godot/modules/mono/glue/GodotSharp/GodotSharp/Core/Bridge/CSharpInstanceBridge.cs:24)
       [9] void Godot.NativeInterop.NativeFuncs.godotsharp_method_bind_ptrcall(nint, nint, System.Void**, System.Void*) (/root/godot/modules/mono/glue/GodotSharp/GodotSharp/Godot.SourceGenerators.Internal/Godot.SourceGenerators.Internal.UnmanagedCallbacksGenerator/Godot.NativeInterop.NativeFuncs.generated.cs:380)
       [10] void Godot.NativeCalls.godot_icall_3_912(nint, nint, nint, Godot.NativeInterop.godot_bool, int) (/root/godot/modules/mono/glue/GodotSharp/GodotSharp/Generated/NativeCalls.cs:8061)
       [11] void Godot.Node.AddChild(Godot.Node, bool, Godot.Node+InternalMode) (/root/godot/modules/mono/glue/GodotSharp/GodotSharp/Generated/GodotObjects/Node.cs:848)
       [12] void Trackstorm.Client.Vehicles.CarRackPresentation._Process(double) (C:\Users\j_gen\OneDrive\Documents\Game_Projects\Trackstorm\.godot\ts217-main-baseline\code\Client\Vehicles\CarRackPresentation.cs:147)
       [13] bool Godot.Node.InvokeGodotClassMethod(Godot.NativeInterop.godot_string_name&, Godot.NativeInterop.NativeVariantPtrArgs, Godot.NativeInterop.godot_variant&) (/root/godot/modules/mono/glue/GodotSharp/GodotSharp/Generated/GodotObjects/Node.cs:2654)
       [14] bool Trackstorm.Client.Vehicles.CarRackPresentation.InvokeGodotClassMethod(Godot.NativeInterop.godot_string_name&, Godot.NativeInterop.NativeVariantPtrArgs, Godot.NativeInterop.godot_variant&) (C:\Users\j_gen\OneDrive\Documents\Game_Projects\Trackstorm\.godot\ts217-main-baseline\.godot\mono\temp\obj\Debug\Godot.SourceGenerators\Godot.SourceGenerators.ScriptMethodsGenerator\Trackstorm.Client.Vehicles.CarRackPresentation_ScriptMethods.generated.cs:80)
       [15] Godot.NativeInterop.godot_bool Godot.Bridge.CSharpInstanceBridge.Call(nint, Godot.NativeInterop.godot_string_name*, Godot.NativeInterop.godot_variant**, int, Godot.NativeInterop.godot_variant_call_error*, Godot.NativeInterop.godot_variant*) (/root/godot/modules/mono/glue/GodotSharp/GodotSharp/Core/Bridge/CSharpInstanceBridge.cs:24)
WARNING: 'res://assets/items/proxy-mine/ProxyMine.glb': In external resource #0, invalid UID: 'uid://bo3koppii13ej' - using text path instead: 'res://assets/items/proxy-mine/ProxyMine_Recess patina.png'.
   at: open (core/io/resource_format_binary.cpp:1025)
   C# backtrace (most recent call first):
       [0] Godot.GodotObject Godot.NativeCalls.godot_icall_3_1268(nint, nint, string, string, int) (/root/godot/modules/mono/glue/GodotSharp/GodotSharp/Generated/NativeCalls.cs:11611)
       [1] Godot.Resource Godot.ResourceLoader.Load(string, string, Godot.ResourceLoader+CacheMode) (/root/godot/modules/mono/glue/GodotSharp/GodotSharp/Generated/GodotObjects/ResourceLoader.cs:120)
       [2] T Godot.ResourceLoader.Load<T>(string, string, Godot.ResourceLoader+CacheMode) (/root/godot/modules/mono/glue/GodotSharp/GodotSharp/Core/Extensions/ResourceLoaderExtensions.cs:27)
       [3] T Trackstorm.Client.Networking.MatchResourceLoader.LoadResource<T>(string) (C:\Users\j_gen\OneDrive\Documents\Game_Projects\Trackstorm\.godot\ts217-main-baseline\code\Client\Networking\MatchResourceLoader.cs:61)
       [4] void Trackstorm.Client.Items.ProxyMineVisual._Ready() (C:\Users\j_gen\OneDrive\Documents\Game_Projects\Trackstorm\.godot\ts217-main-baseline\code\Client\Items\ProxyMineVisual.cs:15)
       [5] bool Godot.Node.InvokeGodotClassMethod(Godot.NativeInterop.godot_string_name&, Godot.NativeInterop.NativeVariantPtrArgs, Godot.NativeInterop.godot_variant&) (/root/godot/modules/mono/glue/GodotSharp/GodotSharp/Generated/GodotObjects/Node.cs:2660)
       [6] bool Godot.Node3D.InvokeGodotClassMethod(Godot.NativeInterop.godot_string_name&, Godot.NativeInterop.NativeVariantPtrArgs, Godot.NativeInterop.godot_variant&) (/root/godot/modules/mono/glue/GodotSharp/GodotSharp/Generated/GodotObjects/Node3D.cs:1127)
       [7] bool Trackstorm.Client.Items.ProxyMineVisual.InvokeGodotClassMethod(Godot.NativeInterop.godot_string_name&, Godot.NativeInterop.NativeVariantPtrArgs, Godot.NativeInterop.godot_variant&) (C:\Users\j_gen\OneDrive\Documents\Game_Projects\Trackstorm\.godot\ts217-main-baseline\.godot\mono\temp\obj\Debug\Godot.SourceGenerators\Godot.SourceGenerators.ScriptMethodsGenerator\Trackstorm.Client.Items.ProxyMineVisual_ScriptMethods.generated.cs:60)
       [8] Godot.NativeInterop.godot_bool Godot.Bridge.CSharpInstanceBridge.Call(nint, Godot.NativeInterop.godot_string_name*, Godot.NativeInterop.godot_variant**, int, Godot.NativeInterop.godot_variant_call_error*, Godot.NativeInterop.godot_variant*) (/root/godot/modules/mono/glue/GodotSharp/GodotSharp/Core/Bridge/CSharpInstanceBridge.cs:24)
       [9] void Godot.NativeInterop.NativeFuncs.godotsharp_method_bind_ptrcall(nint, nint, System.Void**, System.Void*) (/root/godot/modules/mono/glue/GodotSharp/GodotSharp/Godot.SourceGenerators.Internal/Godot.SourceGenerators.Internal.UnmanagedCallbacksGenerator/Godot.NativeInterop.NativeFuncs.generated.cs:380)
       [10] void Godot.NativeCalls.godot_icall_3_912(nint, nint, nint, Godot.NativeInterop.godot_bool, int) (/root/godot/modules/mono/glue/GodotSharp/GodotSharp/Generated/NativeCalls.cs:8061)
       [11] void Godot.Node.AddChild(Godot.Node, bool, Godot.Node+InternalMode) (/root/godot/modules/mono/glue/GodotSharp/GodotSharp/Generated/GodotObjects/Node.cs:848)
       [12] void Trackstorm.Client.Items.ProxyMineRack._Ready() (C:\Users\j_gen\OneDrive\Documents\Game_Projects\Trackstorm\.godot\ts217-main-baseline\code\Client\Items\ProxyMineRack.cs:40)
       [13] bool Godot.Node.InvokeGodotClassMethod(Godot.NativeInterop.godot_string_name&, Godot.NativeInterop.NativeVariantPtrArgs, Godot.NativeInterop.godot_variant&) (/root/godot/modules/mono/glue/GodotSharp/GodotSharp/Generated/GodotObjects/Node.cs:2660)
       [14] bool Godot.Node3D.InvokeGodotClassMethod(Godot.NativeInterop.godot_string_name&, Godot.NativeInterop.NativeVariantPtrArgs, Godot.NativeInterop.godot_variant&) (/root/godot/modules/mono/glue/GodotSharp/GodotSharp/Generated/GodotObjects/Node3D.cs:1127)
       [15] bool Trackstorm.Client.Items.ProxyMineRack.InvokeGodotClassMethod(Godot.NativeInterop.godot_string_name&, Godot.NativeInterop.NativeVariantPtrArgs, Godot.NativeInterop.godot_variant&) (C:\Users\j_gen\OneDrive\Documents\Game_Projects\Trackstorm\.godot\ts217-main-baseline\.godot\mono\temp\obj\Debug\Godot.SourceGenerators\Godot.SourceGenerators.ScriptMethodsGenerator\Trackstorm.Client.Items.ProxyMineRack_ScriptMethods.generated.cs:80)
       [16] Godot.NativeInterop.godot_bool Godot.Bridge.CSharpInstanceBridge.Call(nint, Godot.NativeInterop.godot_string_name*, Godot.NativeInterop.godot_variant**, int, Godot.NativeInterop.godot_variant_call_error*, Godot.NativeInterop.godot_variant*) (/root/godot/modules/mono/glue/GodotSharp/GodotSharp/Core/Bridge/CSharpInstanceBridge.cs:24)
       [17] void Godot.NativeInterop.NativeFuncs.godotsharp_method_bind_ptrcall(nint, nint, System.Void**, System.Void*) (/root/godot/modules/mono/glue/GodotSharp/GodotSharp/Godot.SourceGenerators.Internal/Godot.SourceGenerators.Internal.UnmanagedCallbacksGenerator/Godot.NativeInterop.NativeFuncs.generated.cs:380)
       [18] void Godot.NativeCalls.godot_icall_3_912(nint, nint, nint, Godot.NativeInterop.godot_bool, int) (/root/godot/modules/mono/glue/GodotSharp/GodotSharp/Generated/NativeCalls.cs:8061)
       [19] void Godot.Node.AddChild(Godot.Node, bool, Godot.Node+InternalMode) (/root/godot/modules/mono/glue/GodotSharp/GodotSharp/Generated/GodotObjects/Node.cs:848)
       [20] void Trackstorm.Client.Vehicles.CarRackPresentation._Process(double) (C:\Users\j_gen\OneDrive\Documents\Game_Projects\Trackstorm\.godot\ts217-main-baseline\code\Client\Vehicles\CarRackPresentation.cs:147)
       [21] bool Godot.Node.InvokeGodotClassMethod(Godot.NativeInterop.godot_string_name&, Godot.NativeInterop.NativeVariantPtrArgs, Godot.NativeInterop.godot_variant&) (/root/godot/modules/mono/glue/GodotSharp/GodotSharp/Generated/GodotObjects/Node.cs:2654)
       [22] bool Trackstorm.Client.Vehicles.CarRackPresentation.InvokeGodotClassMethod(Godot.NativeInterop.godot_string_name&, Godot.NativeInterop.NativeVariantPtrArgs, Godot.NativeInterop.godot_variant&) (C:\Users\j_gen\OneDrive\Documents\Game_Projects\Trackstorm\.godot\ts217-main-baseline\.godot\mono\temp\obj\Debug\Godot.SourceGenerators\Godot.SourceGenerators.ScriptMethodsGenerator\Trackstorm.Client.Vehicles.CarRackPresentation_ScriptMethods.generated.cs:80)
       [23] Godot.NativeInterop.godot_bool Godot.Bridge.CSharpInstanceBridge.Call(nint, Godot.NativeInterop.godot_string_name*, Godot.NativeInterop.godot_variant**, int, Godot.NativeInterop.godot_variant_call_error*, Godot.NativeInterop.godot_variant*) (/root/godot/modules/mono/glue/GodotSharp/GodotSharp/Core/Bridge/CSharpInstanceBridge.cs:24)
WARNING: 'res://assets/items/proxy-mine/ProxyMine.glb': In external resource #1, invalid UID: 'uid://udfym458wmbq' - using text path instead: 'res://assets/items/proxy-mine/ProxyMine_Gunmetal patina.png'.
   at: open (core/io/resource_format_binary.cpp:1025)
   C# backtrace (most recent call first):
       [0] Godot.GodotObject Godot.NativeCalls.godot_icall_3_1268(nint, nint, string, string, int) (/root/godot/modules/mono/glue/GodotSharp/GodotSharp/Generated/NativeCalls.cs:11611)
       [1] Godot.Resource Godot.ResourceLoader.Load(string, string, Godot.ResourceLoader+CacheMode) (/root/godot/modules/mono/glue/GodotSharp/GodotSharp/Generated/GodotObjects/ResourceLoader.cs:120)
       [2] T Godot.ResourceLoader.Load<T>(string, string, Godot.ResourceLoader+CacheMode) (/root/godot/modules/mono/glue/GodotSharp/GodotSharp/Core/Extensions/ResourceLoaderExtensions.cs:27)
       [3] T Trackstorm.Client.Networking.MatchResourceLoader.LoadResource<T>(string) (C:\Users\j_gen\OneDrive\Documents\Game_Projects\Trackstorm\.godot\ts217-main-baseline\code\Client\Networking\MatchResourceLoader.cs:61)
       [4] void Trackstorm.Client.Items.ProxyMineVisual._Ready() (C:\Users\j_gen\OneDrive\Documents\Game_Projects\Trackstorm\.godot\ts217-main-baseline\code\Client\Items\ProxyMineVisual.cs:15)
       [5] bool Godot.Node.InvokeGodotClassMethod(Godot.NativeInterop.godot_string_name&, Godot.NativeInterop.NativeVariantPtrArgs, Godot.NativeInterop.godot_variant&) (/root/godot/modules/mono/glue/GodotSharp/GodotSharp/Generated/GodotObjects/Node.cs:2660)
       [6] bool Godot.Node3D.InvokeGodotClassMethod(Godot.NativeInterop.godot_string_name&, Godot.NativeInterop.NativeVariantPtrArgs, Godot.NativeInterop.godot_variant&) (/root/godot/modules/mono/glue/GodotSharp/GodotSharp/Generated/GodotObjects/Node3D.cs:1127)
       [7] bool Trackstorm.Client.Items.ProxyMineVisual.InvokeGodotClassMethod(Godot.NativeInterop.godot_string_name&, Godot.NativeInterop.NativeVariantPtrArgs, Godot.NativeInterop.godot_variant&) (C:\Users\j_gen\OneDrive\Documents\Game_Projects\Trackstorm\.godot\ts217-main-baseline\.godot\mono\temp\obj\Debug\Godot.SourceGenerators\Godot.SourceGenerators.ScriptMethodsGenerator\Trackstorm.Client.Items.ProxyMineVisual_ScriptMethods.generated.cs:60)
       [8] Godot.NativeInterop.godot_bool Godot.Bridge.CSharpInstanceBridge.Call(nint, Godot.NativeInterop.godot_string_name*, Godot.NativeInterop.godot_variant**, int, Godot.NativeInterop.godot_variant_call_error*, Godot.NativeInterop.godot_variant*) (/root/godot/modules/mono/glue/GodotSharp/GodotSharp/Core/Bridge/CSharpInstanceBridge.cs:24)
       [9] void Godot.NativeInterop.NativeFuncs.godotsharp_method_bind_ptrcall(nint, nint, System.Void**, System.Void*) (/root/godot/modules/mono/glue/GodotSharp/GodotSharp/Godot.SourceGenerators.Internal/Godot.SourceGenerators.Internal.UnmanagedCallbacksGenerator/Godot.NativeInterop.NativeFuncs.generated.cs:380)
       [10] void Godot.NativeCalls.godot_icall_3_912(nint, nint, nint, Godot.NativeInterop.godot_bool, int) (/root/godot/modules/mono/glue/GodotSharp/GodotSharp/Generated/NativeCalls.cs:8061)
       [11] void Godot.Node.AddChild(Godot.Node, bool, Godot.Node+InternalMode) (/root/godot/modules/mono/glue/GodotSharp/GodotSharp/Generated/GodotObjects/Node.cs:848)
       [12] void Trackstorm.Client.Items.ProxyMineRack._Ready() (C:\Users\j_gen\OneDrive\Documents\Game_Projects\Trackstorm\.godot\ts217-main-baseline\code\Client\Items\ProxyMineRack.cs:40)
       [13] bool Godot.Node.InvokeGodotClassMethod(Godot.NativeInterop.godot_string_name&, Godot.NativeInterop.NativeVariantPtrArgs, Godot.NativeInterop.godot_variant&) (/root/godot/modules/mono/glue/GodotSharp/GodotSharp/Generated/GodotObjects/Node.cs:2660)
       [14] bool Godot.Node3D.InvokeGodotClassMethod(Godot.NativeInterop.godot_string_name&, Godot.NativeInterop.NativeVariantPtrArgs, Godot.NativeInterop.godot_variant&) (/root/godot/modules/mono/glue/GodotSharp/GodotSharp/Generated/GodotObjects/Node3D.cs:1127)
       [15] bool Trackstorm.Client.Items.ProxyMineRack.InvokeGodotClassMethod(Godot.NativeInterop.godot_string_name&, Godot.NativeInterop.NativeVariantPtrArgs, Godot.NativeInterop.godot_variant&) (C:\Users\j_gen\OneDrive\Documents\Game_Projects\Trackstorm\.godot\ts217-main-baseline\.godot\mono\temp\obj\Debug\Godot.SourceGenerators\Godot.SourceGenerators.ScriptMethodsGenerator\Trackstorm.Client.Items.ProxyMineRack_ScriptMethods.generated.cs:80)
       [16] Godot.NativeInterop.godot_bool Godot.Bridge.CSharpInstanceBridge.Call(nint, Godot.NativeInterop.godot_string_name*, Godot.NativeInterop.godot_variant**, int, Godot.NativeInterop.godot_variant_call_error*, Godot.NativeInterop.godot_variant*) (/root/godot/modules/mono/glue/GodotSharp/GodotSharp/Core/Bridge/CSharpInstanceBridge.cs:24)
       [17] void Godot.NativeInterop.NativeFuncs.godotsharp_method_bind_ptrcall(nint, nint, System.Void**, System.Void*) (/root/godot/modules/mono/glue/GodotSharp/GodotSharp/Godot.SourceGenerators.Internal/Godot.SourceGenerators.Internal.UnmanagedCallbacksGenerator/Godot.NativeInterop.NativeFuncs.generated.cs:380)
       [18] void Godot.NativeCalls.godot_icall_3_912(nint, nint, nint, Godot.NativeInterop.godot_bool, int) (/root/godot/modules/mono/glue/GodotSharp/GodotSharp/Generated/NativeCalls.cs:8061)
       [19] void Godot.Node.AddChild(Godot.Node, bool, Godot.Node+InternalMode) (/root/godot/modules/mono/glue/GodotSharp/GodotSharp/Generated/GodotObjects/Node.cs:848)
       [20] void Trackstorm.Client.Vehicles.CarRackPresentation._Process(double) (C:\Users\j_gen\OneDrive\Documents\Game_Projects\Trackstorm\.godot\ts217-main-baseline\code\Client\Vehicles\CarRackPresentation.cs:147)
       [21] bool Godot.Node.InvokeGodotClassMethod(Godot.NativeInterop.godot_string_name&, Godot.NativeInterop.NativeVariantPtrArgs, Godot.NativeInterop.godot_variant&) (/root/godot/modules/mono/glue/GodotSharp/GodotSharp/Generated/GodotObjects/Node.cs:2654)
       [22] bool Trackstorm.Client.Vehicles.CarRackPresentation.InvokeGodotClassMethod(Godot.NativeInterop.godot_string_name&, Godot.NativeInterop.NativeVariantPtrArgs, Godot.NativeInterop.godot_variant&) (C:\Users\j_gen\OneDrive\Documents\Game_Projects\Trackstorm\.godot\ts217-main-baseline\.godot\mono\temp\obj\Debug\Godot.SourceGenerators\Godot.SourceGenerators.ScriptMethodsGenerator\Trackstorm.Client.Vehicles.CarRackPresentation_ScriptMethods.generated.cs:80)
       [23] Godot.NativeInterop.godot_bool Godot.Bridge.CSharpInstanceBridge.Call(nint, Godot.NativeInterop.godot_string_name*, Godot.NativeInterop.godot_variant**, int, Godot.NativeInterop.godot_variant_call_error*, Godot.NativeInterop.godot_variant*) (/root/godot/modules/mono/glue/GodotSharp/GodotSharp/Core/Bridge/CSharpInstanceBridge.cs:24)
WARNING: 'res://assets/items/proxy-mine/ProxyMine.glb': In external resource #2, invalid UID: 'uid://bgcqs6uemnaff' - using text path instead: 'res://assets/items/proxy-mine/ProxyMine_Worn steel patina.png'.
   at: open (core/io/resource_format_binary.cpp:1025)
   C# backtrace (most recent call first):
       [0] Godot.GodotObject Godot.NativeCalls.godot_icall_3_1268(nint, nint, string, string, int) (/root/godot/modules/mono/glue/GodotSharp/GodotSharp/Generated/NativeCalls.cs:11611)
       [1] Godot.Resource Godot.ResourceLoader.Load(string, string, Godot.ResourceLoader+CacheMode) (/root/godot/modules/mono/glue/GodotSharp/GodotSharp/Generated/GodotObjects/ResourceLoader.cs:120)
       [2] T Godot.ResourceLoader.Load<T>(string, string, Godot.ResourceLoader+CacheMode) (/root/godot/modules/mono/glue/GodotSharp/GodotSharp/Core/Extensions/ResourceLoaderExtensions.cs:27)
       [3] T Trackstorm.Client.Networking.MatchResourceLoader.LoadResource<T>(string) (C:\Users\j_gen\OneDrive\Documents\Game_Projects\Trackstorm\.godot\ts217-main-baseline\code\Client\Networking\MatchResourceLoader.cs:61)
       [4] void Trackstorm.Client.Items.ProxyMineVisual._Ready() (C:\Users\j_gen\OneDrive\Documents\Game_Projects\Trackstorm\.godot\ts217-main-baseline\code\Client\Items\ProxyMineVisual.cs:15)
       [5] bool Godot.Node.InvokeGodotClassMethod(Godot.NativeInterop.godot_string_name&, Godot.NativeInterop.NativeVariantPtrArgs, Godot.NativeInterop.godot_variant&) (/root/godot/modules/mono/glue/GodotSharp/GodotSharp/Generated/GodotObjects/Node.cs:2660)
       [6] bool Godot.Node3D.InvokeGodotClassMethod(Godot.NativeInterop.godot_string_name&, Godot.NativeInterop.NativeVariantPtrArgs, Godot.NativeInterop.godot_variant&) (/root/godot/modules/mono/glue/GodotSharp/GodotSharp/Generated/GodotObjects/Node3D.cs:1127)
       [7] bool Trackstorm.Client.Items.ProxyMineVisual.InvokeGodotClassMethod(Godot.NativeInterop.godot_string_name&, Godot.NativeInterop.NativeVariantPtrArgs, Godot.NativeInterop.godot_variant&) (C:\Users\j_gen\OneDrive\Documents\Game_Projects\Trackstorm\.godot\ts217-main-baseline\.godot\mono\temp\obj\Debug\Godot.SourceGenerators\Godot.SourceGenerators.ScriptMethodsGenerator\Trackstorm.Client.Items.ProxyMineVisual_ScriptMethods.generated.cs:60)
       [8] Godot.NativeInterop.godot_bool Godot.Bridge.CSharpInstanceBridge.Call(nint, Godot.NativeInterop.godot_string_name*, Godot.NativeInterop.godot_variant**, int, Godot.NativeInterop.godot_variant_call_error*, Godot.NativeInterop.godot_variant*) (/root/godot/modules/mono/glue/GodotSharp/GodotSharp/Core/Bridge/CSharpInstanceBridge.cs:24)
       [9] void Godot.NativeInterop.NativeFuncs.godotsharp_method_bind_ptrcall(nint, nint, System.Void**, System.Void*) (/root/godot/modules/mono/glue/GodotSharp/GodotSharp/Godot.SourceGenerators.Internal/Godot.SourceGenerators.Internal.UnmanagedCallbacksGenerator/Godot.NativeInterop.NativeFuncs.generated.cs:380)
       [10] void Godot.NativeCalls.godot_icall_3_912(nint, nint, nint, Godot.NativeInterop.godot_bool, int) (/root/godot/modules/mono/glue/GodotSharp/GodotSharp/Generated/NativeCalls.cs:8061)
       [11] void Godot.Node.AddChild(Godot.Node, bool, Godot.Node+InternalMode) (/root/godot/modules/mono/glue/GodotSharp/GodotSharp/Generated/GodotObjects/Node.cs:848)
       [12] void Trackstorm.Client.Items.ProxyMineRack._Ready() (C:\Users\j_gen\OneDrive\Documents\Game_Projects\Trackstorm\.godot\ts217-main-baseline\code\Client\Items\ProxyMineRack.cs:40)
       [13] bool Godot.Node.InvokeGodotClassMethod(Godot.NativeInterop.godot_string_name&, Godot.NativeInterop.NativeVariantPtrArgs, Godot.NativeInterop.godot_variant&) (/root/godot/modules/mono/glue/GodotSharp/GodotSharp/Generated/GodotObjects/Node.cs:2660)
       [14] bool Godot.Node3D.InvokeGodotClassMethod(Godot.NativeInterop.godot_string_name&, Godot.NativeInterop.NativeVariantPtrArgs, Godot.NativeInterop.godot_variant&) (/root/godot/modules/mono/glue/GodotSharp/GodotSharp/Generated/GodotObjects/Node3D.cs:1127)
       [15] bool Trackstorm.Client.Items.ProxyMineRack.InvokeGodotClassMethod(Godot.NativeInterop.godot_string_name&, Godot.NativeInterop.NativeVariantPtrArgs, Godot.NativeInterop.godot_variant&) (C:\Users\j_gen\OneDrive\Documents\Game_Projects\Trackstorm\.godot\ts217-main-baseline\.godot\mono\temp\obj\Debug\Godot.SourceGenerators\Godot.SourceGenerators.ScriptMethodsGenerator\Trackstorm.Client.Items.ProxyMineRack_ScriptMethods.generated.cs:80)
       [16] Godot.NativeInterop.godot_bool Godot.Bridge.CSharpInstanceBridge.Call(nint, Godot.NativeInterop.godot_string_name*, Godot.NativeInterop.godot_variant**, int, Godot.NativeInterop.godot_variant_call_error*, Godot.NativeInterop.godot_variant*) (/root/godot/modules/mono/glue/GodotSharp/GodotSharp/Core/Bridge/CSharpInstanceBridge.cs:24)
       [17] void Godot.NativeInterop.NativeFuncs.godotsharp_method_bind_ptrcall(nint, nint, System.Void**, System.Void*) (/root/godot/modules/mono/glue/GodotSharp/GodotSharp/Godot.SourceGenerators.Internal/Godot.SourceGenerators.Internal.UnmanagedCallbacksGenerator/Godot.NativeInterop.NativeFuncs.generated.cs:380)
       [18] void Godot.NativeCalls.godot_icall_3_912(nint, nint, nint, Godot.NativeInterop.godot_bool, int) (/root/godot/modules/mono/glue/GodotSharp/GodotSharp/Generated/NativeCalls.cs:8061)
       [19] void Godot.Node.AddChild(Godot.Node, bool, Godot.Node+InternalMode) (/root/godot/modules/mono/glue/GodotSharp/GodotSharp/Generated/GodotObjects/Node.cs:848)
       [20] void Trackstorm.Client.Vehicles.CarRackPresentation._Process(double) (C:\Users\j_gen\OneDrive\Documents\Game_Projects\Trackstorm\.godot\ts217-main-baseline\code\Client\Vehicles\CarRackPresentation.cs:147)
       [21] bool Godot.Node.InvokeGodotClassMethod(Godot.NativeInterop.godot_string_name&, Godot.NativeInterop.NativeVariantPtrArgs, Godot.NativeInterop.godot_variant&) (/root/godot/modules/mono/glue/GodotSharp/GodotSharp/Generated/GodotObjects/Node.cs:2654)
       [22] bool Trackstorm.Client.Vehicles.CarRackPresentation.InvokeGodotClassMethod(Godot.NativeInterop.godot_string_name&, Godot.NativeInterop.NativeVariantPtrArgs, Godot.NativeInterop.godot_variant&) (C:\Users\j_gen\OneDrive\Documents\Game_Projects\Trackstorm\.godot\ts217-main-baseline\.godot\mono\temp\obj\Debug\Godot.SourceGenerators\Godot.SourceGenerators.ScriptMethodsGenerator\Trackstorm.Client.Vehicles.CarRackPresentation_ScriptMethods.generated.cs:80)
       [23] Godot.NativeInterop.godot_bool Godot.Bridge.CSharpInstanceBridge.Call(nint, Godot.NativeInterop.godot_string_name*, Godot.NativeInterop.godot_variant**, int, Godot.NativeInterop.godot_variant_call_error*, Godot.NativeInterop.godot_variant*) (/root/godot/modules/mono/glue/GodotSharp/GodotSharp/Core/Bridge/CSharpInstanceBridge.cs:24)
WARNING: 'res://assets/items/proxy-mine/ProxyMine.glb': In external resource #3, invalid UID: 'uid://l8te3invob5q' - using text path instead: 'res://assets/items/proxy-mine/ProxyMine_Circus oxblood patina.png'.
   at: open (core/io/resource_format_binary.cpp:1025)
   C# backtrace (most recent call first):
       [0] Godot.GodotObject Godot.NativeCalls.godot_icall_3_1268(nint, nint, string, string, int) (/root/godot/modules/mono/glue/GodotSharp/GodotSharp/Generated/NativeCalls.cs:11611)
       [1] Godot.Resource Godot.ResourceLoader.Load(string, string, Godot.ResourceLoader+CacheMode) (/root/godot/modules/mono/glue/GodotSharp/GodotSharp/Generated/GodotObjects/ResourceLoader.cs:120)
       [2] T Godot.ResourceLoader.Load<T>(string, string, Godot.ResourceLoader+CacheMode) (/root/godot/modules/mono/glue/GodotSharp/GodotSharp/Core/Extensions/ResourceLoaderExtensions.cs:27)
       [3] T Trackstorm.Client.Networking.MatchResourceLoader.LoadResource<T>(string) (C:\Users\j_gen\OneDrive\Documents\Game_Projects\Trackstorm\.godot\ts217-main-baseline\code\Client\Networking\MatchResourceLoader.cs:61)
       [4] void Trackstorm.Client.Items.ProxyMineVisual._Ready() (C:\Users\j_gen\OneDrive\Documents\Game_Projects\Trackstorm\.godot\ts217-main-baseline\code\Client\Items\ProxyMineVisual.cs:15)
       [5] bool Godot.Node.InvokeGodotClassMethod(Godot.NativeInterop.godot_string_name&, Godot.NativeInterop.NativeVariantPtrArgs, Godot.NativeInterop.godot_variant&) (/root/godot/modules/mono/glue/GodotSharp/GodotSharp/Generated/GodotObjects/Node.cs:2660)
       [6] bool Godot.Node3D.InvokeGodotClassMethod(Godot.NativeInterop.godot_string_name&, Godot.NativeInterop.NativeVariantPtrArgs, Godot.NativeInterop.godot_variant&) (/root/godot/modules/mono/glue/GodotSharp/GodotSharp/Generated/GodotObjects/Node3D.cs:1127)
       [7] bool Trackstorm.Client.Items.ProxyMineVisual.InvokeGodotClassMethod(Godot.NativeInterop.godot_string_name&, Godot.NativeInterop.NativeVariantPtrArgs, Godot.NativeInterop.godot_variant&) (C:\Users\j_gen\OneDrive\Documents\Game_Projects\Trackstorm\.godot\ts217-main-baseline\.godot\mono\temp\obj\Debug\Godot.SourceGenerators\Godot.SourceGenerators.ScriptMethodsGenerator\Trackstorm.Client.Items.ProxyMineVisual_ScriptMethods.generated.cs:60)
       [8] Godot.NativeInterop.godot_bool Godot.Bridge.CSharpInstanceBridge.Call(nint, Godot.NativeInterop.godot_string_name*, Godot.NativeInterop.godot_variant**, int, Godot.NativeInterop.godot_variant_call_error*, Godot.NativeInterop.godot_variant*) (/root/godot/modules/mono/glue/GodotSharp/GodotSharp/Core/Bridge/CSharpInstanceBridge.cs:24)
       [9] void Godot.NativeInterop.NativeFuncs.godotsharp_method_bind_ptrcall(nint, nint, System.Void**, System.Void*) (/root/godot/modules/mono/glue/GodotSharp/GodotSharp/Godot.SourceGenerators.Internal/Godot.SourceGenerators.Internal.UnmanagedCallbacksGenerator/Godot.NativeInterop.NativeFuncs.generated.cs:380)
       [10] void Godot.NativeCalls.godot_icall_3_912(nint, nint, nint, Godot.NativeInterop.godot_bool, int) (/root/godot/modules/mono/glue/GodotSharp/GodotSharp/Generated/NativeCalls.cs:8061)
       [11] void Godot.Node.AddChild(Godot.Node, bool, Godot.Node+InternalMode) (/root/godot/modules/mono/glue/GodotSharp/GodotSharp/Generated/GodotObjects/Node.cs:848)
       [12] void Trackstorm.Client.Items.ProxyMineRack._Ready() (C:\Users\j_gen\OneDrive\Documents\Game_Projects\Trackstorm\.godot\ts217-main-baseline\code\Client\Items\ProxyMineRack.cs:40)
       [13] bool Godot.Node.InvokeGodotClassMethod(Godot.NativeInterop.godot_string_name&, Godot.NativeInterop.NativeVariantPtrArgs, Godot.NativeInterop.godot_variant&) (/root/godot/modules/mono/glue/GodotSharp/GodotSharp/Generated/GodotObjects/Node.cs:2660)
       [14] bool Godot.Node3D.InvokeGodotClassMethod(Godot.NativeInterop.godot_string_name&, Godot.NativeInterop.NativeVariantPtrArgs, Godot.NativeInterop.godot_variant&) (/root/godot/modules/mono/glue/GodotSharp/GodotSharp/Generated/GodotObjects/Node3D.cs:1127)
       [15] bool Trackstorm.Client.Items.ProxyMineRack.InvokeGodotClassMethod(Godot.NativeInterop.godot_string_name&, Godot.NativeInterop.NativeVariantPtrArgs, Godot.NativeInterop.godot_variant&) (C:\Users\j_gen\OneDrive\Documents\Game_Projects\Trackstorm\.godot\ts217-main-baseline\.godot\mono\temp\obj\Debug\Godot.SourceGenerators\Godot.SourceGenerators.ScriptMethodsGenerator\Trackstorm.Client.Items.ProxyMineRack_ScriptMethods.generated.cs:80)
       [16] Godot.NativeInterop.godot_bool Godot.Bridge.CSharpInstanceBridge.Call(nint, Godot.NativeInterop.godot_string_name*, Godot.NativeInterop.godot_variant**, int, Godot.NativeInterop.godot_variant_call_error*, Godot.NativeInterop.godot_variant*) (/root/godot/modules/mono/glue/GodotSharp/GodotSharp/Core/Bridge/CSharpInstanceBridge.cs:24)
       [17] void Godot.NativeInterop.NativeFuncs.godotsharp_method_bind_ptrcall(nint, nint, System.Void**, System.Void*) (/root/godot/modules/mono/glue/GodotSharp/GodotSharp/Godot.SourceGenerators.Internal/Godot.SourceGenerators.Internal.UnmanagedCallbacksGenerator/Godot.NativeInterop.NativeFuncs.generated.cs:380)
       [18] void Godot.NativeCalls.godot_icall_3_912(nint, nint, nint, Godot.NativeInterop.godot_bool, int) (/root/godot/modules/mono/glue/GodotSharp/GodotSharp/Generated/NativeCalls.cs:8061)
       [19] void Godot.Node.AddChild(Godot.Node, bool, Godot.Node+InternalMode) (/root/godot/modules/mono/glue/GodotSharp/GodotSharp/Generated/GodotObjects/Node.cs:848)
       [20] void Trackstorm.Client.Vehicles.CarRackPresentation._Process(double) (C:\Users\j_gen\OneDrive\Documents\Game_Projects\Trackstorm\.godot\ts217-main-baseline\code\Client\Vehicles\CarRackPresentation.cs:147)
       [21] bool Godot.Node.InvokeGodotClassMethod(Godot.NativeInterop.godot_string_name&, Godot.NativeInterop.NativeVariantPtrArgs, Godot.NativeInterop.godot_variant&) (/root/godot/modules/mono/glue/GodotSharp/GodotSharp/Generated/GodotObjects/Node.cs:2654)
       [22] bool Trackstorm.Client.Vehicles.CarRackPresentation.InvokeGodotClassMethod(Godot.NativeInterop.godot_string_name&, Godot.NativeInterop.NativeVariantPtrArgs, Godot.NativeInterop.godot_variant&) (C:\Users\j_gen\OneDrive\Documents\Game_Projects\Trackstorm\.godot\ts217-main-baseline\.godot\mono\temp\obj\Debug\Godot.SourceGenerators\Godot.SourceGenerators.ScriptMethodsGenerator\Trackstorm.Client.Vehicles.CarRackPresentation_ScriptMethods.generated.cs:80)
       [23] Godot.NativeInterop.godot_bool Godot.Bridge.CSharpInstanceBridge.Call(nint, Godot.NativeInterop.godot_string_name*, Godot.NativeInterop.godot_variant**, int, Godot.NativeInterop.godot_variant_call_error*, Godot.NativeInterop.godot_variant*) (/root/godot/modules/mono/glue/GodotSharp/GodotSharp/Core/Bridge/CSharpInstanceBridge.cs:24)
WARNING: 'res://assets/items/proxy-mine/ProxyMine.glb': In external resource #4, invalid UID: 'uid://cgo78aenexsmj' - using text path instead: 'res://assets/items/proxy-mine/ProxyMine_Magnet copper patina.png'.
   at: open (core/io/resource_format_binary.cpp:1025)
   C# backtrace (most recent call first):
       [0] Godot.GodotObject Godot.NativeCalls.godot_icall_3_1268(nint, nint, string, string, int) (/root/godot/modules/mono/glue/GodotSharp/GodotSharp/Generated/NativeCalls.cs:11611)
       [1] Godot.Resource Godot.ResourceLoader.Load(string, string, Godot.ResourceLoader+CacheMode) (/root/godot/modules/mono/glue/GodotSharp/GodotSharp/Generated/GodotObjects/ResourceLoader.cs:120)
       [2] T Godot.ResourceLoader.Load<T>(string, string, Godot.ResourceLoader+CacheMode) (/root/godot/modules/mono/glue/GodotSharp/GodotSharp/Core/Extensions/ResourceLoaderExtensions.cs:27)
       [3] T Trackstorm.Client.Networking.MatchResourceLoader.LoadResource<T>(string) (C:\Users\j_gen\OneDrive\Documents\Game_Projects\Trackstorm\.godot\ts217-main-baseline\code\Client\Networking\MatchResourceLoader.cs:61)
       [4] void Trackstorm.Client.Items.ProxyMineVisual._Ready() (C:\Users\j_gen\OneDrive\Documents\Game_Projects\Trackstorm\.godot\ts217-main-baseline\code\Client\Items\ProxyMineVisual.cs:15)
       [5] bool Godot.Node.InvokeGodotClassMethod(Godot.NativeInterop.godot_string_name&, Godot.NativeInterop.NativeVariantPtrArgs, Godot.NativeInterop.godot_variant&) (/root/godot/modules/mono/glue/GodotSharp/GodotSharp/Generated/GodotObjects/Node.cs:2660)
       [6] bool Godot.Node3D.InvokeGodotClassMethod(Godot.NativeInterop.godot_string_name&, Godot.NativeInterop.NativeVariantPtrArgs, Godot.NativeInterop.godot_variant&) (/root/godot/modules/mono/glue/GodotSharp/GodotSharp/Generated/GodotObjects/Node3D.cs:1127)
       [7] bool Trackstorm.Client.Items.ProxyMineVisual.InvokeGodotClassMethod(Godot.NativeInterop.godot_string_name&, Godot.NativeInterop.NativeVariantPtrArgs, Godot.NativeInterop.godot_variant&) (C:\Users\j_gen\OneDrive\Documents\Game_Projects\Trackstorm\.godot\ts217-main-baseline\.godot\mono\temp\obj\Debug\Godot.SourceGenerators\Godot.SourceGenerators.ScriptMethodsGenerator\Trackstorm.Client.Items.ProxyMineVisual_ScriptMethods.generated.cs:60)
       [8] Godot.NativeInterop.godot_bool Godot.Bridge.CSharpInstanceBridge.Call(nint, Godot.NativeInterop.godot_string_name*, Godot.NativeInterop.godot_variant**, int, Godot.NativeInterop.godot_variant_call_error*, Godot.NativeInterop.godot_variant*) (/root/godot/modules/mono/glue/GodotSharp/GodotSharp/Core/Bridge/CSharpInstanceBridge.cs:24)
       [9] void Godot.NativeInterop.NativeFuncs.godotsharp_method_bind_ptrcall(nint, nint, System.Void**, System.Void*) (/root/godot/modules/mono/glue/GodotSharp/GodotSharp/Godot.SourceGenerators.Internal/Godot.SourceGenerators.Internal.UnmanagedCallbacksGenerator/Godot.NativeInterop.NativeFuncs.generated.cs:380)
       [10] void Godot.NativeCalls.godot_icall_3_912(nint, nint, nint, Godot.NativeInterop.godot_bool, int) (/root/godot/modules/mono/glue/GodotSharp/GodotSharp/Generated/NativeCalls.cs:8061)
       [11] void Godot.Node.AddChild(Godot.Node, bool, Godot.Node+InternalMode) (/root/godot/modules/mono/glue/GodotSharp/GodotSharp/Generated/GodotObjects/Node.cs:848)
       [12] void Trackstorm.Client.Items.ProxyMineRack._Ready() (C:\Users\j_gen\OneDrive\Documents\Game_Projects\Trackstorm\.godot\ts217-main-baseline\code\Client\Items\ProxyMineRack.cs:40)
       [13] bool Godot.Node.InvokeGodotClassMethod(Godot.NativeInterop.godot_string_name&, Godot.NativeInterop.NativeVariantPtrArgs, Godot.NativeInterop.godot_variant&) (/root/godot/modules/mono/glue/GodotSharp/GodotSharp/Generated/GodotObjects/Node.cs:2660)
       [14] bool Godot.Node3D.InvokeGodotClassMethod(Godot.NativeInterop.godot_string_name&, Godot.NativeInterop.NativeVariantPtrArgs, Godot.NativeInterop.godot_variant&) (/root/godot/modules/mono/glue/GodotSharp/GodotSharp/Generated/GodotObjects/Node3D.cs:1127)
       [15] bool Trackstorm.Client.Items.ProxyMineRack.InvokeGodotClassMethod(Godot.NativeInterop.godot_string_name&, Godot.NativeInterop.NativeVariantPtrArgs, Godot.NativeInterop.godot_variant&) (C:\Users\j_gen\OneDrive\Documents\Game_Projects\Trackstorm\.godot\ts217-main-baseline\.godot\mono\temp\obj\Debug\Godot.SourceGenerators\Godot.SourceGenerators.ScriptMethodsGenerator\Trackstorm.Client.Items.ProxyMineRack_ScriptMethods.generated.cs:80)
       [16] Godot.NativeInterop.godot_bool Godot.Bridge.CSharpInstanceBridge.Call(nint, Godot.NativeInterop.godot_string_name*, Godot.NativeInterop.godot_variant**, int, Godot.NativeInterop.godot_variant_call_error*, Godot.NativeInterop.godot_variant*) (/root/godot/modules/mono/glue/GodotSharp/GodotSharp/Core/Bridge/CSharpInstanceBridge.cs:24)
       [17] void Godot.NativeInterop.NativeFuncs.godotsharp_method_bind_ptrcall(nint, nint, System.Void**, System.Void*) (/root/godot/modules/mono/glue/GodotSharp/GodotSharp/Godot.SourceGenerators.Internal/Godot.SourceGenerators.Internal.UnmanagedCallbacksGenerator/Godot.NativeInterop.NativeFuncs.generated.cs:380)
       [18] void Godot.NativeCalls.godot_icall_3_912(nint, nint, nint, Godot.NativeInterop.godot_bool, int) (/root/godot/modules/mono/glue/GodotSharp/GodotSharp/Generated/NativeCalls.cs:8061)
       [19] void Godot.Node.AddChild(Godot.Node, bool, Godot.Node+InternalMode) (/root/godot/modules/mono/glue/GodotSharp/GodotSharp/Generated/GodotObjects/Node.cs:848)
       [20] void Trackstorm.Client.Vehicles.CarRackPresentation._Process(double) (C:\Users\j_gen\OneDrive\Documents\Game_Projects\Trackstorm\.godot\ts217-main-baseline\code\Client\Vehicles\CarRackPresentation.cs:147)
       [21] bool Godot.Node.InvokeGodotClassMethod(Godot.NativeInterop.godot_string_name&, Godot.NativeInterop.NativeVariantPtrArgs, Godot.NativeInterop.godot_variant&) (/root/godot/modules/mono/glue/GodotSharp/GodotSharp/Generated/GodotObjects/Node.cs:2654)
       [22] bool Trackstorm.Client.Vehicles.CarRackPresentation.InvokeGodotClassMethod(Godot.NativeInterop.godot_string_name&, Godot.NativeInterop.NativeVariantPtrArgs, Godot.NativeInterop.godot_variant&) (C:\Users\j_gen\OneDrive\Documents\Game_Projects\Trackstorm\.godot\ts217-main-baseline\.godot\mono\temp\obj\Debug\Godot.SourceGenerators\Godot.SourceGenerators.ScriptMethodsGenerator\Trackstorm.Client.Vehicles.CarRackPresentation_ScriptMethods.generated.cs:80)
       [23] Godot.NativeInterop.godot_bool Godot.Bridge.CSharpInstanceBridge.Call(nint, Godot.NativeInterop.godot_string_name*, Godot.NativeInterop.godot_variant**, int, Godot.NativeInterop.godot_variant_call_error*, Godot.NativeInterop.godot_variant*) (/root/godot/modules/mono/glue/GodotSharp/GodotSharp/Core/Bridge/CSharpInstanceBridge.cs:24)
WARNING: 'res://assets/items/proxy-mine/ProxyMine.glb': In external resource #5, invalid UID: 'uid://cty6av411x08q' - using text path instead: 'res://assets/items/proxy-mine/ProxyMine_Aged ivory patina.png'.
   at: open (core/io/resource_format_binary.cpp:1025)
   C# backtrace (most recent call first):
       [0] Godot.GodotObject Godot.NativeCalls.godot_icall_3_1268(nint, nint, string, string, int) (/root/godot/modules/mono/glue/GodotSharp/GodotSharp/Generated/NativeCalls.cs:11611)
       [1] Godot.Resource Godot.ResourceLoader.Load(string, string, Godot.ResourceLoader+CacheMode) (/root/godot/modules/mono/glue/GodotSharp/GodotSharp/Generated/GodotObjects/ResourceLoader.cs:120)
       [2] T Godot.ResourceLoader.Load<T>(string, string, Godot.ResourceLoader+CacheMode) (/root/godot/modules/mono/glue/GodotSharp/GodotSharp/Core/Extensions/ResourceLoaderExtensions.cs:27)
       [3] T Trackstorm.Client.Networking.MatchResourceLoader.LoadResource<T>(string) (C:\Users\j_gen\OneDrive\Documents\Game_Projects\Trackstorm\.godot\ts217-main-baseline\code\Client\Networking\MatchResourceLoader.cs:61)
       [4] void Trackstorm.Client.Items.ProxyMineVisual._Ready() (C:\Users\j_gen\OneDrive\Documents\Game_Projects\Trackstorm\.godot\ts217-main-baseline\code\Client\Items\ProxyMineVisual.cs:15)
       [5] bool Godot.Node.InvokeGodotClassMethod(Godot.NativeInterop.godot_string_name&, Godot.NativeInterop.NativeVariantPtrArgs, Godot.NativeInterop.godot_variant&) (/root/godot/modules/mono/glue/GodotSharp/GodotSharp/Generated/GodotObjects/Node.cs:2660)
       [6] bool Godot.Node3D.InvokeGodotClassMethod(Godot.NativeInterop.godot_string_name&, Godot.NativeInterop.NativeVariantPtrArgs, Godot.NativeInterop.godot_variant&) (/root/godot/modules/mono/glue/GodotSharp/GodotSharp/Generated/GodotObjects/Node3D.cs:1127)
       [7] bool Trackstorm.Client.Items.ProxyMineVisual.InvokeGodotClassMethod(Godot.NativeInterop.godot_string_name&, Godot.NativeInterop.NativeVariantPtrArgs, Godot.NativeInterop.godot_variant&) (C:\Users\j_gen\OneDrive\Documents\Game_Projects\Trackstorm\.godot\ts217-main-baseline\.godot\mono\temp\obj\Debug\Godot.SourceGenerators\Godot.SourceGenerators.ScriptMethodsGenerator\Trackstorm.Client.Items.ProxyMineVisual_ScriptMethods.generated.cs:60)
       [8] Godot.NativeInterop.godot_bool Godot.Bridge.CSharpInstanceBridge.Call(nint, Godot.NativeInterop.godot_string_name*, Godot.NativeInterop.godot_variant**, int, Godot.NativeInterop.godot_variant_call_error*, Godot.NativeInterop.godot_variant*) (/root/godot/modules/mono/glue/GodotSharp/GodotSharp/Core/Bridge/CSharpInstanceBridge.cs:24)
       [9] void Godot.NativeInterop.NativeFuncs.godotsharp_method_bind_ptrcall(nint, nint, System.Void**, System.Void*) (/root/godot/modules/mono/glue/GodotSharp/GodotSharp/Godot.SourceGenerators.Internal/Godot.SourceGenerators.Internal.UnmanagedCallbacksGenerator/Godot.NativeInterop.NativeFuncs.generated.cs:380)
       [10] void Godot.NativeCalls.godot_icall_3_912(nint, nint, nint, Godot.NativeInterop.godot_bool, int) (/root/godot/modules/mono/glue/GodotSharp/GodotSharp/Generated/NativeCalls.cs:8061)
       [11] void Godot.Node.AddChild(Godot.Node, bool, Godot.Node+InternalMode) (/root/godot/modules/mono/glue/GodotSharp/GodotSharp/Generated/GodotObjects/Node.cs:848)
       [12] void Trackstorm.Client.Items.ProxyMineRack._Ready() (C:\Users\j_gen\OneDrive\Documents\Game_Projects\Trackstorm\.godot\ts217-main-baseline\code\Client\Items\ProxyMineRack.cs:40)
       [13] bool Godot.Node.InvokeGodotClassMethod(Godot.NativeInterop.godot_string_name&, Godot.NativeInterop.NativeVariantPtrArgs, Godot.NativeInterop.godot_variant&) (/root/godot/modules/mono/glue/GodotSharp/GodotSharp/Generated/GodotObjects/Node.cs:2660)
       [14] bool Godot.Node3D.InvokeGodotClassMethod(Godot.NativeInterop.godot_string_name&, Godot.NativeInterop.NativeVariantPtrArgs, Godot.NativeInterop.godot_variant&) (/root/godot/modules/mono/glue/GodotSharp/GodotSharp/Generated/GodotObjects/Node3D.cs:1127)
       [15] bool Trackstorm.Client.Items.ProxyMineRack.InvokeGodotClassMethod(Godot.NativeInterop.godot_string_name&, Godot.NativeInterop.NativeVariantPtrArgs, Godot.NativeInterop.godot_variant&) (C:\Users\j_gen\OneDrive\Documents\Game_Projects\Trackstorm\.godot\ts217-main-baseline\.godot\mono\temp\obj\Debug\Godot.SourceGenerators\Godot.SourceGenerators.ScriptMethodsGenerator\Trackstorm.Client.Items.ProxyMineRack_ScriptMethods.generated.cs:80)
       [16] Godot.NativeInterop.godot_bool Godot.Bridge.CSharpInstanceBridge.Call(nint, Godot.NativeInterop.godot_string_name*, Godot.NativeInterop.godot_variant**, int, Godot.NativeInterop.godot_variant_call_error*, Godot.NativeInterop.godot_variant*) (/root/godot/modules/mono/glue/GodotSharp/GodotSharp/Core/Bridge/CSharpInstanceBridge.cs:24)
       [17] void Godot.NativeInterop.NativeFuncs.godotsharp_method_bind_ptrcall(nint, nint, System.Void**, System.Void*) (/root/godot/modules/mono/glue/GodotSharp/GodotSharp/Godot.SourceGenerators.Internal/Godot.SourceGenerators.Internal.UnmanagedCallbacksGenerator/Godot.NativeInterop.NativeFuncs.generated.cs:380)
       [18] void Godot.NativeCalls.godot_icall_3_912(nint, nint, nint, Godot.NativeInterop.godot_bool, int) (/root/godot/modules/mono/glue/GodotSharp/GodotSharp/Generated/NativeCalls.cs:8061)
       [19] void Godot.Node.AddChild(Godot.Node, bool, Godot.Node+InternalMode) (/root/godot/modules/mono/glue/GodotSharp/GodotSharp/Generated/GodotObjects/Node.cs:848)
       [20] void Trackstorm.Client.Vehicles.CarRackPresentation._Process(double) (C:\Users\j_gen\OneDrive\Documents\Game_Projects\Trackstorm\.godot\ts217-main-baseline\code\Client\Vehicles\CarRackPresentation.cs:147)
       [21] bool Godot.Node.InvokeGodotClassMethod(Godot.NativeInterop.godot_string_name&, Godot.NativeInterop.NativeVariantPtrArgs, Godot.NativeInterop.godot_variant&) (/root/godot/modules/mono/glue/GodotSharp/GodotSharp/Generated/GodotObjects/Node.cs:2654)
       [22] bool Trackstorm.Client.Vehicles.CarRackPresentation.InvokeGodotClassMethod(Godot.NativeInterop.godot_string_name&, Godot.NativeInterop.NativeVariantPtrArgs, Godot.NativeInterop.godot_variant&) (C:\Users\j_gen\OneDrive\Documents\Game_Projects\Trackstorm\.godot\ts217-main-baseline\.godot\mono\temp\obj\Debug\Godot.SourceGenerators\Godot.SourceGenerators.ScriptMethodsGenerator\Trackstorm.Client.Vehicles.CarRackPresentation_ScriptMethods.generated.cs:80)
       [23] Godot.NativeInterop.godot_bool Godot.Bridge.CSharpInstanceBridge.Call(nint, Godot.NativeInterop.godot_string_name*, Godot.NativeInterop.godot_variant**, int, Godot.NativeInterop.godot_variant_call_error*, Godot.NativeInterop.godot_variant*) (/root/godot/modules/mono/glue/GodotSharp/GodotSharp/Core/Bridge/CSharpInstanceBridge.cs:24)
WARNING: 'res://assets/items/proxy-mine/ProxyMine.glb': In external resource #0, invalid UID: 'uid://bo3koppii13ej' - using text path instead: 'res://assets/items/proxy-mine/ProxyMine_Recess patina.png'.
   at: open (core/io/resource_format_binary.cpp:1025)
   C# backtrace (most recent call first):
       [0] Godot.GodotObject Godot.NativeCalls.godot_icall_3_1268(nint, nint, string, string, int) (/root/godot/modules/mono/glue/GodotSharp/GodotSharp/Generated/NativeCalls.cs:11611)
       [1] Godot.Resource Godot.ResourceLoader.Load(string, string, Godot.ResourceLoader+CacheMode) (/root/godot/modules/mono/glue/GodotSharp/GodotSharp/Generated/GodotObjects/ResourceLoader.cs:120)
       [2] T Godot.ResourceLoader.Load<T>(string, string, Godot.ResourceLoader+CacheMode) (/root/godot/modules/mono/glue/GodotSharp/GodotSharp/Core/Extensions/ResourceLoaderExtensions.cs:27)
       [3] T Trackstorm.Client.Networking.MatchResourceLoader.LoadResource<T>(string) (C:\Users\j_gen\OneDrive\Documents\Game_Projects\Trackstorm\.godot\ts217-main-baseline\code\Client\Networking\MatchResourceLoader.cs:61)
       [4] void Trackstorm.Client.Items.ProxyMineVisual._Ready() (C:\Users\j_gen\OneDrive\Documents\Game_Projects\Trackstorm\.godot\ts217-main-baseline\code\Client\Items\ProxyMineVisual.cs:15)
       [5] bool Godot.Node.InvokeGodotClassMethod(Godot.NativeInterop.godot_string_name&, Godot.NativeInterop.NativeVariantPtrArgs, Godot.NativeInterop.godot_variant&) (/root/godot/modules/mono/glue/GodotSharp/GodotSharp/Generated/GodotObjects/Node.cs:2660)
       [6] bool Godot.Node3D.InvokeGodotClassMethod(Godot.NativeInterop.godot_string_name&, Godot.NativeInterop.NativeVariantPtrArgs, Godot.NativeInterop.godot_variant&) (/root/godot/modules/mono/glue/GodotSharp/GodotSharp/Generated/GodotObjects/Node3D.cs:1127)
       [7] bool Trackstorm.Client.Items.ProxyMineVisual.InvokeGodotClassMethod(Godot.NativeInterop.godot_string_name&, Godot.NativeInterop.NativeVariantPtrArgs, Godot.NativeInterop.godot_variant&) (C:\Users\j_gen\OneDrive\Documents\Game_Projects\Trackstorm\.godot\ts217-main-baseline\.godot\mono\temp\obj\Debug\Godot.SourceGenerators\Godot.SourceGenerators.ScriptMethodsGenerator\Trackstorm.Client.Items.ProxyMineVisual_ScriptMethods.generated.cs:60)
       [8] Godot.NativeInterop.godot_bool Godot.Bridge.CSharpInstanceBridge.Call(nint, Godot.NativeInterop.godot_string_name*, Godot.NativeInterop.godot_variant**, int, Godot.NativeInterop.godot_variant_call_error*, Godot.NativeInterop.godot_variant*) (/root/godot/modules/mono/glue/GodotSharp/GodotSharp/Core/Bridge/CSharpInstanceBridge.cs:24)
       [9] void Godot.NativeInterop.NativeFuncs.godotsharp_method_bind_ptrcall(nint, nint, System.Void**, System.Void*) (/root/godot/modules/mono/glue/GodotSharp/GodotSharp/Godot.SourceGenerators.Internal/Godot.SourceGenerators.Internal.UnmanagedCallbacksGenerator/Godot.NativeInterop.NativeFuncs.generated.cs:380)
       [10] void Godot.NativeCalls.godot_icall_3_912(nint, nint, nint, Godot.NativeInterop.godot_bool, int) (/root/godot/modules/mono/glue/GodotSharp/GodotSharp/Generated/NativeCalls.cs:8061)
       [11] void Godot.Node.AddChild(Godot.Node, bool, Godot.Node+InternalMode) (/root/godot/modules/mono/glue/GodotSharp/GodotSharp/Generated/GodotObjects/Node.cs:848)
       [12] void Trackstorm.Client.Items.ItemPresentation.Apply(Trackstorm.Core.Items.ItemPublication) (C:\Users\j_gen\OneDrive\Documents\Game_Projects\Trackstorm\.godot\ts217-main-baseline\code\Client\Items\ItemPresentation.cs:82)
       [13] void Trackstorm.Client.Networking.NetworkVehicleArena.<_Ready>b__77_6(Trackstorm.Core.Items.ItemPublication) (C:\Users\j_gen\OneDrive\Documents\Game_Projects\Trackstorm\.godot\ts217-main-baseline\code\Client\Networking\NetworkVehicleArena.cs:127)
       [14] void Trackstorm.Client.Networking.VehicleNetworkDriver.Advance(Trackstorm.Core.Input.InputFrame, System.Func`2[Trackstorm.Core.Vehicles.VehicleSnapshot,Trackstorm.Core.Vehicles.VehicleObservation]) (C:\Users\j_gen\OneDrive\Documents\Game_Projects\Trackstorm\.godot\ts217-main-baseline\code\Client\Networking\VehicleNetworkDriver.cs:391)
       [15] void Trackstorm.Client.Networking.NetworkVehicleArena.Advance(Trackstorm.Core.Input.InputFrame) (C:\Users\j_gen\OneDrive\Documents\Game_Projects\Trackstorm\.godot\ts217-main-baseline\code\Client\Networking\NetworkVehicleArena.cs:326)
       [16] void Trackstorm.Client.Verification.ProxyMineIntegrationChecks._PhysicsProcess(double) (C:\Users\j_gen\OneDrive\Documents\Game_Projects\Trackstorm\.godot\ts217-main-baseline\code\Client\Verification\ProxyMineIntegrationChecks.cs:108)
       [17] bool Godot.Node.InvokeGodotClassMethod(Godot.NativeInterop.godot_string_name&, Godot.NativeInterop.NativeVariantPtrArgs, Godot.NativeInterop.godot_variant&) (/root/godot/modules/mono/glue/GodotSharp/GodotSharp/Generated/GodotObjects/Node.cs:2648)
       [18] bool Trackstorm.Client.Verification.ProxyMineIntegrationChecks.InvokeGodotClassMethod(Godot.NativeInterop.godot_string_name&, Godot.NativeInterop.NativeVariantPtrArgs, Godot.NativeInterop.godot_variant&) (C:\Users\j_gen\OneDrive\Documents\Game_Projects\Trackstorm\.godot\ts217-main-baseline\.godot\mono\temp\obj\Debug\Godot.SourceGenerators\Godot.SourceGenerators.ScriptMethodsGenerator\Trackstorm.Client.Verification.ProxyMineIntegrationChecks_ScriptMethods.generated.cs:130)
       [19] Godot.NativeInterop.godot_bool Godot.Bridge.CSharpInstanceBridge.Call(nint, Godot.NativeInterop.godot_string_name*, Godot.NativeInterop.godot_variant**, int, Godot.NativeInterop.godot_variant_call_error*, Godot.NativeInterop.godot_variant*) (/root/godot/modules/mono/glue/GodotSharp/GodotSharp/Core/Bridge/CSharpInstanceBridge.cs:24)
WARNING: 'res://assets/items/proxy-mine/ProxyMine.glb': In external resource #1, invalid UID: 'uid://udfym458wmbq' - using text path instead: 'res://assets/items/proxy-mine/ProxyMine_Gunmetal patina.png'.
   at: open (core/io/resource_format_binary.cpp:1025)
   C# backtrace (most recent call first):
       [0] Godot.GodotObject Godot.NativeCalls.godot_icall_3_1268(nint, nint, string, string, int) (/root/godot/modules/mono/glue/GodotSharp/GodotSharp/Generated/NativeCalls.cs:11611)
       [1] Godot.Resource Godot.ResourceLoader.Load(string, string, Godot.ResourceLoader+CacheMode) (/root/godot/modules/mono/glue/GodotSharp/GodotSharp/Generated/GodotObjects/ResourceLoader.cs:120)
       [2] T Godot.ResourceLoader.Load<T>(string, string, Godot.ResourceLoader+CacheMode) (/root/godot/modules/mono/glue/GodotSharp/GodotSharp/Core/Extensions/ResourceLoaderExtensions.cs:27)
       [3] T Trackstorm.Client.Networking.MatchResourceLoader.LoadResource<T>(string) (C:\Users\j_gen\OneDrive\Documents\Game_Projects\Trackstorm\.godot\ts217-main-baseline\code\Client\Networking\MatchResourceLoader.cs:61)
       [4] void Trackstorm.Client.Items.ProxyMineVisual._Ready() (C:\Users\j_gen\OneDrive\Documents\Game_Projects\Trackstorm\.godot\ts217-main-baseline\code\Client\Items\ProxyMineVisual.cs:15)
       [5] bool Godot.Node.InvokeGodotClassMethod(Godot.NativeInterop.godot_string_name&, Godot.NativeInterop.NativeVariantPtrArgs, Godot.NativeInterop.godot_variant&) (/root/godot/modules/mono/glue/GodotSharp/GodotSharp/Generated/GodotObjects/Node.cs:2660)
       [6] bool Godot.Node3D.InvokeGodotClassMethod(Godot.NativeInterop.godot_string_name&, Godot.NativeInterop.NativeVariantPtrArgs, Godot.NativeInterop.godot_variant&) (/root/godot/modules/mono/glue/GodotSharp/GodotSharp/Generated/GodotObjects/Node3D.cs:1127)
       [7] bool Trackstorm.Client.Items.ProxyMineVisual.InvokeGodotClassMethod(Godot.NativeInterop.godot_string_name&, Godot.NativeInterop.NativeVariantPtrArgs, Godot.NativeInterop.godot_variant&) (C:\Users\j_gen\OneDrive\Documents\Game_Projects\Trackstorm\.godot\ts217-main-baseline\.godot\mono\temp\obj\Debug\Godot.SourceGenerators\Godot.SourceGenerators.ScriptMethodsGenerator\Trackstorm.Client.Items.ProxyMineVisual_ScriptMethods.generated.cs:60)
       [8] Godot.NativeInterop.godot_bool Godot.Bridge.CSharpInstanceBridge.Call(nint, Godot.NativeInterop.godot_string_name*, Godot.NativeInterop.godot_variant**, int, Godot.NativeInterop.godot_variant_call_error*, Godot.NativeInterop.godot_variant*) (/root/godot/modules/mono/glue/GodotSharp/GodotSharp/Core/Bridge/CSharpInstanceBridge.cs:24)
       [9] void Godot.NativeInterop.NativeFuncs.godotsharp_method_bind_ptrcall(nint, nint, System.Void**, System.Void*) (/root/godot/modules/mono/glue/GodotSharp/GodotSharp/Godot.SourceGenerators.Internal/Godot.SourceGenerators.Internal.UnmanagedCallbacksGenerator/Godot.NativeInterop.NativeFuncs.generated.cs:380)
       [10] void Godot.NativeCalls.godot_icall_3_912(nint, nint, nint, Godot.NativeInterop.godot_bool, int) (/root/godot/modules/mono/glue/GodotSharp/GodotSharp/Generated/NativeCalls.cs:8061)
       [11] void Godot.Node.AddChild(Godot.Node, bool, Godot.Node+InternalMode) (/root/godot/modules/mono/glue/GodotSharp/GodotSharp/Generated/GodotObjects/Node.cs:848)
       [12] void Trackstorm.Client.Items.ItemPresentation.Apply(Trackstorm.Core.Items.ItemPublication) (C:\Users\j_gen\OneDrive\Documents\Game_Projects\Trackstorm\.godot\ts217-main-baseline\code\Client\Items\ItemPresentation.cs:82)
       [13] void Trackstorm.Client.Networking.NetworkVehicleArena.<_Ready>b__77_6(Trackstorm.Core.Items.ItemPublication) (C:\Users\j_gen\OneDrive\Documents\Game_Projects\Trackstorm\.godot\ts217-main-baseline\code\Client\Networking\NetworkVehicleArena.cs:127)
       [14] void Trackstorm.Client.Networking.VehicleNetworkDriver.Advance(Trackstorm.Core.Input.InputFrame, System.Func`2[Trackstorm.Core.Vehicles.VehicleSnapshot,Trackstorm.Core.Vehicles.VehicleObservation]) (C:\Users\j_gen\OneDrive\Documents\Game_Projects\Trackstorm\.godot\ts217-main-baseline\code\Client\Networking\VehicleNetworkDriver.cs:391)
       [15] void Trackstorm.Client.Networking.NetworkVehicleArena.Advance(Trackstorm.Core.Input.InputFrame) (C:\Users\j_gen\OneDrive\Documents\Game_Projects\Trackstorm\.godot\ts217-main-baseline\code\Client\Networking\NetworkVehicleArena.cs:326)
       [16] void Trackstorm.Client.Verification.ProxyMineIntegrationChecks._PhysicsProcess(double) (C:\Users\j_gen\OneDrive\Documents\Game_Projects\Trackstorm\.godot\ts217-main-baseline\code\Client\Verification\ProxyMineIntegrationChecks.cs:108)
       [17] bool Godot.Node.InvokeGodotClassMethod(Godot.NativeInterop.godot_string_name&, Godot.NativeInterop.NativeVariantPtrArgs, Godot.NativeInterop.godot_variant&) (/root/godot/modules/mono/glue/GodotSharp/GodotSharp/Generated/GodotObjects/Node.cs:2648)
       [18] bool Trackstorm.Client.Verification.ProxyMineIntegrationChecks.InvokeGodotClassMethod(Godot.NativeInterop.godot_string_name&, Godot.NativeInterop.NativeVariantPtrArgs, Godot.NativeInterop.godot_variant&) (C:\Users\j_gen\OneDrive\Documents\Game_Projects\Trackstorm\.godot\ts217-main-baseline\.godot\mono\temp\obj\Debug\Godot.SourceGenerators\Godot.SourceGenerators.ScriptMethodsGenerator\Trackstorm.Client.Verification.ProxyMineIntegrationChecks_ScriptMethods.generated.cs:130)
       [19] Godot.NativeInterop.godot_bool Godot.Bridge.CSharpInstanceBridge.Call(nint, Godot.NativeInterop.godot_string_name*, Godot.NativeInterop.godot_variant**, int, Godot.NativeInterop.godot_variant_call_error*, Godot.NativeInterop.godot_variant*) (/root/godot/modules/mono/glue/GodotSharp/GodotSharp/Core/Bridge/CSharpInstanceBridge.cs:24)
WARNING: 'res://assets/items/proxy-mine/ProxyMine.glb': In external resource #2, invalid UID: 'uid://bgcqs6uemnaff' - using text path instead: 'res://assets/items/proxy-mine/ProxyMine_Worn steel patina.png'.
   at: open (core/io/resource_format_binary.cpp:1025)
   C# backtrace (most recent call first):
       [0] Godot.GodotObject Godot.NativeCalls.godot_icall_3_1268(nint, nint, string, string, int) (/root/godot/modules/mono/glue/GodotSharp/GodotSharp/Generated/NativeCalls.cs:11611)
       [1] Godot.Resource Godot.ResourceLoader.Load(string, string, Godot.ResourceLoader+CacheMode) (/root/godot/modules/mono/glue/GodotSharp/GodotSharp/Generated/GodotObjects/ResourceLoader.cs:120)
       [2] T Godot.ResourceLoader.Load<T>(string, string, Godot.ResourceLoader+CacheMode) (/root/godot/modules/mono/glue/GodotSharp/GodotSharp/Core/Extensions/ResourceLoaderExtensions.cs:27)
       [3] T Trackstorm.Client.Networking.MatchResourceLoader.LoadResource<T>(string) (C:\Users\j_gen\OneDrive\Documents\Game_Projects\Trackstorm\.godot\ts217-main-baseline\code\Client\Networking\MatchResourceLoader.cs:61)
       [4] void Trackstorm.Client.Items.ProxyMineVisual._Ready() (C:\Users\j_gen\OneDrive\Documents\Game_Projects\Trackstorm\.godot\ts217-main-baseline\code\Client\Items\ProxyMineVisual.cs:15)
       [5] bool Godot.Node.InvokeGodotClassMethod(Godot.NativeInterop.godot_string_name&, Godot.NativeInterop.NativeVariantPtrArgs, Godot.NativeInterop.godot_variant&) (/root/godot/modules/mono/glue/GodotSharp/GodotSharp/Generated/GodotObjects/Node.cs:2660)
       [6] bool Godot.Node3D.InvokeGodotClassMethod(Godot.NativeInterop.godot_string_name&, Godot.NativeInterop.NativeVariantPtrArgs, Godot.NativeInterop.godot_variant&) (/root/godot/modules/mono/glue/GodotSharp/GodotSharp/Generated/GodotObjects/Node3D.cs:1127)
       [7] bool Trackstorm.Client.Items.ProxyMineVisual.InvokeGodotClassMethod(Godot.NativeInterop.godot_string_name&, Godot.NativeInterop.NativeVariantPtrArgs, Godot.NativeInterop.godot_variant&) (C:\Users\j_gen\OneDrive\Documents\Game_Projects\Trackstorm\.godot\ts217-main-baseline\.godot\mono\temp\obj\Debug\Godot.SourceGenerators\Godot.SourceGenerators.ScriptMethodsGenerator\Trackstorm.Client.Items.ProxyMineVisual_ScriptMethods.generated.cs:60)
       [8] Godot.NativeInterop.godot_bool Godot.Bridge.CSharpInstanceBridge.Call(nint, Godot.NativeInterop.godot_string_name*, Godot.NativeInterop.godot_variant**, int, Godot.NativeInterop.godot_variant_call_error*, Godot.NativeInterop.godot_variant*) (/root/godot/modules/mono/glue/GodotSharp/GodotSharp/Core/Bridge/CSharpInstanceBridge.cs:24)
       [9] void Godot.NativeInterop.NativeFuncs.godotsharp_method_bind_ptrcall(nint, nint, System.Void**, System.Void*) (/root/godot/modules/mono/glue/GodotSharp/GodotSharp/Godot.SourceGenerators.Internal/Godot.SourceGenerators.Internal.UnmanagedCallbacksGenerator/Godot.NativeInterop.NativeFuncs.generated.cs:380)
       [10] void Godot.NativeCalls.godot_icall_3_912(nint, nint, nint, Godot.NativeInterop.godot_bool, int) (/root/godot/modules/mono/glue/GodotSharp/GodotSharp/Generated/NativeCalls.cs:8061)
       [11] void Godot.Node.AddChild(Godot.Node, bool, Godot.Node+InternalMode) (/root/godot/modules/mono/glue/GodotSharp/GodotSharp/Generated/GodotObjects/Node.cs:848)
       [12] void Trackstorm.Client.Items.ItemPresentation.Apply(Trackstorm.Core.Items.ItemPublication) (C:\Users\j_gen\OneDrive\Documents\Game_Projects\Trackstorm\.godot\ts217-main-baseline\code\Client\Items\ItemPresentation.cs:82)
       [13] void Trackstorm.Client.Networking.NetworkVehicleArena.<_Ready>b__77_6(Trackstorm.Core.Items.ItemPublication) (C:\Users\j_gen\OneDrive\Documents\Game_Projects\Trackstorm\.godot\ts217-main-baseline\code\Client\Networking\NetworkVehicleArena.cs:127)
       [14] void Trackstorm.Client.Networking.VehicleNetworkDriver.Advance(Trackstorm.Core.Input.InputFrame, System.Func`2[Trackstorm.Core.Vehicles.VehicleSnapshot,Trackstorm.Core.Vehicles.VehicleObservation]) (C:\Users\j_gen\OneDrive\Documents\Game_Projects\Trackstorm\.godot\ts217-main-baseline\code\Client\Networking\VehicleNetworkDriver.cs:391)
       [15] void Trackstorm.Client.Networking.NetworkVehicleArena.Advance(Trackstorm.Core.Input.InputFrame) (C:\Users\j_gen\OneDrive\Documents\Game_Projects\Trackstorm\.godot\ts217-main-baseline\code\Client\Networking\NetworkVehicleArena.cs:326)
       [16] void Trackstorm.Client.Verification.ProxyMineIntegrationChecks._PhysicsProcess(double) (C:\Users\j_gen\OneDrive\Documents\Game_Projects\Trackstorm\.godot\ts217-main-baseline\code\Client\Verification\ProxyMineIntegrationChecks.cs:108)
       [17] bool Godot.Node.InvokeGodotClassMethod(Godot.NativeInterop.godot_string_name&, Godot.NativeInterop.NativeVariantPtrArgs, Godot.NativeInterop.godot_variant&) (/root/godot/modules/mono/glue/GodotSharp/GodotSharp/Generated/GodotObjects/Node.cs:2648)
       [18] bool Trackstorm.Client.Verification.ProxyMineIntegrationChecks.InvokeGodotClassMethod(Godot.NativeInterop.godot_string_name&, Godot.NativeInterop.NativeVariantPtrArgs, Godot.NativeInterop.godot_variant&) (C:\Users\j_gen\OneDrive\Documents\Game_Projects\Trackstorm\.godot\ts217-main-baseline\.godot\mono\temp\obj\Debug\Godot.SourceGenerators\Godot.SourceGenerators.ScriptMethodsGenerator\Trackstorm.Client.Verification.ProxyMineIntegrationChecks_ScriptMethods.generated.cs:130)
       [19] Godot.NativeInterop.godot_bool Godot.Bridge.CSharpInstanceBridge.Call(nint, Godot.NativeInterop.godot_string_name*, Godot.NativeInterop.godot_variant**, int, Godot.NativeInterop.godot_variant_call_error*, Godot.NativeInterop.godot_variant*) (/root/godot/modules/mono/glue/GodotSharp/GodotSharp/Core/Bridge/CSharpInstanceBridge.cs:24)
WARNING: 'res://assets/items/proxy-mine/ProxyMine.glb': In external resource #3, invalid UID: 'uid://l8te3invob5q' - using text path instead: 'res://assets/items/proxy-mine/ProxyMine_Circus oxblood patina.png'.
   at: open (core/io/resource_format_binary.cpp:1025)
   C# backtrace (most recent call first):
       [0] Godot.GodotObject Godot.NativeCalls.godot_icall_3_1268(nint, nint, string, string, int) (/root/godot/modules/mono/glue/GodotSharp/GodotSharp/Generated/NativeCalls.cs:11611)
       [1] Godot.Resource Godot.ResourceLoader.Load(string, string, Godot.ResourceLoader+CacheMode) (/root/godot/modules/mono/glue/GodotSharp/GodotSharp/Generated/GodotObjects/ResourceLoader.cs:120)
       [2] T Godot.ResourceLoader.Load<T>(string, string, Godot.ResourceLoader+CacheMode) (/root/godot/modules/mono/glue/GodotSharp/GodotSharp/Core/Extensions/ResourceLoaderExtensions.cs:27)
       [3] T Trackstorm.Client.Networking.MatchResourceLoader.LoadResource<T>(string) (C:\Users\j_gen\OneDrive\Documents\Game_Projects\Trackstorm\.godot\ts217-main-baseline\code\Client\Networking\MatchResourceLoader.cs:61)
       [4] void Trackstorm.Client.Items.ProxyMineVisual._Ready() (C:\Users\j_gen\OneDrive\Documents\Game_Projects\Trackstorm\.godot\ts217-main-baseline\code\Client\Items\ProxyMineVisual.cs:15)
       [5] bool Godot.Node.InvokeGodotClassMethod(Godot.NativeInterop.godot_string_name&, Godot.NativeInterop.NativeVariantPtrArgs, Godot.NativeInterop.godot_variant&) (/root/godot/modules/mono/glue/GodotSharp/GodotSharp/Generated/GodotObjects/Node.cs:2660)
       [6] bool Godot.Node3D.InvokeGodotClassMethod(Godot.NativeInterop.godot_string_name&, Godot.NativeInterop.NativeVariantPtrArgs, Godot.NativeInterop.godot_variant&) (/root/godot/modules/mono/glue/GodotSharp/GodotSharp/Generated/GodotObjects/Node3D.cs:1127)
       [7] bool Trackstorm.Client.Items.ProxyMineVisual.InvokeGodotClassMethod(Godot.NativeInterop.godot_string_name&, Godot.NativeInterop.NativeVariantPtrArgs, Godot.NativeInterop.godot_variant&) (C:\Users\j_gen\OneDrive\Documents\Game_Projects\Trackstorm\.godot\ts217-main-baseline\.godot\mono\temp\obj\Debug\Godot.SourceGenerators\Godot.SourceGenerators.ScriptMethodsGenerator\Trackstorm.Client.Items.ProxyMineVisual_ScriptMethods.generated.cs:60)
       [8] Godot.NativeInterop.godot_bool Godot.Bridge.CSharpInstanceBridge.Call(nint, Godot.NativeInterop.godot_string_name*, Godot.NativeInterop.godot_variant**, int, Godot.NativeInterop.godot_variant_call_error*, Godot.NativeInterop.godot_variant*) (/root/godot/modules/mono/glue/GodotSharp/GodotSharp/Core/Bridge/CSharpInstanceBridge.cs:24)
       [9] void Godot.NativeInterop.NativeFuncs.godotsharp_method_bind_ptrcall(nint, nint, System.Void**, System.Void*) (/root/godot/modules/mono/glue/GodotSharp/GodotSharp/Godot.SourceGenerators.Internal/Godot.SourceGenerators.Internal.UnmanagedCallbacksGenerator/Godot.NativeInterop.NativeFuncs.generated.cs:380)
       [10] void Godot.NativeCalls.godot_icall_3_912(nint, nint, nint, Godot.NativeInterop.godot_bool, int) (/root/godot/modules/mono/glue/GodotSharp/GodotSharp/Generated/NativeCalls.cs:8061)
       [11] void Godot.Node.AddChild(Godot.Node, bool, Godot.Node+InternalMode) (/root/godot/modules/mono/glue/GodotSharp/GodotSharp/Generated/GodotObjects/Node.cs:848)
       [12] void Trackstorm.Client.Items.ItemPresentation.Apply(Trackstorm.Core.Items.ItemPublication) (C:\Users\j_gen\OneDrive\Documents\Game_Projects\Trackstorm\.godot\ts217-main-baseline\code\Client\Items\ItemPresentation.cs:82)
       [13] void Trackstorm.Client.Networking.NetworkVehicleArena.<_Ready>b__77_6(Trackstorm.Core.Items.ItemPublication) (C:\Users\j_gen\OneDrive\Documents\Game_Projects\Trackstorm\.godot\ts217-main-baseline\code\Client\Networking\NetworkVehicleArena.cs:127)
       [14] void Trackstorm.Client.Networking.VehicleNetworkDriver.Advance(Trackstorm.Core.Input.InputFrame, System.Func`2[Trackstorm.Core.Vehicles.VehicleSnapshot,Trackstorm.Core.Vehicles.VehicleObservation]) (C:\Users\j_gen\OneDrive\Documents\Game_Projects\Trackstorm\.godot\ts217-main-baseline\code\Client\Networking\VehicleNetworkDriver.cs:391)
       [15] void Trackstorm.Client.Networking.NetworkVehicleArena.Advance(Trackstorm.Core.Input.InputFrame) (C:\Users\j_gen\OneDrive\Documents\Game_Projects\Trackstorm\.godot\ts217-main-baseline\code\Client\Networking\NetworkVehicleArena.cs:326)
       [16] void Trackstorm.Client.Verification.ProxyMineIntegrationChecks._PhysicsProcess(double) (C:\Users\j_gen\OneDrive\Documents\Game_Projects\Trackstorm\.godot\ts217-main-baseline\code\Client\Verification\ProxyMineIntegrationChecks.cs:108)
       [17] bool Godot.Node.InvokeGodotClassMethod(Godot.NativeInterop.godot_string_name&, Godot.NativeInterop.NativeVariantPtrArgs, Godot.NativeInterop.godot_variant&) (/root/godot/modules/mono/glue/GodotSharp/GodotSharp/Generated/GodotObjects/Node.cs:2648)
       [18] bool Trackstorm.Client.Verification.ProxyMineIntegrationChecks.InvokeGodotClassMethod(Godot.NativeInterop.godot_string_name&, Godot.NativeInterop.NativeVariantPtrArgs, Godot.NativeInterop.godot_variant&) (C:\Users\j_gen\OneDrive\Documents\Game_Projects\Trackstorm\.godot\ts217-main-baseline\.godot\mono\temp\obj\Debug\Godot.SourceGenerators\Godot.SourceGenerators.ScriptMethodsGenerator\Trackstorm.Client.Verification.ProxyMineIntegrationChecks_ScriptMethods.generated.cs:130)
       [19] Godot.NativeInterop.godot_bool Godot.Bridge.CSharpInstanceBridge.Call(nint, Godot.NativeInterop.godot_string_name*, Godot.NativeInterop.godot_variant**, int, Godot.NativeInterop.godot_variant_call_error*, Godot.NativeInterop.godot_variant*) (/root/godot/modules/mono/glue/GodotSharp/GodotSharp/Core/Bridge/CSharpInstanceBridge.cs:24)
WARNING: 'res://assets/items/proxy-mine/ProxyMine.glb': In external resource #4, invalid UID: 'uid://cgo78aenexsmj' - using text path instead: 'res://assets/items/proxy-mine/ProxyMine_Magnet copper patina.png'.
   at: open (core/io/resource_format_binary.cpp:1025)
   C# backtrace (most recent call first):
       [0] Godot.GodotObject Godot.NativeCalls.godot_icall_3_1268(nint, nint, string, string, int) (/root/godot/modules/mono/glue/GodotSharp/GodotSharp/Generated/NativeCalls.cs:11611)
       [1] Godot.Resource Godot.ResourceLoader.Load(string, string, Godot.ResourceLoader+CacheMode) (/root/godot/modules/mono/glue/GodotSharp/GodotSharp/Generated/GodotObjects/ResourceLoader.cs:120)
       [2] T Godot.ResourceLoader.Load<T>(string, string, Godot.ResourceLoader+CacheMode) (/root/godot/modules/mono/glue/GodotSharp/GodotSharp/Core/Extensions/ResourceLoaderExtensions.cs:27)
       [3] T Trackstorm.Client.Networking.MatchResourceLoader.LoadResource<T>(string) (C:\Users\j_gen\OneDrive\Documents\Game_Projects\Trackstorm\.godot\ts217-main-baseline\code\Client\Networking\MatchResourceLoader.cs:61)
       [4] void Trackstorm.Client.Items.ProxyMineVisual._Ready() (C:\Users\j_gen\OneDrive\Documents\Game_Projects\Trackstorm\.godot\ts217-main-baseline\code\Client\Items\ProxyMineVisual.cs:15)
       [5] bool Godot.Node.InvokeGodotClassMethod(Godot.NativeInterop.godot_string_name&, Godot.NativeInterop.NativeVariantPtrArgs, Godot.NativeInterop.godot_variant&) (/root/godot/modules/mono/glue/GodotSharp/GodotSharp/Generated/GodotObjects/Node.cs:2660)
       [6] bool Godot.Node3D.InvokeGodotClassMethod(Godot.NativeInterop.godot_string_name&, Godot.NativeInterop.NativeVariantPtrArgs, Godot.NativeInterop.godot_variant&) (/root/godot/modules/mono/glue/GodotSharp/GodotSharp/Generated/GodotObjects/Node3D.cs:1127)
       [7] bool Trackstorm.Client.Items.ProxyMineVisual.InvokeGodotClassMethod(Godot.NativeInterop.godot_string_name&, Godot.NativeInterop.NativeVariantPtrArgs, Godot.NativeInterop.godot_variant&) (C:\Users\j_gen\OneDrive\Documents\Game_Projects\Trackstorm\.godot\ts217-main-baseline\.godot\mono\temp\obj\Debug\Godot.SourceGenerators\Godot.SourceGenerators.ScriptMethodsGenerator\Trackstorm.Client.Items.ProxyMineVisual_ScriptMethods.generated.cs:60)
       [8] Godot.NativeInterop.godot_bool Godot.Bridge.CSharpInstanceBridge.Call(nint, Godot.NativeInterop.godot_string_name*, Godot.NativeInterop.godot_variant**, int, Godot.NativeInterop.godot_variant_call_error*, Godot.NativeInterop.godot_variant*) (/root/godot/modules/mono/glue/GodotSharp/GodotSharp/Core/Bridge/CSharpInstanceBridge.cs:24)
       [9] void Godot.NativeInterop.NativeFuncs.godotsharp_method_bind_ptrcall(nint, nint, System.Void**, System.Void*) (/root/godot/modules/mono/glue/GodotSharp/GodotSharp/Godot.SourceGenerators.Internal/Godot.SourceGenerators.Internal.UnmanagedCallbacksGenerator/Godot.NativeInterop.NativeFuncs.generated.cs:380)
       [10] void Godot.NativeCalls.godot_icall_3_912(nint, nint, nint, Godot.NativeInterop.godot_bool, int) (/root/godot/modules/mono/glue/GodotSharp/GodotSharp/Generated/NativeCalls.cs:8061)
       [11] void Godot.Node.AddChild(Godot.Node, bool, Godot.Node+InternalMode) (/root/godot/modules/mono/glue/GodotSharp/GodotSharp/Generated/GodotObjects/Node.cs:848)
       [12] void Trackstorm.Client.Items.ItemPresentation.Apply(Trackstorm.Core.Items.ItemPublication) (C:\Users\j_gen\OneDrive\Documents\Game_Projects\Trackstorm\.godot\ts217-main-baseline\code\Client\Items\ItemPresentation.cs:82)
       [13] void Trackstorm.Client.Networking.NetworkVehicleArena.<_Ready>b__77_6(Trackstorm.Core.Items.ItemPublication) (C:\Users\j_gen\OneDrive\Documents\Game_Projects\Trackstorm\.godot\ts217-main-baseline\code\Client\Networking\NetworkVehicleArena.cs:127)
       [14] void Trackstorm.Client.Networking.VehicleNetworkDriver.Advance(Trackstorm.Core.Input.InputFrame, System.Func`2[Trackstorm.Core.Vehicles.VehicleSnapshot,Trackstorm.Core.Vehicles.VehicleObservation]) (C:\Users\j_gen\OneDrive\Documents\Game_Projects\Trackstorm\.godot\ts217-main-baseline\code\Client\Networking\VehicleNetworkDriver.cs:391)
       [15] void Trackstorm.Client.Networking.NetworkVehicleArena.Advance(Trackstorm.Core.Input.InputFrame) (C:\Users\j_gen\OneDrive\Documents\Game_Projects\Trackstorm\.godot\ts217-main-baseline\code\Client\Networking\NetworkVehicleArena.cs:326)
       [16] void Trackstorm.Client.Verification.ProxyMineIntegrationChecks._PhysicsProcess(double) (C:\Users\j_gen\OneDrive\Documents\Game_Projects\Trackstorm\.godot\ts217-main-baseline\code\Client\Verification\ProxyMineIntegrationChecks.cs:108)
       [17] bool Godot.Node.InvokeGodotClassMethod(Godot.NativeInterop.godot_string_name&, Godot.NativeInterop.NativeVariantPtrArgs, Godot.NativeInterop.godot_variant&) (/root/godot/modules/mono/glue/GodotSharp/GodotSharp/Generated/GodotObjects/Node.cs:2648)
       [18] bool Trackstorm.Client.Verification.ProxyMineIntegrationChecks.InvokeGodotClassMethod(Godot.NativeInterop.godot_string_name&, Godot.NativeInterop.NativeVariantPtrArgs, Godot.NativeInterop.godot_variant&) (C:\Users\j_gen\OneDrive\Documents\Game_Projects\Trackstorm\.godot\ts217-main-baseline\.godot\mono\temp\obj\Debug\Godot.SourceGenerators\Godot.SourceGenerators.ScriptMethodsGenerator\Trackstorm.Client.Verification.ProxyMineIntegrationChecks_ScriptMethods.generated.cs:130)
       [19] Godot.NativeInterop.godot_bool Godot.Bridge.CSharpInstanceBridge.Call(nint, Godot.NativeInterop.godot_string_name*, Godot.NativeInterop.godot_variant**, int, Godot.NativeInterop.godot_variant_call_error*, Godot.NativeInterop.godot_variant*) (/root/godot/modules/mono/glue/GodotSharp/GodotSharp/Core/Bridge/CSharpInstanceBridge.cs:24)
WARNING: 'res://assets/items/proxy-mine/ProxyMine.glb': In external resource #5, invalid UID: 'uid://cty6av411x08q' - using text path instead: 'res://assets/items/proxy-mine/ProxyMine_Aged ivory patina.png'.
   at: open (core/io/resource_format_binary.cpp:1025)
   C# backtrace (most recent call first):
       [0] Godot.GodotObject Godot.NativeCalls.godot_icall_3_1268(nint, nint, string, string, int) (/root/godot/modules/mono/glue/GodotSharp/GodotSharp/Generated/NativeCalls.cs:11611)
       [1] Godot.Resource Godot.ResourceLoader.Load(string, string, Godot.ResourceLoader+CacheMode) (/root/godot/modules/mono/glue/GodotSharp/GodotSharp/Generated/GodotObjects/ResourceLoader.cs:120)
       [2] T Godot.ResourceLoader.Load<T>(string, string, Godot.ResourceLoader+CacheMode) (/root/godot/modules/mono/glue/GodotSharp/GodotSharp/Core/Extensions/ResourceLoaderExtensions.cs:27)
       [3] T Trackstorm.Client.Networking.MatchResourceLoader.LoadResource<T>(string) (C:\Users\j_gen\OneDrive\Documents\Game_Projects\Trackstorm\.godot\ts217-main-baseline\code\Client\Networking\MatchResourceLoader.cs:61)
       [4] void Trackstorm.Client.Items.ProxyMineVisual._Ready() (C:\Users\j_gen\OneDrive\Documents\Game_Projects\Trackstorm\.godot\ts217-main-baseline\code\Client\Items\ProxyMineVisual.cs:15)
       [5] bool Godot.Node.InvokeGodotClassMethod(Godot.NativeInterop.godot_string_name&, Godot.NativeInterop.NativeVariantPtrArgs, Godot.NativeInterop.godot_variant&) (/root/godot/modules/mono/glue/GodotSharp/GodotSharp/Generated/GodotObjects/Node.cs:2660)
       [6] bool Godot.Node3D.InvokeGodotClassMethod(Godot.NativeInterop.godot_string_name&, Godot.NativeInterop.NativeVariantPtrArgs, Godot.NativeInterop.godot_variant&) (/root/godot/modules/mono/glue/GodotSharp/GodotSharp/Generated/GodotObjects/Node3D.cs:1127)
       [7] bool Trackstorm.Client.Items.ProxyMineVisual.InvokeGodotClassMethod(Godot.NativeInterop.godot_string_name&, Godot.NativeInterop.NativeVariantPtrArgs, Godot.NativeInterop.godot_variant&) (C:\Users\j_gen\OneDrive\Documents\Game_Projects\Trackstorm\.godot\ts217-main-baseline\.godot\mono\temp\obj\Debug\Godot.SourceGenerators\Godot.SourceGenerators.ScriptMethodsGenerator\Trackstorm.Client.Items.ProxyMineVisual_ScriptMethods.generated.cs:60)
       [8] Godot.NativeInterop.godot_bool Godot.Bridge.CSharpInstanceBridge.Call(nint, Godot.NativeInterop.godot_string_name*, Godot.NativeInterop.godot_variant**, int, Godot.NativeInterop.godot_variant_call_error*, Godot.NativeInterop.godot_variant*) (/root/godot/modules/mono/glue/GodotSharp/GodotSharp/Core/Bridge/CSharpInstanceBridge.cs:24)
       [9] void Godot.NativeInterop.NativeFuncs.godotsharp_method_bind_ptrcall(nint, nint, System.Void**, System.Void*) (/root/godot/modules/mono/glue/GodotSharp/GodotSharp/Godot.SourceGenerators.Internal/Godot.SourceGenerators.Internal.UnmanagedCallbacksGenerator/Godot.NativeInterop.NativeFuncs.generated.cs:380)
       [10] void Godot.NativeCalls.godot_icall_3_912(nint, nint, nint, Godot.NativeInterop.godot_bool, int) (/root/godot/modules/mono/glue/GodotSharp/GodotSharp/Generated/NativeCalls.cs:8061)
       [11] void Godot.Node.AddChild(Godot.Node, bool, Godot.Node+InternalMode) (/root/godot/modules/mono/glue/GodotSharp/GodotSharp/Generated/GodotObjects/Node.cs:848)
       [12] void Trackstorm.Client.Items.ItemPresentation.Apply(Trackstorm.Core.Items.ItemPublication) (C:\Users\j_gen\OneDrive\Documents\Game_Projects\Trackstorm\.godot\ts217-main-baseline\code\Client\Items\ItemPresentation.cs:82)
       [13] void Trackstorm.Client.Networking.NetworkVehicleArena.<_Ready>b__77_6(Trackstorm.Core.Items.ItemPublication) (C:\Users\j_gen\OneDrive\Documents\Game_Projects\Trackstorm\.godot\ts217-main-baseline\code\Client\Networking\NetworkVehicleArena.cs:127)
       [14] void Trackstorm.Client.Networking.VehicleNetworkDriver.Advance(Trackstorm.Core.Input.InputFrame, System.Func`2[Trackstorm.Core.Vehicles.VehicleSnapshot,Trackstorm.Core.Vehicles.VehicleObservation]) (C:\Users\j_gen\OneDrive\Documents\Game_Projects\Trackstorm\.godot\ts217-main-baseline\code\Client\Networking\VehicleNetworkDriver.cs:391)
       [15] void Trackstorm.Client.Networking.NetworkVehicleArena.Advance(Trackstorm.Core.Input.InputFrame) (C:\Users\j_gen\OneDrive\Documents\Game_Projects\Trackstorm\.godot\ts217-main-baseline\code\Client\Networking\NetworkVehicleArena.cs:326)
       [16] void Trackstorm.Client.Verification.ProxyMineIntegrationChecks._PhysicsProcess(double) (C:\Users\j_gen\OneDrive\Documents\Game_Projects\Trackstorm\.godot\ts217-main-baseline\code\Client\Verification\ProxyMineIntegrationChecks.cs:108)
       [17] bool Godot.Node.InvokeGodotClassMethod(Godot.NativeInterop.godot_string_name&, Godot.NativeInterop.NativeVariantPtrArgs, Godot.NativeInterop.godot_variant&) (/root/godot/modules/mono/glue/GodotSharp/GodotSharp/Generated/GodotObjects/Node.cs:2648)
       [18] bool Trackstorm.Client.Verification.ProxyMineIntegrationChecks.InvokeGodotClassMethod(Godot.NativeInterop.godot_string_name&, Godot.NativeInterop.NativeVariantPtrArgs, Godot.NativeInterop.godot_variant&) (C:\Users\j_gen\OneDrive\Documents\Game_Projects\Trackstorm\.godot\ts217-main-baseline\.godot\mono\temp\obj\Debug\Godot.SourceGenerators\Godot.SourceGenerators.ScriptMethodsGenerator\Trackstorm.Client.Verification.ProxyMineIntegrationChecks_ScriptMethods.generated.cs:130)
       [19] Godot.NativeInterop.godot_bool Godot.Bridge.CSharpInstanceBridge.Call(nint, Godot.NativeInterop.godot_string_name*, Godot.NativeInterop.godot_variant**, int, Godot.NativeInterop.godot_variant_call_error*, Godot.NativeInterop.godot_variant*) (/root/godot/modules/mono/glue/GodotSharp/GodotSharp/Core/Bridge/CSharpInstanceBridge.cs:24)
Mine installed on the real flat platform, with terrain clearance and seated timer.
Initial seating remains exactly stable; late admission reconstructed the mine during arm placement.
Late join reconstructed the persistent mine. Outer-radius force trial begins.
Outer pull produced 0.115 m/s after ten native ticks.
Mid pull produced 8.625 m/s after ten native ticks.
Close pull produced 12.065 m/s; moving remote vehicle approaches for contact.
Contact detonated once, applying 60 configured HP and 18000 N.s to the remote vehicle.
System.InvalidOperationException: native knockback motion
   at Trackstorm.Client.Verification.ProxyMineIntegrationChecks.Check(Boolean condition, String message) in C:\Users\j_gen\OneDrive\Documents\Game_Projects\Trackstorm\.godot\ts217-main-baseline\code\Client\Verification\ProxyMineIntegrationChecks.cs:line 557
   at Trackstorm.Client.Verification.ProxyMineIntegrationChecks._PhysicsProcess(Double delta) in C:\Users\j_gen\OneDrive\Documents\Game_Projects\Trackstorm\.godot\ts217-main-baseline\code\Client\Verification\ProxyMineIntegrationChecks.cs:line 186
WARNING: 63 ObjectDB instances were leaked at exit (run with `--verbose` for details).
   at: cleanup (core/object/object.cpp:2536)
ERROR: 3 resources still in use at exit (run with --verbose for details).
   at: clear (core/io/resource.cpp:822)
