case,seconds,speed_mps,side_mps,yaw_radps,wheel_rad,power_slip,rear_slip,throttle,grounded
baseline-Dirt-8-key,0.1,7.9861155,0.014160173,-0.009222312,0.007007988,6.2684876e-06,2.7716163e-05,0.02123976,True
baseline-Dirt-8-key,0.2,8.012322,0.05826912,-0.042709984,0.023508491,0.0001334037,0.00040125847,0.075099304,True
baseline-Dirt-8-key,0.3,8.132643,0.12690121,-0.100262485,0.046813294,0.00083865674,0.0019078255,0.15692791,True
baseline-Dirt-8-key,0.4,8.382596,0.21698032,-0.18076585,0.07499097,0.003096441,0.005736053,0.26273727,True
baseline-Dirt-8-key,0.5,8.781944,0.3288981,-0.28602883,0.10666284,0.008054255,0.012650222,0.36786813,True
baseline-Dirt-8-key,0.6,9.310472,0.4626376,-0.41898382,0.14083579,0.015882567,0.022447526,0.4580077,True
baseline-Dirt-8-key,0.7,9.940495,0.6158749,-0.5819522,0.17680345,0.025925377,0.034591377,0.53529376,True
baseline-Dirt-8-key,0.8,10.64536,0.7830502,-0.77545655,0.21405445,0.036910255,0.048137605,0.6015591,True
baseline-Dirt-8-key,0.9,11.398472,0.9553385,-0.9974796,0.25222763,0.04723158,0.06203279,0.65837526,True
baseline-Dirt-8-key,1.0,12.172346,1.1217957,-1.2434081,0.291059,0.0553415,0.07550269,0.70708966,True
baseline-Dirt-8-key,1.1,12.937838,1.2708106,-1.5064226,0.33036453,0.060141623,0.08853164,0.74885756,True
baseline-Dirt-8-key,1.2,13.6637535,1.3925681,-1.7787309,0.37000722,0.06122906,0.10169116,0.78466946,True
baseline-Dirt-8-key,1.3,14.317154,1.4799447,-2.0524945,0.40989414,0.05850284,0.11629525,0.8153748,True
baseline-Dirt-8-key,1.4,14.865032,1.5256467,-2.3197284,0.4499534,0.05296673,0.13526994,0.8417016,True
baseline-Dirt-8-key,1.5,15.275309,1.5234287,-2.575254,0.49013883,0.04613207,0.16163948,0.8642743,True
baseline-Dirt-8-key,1.6,15.516189,1.4742572,-2.8204632,0.53041196,0.039333418,0.19619864,0.8836283,True
baseline-Dirt-8-key,1.7,15.553049,1.392241,-3.0654125,0.5707506,0.033608768,0.23881412,0.9002225,True
baseline-Dirt-8-key,1.8,15.358139,1.2717509,-3.315951,0.6111336,0.029923692,0.29139972,0.91445035,True
baseline-Dirt-8-key,1.9,14.903445,1.1238389,-3.5792084,0.6515522,0.029676724,0.35022694,0.9266494,True
baseline-Dirt-8-key,2.0,14.162565,0.98056984,-3.8590007,0.6919938,0.034825157,0.41043824,0.93710893,True
baseline-Dirt-8-key,2.1,13.129948,0.89168024,-4.143628,0.73245174,0.049428046,0.46641085,0.946077,True
baseline-Dirt-8-key,2.2,11.855125,0.9441614,-4.3796744,0.7729215,0.07853769,0.49370396,0.95376617,True
baseline-Dirt-8-key,2.3,10.53769,1.2563848,-4.4756904,0.80885214,0.123601384,0.49177372,0.9603589,True
baseline-Dirt-8-key,2.4,9.450158,1.7636526,-4.4611297,0.8346897,0.17816123,0.4789439,0.9660116,True
baseline-Dirt-8-key,2.5,8.739567,2.331168,-4.4102054,0.8532031,0.23329528,0.46566522,0.97085816,True
baseline-Dirt-8-key,2.6,8.38436,2.8184264,-4.383138,0.8664686,0.28311765,0.4625713,0.97501373,True
baseline-Dirt-8-key,2.7,8.261079,3.1516469,-4.398292,0.87597364,0.32582247,0.4725346,0.97857666,True
baseline-Dirt-8-key,2.8,8.248818,3.327217,-4.443244,0.8827843,0.36164984,0.492837,0.9816316,True
baseline-Dirt-8-key,2.9,8.253481,3.3842554,-4.506559,0.8876644,0.3915064,0.5194129,0.98425084,True
baseline-Dirt-8-key,3.0,8.227998,3.3654587,-4.5705457,0.89116114,0.41647005,0.5456918,0.9864967,True
baseline-Dirt-8-key,3.1,8.163015,3.3054285,-4.619301,0.8936667,0.4375295,0.56877446,0.98842216,True
baseline-Dirt-8-key,3.2,8.060152,3.23474,-4.648314,0.895462,0.45547134,0.5881613,0.9900731,True
baseline-Dirt-8-key,3.3,7.932657,3.1741154,-4.656079,0.89674836,0.47077984,0.6035198,0.9914886,True
baseline-Dirt-8-key,3.4,7.8031325,3.1255815,-4.6436133,0.8976701,0.48359698,0.6151662,0.99270225,True
baseline-Dirt-8-key,3.5,7.6826806,3.0969682,-4.618229,0.8983305,0.49431005,0.623287,0.9937429,True
baseline-Dirt-8-key,3.6,7.5821795,3.0901515,-4.584561,0.8988038,0.5032694,0.62703633,0.99463516,True
baseline-Dirt-8-key,3.7,7.5107565,3.1012437,-4.548399,0.89914286,0.5107662,0.62870014,0.9954002,True
baseline-Dirt-8-key,3.8,7.4660068,3.1233726,-4.5171757,0.8993858,0.51704276,0.6297194,0.99605614,True
baseline-Dirt-8-key,3.9,7.44274,3.1490138,-4.4942636,0.8995599,0.5223004,0.63072073,0.9966185,True
baseline-Dirt-8-key,4.0,7.434432,3.1721027,-4.4802103,0.8996846,0.5267071,0.63203025,0.99710065,True
baseline-Dirt-8-pad,0.1,8.052225,0.20757674,-0.14190377,0.08843392,0.00055465585,0.001060158,0.14259619,True
baseline-Dirt-8-pad,0.2,8.27007,0.4450556,-0.35491732,0.15309863,0.0033903434,0.0053218603,0.2648587,True
baseline-Dirt-8-pad,0.3,8.635817,0.63331693,-0.55289173,0.19943291,0.009299613,0.0134271085,0.36968702,True
baseline-Dirt-8-pad,0.4,9.127029,0.78462017,-0.7296063,0.23263288,0.018100305,0.02501735,0.45956725,True
baseline-Dirt-8-pad,0.5,9.721691,0.9063144,-0.8895172,0.2564217,0.02887528,0.03915614,0.53663087,True
baseline-Dirt-8-pad,0.6,10.399274,1.0011363,-1.0367905,0.2734671,0.04021108,0.054564685,0.6027056,True
baseline-Dirt-8-pad,0.7,11.140885,1.070085,-1.1739051,0.28568065,0.05049094,0.0698573,0.6593583,True
baseline-Dirt-8-pad,0.8,11.929157,1.1138692,-1.3019345,0.29443204,0.058220755,0.08381891,0.70793253,True
baseline-Dirt-8-pad,0.9,12.748194,1.1334391,-1.4208878,0.3007027,0.062325988,0.095603794,0.74958026,True
baseline-Dirt-8-pad,1.0,13.583629,1.1305933,-1.5301352,0.30519584,0.062240228,0.10475874,0.7852892,True
baseline-Dirt-8-pad,1.1,14.422853,1.1069608,-1.6280309,0.30841532,0.05763265,0.11136043,0.8159062,True
baseline-Dirt-8-pad,1.2,15.25507,1.0634761,-1.7125633,0.31072217,0.04967918,0.116850235,0.8421573,True
baseline-Dirt-8-pad,1.3,16.071226,1.0002835,-1.7821617,0.3123751,0.040237308,0.12300509,0.86466503,True
baseline-Dirt-8-pad,1.4,16.863924,0.9170809,-1.8361019,0.31355947,0.031441074,0.13152555,0.8839633,True
baseline-Dirt-8-pad,1.5,17.627306,0.8136883,-1.874317,0.31440812,0.024486337,0.14309141,0.9005097,True
baseline-Dirt-8-pad,1.6,18.357162,0.69188356,-1.8965682,0.31501624,0.01906998,0.1568447,0.9146967,True
baseline-Dirt-8-pad,1.7,19.051172,0.5557494,-1.9027961,0.31545192,0.014851717,0.17172933,0.92686063,True
baseline-Dirt-8-pad,1.8,19.708998,0.41125298,-1.8936577,0.3157641,0.011566529,0.18666929,0.9372901,True
baseline-Dirt-8-pad,1.9,20.332176,0.26712322,-1.8665214,0.3159878,0.009008023,0.20010054,0.9462323,True
baseline-Dirt-8-pad,2.0,20.924442,0.13623619,-1.8243444,0.3161481,0.007015457,0.21037516,0.9538993,True
baseline-Dirt-8-pad,2.1,21.4913,0.02516222,-1.7743938,0.31626293,0.005463644,0.21758509,0.9604731,True
baseline-Dirt-8-pad,2.2,22.03842,-0.0662992,-1.7214282,0.31634524,0.004255091,0.22239193,0.9661096,True
baseline-Dirt-8-pad,2.3,22.57048,-0.14115284,-1.6683214,0.3164042,0.0033138685,0.22545199,0.9709422,True
baseline-Dirt-8-pad,2.4,23.090736,-0.20263743,-1.6168351,0.31644645,0.0025808439,0.2272416,0.9750857,True
baseline-Dirt-8-pad,2.5,23.60121,-0.2540412,-1.5679238,0.31647673,0.0020099634,0.22827455,0.9786384,True
baseline-Dirt-8-pad,2.6,24.103018,-0.29845524,-1.5218422,0.3164984,0.0015653613,0.22896394,0.9816845,True
baseline-Dirt-8-pad,2.7,24.596638,-0.33827877,-1.4784062,0.31651393,0.0012191046,0.22957793,0.98429626,True
baseline-Dirt-8-pad,2.8,25.08209,-0.37478352,-1.4373294,0.31652504,0.00094943977,0.23019934,0.98653555,True
baseline-Dirt-8-pad,2.9,25.559057,-0.4081049,-1.3985821,0.31653303,0.00073942455,0.23078427,0.98845553,True
baseline-Dirt-8-pad,3.0,26.027214,-0.43884087,-1.3620617,0.31653878,0.0005758645,0.23145327,0.9901017,True
baseline-Dirt-8-pad,3.1,26.486227,-0.46756077,-1.3275732,0.31654286,0.00044848374,0.23224121,0.9915132,True
baseline-Dirt-8-pad,3.2,26.935705,-0.49448776,-1.2949659,0.3165458,0.00034927952,0.23313713,0.99272335,True
baseline-Dirt-8-pad,3.3,27.375265,-0.51968527,-1.2641615,0.3165479,0.0002720192,0.23411909,0.993761,True
baseline-Dirt-8-pad,3.4,27.804514,-0.5433594,-1.2354022,0.31654942,0.00021184882,0.23522547,0.99465066,True
baseline-Dirt-8-pad,3.5,28.222544,-0.56268764,-1.2099453,0.31655052,0.00016498804,0.23497473,0.9954134,True
baseline-Dirt-8-pad,3.6,28.62561,-0.5713749,-1.1924152,0.3165513,0.00012849284,0.23363464,0.9960675,True
baseline-Dirt-8-pad,3.7,29.012972,-0.58301926,-1.181319,0.31655186,0.00010007034,0.23382333,0.9966283,True
baseline-Dirt-8-pad,3.8,29.38357,-0.60349464,-1.1732788,0.31655222,7.793486e-05,0.23570353,0.99710906,True
baseline-Dirt-8-pad,3.9,29.73621,-0.6313267,-1.1658256,0.31655252,6.0695736e-05,0.23869783,0.9975213,True
baseline-Dirt-8-pad,4.0,30.070368,-0.6623764,-1.1579199,0.3165527,4.7269896e-05,0.24207091,0.99787474,True
baseline-Dirt-8-partial,0.1,8.05631,0.1502999,-0.10270003,0.06377463,0.0004992777,0.0011000037,0.14259619,True
baseline-Dirt-8-partial,0.2,8.290315,0.31730926,-0.25296947,0.10947114,0.003052302,0.005295098,0.2648587,True
baseline-Dirt-8-partial,0.3,8.680993,0.44858077,-0.3916866,0.14221413,0.008370292,0.012917757,0.36968702,True
baseline-Dirt-8-partial,0.4,9.204183,0.5544373,-0.51598936,0.1656755,0.01627151,0.023486286,0.45956725,True
baseline-Dirt-8-partial,0.5,9.8377285,0.6408242,-0.6298495,0.1824863,0.025884235,0.036065727,0.53663087,True
baseline-Dirt-8-partial,0.6,10.561788,0.70993376,-0.7366063,0.19453177,0.03586007,0.049368322,0.6027056,True
baseline-Dirt-8-partial,0.7,11.358656,0.7624333,-0.838153,0.20316271,0.044651527,0.061980247,0.6593583,True
baseline-Dirt-8-partial,0.8,12.21247,0.7985883,-0.93522704,0.20934707,0.05083463,0.07266444,0.70793253,True
baseline-Dirt-8-partial,0.9,13.108955,0.8187156,-1.0277164,0.21377835,0.05341832,0.08064261,0.74958026,True
baseline-Dirt-8-partial,1.0,14.035292,0.82350445,-1.1149223,0.21695352,0.051759,0.08538115,0.7852892,True
baseline-Dirt-8-partial,1.1,14.980103,0.8141961,-1.1957434,0.21922861,0.045974102,0.087065995,0.8159062,True
baseline-Dirt-8-partial,1.2,15.933288,0.7911625,-1.2689267,0.2208588,0.03775933,0.08768663,0.8421573,True
baseline-Dirt-8-partial,1.3,16.885778,0.75338936,-1.3333796,0.22202685,0.02955324,0.08991587,0.86466503,True
baseline-Dirt-8-partial,1.4,17.829386,0.69883394,-1.3882114,0.22286382,0.023016088,0.095510215,0.8839633,True
baseline-Dirt-8-partial,1.5,18.756897,0.62650394,-1.4321396,0.22346354,0.01792495,0.104113996,0.9005097,True
baseline-Dirt-8-partial,1.6,19.66237,0.53714323,-1.4637632,0.22389323,0.013959966,0.11502099,0.9146967,True
baseline-Dirt-8-partial,1.7,20.541346,0.43310452,-1.4819986,0.22420111,0.010872034,0.12744105,0.92686063,True
baseline-Dirt-8-partial,1.8,21.390976,0.3183303,-1.4863871,0.22442174,0.008467151,0.14053294,0.9372901,True
baseline-Dirt-8-partial,1.9,22.210028,0.19821739,-1.4773772,0.22457981,0.0065942244,0.15342927,0.9462323,True
baseline-Dirt-8-partial,2.0,22.998728,0.07912445,-1.4559759,0.22469309,0.005135588,0.16528624,0.9538993,True
baseline-Dirt-8-partial,2.1,23.758558,-0.031013489,-1.4232419,0.22477424,0.0039996,0.17505813,0.9604731,True
baseline-Dirt-8-partial,2.2,24.491993,-0.12654877,-1.384167,0.22483242,0.003114892,0.18254372,0.9661096,True
baseline-Dirt-8-partial,2.3,25.20164,-0.2065525,-1.3429283,0.22487408,0.0024258806,0.18810159,0.9709422,True
baseline-Dirt-8-partial,2.4,25.889526,-0.2728901,-1.3022808,0.22490393,0.001889278,0.19227767,0.9750857,True
baseline-Dirt-8-partial,2.5,26.55688,-0.328537,-1.2637446,0.22492532,0.0014713713,0.19556838,0.9786384,True
baseline-Dirt-8-partial,2.6,27.204199,-0.37643337,-1.2279611,0.22494066,0.0011459052,0.19840956,0.9816845,True
baseline-Dirt-8-partial,2.7,27.831469,-0.41910934,-1.1951703,0.22495164,0.0008924321,0.20113212,0.98429626,True
baseline-Dirt-8-partial,2.8,28.437761,-0.4535315,-1.1673368,0.22495951,0.0006950269,0.20196801,0.98653555,True
baseline-Dirt-8-partial,2.9,29.020834,-0.47885564,-1.1477497,0.22496516,0.00054128753,0.20242372,0.98845553,True
baseline-Dirt-8-partial,3.0,29.579948,-0.5068581,-1.1339403,0.2249692,0.00042155522,0.20425531,0.9901017,True
baseline-Dirt-8-partial,3.1,30.11381,-0.54095125,-1.1227787,0.22497208,0.00032830756,0.20741448,0.9915132,True
baseline-Dirt-8-partial,3.2,30.621336,-0.5791054,-1.1123544,0.22497416,0.0002556862,0.21133544,0.99272335,True
baseline-Dirt-8-partial,3.3,31.102055,-0.6178789,-1.1021708,0.22497563,0.00019912864,0.21548203,0.993761,True
baseline-Dirt-8-partial,3.4,31.556063,-0.6550417,-1.092481,0.2249767,0.00015508157,0.21960653,0.99465066,True
baseline-Dirt-8-partial,3.5,31.983784,-0.6899271,-1.0836897,0.22497746,0.00012077767,0.22364804,0.9954134,True
baseline-Dirt-8-partial,3.6,32.38575,-0.7228632,-1.0760586,0.22497801,9.4061754e-05,0.22767872,0.9960675,True
baseline-Dirt-8-partial,3.7,32.76257,-0.7547531,-1.0695295,0.2249784,7.3255374e-05,0.23180413,0.9966283,True
baseline-Dirt-8-partial,3.8,33.1149,-0.7861786,-1.0638578,0.22497869,5.7051344e-05,0.23604354,0.99710906,True
baseline-Dirt-8-partial,3.9,33.44347,-0.81721306,-1.058797,0.22497888,4.4431636e-05,0.24034745,0.9975213,True
baseline-Dirt-8-partial,4.0,33.749134,-0.84760475,-1.054184,0.22497903,3.4603396e-05,0.24463582,0.99787474,True
baseline-Dirt-16.667-key,0.1,16.628687,0.027270904,-0.019201562,0.007007988,2.733292e-10,2.169609e-05,0.02123976,True
baseline-Dirt-16.667-key,0.2,16.616806,0.103236504,-0.08853297,0.023508491,1.3325465e-08,0.00031518936,0.075099304,True
baseline-Dirt-16.667-key,0.3,16.69441,0.20903355,-0.20532696,0.046813294,2.06777e-08,0.0015618502,0.15692791,True
baseline-Dirt-16.667-key,0.4,16.892067,0.33284032,-0.36157686,0.07499097,1.610381e-08,0.004663199,0.26273727,True
baseline-Dirt-16.667-key,0.5,17.222706,0.46652782,-0.5511705,0.10666284,1.2541662e-08,0.009970187,0.36786813,True
baseline-Dirt-16.667-key,0.6,17.657972,0.59996176,-0.7678859,0.14083579,9.767458e-09,0.017959982,0.4580077,True
baseline-Dirt-16.667-key,0.7,18.160439,0.7198205,-1.0034933,0.17680345,7.6069036e-09,0.029834718,0.53529376,True
baseline-Dirt-16.667-key,0.8,18.692554,0.8098812,-1.2470816,0.21405445,5.9242633e-09,0.047082424,0.6015591,True
baseline-Dirt-16.667-key,0.9,19.216812,0.85380363,-1.4860612,0.25222763,4.6138213e-09,0.070485145,0.65837526,True
baseline-Dirt-16.667-key,1.0,19.6961,0.8421602,-1.7101464,0.291059,3.5932481e-09,0.09998119,0.70708966,True
baseline-Dirt-16.667-key,1.1,20.096308,0.7631073,-1.9085877,0.33036453,2.798425e-09,0.13775447,0.74885756,True
baseline-Dirt-16.667-key,1.2,20.388807,0.6133404,-2.0598636,0.37000722,2.1794158e-09,0.18163827,0.78466946,True
baseline-Dirt-16.667-key,1.3,20.549505,0.4245038,-2.1685305,0.40989414,1.6973309e-09,0.22503607,0.8153748,True
baseline-Dirt-16.667-key,1.4,20.562107,0.22291684,-2.2506979,0.4499534,1.3218828e-09,0.26654553,0.8417016,True
baseline-Dirt-16.667-key,1.5,20.414276,0.03729868,-2.324661,0.49013883,1.0294835e-09,0.3029316,0.8642743,True
baseline-Dirt-16.667-key,1.6,20.087456,-0.10139656,-2.4161618,0.53041196,8.0176266e-10,0.3344795,0.8836283,True
baseline-Dirt-16.667-key,1.7,19.5575,-0.18611813,-2.5508103,0.5707506,6.244134e-10,0.36528194,0.9002225,True
baseline-Dirt-16.667-key,1.8,18.789886,-0.23062038,-2.7541351,0.6111336,4.862938e-10,0.4011631,0.91445035,True
baseline-Dirt-16.667-key,1.9,17.734936,-0.2631154,-3.0548575,0.6515522,3.78726e-10,0.44830376,0.9266494,True
baseline-Dirt-16.667-key,2.0,16.327614,-0.32119524,-3.4893181,0.6919938,5.3298005e-05,0.5114279,0.93710893,True
baseline-Dirt-16.667-key,2.1,14.523948,-0.4666083,-4.0623875,0.73245174,0.005251562,0.56667954,0.946077,True
baseline-Dirt-16.667-key,2.2,12.418064,-0.43467665,-4.4443207,0.7729215,0.030112097,0.5747546,0.95376617,True
baseline-Dirt-16.667-key,2.3,10.274031,0.15725994,-4.498337,0.80885214,0.08299573,0.5434767,0.9603589,True
baseline-Dirt-16.667-key,2.4,8.649929,1.2023712,-4.334716,0.8346897,0.15174538,0.4884603,0.9660116,True
baseline-Dirt-16.667-key,2.5,7.879065,2.3033204,-4.159166,0.8532031,0.21724404,0.43056136,0.97085816,True
baseline-Dirt-16.667-key,2.6,7.8002305,3.0902548,-4.0913186,0.8664686,0.2723293,0.3979306,0.97501373,True
baseline-Dirt-16.667-key,2.7,7.992844,3.514596,-4.154006,0.87597364,0.31816688,0.41417742,0.97857666,True
baseline-Dirt-16.667-key,2.8,8.209666,3.6776083,-4.283089,0.8827843,0.35589808,0.44920743,0.9816316,True
baseline-Dirt-16.667-key,2.9,8.367754,3.6703084,-4.4242196,0.8876644,0.3865002,0.489546,0.98425084,True
baseline-Dirt-16.667-key,3.0,8.427054,3.5612214,-4.551925,0.89116114,0.41146675,0.52984643,0.9864967,True
baseline-Dirt-16.667-key,3.1,8.384609,3.4002278,-4.6454334,0.8936667,0.4323216,0.5620271,0.98842216,True
baseline-Dirt-16.667-key,3.2,8.257723,3.2341952,-4.6986485,0.895462,0.4502582,0.58815455,0.9900731,True
baseline-Dirt-16.667-key,3.3,8.070526,3.1051123,-4.7142496,0.89674836,0.4660063,0.6071576,0.9914886,True
baseline-Dirt-16.667-key,3.4,7.864027,3.0304854,-4.6956253,0.8976701,0.47967118,0.6198678,0.99270225,True
baseline-Dirt-16.667-key,3.5,7.68187,2.9990482,-4.6517525,0.8983305,0.49109584,0.62748003,0.9937429,True
baseline-Dirt-16.667-key,3.6,7.539964,3.0074866,-4.597447,0.8988038,0.5006378,0.63006604,0.99463516,True
baseline-Dirt-16.667-key,3.7,7.451282,3.0449457,-4.5412965,0.89914286,0.5086117,0.62873554,0.9954002,True
baseline-Dirt-16.667-key,3.8,7.4094715,3.0965314,-4.4963403,0.8993858,0.51527876,0.6275314,0.99605614,True
baseline-Dirt-16.667-key,3.9,7.4009676,3.1479864,-4.467904,0.8995599,0.52085614,0.62728703,0.9966185,True
baseline-Dirt-16.667-key,4.0,7.4121003,3.1894016,-4.455283,0.8996846,0.5255245,0.628253,0.99710065,True
baseline-Dirt-16.667-pad,0.1,16.683628,0.38190132,-0.2887612,0.08843392,5.4030547e-12,0.00068700314,0.14259619,True
baseline-Dirt-16.667-pad,0.2,16.815245,0.6985818,-0.69688827,0.15309863,4.207904e-12,0.0059891343,0.2648587,True
baseline-Dirt-16.667-pad,0.3,17.051445,0.8620732,-1.0358633,0.19943291,3.2771192e-12,0.020421028,0.36968702,True
baseline-Dirt-16.667-pad,0.4,17.366646,0.9342904,-1.2956226,0.23263288,2.5522232e-12,0.040796608,0.45956725,True
baseline-Dirt-16.667-pad,0.5,17.738674,0.94465876,-1.491358,0.2564217,1.9876737e-12,0.063667476,0.53663087,True
baseline-Dirt-16.667-pad,0.6,18.149279,0.9108691,-1.6382914,0.2734671,1.548002e-12,0.08606833,0.6027056,True
baseline-Dirt-16.667-pad,0.7,18.583649,0.84513474,-1.7476459,0.28568065,1.2055852e-12,0.10820705,0.6593583,True
baseline-Dirt-16.667-pad,0.8,19.031069,0.7489195,-1.824196,0.29443204,9.389107e-13,0.1317985,0.70793253,True
baseline-Dirt-16.667-pad,0.9,19.483112,0.6247754,-1.870771,0.3007027,7.312245e-13,0.15624598,0.74958026,True
baseline-Dirt-16.667-pad,1.0,19.933262,0.48190928,-1.891002,0.30519584,5.694783e-13,0.17915744,0.7852892,True
baseline-Dirt-16.667-pad,1.1,20.377329,0.33514845,-1.8876588,0.30841532,4.4351022e-13,0.19823647,0.8159062,True
baseline-Dirt-16.667-pad,1.2,20.814463,0.20002317,-1.8648,0.31072217,3.4540616e-13,0.21224037,0.8421573,True
baseline-Dirt-16.667-pad,1.3,21.246931,0.08373022,-1.8296934,0.3123751,2.6900262e-13,0.22187227,0.86466503,True
baseline-Dirt-16.667-pad,1.4,21.677967,-0.013115883,-1.7873397,0.31355947,2.0949948e-13,0.22813067,0.8839633,True
baseline-Dirt-16.667-pad,1.5,22.110262,-0.0925293,-1.7412516,0.31440812,1.6315837e-13,0.23189744,0.9005097,True
baseline-Dirt-16.667-pad,1.6,22.545519,-0.15739632,-1.6939219,0.31501624,1.2706788e-13,0.23386094,0.9146967,True
baseline-Dirt-16.667-pad,1.7,22.984358,-0.21082497,-1.6470877,0.31545192,9.8960574e-14,0.23465654,0.92686063,True
baseline-Dirt-16.667-pad,1.8,23.426594,-0.25607395,-1.6016967,0.3157641,7.707057e-14,0.23482564,0.9372901,True
baseline-Dirt-16.667-pad,1.9,23.87147,-0.2960329,-1.5580481,0.3159878,6.002263e-14,0.23477304,0.9462323,True
baseline-Dirt-16.667-pad,2.0,24.317852,-0.33269954,-1.5160738,0.3161481,4.674567e-14,0.2347461,0.9538993,True
baseline-Dirt-16.667-pad,2.1,24.764477,-0.3670955,-1.4755738,0.31626293,3.640557e-14,0.23478469,0.9604731,True
baseline-Dirt-16.667-pad,2.2,25.209972,-0.39902854,-1.4366084,0.31634524,2.8352691e-14,0.2348178,0.9661096,True
baseline-Dirt-16.667-pad,2.3,25.653059,-0.4284892,-1.3993454,0.3164042,2.20811e-14,0.23489928,0.9709422,True
baseline-Dirt-16.667-pad,2.4,26.09261,-0.4559126,-1.3638239,0.31644645,1.7196783e-14,0.2350901,0.9750857,True
baseline-Dirt-16.667-pad,2.5,26.52757,-0.4816332,-1.3300287,0.31647673,1.3392869e-14,0.23540908,0.9786384,True
baseline-Dirt-16.667-pad,2.6,26.956924,-0.50585365,-1.29794,0.3164984,1.0430378e-14,0.23586017,0.9816845,True
baseline-Dirt-16.667-pad,2.7,27.379736,-0.5286999,-1.2675399,0.31651393,8.123187e-15,0.2364412,0.98429626,True
baseline-Dirt-16.667-pad,2.8,27.79514,-0.5504284,-1.2390918,0.31652504,6.326345e-15,0.23720126,0.98653555,True
baseline-Dirt-16.667-pad,2.9,28.201902,-0.5686712,-1.213634,0.31653303,4.926963e-15,0.23679683,0.98845553,True
baseline-Dirt-16.667-pad,3.0,28.595951,-0.57638645,-1.1957762,0.31653878,3.837123e-15,0.23520792,0.9901017,True
baseline-Dirt-16.667-pad,3.1,28.976187,-0.5866747,-1.184339,0.31654286,2.9883547e-15,0.23509744,0.9915132,True
baseline-Dirt-16.667-pad,3.2,29.341358,-0.60582995,-1.1759951,0.3165458,2.3273333e-15,0.23670962,0.99272335,True
baseline-Dirt-16.667-pad,3.3,29.69004,-0.6324186,-1.1683086,0.3165479,1.8125292e-15,0.23943889,0.993761,True
baseline-Dirt-16.667-pad,3.4,30.021446,-0.6624551,-1.1602314,0.31654942,1.4115994e-15,0.24261932,0.99465066,True
baseline-Dirt-16.667-pad,3.5,30.335466,-0.69209146,-1.1518553,0.31655052,1.0993549e-15,0.2457076,0.9954134,True
baseline-Dirt-16.667-pad,3.6,30.63245,-0.7194519,-1.143717,0.3165513,8.561786e-16,0.24856383,0.9960675,True
baseline-Dirt-16.667-pad,3.7,30.91296,-0.7445097,-1.136239,0.31655186,6.6679265e-16,0.25125456,0.9966283,True
baseline-Dirt-16.667-pad,3.8,31.177563,-0.76796246,-1.129585,0.31655222,5.192987e-16,0.2538806,0.99710906,True
baseline-Dirt-16.667-pad,3.9,31.426752,-0.7904825,-1.1237245,0.31655252,4.0443028e-16,0.2565114,0.9975213,True
baseline-Dirt-16.667-pad,4.0,31.660982,-0.81245995,-1.1185338,0.3165527,3.1497063e-16,0.25917038,0.99787474,True
baseline-Dirt-16.667-partial,0.1,16.692276,0.27821,-0.21054763,0.06377463,2.5216012e-12,0.000741899,0.14259619,True
baseline-Dirt-16.667-partial,0.2,16.861345,0.50603306,-0.5046369,0.10947114,1.9638252e-12,0.0046965475,0.2648587,True
baseline-Dirt-16.667-partial,0.3,17.162584,0.628639,-0.75229084,0.14221413,1.5294289e-12,0.014000922,0.36968702,True
baseline-Dirt-16.667-partial,0.4,17.569605,0.6907017,-0.947265,0.1656755,1.1911206e-12,0.026726991,0.45956725,True
baseline-Dirt-16.667-partial,0.5,18.059376,0.71202326,-1.1000184,0.1824863,9.276458e-13,0.04108849,0.53663087,True
baseline-Dirt-16.667-partial,0.6,18.612244,0.70131207,-1.2201712,0.19453177,7.2245134e-13,0.056307793,0.6027056,True
baseline-Dirt-16.667-partial,0.7,19.211308,0.6652794,-1.3148667,0.20316271,5.626457e-13,0.07137507,0.6593583,True
baseline-Dirt-16.667-partial,0.8,19.84225,0.607625,-1.3882816,0.20934707,4.3818893e-13,0.087154806,0.70793253,True
baseline-Dirt-16.667-partial,0.9,20.493113,0.5285034,-1.4416151,0.21377835,3.412619e-13,0.10449985,0.74958026,True
baseline-Dirt-16.667-partial,1.0,21.153908,0.42991447,-1.475363,0.21695352,2.6577509e-13,0.12270951,0.7852892,True
baseline-Dirt-16.667-partial,1.1,21.816736,0.3179283,-1.4908983,0.21922861,2.0698589e-13,0.14026868,0.8159062,True
baseline-Dirt-16.667-partial,1.2,22.476027,0.2003336,-1.4905012,0.2208588,1.6120076e-13,0.15607429,0.8421573,True
baseline-Dirt-16.667-partial,1.3,23.128448,0.0841589,-1.476298,0.22202685,1.255433e-13,0.16961867,0.86466503,True
baseline-Dirt-16.667-partial,1.4,23.772491,-0.023696482,-1.4500027,0.22286382,9.777324e-14,0.18041548,0.8839633,True
baseline-Dirt-16.667-partial,1.5,24.40801,-0.118703604,-1.4159266,0.22346354,7.614588e-14,0.1885849,0.9005097,True
baseline-Dirt-16.667-partial,1.6,25.035316,-0.19960356,-1.37776,0.22389323,5.930248e-14,0.19452953,0.9146967,True
baseline-Dirt-16.667-partial,1.7,25.654537,-0.26719475,-1.3383358,0.22420111,4.6184817e-14,0.19874448,0.92686063,True
baseline-Dirt-16.667-partial,1.8,26.265387,-0.32362366,-1.299582,0.22442174,3.5968776e-14,0.20177689,0.9372901,True
baseline-Dirt-16.667-partial,1.9,26.867083,-0.3714075,-1.2626566,0.22457981,2.8012516e-14,0.20407277,0.9462323,True
baseline-Dirt-16.667-partial,2.0,27.458466,-0.4130726,-1.2280538,0.22469309,2.1816172e-14,0.20604923,0.9538993,True
baseline-Dirt-16.667-partial,2.1,28.038118,-0.4506035,-1.1963428,0.22477424,1.6990454e-14,0.20785213,0.9604731,True
baseline-Dirt-16.667-partial,2.2,28.60323,-0.47710133,-1.1708193,0.22483242,1.323218e-14,0.20722607,0.9661096,True
baseline-Dirt-16.667-partial,2.3,29.151342,-0.49973774,-1.152598,0.22487408,1.0305233e-14,0.20744228,0.9709422,True
baseline-Dirt-16.667-partial,2.4,29.68075,-0.52713203,-1.1388493,0.22490393,8.025725e-15,0.20908445,0.9750857,True
baseline-Dirt-16.667-partial,2.5,30.189375,-0.5601821,-1.1270359,0.22492532,6.2504416e-15,0.2118777,0.9786384,True
baseline-Dirt-16.667-partial,2.6,30.675652,-0.5962632,-1.1158394,0.22494066,4.8678492e-15,0.21528074,0.9816845,True
baseline-Dirt-16.667-partial,2.7,31.138685,-0.6323307,-1.1050763,0.22495164,3.7910857e-15,0.21884955,0.98429626,True
baseline-Dirt-16.667-partial,2.8,31.578142,-0.6667776,-1.0950562,0.22495951,2.952501e-15,0.22243044,0.98653555,True
baseline-Dirt-16.667-partial,2.9,31.994017,-0.69943523,-1.0860628,0.22496516,2.2994103e-15,0.22603434,0.98845553,True
baseline-Dirt-16.667-partial,3.0,32.386463,-0.7308016,-1.0781783,0.2249692,1.7907829e-15,0.22972107,0.9901017,True
baseline-Dirt-16.667-partial,3.1,32.75574,-0.76141834,-1.0713079,0.22497208,1.3946634e-15,0.23352408,0.9915132,True
baseline-Dirt-16.667-partial,3.2,33.10221,-0.79155254,-1.0652794,0.22497416,1.0861651e-15,0.23743454,0.99272335,True
baseline-Dirt-16.667-partial,3.3,33.426357,-0.8212261,-1.059921,0.22497563,8.4590634e-16,0.24141216,0.993761,True
baseline-Dirt-16.667-partial,3.4,33.728806,-0.85027695,-1.0551103,0.2249767,6.587926e-16,0.24540387,0.99465066,True
baseline-Dirt-16.667-partial,3.5,34.010296,-0.87854195,-1.0507643,0.22497746,5.1306824e-16,0.24936676,0.9954134,True
baseline-Dirt-16.667-partial,3.6,34.27166,-0.9058342,-1.0468386,0.22497801,3.9957797e-16,0.2532525,0.9960675,True
baseline-Dirt-16.667-partial,3.7,34.513798,-0.93206596,-1.0433118,0.2249784,3.1119165e-16,0.25704288,0.9966283,True
baseline-Dirt-16.667-partial,3.8,34.737648,-0.9572315,-1.0401558,0.22497869,2.4235632e-16,0.26072216,0.99710906,True
baseline-Dirt-16.667-partial,3.9,34.944176,-0.9813585,-1.0373299,0.22497888,1.8874732e-16,0.26428497,0.9975213,True
baseline-Dirt-16.667-partial,4.0,35.134354,-1.0043955,-1.0347964,0.22497903,1.4699657e-16,0.26771364,0.99787474,True
baseline-Dirt-27.778-key,0.1,27.707441,0.04080701,-0.03198113,0.007007988,0,2.0325184e-05,0.02123976,True
baseline-Dirt-27.778-key,0.2,27.64002,0.13365574,-0.146702,0.023508491,0,0.00070887804,0.075099304,True
baseline-Dirt-27.778-key,0.3,27.643951,0.23271811,-0.33494267,0.046813294,0,0.0057831705,0.15692791,True
baseline-Dirt-27.778-key,0.4,27.73467,0.30863523,-0.5707159,0.07499097,0,0.021671772,0.26273727,True
baseline-Dirt-27.778-key,0.5,27.907183,0.3295734,-0.82180405,0.10666284,0,0.053137183,0.36786813,True
baseline-Dirt-27.778-key,0.6,28.119873,0.2584176,-1.0509248,0.14083579,0,0.10081014,0.4580077,True
baseline-Dirt-27.778-key,0.7,28.329412,0.076402664,-1.2242025,0.17680345,0,0.15789795,0.53529376,True
baseline-Dirt-27.778-key,0.8,28.50267,-0.17730522,-1.3307401,0.21405445,0,0.21072787,0.6015591,True
baseline-Dirt-27.778-key,0.9,28.6203,-0.44831848,-1.3786759,0.25222763,0,0.25687712,0.65837526,True
baseline-Dirt-27.778-key,1.0,28.679829,-0.7087393,-1.3784065,0.291059,0,0.2980283,0.70708966,True
baseline-Dirt-27.778-key,1.1,28.687626,-0.923542,-1.3445945,0.33036453,0,0.3281538,0.74885756,True
baseline-Dirt-27.778-key,1.2,28.64682,-1.042799,-1.2999283,0.37000722,0,0.34104544,0.78466946,True
baseline-Dirt-27.778-key,1.3,28.558619,-1.058321,-1.2644243,0.40989414,0,0.34086436,0.8153748,True
baseline-Dirt-27.778-key,1.4,28.425188,-1.011725,-1.247162,0.4499534,0,0.33592507,0.8417016,True
baseline-Dirt-27.778-key,1.5,28.24554,-0.9550414,-1.2472649,0.49013883,0,0.33317855,0.8642743,True
baseline-Dirt-27.778-key,1.6,28.014475,-0.92192554,-1.257921,0.53041196,0,0.33587676,0.8836283,True
baseline-Dirt-27.778-key,1.7,27.719103,-0.90450454,-1.2764897,0.5707506,0,0.33903468,0.9002225,True
baseline-Dirt-27.778-key,1.8,27.336369,-0.88825655,-1.3085119,0.6111336,0,0.34401083,0.91445035,True
baseline-Dirt-27.778-key,1.9,26.84602,-0.8772211,-1.3587056,0.6515522,0,0.3522102,0.9266494,True
baseline-Dirt-27.778-key,2.0,26.220457,-0.8768282,-1.4333136,0.6919938,0,0.3655589,0.93710893,True
baseline-Dirt-27.778-key,2.1,25.418755,-0.89336205,-1.5438819,0.73245174,0,0.38708478,0.946077,True
baseline-Dirt-27.778-key,2.2,24.375727,-0.9398842,-1.7135798,0.7729215,0,0.42293426,0.95376617,True
baseline-Dirt-27.778-key,2.3,22.988901,-1.0652237,-1.9870995,0.80885214,0,0.49074107,0.9603589,True
baseline-Dirt-27.778-key,2.4,21.15981,-1.4177642,-2.408988,0.8346897,0,0.57353234,0.9660116,True
baseline-Dirt-27.778-key,2.5,18.88972,-1.8367128,-2.8612244,0.8532031,0,0.61071,0.97085816,True
baseline-Dirt-27.778-key,2.6,16.123632,-1.9828905,-3.3909812,0.8664686,0.00014756442,0.6214999,0.97501373,True
baseline-Dirt-27.778-key,2.7,12.913384,-1.6385226,-4.1045184,0.87597364,0.016599353,0.6182635,0.97857666,True
baseline-Dirt-27.778-key,2.8,9.661064,-0.7260418,-4.4602914,0.8827843,0.077133715,0.5912279,0.9816316,True
baseline-Dirt-27.778-key,2.9,7.273063,0.82393235,-4.2378764,0.8876644,0.15750863,0.51200914,0.98425084,True
baseline-Dirt-27.778-key,3.0,6.5177317,2.2963629,-3.8865976,0.89116114,0.22580957,0.40561938,0.9864967,True
baseline-Dirt-27.778-key,3.1,6.7866516,3.261509,-3.7501307,0.8936667,0.2821329,0.3609045,0.98842216,True
baseline-Dirt-27.778-key,3.2,7.2528434,3.7438273,-3.8463123,0.895462,0.328593,0.38533646,0.9900731,True
baseline-Dirt-27.778-key,3.3,7.6732707,3.9600217,-4.037306,0.89674836,0.3669288,0.42486948,0.9914886,True
baseline-Dirt-27.778-key,3.4,8.002995,4.0161643,-4.245774,0.8976701,0.39856932,0.46742615,0.99270225,True
baseline-Dirt-27.778-key,3.5,8.232725,3.9345922,-4.428961,0.8983305,0.42415667,0.5092655,0.9937429,True
baseline-Dirt-27.778-key,3.6,8.347982,3.748746,-4.5762024,0.8988038,0.44453597,0.5496176,0.99463516,True
baseline-Dirt-27.778-key,3.7,8.339059,3.508892,-4.679281,0.89914286,0.4611665,0.5823996,0.9954002,True
baseline-Dirt-27.778-key,3.8,8.218124,3.2735026,-4.736775,0.8993858,0.475325,0.6083138,0.99605614,True
baseline-Dirt-27.778-key,3.9,8.015107,3.0952635,-4.750325,0.8995599,0.48779118,0.62621534,0.9966185,True
baseline-Dirt-27.778-key,4.0,7.7867613,2.9870684,-4.7212205,0.8996846,0.49845326,0.63747644,0.99710065,True
baseline-Dirt-27.778-pad,0.1,27.740084,0.5123715,-0.45152462,0.08843392,0,0.0020913184,0.14259619,True
baseline-Dirt-27.778-pad,0.2,27.721329,0.6266048,-0.99533105,0.15309863,0,0.04753381,0.2648587,True
baseline-Dirt-27.778-pad,0.3,27.706474,0.3557496,-1.324098,0.19943291,0,0.14744109,0.36968702,True
baseline-Dirt-27.778-pad,0.4,27.667532,-0.089847565,-1.4757876,0.23263288,0,0.24253225,0.45956725,True
baseline-Dirt-27.778-pad,0.5,27.59487,-0.5077257,-1.5258126,0.2564217,0,0.2979515,0.53663087,True
baseline-Dirt-27.778-pad,0.6,27.499157,-0.81217575,-1.5225114,0.2734671,0,0.33229697,0.6027056,True
baseline-Dirt-27.778-pad,0.7,27.42013,-1.0490685,-1.4717708,0.28568065,0,0.35872096,0.6593583,True
baseline-Dirt-27.778-pad,0.8,27.38288,-1.1776457,-1.3886914,0.29443204,0,0.3637651,0.70793253,True
baseline-Dirt-27.778-pad,0.9,27.393286,-1.125061,-1.3065249,0.3007027,0,0.34105217,0.74958026,True
baseline-Dirt-27.778-pad,1.0,27.462183,-0.940259,-1.2519908,0.30519584,0,0.3053217,0.7852892,True
baseline-Dirt-27.778-pad,1.1,27.59586,-0.7410369,-1.2333829,0.30841532,0,0.2741726,0.8159062,True
baseline-Dirt-27.778-pad,1.2,27.785345,-0.6148255,-1.2388433,0.31072217,0,0.25746578,0.8421573,True
baseline-Dirt-27.778-pad,1.3,28.01309,-0.5790668,-1.247915,0.3123751,0,0.253928,0.86466503,True
baseline-Dirt-27.778-pad,1.4,28.261751,-0.5967555,-1.2492816,0.31355947,0,0.2550136,0.8839633,True
baseline-Dirt-27.778-pad,1.5,28.52008,-0.631423,-1.2419456,0.31440812,0,0.25715727,0.9005097,True
baseline-Dirt-27.778-pad,1.6,28.783772,-0.6632967,-1.2284086,0.31501624,0,0.25820708,0.9146967,True
baseline-Dirt-27.778-pad,1.7,29.051052,-0.68473434,-1.2125139,0.31545192,0,0.2578351,0.92686063,True
baseline-Dirt-27.778-pad,1.8,29.320824,-0.69686604,-1.1972874,0.3157641,0,0.25661287,0.9372901,True
baseline-Dirt-27.778-pad,1.9,29.591646,-0.7044287,-1.1842616,0.3159878,0,0.2553124,0.9462323,True
baseline-Dirt-27.778-pad,2.0,29.861551,-0.7121353,-1.1736283,0.3161481,0,0.25451535,0.9538993,True
baseline-Dirt-27.778-pad,2.1,30.128302,-0.72272015,-1.1648315,0.31626293,0,0.25446627,0.9604731,True
baseline-Dirt-27.778-pad,2.2,30.389801,-0.7368107,-1.1571171,0.31634524,0,0.2551258,0.9661096,True
baseline-Dirt-27.778-pad,2.3,30.644331,-0.7537136,-1.1499023,0.3164042,0,0.25632823,0.9709422,True
baseline-Dirt-27.778-pad,2.4,30.890615,-0.7720065,-1.1429477,0.31644645,0,0.25780737,0.9750857,True
baseline-Dirt-27.778-pad,2.5,31.127766,-0.79052067,-1.1362934,0.31647673,0,0.25942516,0.9786384,True
baseline-Dirt-27.778-pad,2.6,31.355236,-0.8087077,-1.1300492,0.3164984,0,0.2611193,0.9816845,True
baseline-Dirt-27.778-pad,2.7,31.572674,-0.82647395,-1.1242952,0.31651393,0,0.26288077,0.98429626,True
baseline-Dirt-27.778-pad,2.8,31.779865,-0.84388447,-1.1190588,0.31652504,0,0.26470724,0.98653555,True
baseline-Dirt-27.778-pad,2.9,31.9767,-0.861043,-1.1143193,0.31653303,0,0.26660168,0.98845553,True
baseline-Dirt-27.778-pad,3.0,32.16315,-0.8780031,-1.1100222,0.31653878,0,0.26855636,0.9901017,True
baseline-Dirt-27.778-pad,3.1,32.339287,-0.89473724,-1.1061071,0.31654286,0,0.27054816,0.9915132,True
baseline-Dirt-27.778-pad,3.2,32.505253,-0.9111576,-1.1025225,0.3165458,0,0.27255553,0.99272335,True
baseline-Dirt-27.778-pad,3.3,32.661274,-0.9271698,-1.0992286,0.3165479,0,0.2745548,0.993761,True
baseline-Dirt-27.778-pad,3.4,32.80764,-0.9426956,-1.0961981,0.31654942,0,0.2765271,0.99465066,True
baseline-Dirt-27.778-pad,3.5,32.944675,-0.95764256,-1.0934145,0.31655052,0,0.27845496,0.9954134,True
baseline-Dirt-27.778-pad,3.6,33.072754,-0.9719925,-1.0908611,0.3165513,0,0.28033006,0.9960675,True
baseline-Dirt-27.778-pad,3.7,33.192257,-0.9857311,-1.0885241,0.31655186,0,0.2821468,0.9966283,True
baseline-Dirt-27.778-pad,3.8,33.30359,-0.99884987,-1.086385,0.31655222,0,0.2838989,0.99710906,True
baseline-Dirt-27.778-pad,3.9,33.407154,-1.0113597,-1.0844244,0.31655252,0,0.28558344,0.9975213,True
baseline-Dirt-27.778-pad,4.0,33.503372,-1.0232415,-1.0826297,0.3165527,0,0.28719515,0.99787474,True
baseline-Dirt-27.778-partial,0.1,27.754208,0.38435128,-0.33862364,0.06377463,0,0.001486987,0.14259619,True
baseline-Dirt-27.778-partial,0.2,27.800428,0.5023209,-0.7690946,0.10947114,0,0.027879894,0.2648587,True
baseline-Dirt-27.778-partial,0.3,27.904812,0.3711524,-1.0679675,0.14221413,0,0.09058866,0.36968702,True
baseline-Dirt-27.778-partial,0.4,28.035152,0.114690304,-1.2404962,0.1656755,0,0.15931857,0.45956725,True
baseline-Dirt-27.778-partial,0.5,28.176027,-0.17096424,-1.3220314,0.1824863,0,0.21008006,0.53663087,True
baseline-Dirt-27.778-partial,0.6,28.32339,-0.4042158,-1.3489097,0.19453177,0,0.2402963,0.6027056,True
baseline-Dirt-27.778-partial,0.7,28.487032,-0.5885725,-1.3366886,0.20316271,0,0.26402992,0.6593583,True
baseline-Dirt-27.778-partial,0.8,28.679565,-0.73070335,-1.2926899,0.20934707,0,0.2795461,0.70793253,True
baseline-Dirt-27.778-partial,0.9,28.905464,-0.7926655,-1.235674,0.21377835,0,0.27835327,0.74958026,True
baseline-Dirt-27.778-partial,1.0,29.165552,-0.7628937,-1.1888877,0.21695352,0,0.26385158,0.7852892,True
baseline-Dirt-27.778-partial,1.1,29.460493,-0.6934929,-1.1630813,0.21922861,0,0.24767116,0.8159062,True
baseline-Dirt-27.778-partial,1.2,29.785357,-0.6406851,-1.1544828,0.2208588,0,0.23732102,0.8421573,True
baseline-Dirt-27.778-partial,1.3,30.130295,-0.62730503,-1.1525166,0.22202685,0,0.23388559,0.86466503,True
baseline-Dirt-27.778-partial,1.4,30.485147,-0.64609516,-1.1487035,0.22286382,0,0.23475589,0.8839633,True
baseline-Dirt-27.778-partial,1.5,30.842438,-0.6790197,-1.1401029,0.22346354,0,0.23695722,0.9005097,True
baseline-Dirt-27.778-partial,1.6,31.197685,-0.7114396,-1.1279327,0.22389323,0,0.23874617,0.9146967,True
baseline-Dirt-27.778-partial,1.7,31.548399,-0.73726845,-1.1147467,0.22420111,0,0.23975438,0.92686063,True
baseline-Dirt-27.778-partial,1.8,31.892847,-0.7570734,-1.1025621,0.22442174,0,0.24035287,0.9372901,True
baseline-Dirt-27.778-partial,1.9,32.22936,-0.77423763,-1.092248,0.22457981,0,0.2410785,0.9462323,True
baseline-Dirt-27.778-partial,2.0,32.556152,-0.79177,-1.083752,0.22469309,0,0.24225757,0.9538993,True
baseline-Dirt-27.778-partial,2.1,32.871487,-0.8111057,-1.0766332,0.22477424,0,0.24398237,0.9604731,True
baseline-Dirt-27.778-partial,2.2,33.173904,-0.8323822,-1.0704018,0.22483242,0,0.24618882,0.9661096,True
baseline-Dirt-27.778-partial,2.3,33.462334,-0.85495853,-1.0647283,0.22487408,0,0.24873188,0.9709422,True
baseline-Dirt-27.778-partial,2.4,33.7361,-0.87798595,-1.0594819,0.22490393,0,0.2514652,0.9750857,True
baseline-Dirt-27.778-partial,2.5,33.994854,-0.9008522,-1.0546566,0.22492532,0,0.25429684,0.9786384,True
baseline-Dirt-27.778-partial,2.6,34.23852,-0.9232693,-1.0502807,0.22494066,0,0.2571786,0.9816845,True
baseline-Dirt-27.778-partial,2.7,34.46721,-0.94516325,-1.046364,0.22495164,0,0.2600885,0.98429626,True
baseline-Dirt-27.778-partial,2.8,34.681164,-0.9665623,-1.0428815,0.22495951,0,0.2630151,0.98653555,True
baseline-Dirt-27.778-partial,2.9,34.880733,-0.98747474,-1.0397866,0.22496516,0,0.26593983,0.98845553,True
baseline-Dirt-27.778-partial,3.0,35.066338,-1.0078676,-1.0370241,0.2249692,0,0.26884225,0.9901017,True
baseline-Dirt-27.778-partial,3.1,35.23852,-1.0276656,-1.0345418,0.22497208,0,0.27169648,0.9915132,True
baseline-Dirt-27.778-partial,3.2,35.397846,-1.0467701,-1.0323023,0.22497416,0,0.27447802,0.99272335,True
baseline-Dirt-27.778-partial,3.3,35.544945,-1.0650959,-1.0302777,0.22497563,0,0.2771674,0.993761,True
baseline-Dirt-27.778-partial,3.4,35.680466,-1.0825853,-1.0284463,0.2249767,0,0.27975175,0.99465066,True
baseline-Dirt-27.778-partial,3.5,35.805084,-1.0992012,-1.0267903,0.22497746,0,0.28222007,0.9954134,True
baseline-Dirt-27.778-partial,3.6,35.91947,-1.1149273,-1.0252935,0.22497801,0,0.28456628,0.9960675,True
baseline-Dirt-27.778-partial,3.7,36.024292,-1.1297607,-1.0239414,0.2249784,0,0.28678435,0.9966283,True
baseline-Dirt-27.778-partial,3.8,36.120197,-1.1437092,-1.0227188,0.22497869,0,0.28887838,0.99710906,True
baseline-Dirt-27.778-partial,3.9,36.20782,-1.1567974,-1.0216123,0.22497888,0,0.29084402,0.9975213,True
baseline-Dirt-27.778-partial,4.0,36.287773,-1.1690245,-1.0206091,0.22497903,0,0.29268157,0.99787474,True
baseline-Dirt-44.44-key,0.1,44.315586,0.0541274,-0.051101647,0.007007988,0,3.6895275e-05,0.02123976,True
baseline-Dirt-44.44-key,0.2,44.125984,0.1207391,-0.23147993,0.023508491,0,0.0039567053,0.075099304,True
baseline-Dirt-44.44-key,0.3,43.916477,0.082781315,-0.50593674,0.046813294,0,0.035752773,0.15692791,True
baseline-Dirt-44.44-key,0.4,43.652176,-0.1549964,-0.79171336,0.07499097,0,0.12460649,0.26273727,True
baseline-Dirt-44.44-key,0.5,43.294434,-0.68189526,-1.0149866,0.10666284,0,0.2610945,0.36786813,True
baseline-Dirt-44.44-key,0.6,42.815807,-1.4850254,-1.1570741,0.14083579,0,0.39681745,0.4580077,True
baseline-Dirt-44.44-key,0.7,42.19543,-2.4143076,-1.2540629,0.17680345,0,0.50129426,0.53529376,True
baseline-Dirt-44.44-key,0.8,41.443314,-3.5225573,-1.3156867,0.21405445,0,0.6007395,0.6015591,True
baseline-Dirt-44.44-key,0.9,40.591484,-4.8200874,-1.3373075,0.25222763,0,0.679569,0.65837526,True
baseline-Dirt-44.44-key,1.0,39.640957,-6.098894,-1.3333771,0.291059,0,0.7282946,0.70708966,True
baseline-Dirt-44.44-key,1.1,38.58465,-7.1938887,-1.3147571,0.33036453,0,0.7572478,0.74885756,True
baseline-Dirt-44.44-key,1.2,37.436066,-8.041557,-1.2850596,0.37000722,0,0.7751307,0.78466946,True
baseline-Dirt-44.44-key,1.3,36.217133,-8.620881,-1.247844,0.40989414,0,0.7857628,0.8153748,True
baseline-Dirt-44.44-key,1.4,34.948837,-8.931579,-1.2076077,0.4499534,0,0.79102874,0.8417016,True
baseline-Dirt-44.44-key,1.5,33.648903,-8.990016,-1.1688848,0.49013883,0,0.79201484,0.8642743,True
baseline-Dirt-44.44-key,1.6,32.33189,-8.825318,-1.1352503,0.53041196,0,0.7894083,0.8836283,True
baseline-Dirt-44.44-key,1.7,31.01062,-8.47563,-1.1085985,0.5707506,0,0.78371525,0.9002225,True
baseline-Dirt-44.44-key,1.8,29.695034,-7.97783,-1.0896087,0.6111336,0,0.77490854,0.91445035,True
baseline-Dirt-44.44-key,1.9,28.392729,-7.3668976,-1.077915,0.6515522,0,0.76301587,0.9266494,True
baseline-Dirt-44.44-key,2.0,27.080029,-6.5975223,-1.0813557,0.6919938,0,0.73625463,0.93710893,True
baseline-Dirt-44.44-key,2.1,25.611681,-5.567639,-1.1536572,0.73245174,0,0.6980741,0.946077,True
baseline-Dirt-44.44-key,2.2,23.912588,-4.4183426,-1.3429946,0.7729215,0,0.6591332,0.95376617,True
baseline-Dirt-44.44-key,2.3,21.869713,-3.4045,-1.7510089,0.80885214,0,0.65353537,0.9603589,True
baseline-Dirt-44.44-key,2.4,19.420776,-2.7327843,-2.3195748,0.8346897,0,0.62564343,0.9660116,True
baseline-Dirt-44.44-key,2.5,16.60987,-2.1459885,-2.954519,0.8532031,1.6357025e-06,0.6013683,0.97085816,True
baseline-Dirt-44.44-key,2.6,13.491953,-1.4080015,-3.7453814,0.8664686,0.010993823,0.58201504,0.97501373,True
baseline-Dirt-44.44-key,2.7,10.418627,-0.45289302,-4.3032455,0.87597364,0.06176635,0.5615696,0.97857666,True
baseline-Dirt-44.44-key,2.8,8.092267,0.9134083,-4.2910895,0.8827843,0.13965218,0.4994902,0.9816316,True
baseline-Dirt-44.44-key,2.9,7.1190977,2.2685013,-4.0675483,0.8876644,0.21072067,0.4262991,0.98425084,True
baseline-Dirt-44.44-key,3.0,7.1594214,3.2039585,-3.947632,0.89116114,0.2693759,0.375951,0.9864967,True
baseline-Dirt-44.44-key,3.1,7.5152693,3.691963,-4.004877,0.8936667,0.31780198,0.39174995,0.98842216,True
baseline-Dirt-44.44-key,3.2,7.866352,3.9028242,-4.160703,0.895462,0.3577963,0.42955273,0.9900731,True
baseline-Dirt-44.44-key,3.3,8.138688,3.9412332,-4.3387384,0.89674836,0.39065656,0.47217152,0.9914886,True
baseline-Dirt-44.44-key,3.4,8.31945,3.8378105,-4.4952126,0.8976701,0.41698712,0.5144521,0.99270225,True
baseline-Dirt-44.44-key,3.5,8.382479,3.6471424,-4.6207833,0.8983305,0.43818277,0.5528579,0.9937429,True
baseline-Dirt-44.44-key,3.6,8.331435,3.4200532,-4.7036614,0.8988038,0.45575663,0.5842818,0.99463516,True
baseline-Dirt-44.44-key,3.7,8.181103,3.2111628,-4.7440906,0.89914286,0.4708875,0.60849965,0.9954002,True
baseline-Dirt-44.44-key,3.8,7.966769,3.0655243,-4.7438793,0.8993858,0.4841832,0.62472236,0.99605614,True
baseline-Dirt-44.44-key,3.9,7.7472014,2.9832268,-4.7055297,0.8995599,0.49539727,0.63473105,0.9966185,True
baseline-Dirt-44.44-key,4.0,7.560991,2.9584026,-4.6451664,0.8996846,0.50468063,0.6393832,0.99710065,True
baseline-Dirt-44.44-pad,0.1,44.267677,0.5216376,-0.63865495,0.08843392,0,0.012667298,0.14259619,True
baseline-Dirt-44.44-pad,0.2,43.850216,-0.22719479,-1.1584283,0.15309863,0,0.22493869,0.2648587,True
baseline-Dirt-44.44-pad,0.3,43.21456,-1.7654371,-1.3564688,0.19943291,0,0.4797451,0.36968702,True
baseline-Dirt-44.44-pad,0.4,42.357906,-3.5919085,-1.4703835,0.23263288,0,0.62369263,0.45956725,True
baseline-Dirt-44.44-pad,0.5,41.290474,-5.533499,-1.5547292,0.2564217,0,0.71323955,0.53663087,True
baseline-Dirt-44.44-pad,0.6,40.103943,-7.629094,-1.5700188,0.2734671,0,0.7767528,0.6027056,True
baseline-Dirt-44.44-pad,0.7,38.85498,-9.553355,-1.5079498,0.28568065,0,0.8092649,0.6593583,True
baseline-Dirt-44.44-pad,0.8,37.538197,-10.924649,-1.3996464,0.29443204,0,0.8220968,0.70793253,True
baseline-Dirt-44.44-pad,0.9,36.179005,-11.61929,-1.2711809,0.3007027,0,0.8242246,0.74958026,True
baseline-Dirt-44.44-pad,1.0,34.825356,-11.659256,-1.139178,0.30519584,0,0.81861836,0.7852892,True
baseline-Dirt-44.44-pad,1.1,33.531067,-11.12467,-1.0123347,0.30841532,0,0.80580163,0.8159062,True
baseline-Dirt-44.44-pad,1.2,32.350212,-10.103647,-0.89260066,0.31072217,0,0.7840842,0.8421573,True
baseline-Dirt-44.44-pad,1.3,31.33543,-8.665417,-0.7762276,0.3123751,0,0.74868983,0.86466503,True
baseline-Dirt-44.44-pad,1.4,30.539558,-6.846541,-0.65424603,0.31355947,0,0.68734574,0.8839633,True
baseline-Dirt-44.44-pad,1.5,30.017473,-4.6397085,-0.5133675,0.31440812,0,0.5607542,0.9005097,True
baseline-Dirt-44.44-pad,1.6,29.833355,-2.1651528,-0.41717306,0.31501624,0,0.31697112,0.9146967,True
baseline-Dirt-44.44-pad,1.7,29.996126,-0.38869524,-0.63466686,0.31545192,0,0.12239977,0.92686063,True
baseline-Dirt-44.44-pad,1.8,30.314829,0.08011961,-1.0036069,0.3157641,0,0.12386421,0.9372901,True
baseline-Dirt-44.44-pad,1.9,30.635157,-0.15345764,-1.2130393,0.3159878,0,0.18872231,0.9462323,True
baseline-Dirt-44.44-pad,2.0,30.903418,-0.5498886,-1.2667159,0.3161481,0,0.24969786,0.9538993,True
baseline-Dirt-44.44-pad,2.1,31.118399,-0.8619375,-1.2389171,0.31626293,0,0.28485465,0.9604731,True
baseline-Dirt-44.44-pad,2.2,31.300365,-1.0137882,-1.1840526,0.31634524,0,0.29564494,0.9661096,True
baseline-Dirt-44.44-pad,2.3,31.471628,-1.0249863,-1.1339667,0.3164042,0,0.2900378,0.9709422,True
baseline-Dirt-44.44-pad,2.4,31.646742,-0.9622154,-1.103081,0.31644645,0,0.27822298,0.9750857,True
baseline-Dirt-44.44-pad,2.5,31.829235,-0.89061356,-1.0926659,0.31647673,0,0.26793528,0.9786384,True
baseline-Dirt-44.44-pad,2.6,32.01447,-0.8478279,-1.0960482,0.3164984,0,0.26312762,0.9816845,True
baseline-Dirt-44.44-pad,2.7,32.195904,-0.8438988,-1.1036568,0.31651393,0,0.26400936,0.98429626,True
baseline-Dirt-44.44-pad,2.8,32.368443,-0.8681588,-1.1086121,0.31652504,0,0.2681685,0.98653555,True
baseline-Dirt-44.44-pad,2.9,32.529648,-0.9032335,-1.1086632,0.31653303,0,0.27299628,0.98845553,True
baseline-Dirt-44.44-pad,3.0,32.679417,-0.93540204,-1.104873,0.31653878,0,0.27686748,0.9901017,True
baseline-Dirt-44.44-pad,3.1,32.818943,-0.95855856,-1.0994824,0.31654286,0,0.27936214,0.9915132,True
baseline-Dirt-44.44-pad,3.2,32.949734,-0.97319555,-1.0943303,0.3165458,0,0.28083614,0.99272335,True
baseline-Dirt-44.44-pad,3.3,33.072895,-0.9828577,-1.0903242,0.3165479,0,0.2818628,0.993761,True
baseline-Dirt-44.44-pad,3.4,33.188976,-0.9910593,-1.0875794,0.31654942,0,0.28287384,0.99465066,True
baseline-Dirt-44.44-pad,3.5,33.298103,-1.0000563,-1.0857534,0.31655052,0,0.28410774,0.9954134,True
baseline-Dirt-44.44-pad,3.6,33.400276,-1.0105743,-1.0843657,0.3165513,0,0.28559113,0.9960675,True
baseline-Dirt-44.44-pad,3.7,33.495537,-1.0222282,-1.083048,0.31655186,0,0.28721613,0.9966283,True
baseline-Dirt-44.44-pad,3.8,33.584087,-1.0341482,-1.0816321,0.31655222,0,0.28884912,0.99710906,True
baseline-Dirt-44.44-pad,3.9,33.66622,-1.0455275,-1.0801189,0.31655252,0,0.29038405,0.9975213,True
baseline-Dirt-44.44-pad,4.0,33.742344,-1.055953,-1.078597,0.3165527,0,0.2917814,0.99787474,True
baseline-Dirt-44.44-partial,0.1,44.288742,0.42018783,-0.5043406,0.06377463,0,0.0074497163,0.14259619,True
baseline-Dirt-44.44-partial,0.2,43.9625,-0.054704905,-0.9954421,0.10947114,0,0.15379083,0.2648587,True
baseline-Dirt-44.44-partial,0.3,43.480648,-1.1615777,-1.2137985,0.14221413,0,0.37568444,0.36968702,True
baseline-Dirt-44.44-partial,0.4,42.840385,-2.5277233,-1.313126,0.1656755,0,0.5270548,0.45956725,True
baseline-Dirt-44.44-partial,0.5,42.047775,-3.89466,-1.3726317,0.1824863,0,0.61849487,0.53663087,True
baseline-Dirt-44.44-partial,0.6,41.161564,-5.333503,-1.3827394,0.19453177,0,0.6926278,0.6027056,True
baseline-Dirt-44.44-partial,0.7,40.240025,-6.731081,-1.3371983,0.20316271,0,0.7400464,0.6593583,True
baseline-Dirt-44.44-partial,0.8,39.288795,-7.7733965,-1.2531606,0.20934707,0,0.75960755,0.70793253,True
baseline-Dirt-44.44-partial,0.9,38.32555,-8.295024,-1.1456132,0.21377835,0,0.7629826,0.74958026,True
baseline-Dirt-44.44-partial,1.0,37.39329,-8.26054,-1.0246129,0.21695352,0,0.75378317,0.7852892,True
baseline-Dirt-44.44-partial,1.1,36.54143,-7.683401,-0.8965518,0.21922861,0,0.7306516,0.8159062,True
baseline-Dirt-44.44-partial,1.2,35.82041,-6.590287,-0.7634632,0.2208588,0,0.68617064,0.8421573,True
baseline-Dirt-44.44-partial,1.3,35.280346,-4.996776,-0.62303084,0.22202685,0,0.59757936,0.86466503,True
baseline-Dirt-44.44-partial,1.4,34.97501,-2.9722443,-0.50302374,0.22286382,0,0.4252459,0.8839633,True
baseline-Dirt-44.44-partial,1.5,34.942173,-1.0925677,-0.56389016,0.22346354,0,0.20276648,0.9005097,True
baseline-Dirt-44.44-partial,1.6,35.09666,-0.27416217,-0.84809124,0.22389323,0,0.14073883,0.9146967,True
baseline-Dirt-44.44-partial,1.7,35.288715,-0.37108958,-1.0719105,0.22420111,0,0.19376558,0.92686063,True
baseline-Dirt-44.44-partial,1.8,35.442806,-0.7801566,-1.1508635,0.22442174,0,0.262451,0.9372901,True
baseline-Dirt-44.44-partial,1.9,35.545708,-1.1546297,-1.1396759,0.22457981,0,0.3082416,0.9462323,True
baseline-Dirt-44.44-partial,2.0,35.613842,-1.3612127,-1.0920526,0.22469309,0,0.32638323,0.9538993,True
baseline-Dirt-44.44-partial,2.1,35.67085,-1.391674,-1.0419159,0.22477424,0,0.32281876,0.9604731,True
baseline-Dirt-44.44-partial,2.2,35.734863,-1.3084793,-1.0081755,0.22483242,0,0.3079893,0.9661096,True
baseline-Dirt-44.44-partial,2.3,35.81311,-1.1948395,-0.9968335,0.22487408,0,0.29222202,0.9709422,True
baseline-Dirt-44.44-partial,2.4,35.902355,-1.1119328,-1.0034105,0.22490393,0,0.2826188,0.9750857,True
baseline-Dirt-44.44-partial,2.5,35.99495,-1.084898,-1.0169488,0.22492532,0,0.28135467,0.9786384,True
baseline-Dirt-44.44-partial,2.6,36.08368,-1.1034689,-1.0278643,0.22494066,0,0.2855435,0.9816845,True
baseline-Dirt-44.44-partial,2.7,36.164433,-1.1426029,-1.0322025,0.22495164,0,0.2914237,0.98429626,True
baseline-Dirt-44.44-partial,2.8,36.236603,-1.1802568,-1.0306058,0.22495951,0,0.29621172,0.98653555,True
baseline-Dirt-44.44-partial,2.9,36.3016,-1.2044144,-1.0259851,0.22496516,0,0.2987888,0.98845553,True
baseline-Dirt-44.44-partial,3.0,36.361446,-1.2139344,-1.0212246,0.2249692,0,0.2995024,0.9901017,True
baseline-Dirt-44.44-partial,3.1,36.417732,-1.2143579,-1.0179667,0.22497208,0,0.29931307,0.9915132,True
baseline-Dirt-44.44-partial,3.2,36.471165,-1.2123718,-1.0165442,0.22497416,0,0.29908058,0.99272335,True
baseline-Dirt-44.44-partial,3.3,36.521683,-1.2125354,-1.0164553,0.22497563,0,0.2993074,0.993761,True
baseline-Dirt-44.44-partial,3.4,36.568928,-1.216497,-1.0168906,0.2249767,0,0.3000836,0.99465066,True
baseline-Dirt-44.44-partial,3.5,36.612587,-1.2235489,-1.0171982,0.22497746,0,0.30122432,0.9954134,True
baseline-Dirt-44.44-partial,3.6,36.652557,-1.2318707,-1.0170816,0.22497801,0,0.30245358,0.9960675,True
baseline-Dirt-44.44-partial,3.7,36.68899,-1.2397747,-1.016566,0.2249784,0,0.3035586,0.9966283,True
baseline-Dirt-44.44-partial,3.8,36.72221,-1.246315,-1.0158459,0.22497869,0,0.30444998,0.99710906,True
baseline-Dirt-44.44-partial,3.9,36.752567,-1.2513695,-1.0151323,0.22497888,0,0.30514085,0.9975213,True
baseline-Dirt-44.44-partial,4.0,36.780376,-1.2553463,-1.0145568,0.22497903,0,0.30570656,0.99787474,True
baseline-Asphalt-8-key,0.1,8.0089445,0.014189393,-0.0092406,0.007007988,0,1.1742115e-05,0.02123976,True
baseline-Asphalt-8-key,0.2,8.0719185,0.05851271,-0.042885166,0.023508491,0,0.0001616478,0.075099304,True
baseline-Asphalt-8-key,0.3,8.234406,0.12731783,-0.10060613,0.046813294,0,0.0007060766,0.15692791,True
baseline-Asphalt-8-key,0.4,8.534466,0.21654089,-0.18050183,0.07499097,0,0.0018910766,0.26273727,True
baseline-Asphalt-8-key,0.5,8.993767,0.32532796,-0.28314382,0.10666284,0,0.0035336018,0.36786813,True
baseline-Asphalt-8-key,0.6,9.591716,0.45328438,-0.41065612,0.14083579,0,0.0053526163,0.4580077,True
baseline-Asphalt-8-key,0.7,10.299533,0.5986599,-0.5650607,0.17680345,0,0.0073987246,0.53529376,True
baseline-Asphalt-8-key,0.8,11.089159,0.75771165,-0.7473562,0.21405445,0,0.009911895,0.6015591,True
baseline-Asphalt-8-key,0.9,11.932214,0.924196,-0.9566842,0.25222763,0,0.013364077,0.65837526,True
baseline-Asphalt-8-key,1.0,12.799115,1.0891376,-1.1895806,0.291059,0,0.01845637,0.70708966,True
baseline-Asphalt-8-key,1.1,13.658532,1.2410007,-1.4394817,0.33036453,0,0.026203394,0.74885756,True
baseline-Asphalt-8-key,1.2,14.477256,1.3677168,-1.6973289,0.37000722,0,0.037538677,0.78466946,True
baseline-Asphalt-8-key,1.3,15.220727,1.4579124,-1.9525527,0.40989414,9.243681e-05,0.05406657,0.8153748,True
baseline-Asphalt-8-key,1.4,15.8547,1.5002913,-2.193657,0.4499534,0.0002360089,0.077688605,0.8417016,True
baseline-Asphalt-8-key,1.5,16.34734,1.4864073,-2.4107192,0.49013883,0.00027690802,0.10962048,0.8642743,True
baseline-Asphalt-8-key,1.6,16.67033,1.4166565,-2.599559,0.53041196,0.00022805865,0.14921957,0.8836283,True
baseline-Asphalt-8-key,1.7,16.796885,1.3070457,-2.76582,0.5707506,0.00017761228,0.19469443,0.9002225,True
baseline-Asphalt-8-key,1.8,16.711359,1.1563993,-2.9123294,0.6111336,0.0001383246,0.24697977,0.91445035,True
baseline-Asphalt-8-key,1.9,16.406263,0.9731488,-3.0421944,0.6515522,0.0001539349,0.30228868,0.9266494,True
baseline-Asphalt-8-key,2.0,15.8780775,0.7800484,-3.1618025,0.6919938,0.0008810502,0.35687524,0.93710893,True
baseline-Asphalt-8-key,2.1,15.132521,0.60238767,-3.276737,0.73245174,0.0047444743,0.4084993,0.946077,True
baseline-Asphalt-8-key,2.2,14.190871,0.45744205,-3.3880632,0.7729215,0.01688639,0.4567551,0.95376617,True
baseline-Asphalt-8-key,2.3,13.098445,0.3526659,-3.4906924,0.80885214,0.044443764,0.50126517,0.9603589,True
baseline-Asphalt-8-key,2.4,11.955186,0.2836709,-3.5733497,0.8346897,0.090872675,0.5404872,0.9660116,True
baseline-Asphalt-8-key,2.5,10.872515,0.26884127,-3.6101677,0.8532031,0.15093458,0.56390697,0.97085816,True
baseline-Asphalt-8-key,2.6,9.938715,0.33540156,-3.5866358,0.8664686,0.21381389,0.5719334,0.97501373,True
baseline-Asphalt-8-key,2.7,9.2097,0.465055,-3.5192187,0.87597364,0.2700157,0.5756594,0.97857666,True
baseline-Asphalt-8-key,2.8,8.691476,0.63098335,-3.4305084,0.8827843,0.31459716,0.5732106,0.9816316,True
baseline-Asphalt-8-key,2.9,8.360422,0.80986476,-3.3385763,0.8876644,0.3473369,0.56747675,0.98425084,True
baseline-Asphalt-8-key,3.0,8.178058,0.97893333,-3.2582748,0.89116114,0.37060115,0.5614748,0.9864967,True
baseline-Asphalt-8-key,3.1,8.100975,1.1213167,-3.1985638,0.8936667,0.38730013,0.5574009,0.98842216,True
baseline-Asphalt-8-key,3.2,8.089424,1.2280066,-3.1619315,0.895462,0.39985016,0.5563315,0.9900731,True
baseline-Asphalt-8-key,3.3,8.111766,1.2968326,-3.1460865,0.89674836,0.40993544,0.5584345,0.9914886,True
baseline-Asphalt-8-key,3.4,8.145192,1.3302495,-3.1463473,0.8976701,0.41860357,0.56331164,0.99270225,True
baseline-Asphalt-8-key,3.5,8.174542,1.3332802,-3.1575022,0.8983305,0.4264355,0.57029045,0.9937429,True
baseline-Asphalt-8-key,3.6,8.190707,1.3120662,-3.1748214,0.8988038,0.43370754,0.5786253,0.99463516,True
baseline-Asphalt-8-key,3.7,8.189161,1.2732399,-3.1944094,0.89914286,0.44047347,0.587507,0.9954002,True
baseline-Asphalt-8-key,3.8,8.168928,1.22349,-3.213207,0.8993858,0.44666383,0.59621775,0.99605614,True
baseline-Asphalt-8-key,3.9,8.131733,1.1692052,-3.2289212,0.8995599,0.45216036,0.6041411,0.9966185,True
baseline-Asphalt-8-key,4.0,8.081242,1.116299,-3.239942,0.8996846,0.4568278,0.61078215,0.99710065,True
baseline-Asphalt-8-pad,0.1,8.079121,0.20613557,-0.13997416,0.08843392,0,0.000500679,0.14259619,True
baseline-Asphalt-8-pad,0.2,8.34659,0.4351225,-0.34494352,0.15309863,0,0.0018770695,0.2648587,True
baseline-Asphalt-8-pad,0.3,8.772024,0.6113599,-0.5314991,0.19943291,0,0.0038910508,0.36968702,True
baseline-Asphalt-8-pad,0.4,9.331351,0.752532,-0.6970986,0.23263288,0,0.00630781,0.45956725,True
baseline-Asphalt-8-pad,0.5,10.001145,0.86920655,-0.8483444,0.2564217,0,0.009064884,0.53663087,True
baseline-Asphalt-8-pad,0.6,10.75992,0.96554136,-0.9903696,0.2734671,0,0.012234121,0.6027056,True
baseline-Asphalt-8-pad,0.7,11.588215,1.0425949,-1.125928,0.28568065,0,0.01598415,0.6593583,True
baseline-Asphalt-8-pad,0.8,12.468287,1.1000361,-1.2560292,0.29443204,0,0.020499647,0.70793253,True
baseline-Asphalt-8-pad,0.9,13.383817,1.1370339,-1.3805774,0.3007027,0,0.025910914,0.74958026,True
baseline-Asphalt-8-pad,1.0,14.3197,1.1530299,-1.4988745,0.30519584,0,0.032350566,0.7852892,True
baseline-Asphalt-8-pad,1.1,15.261938,1.1472096,-1.6096033,0.30841532,0,0.040225238,0.8159062,True
baseline-Asphalt-8-pad,1.2,16.197605,1.1186676,-1.7110419,0.31072217,4.1460594e-06,0.049866527,0.8421573,True
baseline-Asphalt-8-pad,1.3,17.114983,1.0670435,-1.8014927,0.3123751,3.9393126e-06,0.061321467,0.86466503,True
baseline-Asphalt-8-pad,1.4,18.003777,0.99322736,-1.8796961,0.31355947,3.0679398e-06,0.07436675,0.8839633,True
baseline-Asphalt-8-pad,1.5,18.855387,0.8994057,-1.9449831,0.31440812,2.3893142e-06,0.08864856,0.9005097,True
baseline-Asphalt-8-pad,1.6,19.66312,0.7887087,-1.9972099,0.31501624,1.8607998e-06,0.10379186,0.9146967,True
baseline-Asphalt-8-pad,1.7,20.42232,0.6649418,-2.0366905,0.31545192,1.4491924e-06,0.11940197,0.92686063,True
baseline-Asphalt-8-pad,1.8,21.130268,0.5328598,-2.0640557,0.3157641,1.1286322e-06,0.13496429,0.9372901,True
baseline-Asphalt-8-pad,1.9,21.786215,0.39679337,-2.0799994,0.3159878,8.789798e-07,0.15025431,0.9462323,True
baseline-Asphalt-8-pad,2.0,22.391409,0.26056957,-2.0852103,0.3161481,6.8455023e-07,0.16462159,0.9538993,True
baseline-Asphalt-8-pad,2.1,22.94816,0.13128471,-2.0820253,0.31626293,5.331283e-07,0.17709297,0.9604731,True
baseline-Asphalt-8-pad,2.2,23.460133,0.013322234,-2.0731838,0.31634524,4.1520076e-07,0.18765432,0.9661096,True
baseline-Asphalt-8-pad,2.3,23.931879,-0.09242964,-2.0607326,0.3164042,3.233587e-07,0.19656256,0.9709422,True
baseline-Asphalt-8-pad,2.4,24.367874,-0.18653584,-2.0461671,0.31644645,2.5183203e-07,0.20410126,0.9750857,True
baseline-Asphalt-8-pad,2.5,24.772114,-0.27011395,-2.030599,0.31647673,1.96127e-07,0.21053007,0.9786384,True
baseline-Asphalt-8-pad,2.6,25.147991,-0.34449577,-2.0148418,0.3164984,1.5274387e-07,0.21607585,0.9816845,True
baseline-Asphalt-8-pad,2.7,25.498314,-0.4110794,-1.9994504,0.31651393,1.1895706e-07,0.22093806,0.98429626,True
baseline-Asphalt-8-pad,2.8,25.825365,-0.4711876,-1.9847627,0.31652504,9.264386e-08,0.22528379,0.98653555,True
baseline-Asphalt-8-pad,2.9,26.13101,-0.5260134,-1.9709336,0.31653303,7.215112e-08,0.2292374,0.98845553,True
baseline-Asphalt-8-pad,3.0,26.416735,-0.57638437,-1.9580534,0.31653878,5.6191354e-08,0.23288096,0.9901017,True
baseline-Asphalt-8-pad,3.1,26.683804,-0.6230221,-1.9461241,0.31654286,4.376188e-08,0.23628563,0.9915132,True
baseline-Asphalt-8-pad,3.2,26.93332,-0.66649437,-1.9350892,0.3165458,3.4081793e-08,0.23949718,0.99272335,True
baseline-Asphalt-8-pad,3.3,27.16626,-0.7071562,-1.924883,0.3165479,2.6542931e-08,0.24253505,0.993761,True
baseline-Asphalt-8-pad,3.4,27.383533,-0.74524975,-1.9154445,0.31654942,2.0671656e-08,0.24541432,0.99465066,True
baseline-Asphalt-8-pad,3.5,27.585995,-0.780941,-1.9067246,0.31655052,1.6099106e-08,0.24814117,0.9954134,True
baseline-Asphalt-8-pad,3.6,27.774467,-0.81438065,-1.8986808,0.3165513,1.2537999e-08,0.25072467,0.9960675,True
baseline-Asphalt-8-pad,3.7,27.949741,-0.84569407,-1.8912737,0.31655186,9.764605e-09,0.25316888,0.9966283,True
baseline-Asphalt-8-pad,3.8,28.112576,-0.87502444,-1.8844625,0.31655222,7.604682e-09,0.25548303,0.99710906,True
baseline-Asphalt-8-pad,3.9,28.263695,-0.90249705,-1.8782039,0.31655252,5.922533e-09,0.25767165,0.9975213,True
baseline-Asphalt-8-pad,4.0,28.4038,-0.9282179,-1.8724562,0.3165527,4.612474e-09,0.25973964,0.99787474,True
baseline-Asphalt-8-partial,0.1,8.083195,0.1496732,-0.10178941,0.06377463,0,0.00049722195,0.14259619,True
baseline-Asphalt-8-partial,0.2,8.36669,0.3128149,-0.24838175,0.10947114,0,0.0018334985,0.2648587,True
baseline-Asphalt-8-partial,0.3,8.817083,0.4386601,-0.38199314,0.14221413,0,0.003642291,0.36968702,True
baseline-Asphalt-8-partial,0.4,9.409274,0.5401927,-0.50148743,0.1656755,0,0.00564754,0.45956725,True
baseline-Asphalt-8-partial,0.5,10.120289,0.6249827,-0.6118675,0.1824863,0,0.007775724,0.53663087,True
baseline-Asphalt-8-partial,0.6,10.929633,0.6959863,-0.71700966,0.19453177,0,0.010055661,0.6027056,True
baseline-Asphalt-8-partial,0.7,11.8190565,0.7539387,-0.81908923,0.20316271,0,0.012575209,0.6593583,True
baseline-Asphalt-8-partial,0.8,12.772148,0.79852676,-0.91903543,0.20934707,0,0.015465081,0.70793253,True
baseline-Asphalt-8-partial,0.9,13.773949,0.8289256,-1.0169486,0.21377835,0,0.018879473,0.74958026,True
baseline-Asphalt-8-partial,1.0,14.8106785,0.84428024,-1.1124191,0.21695352,0,0.022862554,0.7852892,True
baseline-Asphalt-8-partial,1.1,15.869556,0.8439264,-1.2046813,0.21922861,0,0.02759099,0.8159062,True
baseline-Asphalt-8-partial,1.2,16.938576,0.8271198,-1.2925761,0.2208588,0,0.03336701,0.8421573,True
baseline-Asphalt-8-partial,1.3,18.006466,0.79319,-1.3746907,0.22202685,0,0.04041639,0.86466503,True
baseline-Asphalt-8-partial,1.4,19.062813,0.74186087,-1.4495957,0.22286382,0,0.048795052,0.8839633,True
baseline-Asphalt-8-partial,1.5,20.098206,0.6736126,-1.5160786,0.22346354,0,0.058403075,0.9005097,True
baseline-Asphalt-8-partial,1.6,21.104435,0.589777,-1.5732558,0.22389323,0,0.06906623,0.9146967,True
baseline-Asphalt-8-partial,1.7,22.074623,0.49239042,-1.620599,0.22420111,0,0.08058396,0.92686063,True
baseline-Asphalt-8-partial,1.8,23.003363,0.3841231,-1.6579615,0.22442174,0,0.09272032,0.9372901,True
baseline-Asphalt-8-partial,1.9,23.886736,0.26816463,-1.6856449,0.22457981,0,0.10519401,0.9462323,True
baseline-Asphalt-8-partial,2.0,24.722292,0.14807892,-1.7043798,0.22469309,0,0.11767867,0.9538993,True
baseline-Asphalt-8-partial,2.1,25.508959,0.027276993,-1.7149216,0.22477424,0,0.13004479,0.9604731,True
baseline-Asphalt-8-partial,2.2,26.247013,-0.09171295,-1.7179148,0.22483242,0,0.14199394,0.9661096,True
baseline-Asphalt-8-partial,2.3,26.937454,-0.20373917,-1.7154106,0.22487408,0,0.15264943,0.9709422,True
baseline-Asphalt-8-partial,2.4,27.581999,-0.3055992,-1.7101274,0.22490393,0,0.16200265,0.9750857,True
baseline-Asphalt-8-partial,2.5,28.183111,-0.39903212,-1.7033277,0.22492532,0,0.17053607,0.9786384,True
baseline-Asphalt-8-partial,2.6,28.743181,-0.4859407,-1.695418,0.22494066,0,0.1784811,0.9816845,True
baseline-Asphalt-8-partial,2.7,29.26437,-0.567081,-1.6866935,0.22495164,0,0.18591216,0.98429626,True
baseline-Asphalt-8-partial,2.8,29.748718,-0.6424861,-1.6775637,0.22495951,0,0.1928061,0.98653555,True
baseline-Asphalt-8-partial,2.9,30.19816,-0.7121353,-1.6685747,0.22496516,0,0.19920263,0.98845553,True
baseline-Asphalt-8-partial,3.0,30.614582,-0.7766981,-1.6600834,0.2249692,0,0.20520279,0.9901017,True
baseline-Asphalt-8-partial,3.1,30.999748,-0.83695316,-1.6522532,0.22497208,0,0.21088555,0.9915132,True
baseline-Asphalt-8-partial,3.2,31.35529,-0.8935394,-1.6451224,0.22497416,0,0.21630555,0.99272335,True
baseline-Asphalt-8-partial,3.3,31.682756,-0.94689655,-1.6386682,0.22497563,0,0.22149044,0.993761,True
baseline-Asphalt-8-partial,3.4,31.983656,-0.9972925,-1.6328427,0.2249767,0,0.22645122,0.99465066,True
baseline-Asphalt-8-partial,3.5,32.25947,-1.0448613,-1.627595,0.22497746,0,0.23118587,0.9954134,True
baseline-Asphalt-8-partial,3.6,32.511684,-1.0897292,-1.6228733,0.22497801,0,0.23569484,0.9960675,True
baseline-Asphalt-8-partial,3.7,32.741764,-1.1319356,-1.6186302,0.2249784,0,0.2399708,0.9966283,True
baseline-Asphalt-8-partial,3.8,32.951168,-1.1715565,-1.6148212,0.22497869,0,0.24401003,0.99710906,True
baseline-Asphalt-8-partial,3.9,33.14132,-1.2086458,-1.6114017,0.22497888,0,0.24781168,0.9975213,True
baseline-Asphalt-8-partial,4.0,33.313614,-1.2432604,-1.6083311,0.22497903,0,0.2513741,0.99787474,True
baseline-Asphalt-16.667-key,0.1,16.675737,0.02732702,-0.019242741,0.007007988,0,1.1384487e-05,0.02123976,True
baseline-Asphalt-16.667-key,0.2,16.73675,0.10369285,-0.08901031,0.023508491,0,0.00017297268,0.075099304,True
baseline-Asphalt-16.667-key,0.3,16.892246,0.21012282,-0.20694862,0.046813294,0,0.0008968115,0.15692791,True
baseline-Asphalt-16.667-key,0.4,17.174984,0.3343324,-0.36495963,0.07499097,0,0.002802074,0.26273727,True
baseline-Asphalt-16.667-key,0.5,17.599178,0.4683795,-0.55707586,0.10666284,0,0.006244421,0.36786813,True
baseline-Asphalt-16.667-key,0.6,18.135,0.6035905,-0.7784435,0.14083579,0,0.011688173,0.4580077,True
baseline-Asphalt-16.667-key,0.7,18.742064,0.72853947,-1.022847,0.17680345,0,0.020166665,0.53529376,True
baseline-Asphalt-16.667-key,0.8,19.37865,0.82872677,-1.2812068,0.21405445,0,0.033096913,0.6015591,True
baseline-Asphalt-16.667-key,0.9,20.00175,0.8893852,-1.5420332,0.25222763,0,0.051344573,0.65837526,True
baseline-Asphalt-16.667-key,1.0,20.567616,0.9003477,-1.7942015,0.291059,0,0.075867414,0.70708966,True
baseline-Asphalt-16.667-key,1.1,21.034899,0.8470688,-2.0243928,0.33036453,0,0.109666675,0.74885756,True
baseline-Asphalt-16.667-key,1.2,21.36726,0.71906185,-2.2208164,0.37000722,0,0.1531994,0.78466946,True
baseline-Asphalt-16.667-key,1.3,21.534742,0.5136242,-2.3784964,0.40989414,0,0.20573884,0.8153748,True
baseline-Asphalt-16.667-key,1.4,21.514603,0.24700546,-2.501381,0.4499534,0,0.26136923,0.8417016,True
baseline-Asphalt-16.667-key,1.5,21.285397,-0.042687893,-2.6061811,0.49013883,0,0.3159179,0.8642743,True
baseline-Asphalt-16.667-key,1.6,20.832706,-0.3332939,-2.7091763,0.53041196,0,0.36894163,0.8836283,True
baseline-Asphalt-16.667-key,1.7,20.147203,-0.6171875,-2.82224,0.5707506,0,0.42088565,0.9002225,True
baseline-Asphalt-16.667-key,1.8,19.221869,-0.89071274,-2.9526672,0.6111336,0,0.47156918,0.91445035,True
baseline-Asphalt-16.667-key,1.9,18.052593,-1.1465404,-3.104534,0.6515522,0,0.52256024,0.9266494,True
baseline-Asphalt-16.667-key,2.0,16.640793,-1.4073614,-3.294325,0.6919938,3.5697929e-07,0.57833254,0.93710893,True
baseline-Asphalt-16.667-key,2.1,14.989839,-1.641222,-3.503252,0.73245174,0.0036961478,0.6251352,0.946077,True
baseline-Asphalt-16.667-key,2.2,13.142511,-1.7727275,-3.6959245,0.7729215,0.026908662,0.661044,0.95376617,True
baseline-Asphalt-16.667-key,2.3,11.219998,-1.7331159,-3.824147,0.80885214,0.081217766,0.6818074,0.9603589,True
baseline-Asphalt-16.667-key,2.4,9.452765,-1.4556748,-3.8134818,0.8346897,0.15358444,0.67502546,0.9660116,True
baseline-Asphalt-16.667-key,2.5,8.09153,-0.89554894,-3.6144705,0.8532031,0.21613595,0.6299443,0.97085816,True
baseline-Asphalt-16.667-key,2.6,7.3093257,-0.0892005,-3.2694159,0.8664686,0.256826,0.551806,0.97501373,True
baseline-Asphalt-16.667-key,2.7,7.1243505,0.72120357,-2.9490263,0.87597364,0.28157392,0.47521132,0.97857666,True
baseline-Asphalt-16.667-key,2.8,7.3289013,1.3406266,-2.7666323,0.8827843,0.29805452,0.4262299,0.9816316,True
baseline-Asphalt-16.667-key,2.9,7.678482,1.720345,-2.7267504,0.8876644,0.31147993,0.4107793,0.98425084,True
baseline-Asphalt-16.667-key,3.0,8.035136,1.9136361,-2.7738707,0.89116114,0.3246885,0.41652218,0.9864967,True
baseline-Asphalt-16.667-key,3.1,8.343758,1.9810791,-2.8591244,0.8936667,0.3389083,0.43410826,0.98842216,True
baseline-Asphalt-16.667-key,3.2,8.583173,1.9630055,-2.9549363,0.895462,0.3542668,0.45865053,0.9900731,True
baseline-Asphalt-16.667-key,3.3,8.745372,1.8842278,-3.0484338,0.89674836,0.37052044,0.48710024,0.9914886,True
baseline-Asphalt-16.667-key,3.4,8.828946,1.7618034,-3.134234,0.8976701,0.38717225,0.5171726,0.99270225,True
baseline-Asphalt-16.667-key,3.5,8.8373375,1.6084318,-3.2100353,0.8983305,0.40381563,0.54709166,0.9937429,True
baseline-Asphalt-16.667-key,3.6,8.777461,1.436357,-3.2744906,0.8988038,0.4198857,0.5751101,0.99463516,True
baseline-Asphalt-16.667-key,3.7,8.659598,1.258424,-3.3260782,0.89914286,0.43474677,0.59975636,0.9954002,True
baseline-Asphalt-16.667-key,3.8,8.497338,1.0877705,-3.362858,0.8993858,0.44780934,0.62000763,0.99605614,True
baseline-Asphalt-16.667-key,3.9,8.3069,0.9376931,-3.3827872,0.8995599,0.45851034,0.6350944,0.9966185,True
baseline-Asphalt-16.667-key,4.0,8.106233,0.82074094,-3.3842769,0.8996846,0.46636438,0.6444819,0.99710065,True
baseline-Asphalt-16.667-pad,0.1,16.734575,0.38280642,-0.28820324,0.08843392,0,0.00051248074,0.14259619,True
baseline-Asphalt-16.667-pad,0.2,16.95066,0.7000599,-0.6951302,0.15309863,0,0.0041867797,0.2648587,True
baseline-Asphalt-16.667-pad,0.3,17.278645,0.8675201,-1.0366284,0.19943291,0,0.014050007,0.36968702,True
baseline-Asphalt-16.667-pad,0.4,17.690145,0.94931746,-1.3043133,0.23263288,0,0.028056324,0.45956725,True
baseline-Asphalt-16.667-pad,0.5,18.160679,0.9745865,-1.5131202,0.2564217,0,0.043933213,0.53663087,True
baseline-Asphalt-16.667-pad,0.6,18.669964,0.9598751,-1.6777354,0.2734671,0,0.059518337,0.6027056,True
baseline-Asphalt-16.667-pad,0.7,19.201271,0.91564846,-1.808622,0.28568065,0,0.07536352,0.6593583,True
baseline-Asphalt-16.667-pad,0.8,19.741453,0.8440809,-1.9108065,0.29443204,0,0.09281659,0.70793253,True
baseline-Asphalt-16.667-pad,0.9,20.279484,0.7470455,-1.9874899,0.3007027,0,0.11166814,0.74958026,True
baseline-Asphalt-16.667-pad,1.0,20.80615,0.63132524,-2.04233,0.30519584,0,0.13013262,0.7852892,True
baseline-Asphalt-16.667-pad,1.1,21.314627,0.50590354,-2.0791981,0.30841532,0,0.14725098,0.8159062,True
baseline-Asphalt-16.667-pad,1.2,21.801195,0.37714434,-2.100833,0.31072217,0,0.1625779,0.8421573,True
baseline-Asphalt-16.667-pad,1.3,22.263933,0.25338316,-2.1106694,0.3123751,0,0.17533508,0.86466503,True
baseline-Asphalt-16.667-pad,1.4,22.70285,0.1394043,-2.11204,0.31355947,0,0.18581113,0.8839633,True
baseline-Asphalt-16.667-pad,1.5,23.119417,0.035782814,-2.107229,0.31440812,0,0.19453052,0.9005097,True
baseline-Asphalt-16.667-pad,1.6,23.51546,-0.058172226,-2.0978286,0.31501624,0,0.2018716,0.9146967,True
baseline-Asphalt-16.667-pad,1.7,23.892706,-0.14306879,-2.0851448,0.31545192,0,0.20806772,0.92686063,True
baseline-Asphalt-16.667-pad,1.8,24.25267,-0.21942353,-2.0703516,0.3157641,0,0.21329531,0.9372901,True
baseline-Asphalt-16.667-pad,1.9,24.596626,-0.28794497,-2.0544722,0.3159878,0,0.21773323,0.9462323,True
baseline-Asphalt-16.667-pad,2.0,24.925589,-0.34962845,-2.0383108,0.3161481,0,0.22156322,0.9538993,True
baseline-Asphalt-16.667-pad,2.1,25.240305,-0.40563488,-2.0224245,0.31626293,0,0.22495583,0.9604731,True
baseline-Asphalt-16.667-pad,2.2,25.541264,-0.45709133,-2.007147,0.31634524,0,0.22805116,0.9661096,True
baseline-Asphalt-16.667-pad,2.3,25.828753,-0.5049448,-1.9926437,0.3164042,0,0.2309511,0.9709422,True
baseline-Asphalt-16.667-pad,2.4,26.102943,-0.54987335,-1.9789737,0.31644645,0,0.23371834,0.9750857,True
baseline-Asphalt-16.667-pad,2.5,26.36395,-0.5923438,-1.9661394,0.31647673,0,0.23639303,0.9786384,True
baseline-Asphalt-16.667-pad,2.6,26.6119,-0.63265157,-1.9541109,0.3164984,0,0.23899147,0.9816845,True
baseline-Asphalt-16.667-pad,2.7,26.846935,-0.6709082,-1.9428775,0.31651393,0,0.24151221,0.98429626,True
baseline-Asphalt-16.667-pad,2.8,27.069263,-0.7072463,-1.9324198,0.31652504,0,0.24396384,0.98653555,True
baseline-Asphalt-16.667-pad,2.9,27.279137,-0.7417669,-1.9227041,0.31653303,0,0.24634695,0.98845553,True
baseline-Asphalt-16.667-pad,3.0,27.476868,-0.77457523,-1.9136913,0.31653878,0,0.2486614,0.9901017,True
baseline-Asphalt-16.667-pad,3.1,27.662792,-0.8057394,-1.9053397,0.31654286,0,0.250905,0.9915132,True
baseline-Asphalt-16.667-pad,3.2,27.837288,-0.8353052,-1.89761,0.3165458,0,0.25307244,0.99272335,True
baseline-Asphalt-16.667-pad,3.3,28.000774,-0.86331654,-1.8904666,0.3165479,0,0.2551617,0.993761,True
baseline-Asphalt-16.667-pad,3.4,28.153685,-0.8898301,-1.8838716,0.31654942,0,0.25717026,0.99465066,True
baseline-Asphalt-16.667-pad,3.5,28.296469,-0.91488343,-1.87779,0.31655052,0,0.2590956,0.9954134,True
baseline-Asphalt-16.667-pad,3.6,28.429592,-0.9385309,-1.8721873,0.3165513,0,0.26093656,0.9960675,True
baseline-Asphalt-16.667-pad,3.7,28.553526,-0.96081734,-1.8670287,0.31655186,0,0.26269317,0.9966283,True
baseline-Asphalt-16.667-pad,3.8,28.668741,-0.9817991,-1.86228,0.31655222,0,0.26436478,0.99710906,True
baseline-Asphalt-16.667-pad,3.9,28.775711,-1.0015087,-1.8579109,0.31655252,0,0.26594934,0.9975213,True
baseline-Asphalt-16.667-pad,4.0,28.874897,-1.0199986,-1.8538935,0.3165527,0,0.2674493,0.99787474,True
baseline-Asphalt-16.667-partial,0.1,16.743267,0.2788085,-0.21038835,0.06377463,0,0.000495702,0.14259619,True
baseline-Asphalt-16.667-partial,0.2,16.997257,0.5070035,-0.5043855,0.10947114,0,0.0029953122,0.2648587,True
baseline-Asphalt-16.667-partial,0.3,17.392147,0.6314839,-0.7543242,0.14221413,0,0.008755922,0.36968702,True
baseline-Asphalt-16.667-partial,0.4,17.899805,0.69838095,-0.9552074,0.1656755,0,0.016634107,0.45956725,True
baseline-Asphalt-16.667-partial,0.5,18.495508,0.7274952,-1.1176841,0.1824863,0,0.025583893,0.53663087,True
baseline-Asphalt-16.667-partial,0.6,19.157927,0.72714424,-1.2513255,0.19453177,0,0.035112888,0.6027056,True
baseline-Asphalt-16.667-partial,0.7,19.868364,0.7034178,-1.3631196,0.20316271,0,0.044620365,0.6593583,True
baseline-Asphalt-16.667-partial,0.8,20.610487,0.65954685,-1.4570858,0.20934707,0,0.05494699,0.70793253,True
baseline-Asphalt-16.667-partial,0.9,21.37,0.5961189,-1.5348147,0.21377835,0,0.06677303,0.74958026,True
baseline-Asphalt-16.667-partial,1.0,22.13435,0.51489353,-1.5974138,0.21695352,0,0.07966548,0.7852892,True
baseline-Asphalt-16.667-partial,1.1,22.892843,0.4199953,-1.6465335,0.21922861,0,0.09275365,0.8159062,True
baseline-Asphalt-16.667-partial,1.2,23.636904,0.31594992,-1.6840379,0.2208588,0,0.10553843,0.8421573,True
baseline-Asphalt-16.667-partial,1.3,24.359974,0.20656347,-1.7115874,0.22202685,0,0.117848545,0.86466503,True
baseline-Asphalt-16.667-partial,1.4,25.057335,0.09406841,-1.730074,0.22286382,0,0.12990487,0.8839633,True
baseline-Asphalt-16.667-partial,1.5,25.72602,-0.020783424,-1.739437,0.22346354,0,0.14182067,0.9005097,True
baseline-Asphalt-16.667-partial,1.6,26.364143,-0.13337708,-1.7407223,0.22389323,0,0.1526846,0.9146967,True
baseline-Asphalt-16.667-partial,1.7,26.97088,-0.23764896,-1.7366455,0.22420111,0,0.16193369,0.92686063,True
baseline-Asphalt-16.667-partial,1.8,27.546629,-0.3323431,-1.7294965,0.22442174,0,0.1699318,0.9372901,True
baseline-Asphalt-16.667-partial,1.9,28.09226,-0.41876984,-1.7205949,0.22457981,0,0.17708018,0.9462323,True
baseline-Asphalt-16.667-partial,2.0,28.60859,-0.49842262,-1.7106987,0.22469309,0,0.18363485,0.9538993,True
baseline-Asphalt-16.667-partial,2.1,29.096287,-0.5722709,-1.7003418,0.22477424,0,0.18973002,0.9604731,True
baseline-Asphalt-16.667-partial,2.2,29.55598,-0.64095354,-1.6899658,0.22483242,0,0.19545135,0.9661096,True
baseline-Asphalt-16.667-partial,2.3,29.988287,-0.70503235,-1.6799206,0.22487408,0,0.20086846,0.9709422,True
baseline-Asphalt-16.667-partial,2.4,30.393852,-0.76514196,-1.6704279,0.22490393,0,0.20605749,0.9750857,True
baseline-Asphalt-16.667-partial,2.5,30.773333,-0.82170963,-1.6616342,0.22492532,0,0.21103609,0.9786384,True
baseline-Asphalt-16.667-partial,2.6,31.127409,-0.8751564,-1.6536311,0.22494066,0,0.21585119,0.9816845,True
baseline-Asphalt-16.667-partial,2.7,31.45684,-0.9259472,-1.6463965,0.22495164,0,0.22053275,0.98429626,True
baseline-Asphalt-16.667-partial,2.8,31.762436,-0.9743471,-1.6398623,0.22495951,0,0.22508529,0.98653555,True
baseline-Asphalt-16.667-partial,2.9,32.04508,-1.0204601,-1.633958,0.22496516,0,0.22949702,0.98845553,True
baseline-Asphalt-16.667-partial,3.0,32.30573,-1.0643129,-1.6286263,0.2249692,0,0.23375276,0.9901017,True
baseline-Asphalt-16.667-partial,3.1,32.545418,-1.105905,-1.6238198,0.22497208,0,0.23784012,0.9915132,True
baseline-Asphalt-16.667-partial,3.2,32.765236,-1.1452405,-1.6194947,0.22497416,0,0.24174553,0.99272335,True
baseline-Asphalt-16.667-partial,3.3,32.966297,-1.1823494,-1.6156105,0.22497563,0,0.24546337,0.993761,True
baseline-Asphalt-16.667-partial,3.4,33.14975,-1.2172465,-1.6121243,0.2249767,0,0.2489844,0.99465066,True
baseline-Asphalt-16.667-partial,3.5,33.31672,-1.2499638,-1.6089967,0.22497746,0,0.252306,0.9954134,True
baseline-Asphalt-16.667-partial,3.6,33.468353,-1.2805405,-1.6061901,0.22497801,0,0.2554235,0.9960675,True
baseline-Asphalt-16.667-partial,3.7,33.605747,-1.3090286,-1.6036681,0.2249784,0,0.2583392,0.9966283,True
baseline-Asphalt-16.667-partial,3.8,33.72999,-1.3354635,-1.6014007,0.22497869,0,0.26105136,0.99710906,True
baseline-Asphalt-16.667-partial,3.9,33.842117,-1.3599033,-1.599363,0.22497888,0,0.26356426,0.9975213,True
baseline-Asphalt-16.667-partial,4.0,33.943142,-1.3824196,-1.5975325,0.22497903,0,0.26588142,0.99787474,True
baseline-Asphalt-27.778-key,0.1,27.785496,0.040895604,-0.032060206,0.007007988,0,9.775162e-06,0.02123976,True
baseline-Asphalt-27.778-key,0.2,27.836786,0.13448569,-0.14791459,0.023508491,0,0.00033181906,0.075099304,True
baseline-Asphalt-27.778-key,0.3,27.962645,0.2364524,-0.34116188,0.046813294,0,0.0027305188,0.15692791,True
baseline-Asphalt-27.778-key,0.4,28.17857,0.32260847,-0.5914608,0.07499097,0,0.010525167,0.26273727,True
baseline-Asphalt-27.778-key,0.5,28.47644,0.3718171,-0.87609076,0.10666284,0,0.026999623,0.36786813,True
baseline-Asphalt-27.778-key,0.6,28.805166,0.3569908,-1.1698767,0.14083579,0,0.05504489,0.4580077,True
baseline-Asphalt-27.778-key,0.7,29.104395,0.25278282,-1.4474288,0.17680345,0,0.09460276,0.53529376,True
baseline-Asphalt-27.778-key,0.8,29.31543,0.063791275,-1.6961391,0.21405445,0,0.14092305,0.6015591,True
baseline-Asphalt-27.778-key,0.9,29.389767,-0.2324915,-1.9020044,0.25222763,0,0.20282874,0.65837526,True
baseline-Asphalt-27.778-key,1.0,29.303734,-0.6939821,-2.036717,0.291059,0,0.28105748,0.70708966,True
baseline-Asphalt-27.778-key,1.1,29.038752,-1.2398558,-2.10933,0.33036453,0,0.35178274,0.74885756,True
baseline-Asphalt-27.778-key,1.2,28.574062,-1.7426696,-2.1594918,0.37000722,0,0.40720108,0.78466946,True
baseline-Asphalt-27.778-key,1.3,27.904814,-2.169072,-2.21479,0.40989414,0,0.4526354,0.8153748,True
baseline-Asphalt-27.778-key,1.4,27.03346,-2.5433576,-2.2875736,0.4499534,0,0.49352974,0.8417016,True
baseline-Asphalt-27.778-key,1.5,25.957947,-2.8980637,-2.3826413,0.49013883,0,0.5328046,0.8642743,True
baseline-Asphalt-27.778-key,1.6,24.667791,-3.2669163,-2.5097997,0.53041196,0,0.5769179,0.8836283,True
baseline-Asphalt-27.778-key,1.7,23.139744,-3.705389,-2.6857693,0.5707506,0,0.62469935,0.9002225,True
baseline-Asphalt-27.778-key,1.8,21.328388,-4.2057347,-2.9085,0.6111336,0,0.67096436,0.91445035,True
baseline-Asphalt-27.778-key,1.9,19.180416,-4.692945,-3.1750689,0.6515522,0,0.7120204,0.9266494,True
baseline-Asphalt-27.778-key,2.0,16.653986,-5.0204268,-3.4751043,0.6919938,9.480653e-08,0.7439524,0.93710893,True
baseline-Asphalt-27.778-key,2.1,13.760776,-4.985045,-3.7733543,0.73245174,0.010832354,0.7634752,0.946077,True
baseline-Asphalt-27.778-key,2.2,10.680413,-4.4451666,-3.9768126,0.7729215,0.06477074,0.76584494,0.95376617,True
baseline-Asphalt-27.778-key,2.3,7.871578,-3.390938,-3.8752832,0.80885214,0.13839734,0.72526705,0.9603589,True
baseline-Asphalt-27.778-key,2.4,5.880628,-1.8611193,-3.3236408,0.8346897,0.18209778,0.60091746,0.9660116,True
baseline-Asphalt-27.778-key,2.5,5.1562247,-0.15896654,-2.5911815,0.8532031,0.20145582,0.42345095,0.97085816,True
baseline-Asphalt-27.778-key,2.6,5.5781384,1.0779185,-2.169971,0.8664686,0.21133949,0.30133915,0.97501373,True
baseline-Asphalt-27.778-key,2.7,6.3061023,1.7295073,-2.1213315,0.87597364,0.22069998,0.27314848,0.97857666,True
baseline-Asphalt-27.778-key,2.8,6.986887,2.0545638,-2.2442627,0.8827843,0.23212124,0.2793628,0.9816316,True
baseline-Asphalt-27.778-key,2.9,7.577173,2.2171688,-2.4145586,0.8876644,0.24635983,0.2980188,0.98425084,True
baseline-Asphalt-27.778-key,3.0,8.073595,2.2823691,-2.5849164,0.89116114,0.2640871,0.32514703,0.9864967,True
baseline-Asphalt-27.778-key,3.1,8.473882,2.276019,-2.7404842,0.8936667,0.28512052,0.3590904,0.98842216,True
baseline-Asphalt-27.778-key,3.2,8.776012,2.2119439,-2.8783252,0.895462,0.3080283,0.397457,0.9900731,True
baseline-Asphalt-27.778-key,3.3,8.979967,2.1003878,-2.9993083,0.89674836,0.33144185,0.437604,0.9914886,True
baseline-Asphalt-27.778-key,3.4,9.08856,1.9509102,-3.1049423,0.8976701,0.35434228,0.4775954,0.99270225,True
baseline-Asphalt-27.778-key,3.5,9.107948,1.7722933,-3.1962624,0.8983305,0.3762864,0.5160531,0.9937429,True
baseline-Asphalt-27.778-key,3.6,9.047121,1.5729594,-3.2736976,0.8988038,0.39717376,0.55199075,0.99463516,True
baseline-Asphalt-27.778-key,3.7,8.917155,1.3628523,-3.3371015,0.89914286,0.41678816,0.5842593,0.9954002,True
baseline-Asphalt-27.778-key,3.8,8.731385,1.1544306,-3.385444,0.8993858,0.43461707,0.61161256,0.99605614,True
baseline-Asphalt-27.778-key,3.9,8.506008,0.9628117,-3.4166183,0.8995599,0.44985878,0.6329131,0.9966185,True
baseline-Asphalt-27.778-key,4.0,8.260478,0.8038108,-3.4279115,0.8996846,0.46172348,0.64739096,0.99710065,True
baseline-Asphalt-27.778-pad,0.1,27.820522,0.53509766,-0.46928558,0.08843392,0,0.0010082722,0.14259619,True
baseline-Asphalt-27.778-pad,0.2,27.918278,0.71619225,-1.0861171,0.15309863,0,0.024920493,0.2648587,True
baseline-Asphalt-27.778-pad,0.3,27.994183,0.551013,-1.5336643,0.19943291,0,0.08774641,0.36968702,True
baseline-Asphalt-27.778-pad,0.4,27.99817,0.21303463,-1.8254173,0.23263288,0,0.1595507,0.45956725,True
baseline-Asphalt-27.778-pad,0.5,27.901909,-0.15032673,-2.0244172,0.2564217,0,0.215428,0.53663087,True
baseline-Asphalt-27.778-pad,0.6,27.717857,-0.57344246,-2.1413486,0.2734671,0,0.27895647,0.6027056,True
baseline-Asphalt-27.778-pad,0.7,27.47867,-1.0672703,-2.1673884,0.28568065,0,0.33745146,0.6593583,True
baseline-Asphalt-27.778-pad,0.8,27.193121,-1.4393215,-2.1337237,0.29443204,0,0.3643759,0.70793253,True
baseline-Asphalt-27.778-pad,0.9,26.885408,-1.5658884,-2.0779474,0.3007027,0,0.3633396,0.74958026,True
baseline-Asphalt-27.778-pad,1.0,26.60763,-1.4762795,-2.0222838,0.30519584,0,0.3445067,0.7852892,True
baseline-Asphalt-27.778-pad,1.1,26.40481,-1.2628107,-1.9816082,0.30841532,0,0.31720787,0.8159062,True
baseline-Asphalt-27.778-pad,1.2,26.2961,-1.026803,-1.963766,0.31072217,0,0.29073197,0.8421573,True
baseline-Asphalt-27.778-pad,1.3,26.274986,-0.84325314,-1.9658147,0.3123751,0,0.2716252,0.86466503,True
baseline-Asphalt-27.778-pad,1.4,26.319616,-0.74026394,-1.977034,0.31355947,0,0.261442,0.8839633,True
baseline-Asphalt-27.778-pad,1.5,26.405767,-0.7069912,-1.986683,0.31440812,0,0.25793585,0.9005097,True
baseline-Asphalt-27.778-pad,1.6,26.514912,-0.7158427,-1.9891353,0.31501624,0,0.25779775,0.9146967,True
baseline-Asphalt-27.778-pad,1.7,26.63621,-0.74072456,-1.9839693,0.31545192,0,0.25848743,0.92686063,True
baseline-Asphalt-27.778-pad,1.8,26.764833,-0.7651663,-1.9736423,0.3157641,0,0.25873283,0.9372901,True
baseline-Asphalt-27.778-pad,1.9,26.899242,-0.7828312,-1.9612155,0.3159878,0,0.25828296,0.9462323,True
baseline-Asphalt-27.778-pad,2.0,27.038889,-0.7943096,-1.9490142,0.3161481,0,0.25744486,0.9538993,True
baseline-Asphalt-27.778-pad,2.1,27.182928,-0.8031559,-1.9381969,0.31626293,0,0.25665915,0.9604731,True
baseline-Asphalt-27.778-pad,2.2,27.329853,-0.8128691,-1.9289296,0.31634524,0,0.25624526,0.9661096,True
baseline-Asphalt-27.778-pad,2.3,27.477728,-0.82540417,-1.9208432,0.3164042,0,0.2563219,0.9709422,True
baseline-Asphalt-27.778-pad,2.4,27.624578,-0.8410797,-1.9134514,0.31644645,0,0.25684273,0.9750857,True
baseline-Asphalt-27.778-pad,2.5,27.76871,-0.85912013,-1.9064063,0.31647673,0,0.2576834,0.9786384,True
baseline-Asphalt-27.778-pad,2.6,27.908857,-0.8784239,-1.8995615,0.3164984,0,0.25871372,0.9816845,True
baseline-Asphalt-27.778-pad,2.7,28.044176,-0.8980212,-1.8929219,0.31651393,0,0.25983265,0.98429626,True
baseline-Asphalt-27.778-pad,2.8,28.174135,-0.91729164,-1.8865846,0.31652504,0,0.26098698,0.98653555,True
baseline-Asphalt-27.778-pad,2.9,28.298428,-0.93599415,-1.8806285,0.31653303,0,0.2621591,0.98845553,True
baseline-Asphalt-27.778-pad,3.0,28.416862,-0.95411205,-1.8750988,0.31653878,0,0.26334321,0.9901017,True
baseline-Asphalt-27.778-pad,3.1,28.529335,-0.9716902,-1.869993,0.31654286,0,0.2645419,0.9915132,True
baseline-Asphalt-27.778-pad,3.2,28.6358,-0.98877335,-1.8652772,0.3165458,0,0.2657491,0.99272335,True
baseline-Asphalt-27.778-pad,3.3,28.73626,-1.0053339,-1.8609116,0.3165479,0,0.2669536,0.993761,True
baseline-Asphalt-27.778-pad,3.4,28.830786,-1.0213091,-1.8568622,0.31654942,0,0.2681427,0.99465066,True
baseline-Asphalt-27.778-pad,3.5,28.919495,-1.0366306,-1.8531035,0.31655052,0,0.26930392,0.9954134,True
baseline-Asphalt-27.778-pad,3.6,29.00255,-1.0512438,-1.8496178,0.3165513,0,0.27042902,0.9960675,True
baseline-Asphalt-27.778-pad,3.7,29.080158,-1.0651188,-1.8463895,0.31655186,0,0.27151197,0.9966283,True
baseline-Asphalt-27.778-pad,3.8,29.15254,-1.0782499,-1.8434058,0.31655222,0,0.27254823,0.99710906,True
baseline-Asphalt-27.778-pad,3.9,29.219933,-1.0906448,-1.8406534,0.31655252,0,0.27353787,0.9975213,True
baseline-Asphalt-27.778-pad,4.0,29.28258,-1.1023111,-1.838117,0.3165527,0,0.2744789,0.99787474,True
baseline-Asphalt-27.778-partial,0.1,27.835327,0.39371946,-0.34606677,0.06377463,0,0.00071045745,0.14259619,True
baseline-Asphalt-27.778-partial,0.2,28.006416,0.5408617,-0.80891806,0.10947114,0,0.013661444,0.2648587,True
baseline-Asphalt-27.778-partial,0.3,28.231049,0.46617222,-1.1660855,0.14221413,0,0.04764843,0.36968702,True
baseline-Asphalt-27.778-partial,0.4,28.467228,0.28780985,-1.4149879,0.1656755,0,0.09002116,0.45956725,True
baseline-Asphalt-27.778-partial,0.5,28.691137,0.076293945,-1.58524,0.1824863,0,0.1248173,0.53663087,True
baseline-Asphalt-27.778-partial,0.6,28.892353,-0.12760162,-1.7025146,0.19453177,0,0.15498534,0.6027056,True
baseline-Asphalt-27.778-partial,0.7,29.077686,-0.36764717,-1.7632517,0.20316271,0,0.19275379,0.6593583,True
baseline-Asphalt-27.778-partial,0.8,29.252634,-0.6146946,-1.7721915,0.20934707,0,0.22332,0.70793253,True
baseline-Asphalt-27.778-partial,0.9,29.418623,-0.7767515,-1.756491,0.21377835,0,0.23524958,0.74958026,True
baseline-Asphalt-27.778-partial,1.0,29.587486,-0.8443303,-1.7375791,0.21695352,0,0.23601913,0.7852892,True
baseline-Asphalt-27.778-partial,1.1,29.772522,-0.8614893,-1.7230422,0.21922861,0,0.23322123,0.8159062,True
baseline-Asphalt-27.778-partial,1.2,29.978258,-0.8658997,-1.7131076,0.2208588,0,0.23054008,0.8421573,True
baseline-Asphalt-27.778-partial,1.3,30.202013,-0.87581444,-1.7055112,0.22202685,0,0.22924584,0.86466503,True
baseline-Asphalt-27.778-partial,1.4,30.43825,-0.89495945,-1.6981314,0.22286382,0,0.22921874,0.8839633,True
baseline-Asphalt-27.778-partial,1.5,30.681456,-0.92042255,-1.6900432,0.22346354,0,0.22995739,0.9005097,True
baseline-Asphalt-27.778-partial,1.6,30.92725,-0.9484472,-1.6813074,0.22389323,0,0.23106861,0.9146967,True
baseline-Asphalt-27.778-partial,1.7,31.172392,-0.9767628,-1.6724085,0.22420111,0,0.23237166,0.92686063,True
baseline-Asphalt-27.778-partial,1.8,31.414408,-1.0046673,-1.6638322,0.22442174,0,0.23383656,0.9372901,True
baseline-Asphalt-27.778-partial,1.9,31.65126,-1.032341,-1.6558764,0.22457981,0,0.23549175,0.9462323,True
baseline-Asphalt-27.778-partial,2.0,31.881224,-1.0601692,-1.6486356,0.22469309,0,0.23735899,0.9538993,True
baseline-Asphalt-27.778-partial,2.1,32.102814,-1.0882895,-1.6421019,0.22477424,0,0.23942003,0.9604731,True
baseline-Asphalt-27.778-partial,2.2,32.314846,-1.1166663,-1.6362178,0.22483242,0,0.2416513,0.9661096,True
baseline-Asphalt-27.778-partial,2.3,32.516426,-1.1451664,-1.6308937,0.22487408,0,0.2440176,0.9709422,True
baseline-Asphalt-27.778-partial,2.4,32.706955,-1.173522,-1.6260456,0.22490393,0,0.24646486,0.9750857,True
baseline-Asphalt-27.778-partial,2.5,32.886074,-1.2013655,-1.6216482,0.22492532,0,0.24894136,0.9786384,True
baseline-Asphalt-27.778-partial,2.6,33.053673,-1.2284861,-1.6176773,0.22494066,0,0.251416,0.9816845,True
baseline-Asphalt-27.778-partial,2.7,33.209816,-1.2547617,-1.6140953,0.22495164,0,0.25386515,0.98429626,True
baseline-Asphalt-27.778-partial,2.8,33.35471,-1.280077,-1.6108623,0.22495951,0,0.2562648,0.98653555,True
baseline-Asphalt-27.778-partial,2.9,33.488667,-1.3043299,-1.6079445,0.22496516,0,0.2585956,0.98845553,True
baseline-Asphalt-27.778-partial,3.0,33.6121,-1.3274186,-1.605312,0.2249692,0,0.26083848,0.9901017,True
baseline-Asphalt-27.778-partial,3.1,33.725475,-1.3492885,-1.6029383,0.22497208,0,0.26298305,0.9915132,True
baseline-Asphalt-27.778-partial,3.2,33.829323,-1.3699074,-1.6007984,0.22497416,0,0.26501912,0.99272335,True
baseline-Asphalt-27.778-partial,3.3,33.924187,-1.3892555,-1.5988718,0.22497563,0,0.26694143,0.993761,True
baseline-Asphalt-27.778-partial,3.4,34.01063,-1.4073315,-1.597136,0.2249767,0,0.2687465,0.99465066,True
baseline-Asphalt-27.778-partial,3.5,34.089226,-1.4241419,-1.5955753,0.22497746,0,0.27043164,0.9954134,True
baseline-Asphalt-27.778-partial,3.6,34.160538,-1.4397488,-1.5941702,0.22497801,0,0.27200213,0.9960675,True
baseline-Asphalt-27.778-partial,3.7,34.22511,-1.4541636,-1.5929035,0.2249784,0,0.27345574,0.9966283,True
baseline-Asphalt-27.778-partial,3.8,34.283478,-1.4674358,-1.5917631,0.22497869,0,0.2747966,0.99710906,True
baseline-Asphalt-27.778-partial,3.9,34.336155,-1.4796119,-1.5907378,0.22497888,0,0.276029,0.9975213,True
baseline-Asphalt-27.778-partial,4.0,34.38362,-1.490747,-1.5898172,0.22497903,0,0.277158,0.99787474,True
baseline-Asphalt-44.44-key,0.1,44.439796,0.05426838,-0.05125677,0.007007988,0,1.6570091e-05,0.02123976,True
baseline-Asphalt-44.44-key,0.2,44.434673,0.12289095,-0.23492244,0.023508491,0,0.0018191637,0.075099304,True
baseline-Asphalt-44.44-key,0.3,44.40316,0.10068011,-0.52952594,0.046813294,0,0.01744777,0.15692791,True
baseline-Asphalt-44.44-key,0.4,44.2981,-0.0769887,-0.8769519,0.07499097,0,0.06792456,0.26273727,True
baseline-Asphalt-44.44-key,0.5,44.054214,-0.4979887,-1.2193035,0.10666284,0,0.1658527,0.36786813,True
baseline-Asphalt-44.44-key,0.6,43.600815,-1.2426109,-1.5357326,0.14083579,0,0.29071203,0.4580077,True
baseline-Asphalt-44.44-key,0.7,42.86472,-2.4414253,-1.842753,0.17680345,0,0.43958545,0.53529376,True
baseline-Asphalt-44.44-key,0.8,41.808876,-4.4895115,-2.1189559,0.21405445,0,0.6015767,0.6015591,True
baseline-Asphalt-44.44-key,0.9,40.400597,-7.3729935,-2.339512,0.25222763,0,0.71397233,0.65837526,True
baseline-Asphalt-44.44-key,1.0,38.564594,-10.554746,-2.502776,0.291059,0,0.7765074,0.70708966,True
baseline-Asphalt-44.44-key,1.1,36.249386,-13.464918,-2.5954828,0.33036453,0,0.81035525,0.74885756,True
baseline-Asphalt-44.44-key,1.2,33.44647,-15.605312,-2.614169,0.37000722,0,0.8278718,0.78466946,True
baseline-Asphalt-44.44-key,1.3,30.168125,-16.631706,-2.5806732,0.40989414,0,0.8348125,0.8153748,True
baseline-Asphalt-44.44-key,1.4,26.447134,-16.429262,-2.532055,0.4499534,0,0.8338243,0.8417016,True
baseline-Asphalt-44.44-key,1.5,22.340136,-15.07458,-2.504543,0.49013883,0,0.82533497,0.8642743,True
baseline-Asphalt-44.44-key,1.6,17.923592,-12.738573,-2.5234306,0.53041196,0,0.807282,0.8836283,True
baseline-Asphalt-44.44-key,1.7,13.2974615,-9.618295,-2.5938416,0.5707506,0.004456179,0.773926,0.9002225,True
baseline-Asphalt-44.44-key,1.8,8.737786,-6.0378265,-2.6189444,0.6111336,0.035203453,0.7032782,0.91445035,True
baseline-Asphalt-44.44-key,1.9,5.147914,-2.5453656,-2.1509037,0.6515522,0.06540735,0.47688806,0.9266494,True
baseline-Asphalt-44.44-key,2.0,4.187443,-0.008093476,-1.4731103,0.6919938,0.078403026,0.18573451,0.93710893,True
baseline-Asphalt-44.44-key,2.1,5.0380177,1.1160054,-1.3655642,0.73245174,0.08695908,0.12065703,0.946077,True
baseline-Asphalt-44.44-key,2.2,5.98193,1.6344047,-1.5660255,0.7729215,0.09783995,0.1253941,0.95376617,True
baseline-Asphalt-44.44-key,2.3,6.803657,1.9609333,-1.8413951,0.80885214,0.11196009,0.14204803,0.9603589,True
baseline-Asphalt-44.44-key,2.4,7.507315,2.1819885,-2.111388,0.8346897,0.13071746,0.16699806,0.9660116,True
baseline-Asphalt-44.44-key,2.5,8.102167,2.3179774,-2.3521924,0.8532031,0.15457824,0.20044583,0.97085816,True
baseline-Asphalt-44.44-key,2.6,8.59051,2.3781102,-2.5595088,0.8664686,0.18293233,0.24170464,0.97501373,True
baseline-Asphalt-44.44-key,2.7,8.972553,2.3703113,-2.7356348,0.87597364,0.21396858,0.28854135,0.97857666,True
baseline-Asphalt-44.44-key,2.8,9.2484045,2.3046703,-2.885267,0.8827843,0.24556898,0.33784887,0.9816316,True
baseline-Asphalt-44.44-key,2.9,9.420144,2.1925943,-3.0131307,0.8876644,0.2760985,0.38674182,0.98425084,True
baseline-Asphalt-44.44-key,3.0,9.49352,2.0437112,-3.122484,0.89116114,0.30494148,0.43406424,0.9864967,True
baseline-Asphalt-44.44-key,3.1,9.478001,1.8637207,-3.215192,0.8936667,0.33249122,0.47963578,0.98842216,True
baseline-Asphalt-44.44-key,3.2,9.383684,1.6582634,-3.2929513,0.895462,0.3591712,0.5228046,0.9900731,True
baseline-Asphalt-44.44-key,3.3,9.2203455,1.4367778,-3.3571475,0.89674836,0.384762,0.56190264,0.9914886,True
baseline-Asphalt-44.44-key,3.4,8.999406,1.2133713,-3.4076197,0.8976701,0.40839276,0.5952438,0.99270225,True
baseline-Asphalt-44.44-key,3.5,8.736664,1.0037458,-3.4421806,0.8983305,0.42908937,0.62173855,0.9937429,True
baseline-Asphalt-44.44-key,3.6,8.451842,0.8246478,-3.4574938,0.8988038,0.44589156,0.6406157,0.99463516,True
baseline-Asphalt-44.44-key,3.7,8.167417,0.6918354,-3.4504502,0.89914286,0.4581047,0.65159893,0.9954002,True
baseline-Asphalt-44.44-key,3.8,7.906541,0.61734366,-3.4198418,0.8993858,0.46551192,0.65491116,0.99605614,True
baseline-Asphalt-44.44-key,3.9,7.6902776,0.6067393,-3.3678207,0.8995599,0.46856996,0.65121436,0.9966185,True
baseline-Asphalt-44.44-key,4.0,7.5347495,0.65676177,-3.3004687,0.8996846,0.46807823,0.64178026,0.99710065,True
baseline-Asphalt-44.44-pad,0.1,44.38746,0.5960529,-0.70647013,0.08843392,0,0.0065618157,0.14259619,True
baseline-Asphalt-44.44-pad,0.2,44.090733,-0.033442974,-1.4560176,0.15309863,0,0.15621719,0.2648587,True
baseline-Asphalt-44.44-pad,0.3,43.41569,-1.7293968,-1.9066181,0.19943291,0,0.4149201,0.36968702,True
baseline-Asphalt-44.44-pad,0.4,42.270424,-4.308482,-2.300068,0.23263288,0,0.6058074,0.45956725,True
baseline-Asphalt-44.44-pad,0.5,40.598606,-7.9002295,-2.6738908,0.2564217,0,0.73441064,0.53663087,True
baseline-Asphalt-44.44-pad,0.6,38.4639,-12.249524,-2.8943412,0.2734671,0,0.80614656,0.6027056,True
baseline-Asphalt-44.44-pad,0.7,35.854576,-16.130875,-2.923141,0.28568065,0,0.83557546,0.6593583,True
baseline-Asphalt-44.44-pad,0.8,32.697556,-18.46657,-2.7978482,0.29443204,0,0.843625,0.70793253,True
baseline-Asphalt-44.44-pad,0.9,29.019186,-18.858704,-2.562628,0.3007027,0,0.83835596,0.74958026,True
baseline-Asphalt-44.44-pad,1.0,24.940462,-17.438454,-2.2608075,0.30519584,0,0.8205638,0.7852892,True
baseline-Asphalt-44.44-pad,1.1,20.661247,-14.607629,-1.9228841,0.30841532,0,0.78524196,0.8159062,True
baseline-Asphalt-44.44-pad,1.2,16.469215,-10.800817,-1.565719,0.31072217,1.3695457e-06,0.71649307,0.8421573,True
baseline-Asphalt-44.44-pad,1.3,12.863412,-6.3648243,-1.1920472,0.3123751,0.0012141387,0.55814946,0.86466503,True
baseline-Asphalt-44.44-pad,1.4,10.882001,-1.9898353,-0.9311488,0.31355947,0.0050426456,0.23990342,0.8839633,True
baseline-Asphalt-44.44-pad,1.5,11.1290865,0.41306376,-1.0805539,0.31440812,0.00825575,0.054595925,0.9005097,True
baseline-Asphalt-44.44-pad,1.6,12.1863785,1.0207127,-1.306092,0.31501624,0.0097241895,0.040404916,0.9146967,True
baseline-Asphalt-44.44-pad,1.7,13.350757,1.1343888,-1.4666145,0.31545192,0.0098720575,0.043403354,0.92686063,True
baseline-Asphalt-44.44-pad,1.8,14.507301,1.1468602,-1.592191,0.3157641,0.008930271,0.048828755,0.9372901,True
baseline-Asphalt-44.44-pad,1.9,15.629052,1.1247435,-1.6996757,0.3159878,0.0074327453,0.05587795,0.9462323,True
baseline-Asphalt-44.44-pad,2.0,16.705095,1.076025,-1.7936419,0.3161481,0.0058478224,0.064834505,0.9538993,True
baseline-Asphalt-44.44-pad,2.1,17.728333,1.0011587,-1.874074,0.31626293,0.0045542894,0.07615757,0.9604731,True
baseline-Asphalt-44.44-pad,2.2,18.692982,0.90382767,-1.9406182,0.31634524,0.0035468845,0.08903307,0.9661096,True
baseline-Asphalt-44.44-pad,2.3,19.594883,0.7879391,-1.9931015,0.3164042,0.0027623167,0.10336837,0.9709422,True
baseline-Asphalt-44.44-pad,2.4,20.431847,0.6571021,-2.0313776,0.31644645,0.0021512946,0.11876702,0.9750857,True
baseline-Asphalt-44.44-pad,2.5,21.203333,0.5169327,-2.056105,0.31647673,0.00167543,0.13449243,0.9786384,True
baseline-Asphalt-44.44-pad,2.6,21.910685,0.3731464,-2.0683525,0.3164984,0.0013048265,0.14996636,0.9816845,True
baseline-Asphalt-44.44-pad,2.7,22.556734,0.23268032,-2.0702698,0.31651393,0.0010162,0.16419172,0.98429626,True
baseline-Asphalt-44.44-pad,2.8,23.145582,0.10207081,-2.0649807,0.31652504,0.0007914175,0.1764963,0.98653555,True
baseline-Asphalt-44.44-pad,2.9,23.68247,-0.016116142,-2.0551815,0.31653303,0.0006163567,0.18705109,0.98845553,True
baseline-Asphalt-44.44-pad,3.0,24.173113,-0.12230873,-2.0424967,0.31653878,0.00048001908,0.19614264,0.9901017,True
baseline-Asphalt-44.44-pad,3.1,24.622791,-0.2173605,-2.0280614,0.31654286,0.00037383928,0.20398164,0.9915132,True
baseline-Asphalt-44.44-pad,3.2,25.036152,-0.30210066,-2.0128083,0.3165458,0.00029114637,0.21074367,0.99272335,True
baseline-Asphalt-44.44-pad,3.3,25.417196,-0.3775215,-1.9975039,0.3165479,0.00022674505,0.21660906,0.993761,True
baseline-Asphalt-44.44-pad,3.4,25.769337,-0.44491053,-1.9826726,0.31654942,0.00017658924,0.2217626,0.99465066,True
baseline-Asphalt-44.44-pad,3.5,26.095375,-0.505435,-1.9686822,0.31655052,0.00013752785,0.22634819,0.9954134,True
baseline-Asphalt-44.44-pad,3.6,26.397642,-0.56036186,-1.9556941,0.3165513,0.00010710681,0.23051524,0.9960675,True
baseline-Asphalt-44.44-pad,3.7,26.678072,-0.6107607,-1.9437085,0.31655186,8.341488e-05,0.23436373,0.9966283,True
baseline-Asphalt-44.44-pad,3.8,26.93829,-0.6573906,-1.9326572,0.31655222,6.4963584e-05,0.2379533,0.99710906,True
baseline-Asphalt-44.44-pad,3.9,27.179705,-0.7007179,-1.9224596,0.31655252,5.0593695e-05,0.24131662,0.9975213,True
baseline-Asphalt-44.44-pad,4.0,27.403572,-0.74103975,-1.9130526,0.3165527,3.9402414e-05,0.24447164,0.99787474,True
baseline-Asphalt-44.44-partial,0.1,44.411266,0.45392776,-0.53490835,0.06377463,0,0.0036153197,0.14259619,True
baseline-Asphalt-44.44-partial,0.2,44.2426,0.08043575,-1.1582339,0.10947114,0,0.091428936,0.2648587,True
baseline-Asphalt-44.44-partial,0.3,43.83568,-0.9386387,-1.5548362,0.14221413,0,0.27345845,0.36968702,True
baseline-Asphalt-44.44-partial,0.4,43.134296,-2.4128208,-1.8439728,0.1656755,0,0.4378531,0.45956725,True
baseline-Asphalt-44.44-partial,0.5,42.106396,-4.361351,-2.1001847,0.1824863,0,0.5769392,0.53663087,True
baseline-Asphalt-44.44-partial,0.6,40.78956,-6.9948673,-2.2737901,0.19453177,0,0.6884446,0.6027056,True
baseline-Asphalt-44.44-partial,0.7,39.203354,-9.852914,-2.3229911,0.20316271,0,0.7495619,0.6593583,True
baseline-Asphalt-44.44-partial,0.8,37.319565,-12.147341,-2.2507703,0.20934707,0,0.7747929,0.70793253,True
baseline-Asphalt-44.44-partial,0.9,35.17929,-13.366756,-2.0633266,0.21377835,0,0.7788757,0.74958026,True
baseline-Asphalt-44.44-partial,1.0,32.89991,-13.278738,-1.7805015,0.21695352,0,0.7654489,0.7852892,True
baseline-Asphalt-44.44-partial,1.1,30.668621,-11.870213,-1.4310619,0.21922861,0,0.7300708,0.8159062,True
baseline-Asphalt-44.44-partial,1.2,28.739752,-9.238705,-1.0434335,0.2208588,0,0.6527767,0.8421573,True
baseline-Asphalt-44.44-partial,1.3,27.427898,-5.538461,-0.66419077,0.22202685,0,0.4726615,0.86466503,True
baseline-Asphalt-44.44-partial,1.4,27.061731,-1.7083378,-0.6131445,0.22286382,0,0.16950862,0.8839633,True
baseline-Asphalt-44.44-partial,1.5,27.473442,0.1879158,-1.1456664,0.22346354,0,0.067014895,0.9005097,True
baseline-Asphalt-44.44-partial,1.6,28.109291,0.32599258,-1.5845793,0.22389323,0,0.09874318,0.9146967,True
baseline-Asphalt-44.44-partial,1.7,28.71682,-0.061985016,-1.7525797,0.22420111,0,0.15052605,0.92686063,True
baseline-Asphalt-44.44-partial,1.8,29.229996,-0.4447708,-1.7777203,0.22442174,0,0.1886639,0.9372901,True
baseline-Asphalt-44.44-partial,1.9,29.662792,-0.6947632,-1.7480544,0.22457981,0,0.2087357,0.9462323,True
baseline-Asphalt-44.44-partial,2.0,30.04639,-0.817116,-1.7078753,0.22469309,0,0.21586767,0.9538993,True
baseline-Asphalt-44.44-partial,2.1,30.404697,-0.8599268,-1.6767097,0.22477424,0,0.21672034,0.9604731,True
baseline-Asphalt-44.44-partial,2.2,30.749123,-0.87393045,-1.6588713,0.22483242,0,0.21651378,0.9661096,True
baseline-Asphalt-44.44-partial,2.3,31.081331,-0.89146423,-1.6506854,0.22487408,0,0.2178134,0.9709422,True
baseline-Asphalt-44.44-partial,2.4,31.398361,-0.9232578,-1.6467056,0.22490393,0,0.22095284,0.9750857,True
baseline-Asphalt-44.44-partial,2.5,31.696823,-0.9665451,-1.6431754,0.22492532,0,0.22523305,0.9786384,True
baseline-Asphalt-44.44-partial,2.6,31.974812,-1.0143423,-1.6386589,0.22494066,0,0.22983056,0.9816845,True
baseline-Asphalt-44.44-partial,2.7,32.23209,-1.0609179,-1.633274,0.22495164,0,0.23421887,0.98429626,True
baseline-Asphalt-44.44-partial,2.8,32.469486,-1.1035547,-1.6276934,0.22495951,0,0.23821709,0.98653555,True
baseline-Asphalt-44.44-partial,2.9,32.68824,-1.1419916,-1.6225076,0.22496516,0,0.241862,0.98845553,True
baseline-Asphalt-44.44-partial,3.0,32.889545,-1.1771373,-1.6179943,0.2249692,0,0.24526249,0.9901017,True
baseline-Asphalt-44.44-partial,3.1,33.074444,-1.2100096,-1.614159,0.22497208,0,0.24850863,0.9915132,True
baseline-Asphalt-44.44-partial,3.2,33.243835,-1.241229,-1.6108706,0.22497416,0,0.2516365,0.99272335,True
baseline-Asphalt-44.44-partial,3.3,33.398556,-1.270999,-1.6079758,0.22497563,0,0.2546429,0.993761,True
baseline-Asphalt-44.44-partial,3.4,33.539467,-1.2992182,-1.6053637,0.2249767,0,0.25750324,0.99465066,True
baseline-Asphalt-44.44-partial,3.5,33.66746,-1.3257065,-1.6029758,0.22497746,0,0.26019233,0.9954134,True
baseline-Asphalt-44.44-partial,3.6,33.783455,-1.3503389,-1.6007944,0.22497801,0,0.2626986,0.9960675,True
baseline-Asphalt-44.44-partial,3.7,33.888367,-1.3730936,-1.598815,0.2249784,0,0.2650175,0.9966283,True
baseline-Asphalt-44.44-partial,3.8,33.983086,-1.3940411,-1.5970324,0.22497869,0,0.26715678,0.99710906,True
baseline-Asphalt-44.44-partial,3.9,34.06847,-1.4132681,-1.5954368,0.22497888,0,0.2691257,0.9975213,True
baseline-Asphalt-44.44-partial,4.0,34.145317,-1.4308938,-1.5940124,0.22497903,0,0.27093285,0.99787474,True
baseline-pad-8-0.8,0.1,8.0515785,0.21970591,-0.1500313,0.095,0.0006490684,0.0010344982,0.14259619,True
baseline-pad-8-0.8,0.2,8.255098,0.5399822,-0.42472354,0.19,0.00396599,0.005469829,0.2648587,True
baseline-pad-8-0.8,0.3,8.574497,0.8542177,-0.73258024,0.27014476,0.010884094,0.014334977,0.36968702,True
baseline-pad-8-0.8,0.4,8.994302,1.1116449,-1.0185759,0.32757095,0.021243831,0.027672052,0.45956725,True
baseline-pad-8-0.8,0.5,9.498711,1.3129883,-1.272614,0.36871862,0.034109697,0.04466474,0.53663087,True
baseline-pad-8-0.8,0.6,10.068275,1.4636648,-1.49784,0.3982022,0.048050974,0.06406498,0.6027056,True
baseline-pad-8-0.8,0.7,10.683006,1.5674706,-1.698497,0.41932815,0.061443895,0.084561884,0.6593583,True
baseline-pad-8-0.8,0.8,11.323522,1.6277914,-1.8776916,0.4344655,0.072779335,0.10496825,0.70793253,True
baseline-pad-8-0.8,0.9,11.971546,1.6492243,-2.037616,0.4453119,0.08092045,0.12426412,0.74958026,True
baseline-pad-8-0.8,1.0,12.610882,1.6356432,-2.178859,0.4530837,0.08525599,0.14232668,0.7852892,True
baseline-pad-8-0.8,1.1,13.227846,1.5902078,-2.3008995,0.45865244,0.08566444,0.15943551,0.8159062,True
baseline-pad-8-0.8,1.2,13.8113,1.5171466,-2.4031248,0.46264258,0.0820193,0.17535922,0.8421573,True
baseline-pad-8-0.8,1.3,14.352862,1.422497,-2.4858081,0.46550167,0.075197384,0.19006601,0.86466503,True
baseline-pad-8-0.8,1.4,14.846913,1.313767,-2.550541,0.46755028,0.06637461,0.2035124,0.8839633,True
baseline-pad-8-0.8,1.5,15.291241,1.1957126,-2.5988219,0.46901816,0.056655083,0.21623692,0.9005097,True
baseline-pad-8-0.8,1.6,15.686344,1.0713706,-2.6320176,0.47006997,0.046951365,0.22855112,0.9146967,True
baseline-pad-8-0.8,1.7,16.034315,0.94428873,-2.651801,0.47082362,0.03793445,0.24038547,0.92686063,True
baseline-pad-8-0.8,1.8,16.33855,0.8175341,-2.659805,0.47136363,0.030034415,0.2517953,0.9372901,True
baseline-pad-8-0.8,1.9,16.602932,0.6965847,-2.6583107,0.47175056,0.023472043,0.26179433,0.9462323,True
baseline-pad-8-0.8,2.0,16.83123,0.58886003,-2.650852,0.4720278,0.018280257,0.26989698,0.9538993,True
baseline-pad-8-0.8,2.1,17.028635,0.49682236,-2.6381536,0.4722265,0.014236679,0.27619243,0.9604731,True
baseline-pad-8-0.8,2.2,17.201176,0.42366076,-2.618031,0.47236887,0.01108754,0.2800585,0.9661096,True
baseline-pad-8-0.8,2.3,17.35568,0.36957312,-2.5949752,0.47247082,0.0086349845,0.28193572,0.9709422,True
baseline-pad-8-0.8,2.4,17.498257,0.33038276,-2.5716977,0.4725439,0.0067249327,0.2825486,0.9750857,True
baseline-pad-8-0.8,2.5,17.63322,0.30096674,-2.549433,0.4725963,0.0052373833,0.2825275,0.9786384,True
baseline-pad-8-0.8,2.6,17.763111,0.27695608,-2.52854,0.4726338,0.0040788786,0.28232294,0.9816845,True
baseline-pad-8-0.8,2.7,17.889122,0.25527668,-2.508908,0.47266072,0.0031766342,0.28220212,0.98429626,True
baseline-pad-8-0.8,2.8,18.011633,0.23417234,-2.4902422,0.47267997,0.0024739655,0.2822696,0.98653555,True
baseline-pad-8-0.8,2.9,18.130602,0.21295595,-2.4722621,0.47269377,0.0019267267,0.28253135,0.98845553,True
baseline-pad-8-0.8,3.0,18.245876,0.1915595,-2.4547598,0.4727037,0.0015005365,0.28294188,0.9901017,True
baseline-pad-8-0.8,3.1,18.357346,0.17024064,-2.437619,0.47271073,0.001168619,0.28343928,0.9915132,True
baseline-pad-8-0.8,3.2,18.465012,0.14935684,-2.420812,0.47271582,0.00091012154,0.2839642,0.99272335,True
baseline-pad-8-0.8,3.3,18.568968,0.12920284,-2.4043617,0.4727195,0.0007088034,0.28447676,0.993761,True
baseline-pad-8-0.8,3.4,18.66939,0.10995197,-2.3883102,0.4727221,0.0005520167,0.28495625,0.99465066,True
baseline-pad-8-0.8,3.5,18.76649,0.091658115,-2.3726928,0.47272396,0.00042991107,0.28539503,0.9954134,True
baseline-pad-8-0.8,3.6,18.8605,0.07429099,-2.3575282,0.47272527,0.00033481512,0.28579506,0.9960675,True
baseline-pad-8-0.8,3.7,18.95163,0.057789326,-2.342822,0.47272623,0.0002607543,0.28616035,0.9966283,True
baseline-pad-8-0.8,3.8,19.040071,0.04207611,-2.3285666,0.4727269,0.00020307567,0.28649467,0.99710906,True
baseline-pad-8-0.8,3.9,19.126005,0.027065277,-2.314742,0.4727274,0.00015815551,0.28680474,0.9975213,True
baseline-pad-8-0.8,4.0,19.209593,0.012678146,-2.3013232,0.47272775,0.00012317165,0.28709424,0.99787474,True
baseline-pad-8-0.9,0.1,8.051546,0.22110206,-0.1515818,0.095,0.0007661747,0.0010534525,0.14259619,True
baseline-pad-8-0.9,0.2,8.254468,0.5505785,-0.43442923,0.19,0.0046790116,0.0058080554,0.2648587,True
baseline-pad-8-0.9,0.3,8.565575,0.91246873,-0.7782511,0.28499997,0.012831877,0.015482932,0.36968702,True
baseline-pad-8-0.9,0.4,8.935821,1.2954814,-1.166618,0.37999988,0.025059754,0.030361146,0.45956725,True
baseline-pad-8-0.9,0.5,9.323343,1.656033,-1.5690783,0.46119982,0.040437076,0.050287694,0.53663087,True
baseline-pad-8-0.9,0.6,9.7270355,1.9320652,-1.9319069,0.5193821,0.057665095,0.07451403,0.6027056,True
baseline-pad-8-0.9,0.7,10.141065,2.121148,-2.24294,0.5610715,0.07532862,0.10191524,0.6593583,True
baseline-pad-8-0.9,0.8,10.5503025,2.2342694,-2.5066402,0.5909433,0.09214741,0.13120422,0.70793253,True
baseline-pad-8-0.9,0.9,10.937782,2.2838411,-2.7301936,0.6123473,0.107168116,0.16140327,0.74958026,True
baseline-pad-8-0.9,1.0,11.288505,2.2810845,-2.9193902,0.62768406,0.11985693,0.19172367,0.7852892,True
baseline-pad-8-0.9,1.1,11.59081,2.2343276,-3.078015,0.63867325,0.13009578,0.22224513,0.8159062,True
baseline-pad-8-0.9,1.2,11.837494,2.14883,-3.208131,0.6465474,0.13809757,0.2528864,0.8421573,True
baseline-pad-8-0.9,1.3,12.023302,2.0344734,-3.3130114,0.65218943,0.14430544,0.2824763,0.86466503,True
baseline-pad-8-0.9,1.4,12.1456,1.9060152,-3.3967519,0.6562321,0.1492989,0.30944306,0.8839633,True
baseline-pad-8-0.9,1.5,12.206701,1.7780676,-3.462669,0.6591289,0.15369156,0.33277497,0.9005097,True
baseline-pad-8-0.9,1.6,12.214491,1.6607897,-3.512692,0.66120446,0.15803117,0.35245115,0.9146967,True
baseline-pad-8-0.9,1.7,12.180553,1.5601554,-3.5481932,0.6626917,0.16272669,0.3684288,0.92686063,True
baseline-pad-8-0.9,1.8,12.116847,1.4820542,-3.571576,0.6637573,0.16802818,0.38065332,0.9372901,True
baseline-pad-8-0.9,1.9,12.03603,1.4279678,-3.5854428,0.66452086,0.17402527,0.38969117,0.9462323,True
baseline-pad-8-0.9,2.0,11.94989,1.3947262,-3.5924327,0.665068,0.18065733,0.39642078,0.9538993,True
baseline-pad-8-0.9,2.1,11.867322,1.3765826,-3.5951564,0.66546,0.18775316,0.40174034,0.9604731,True
baseline-pad-8-0.9,2.2,11.793451,1.3672409,-3.595894,0.6657409,0.19508858,0.40640354,0.9661096,True
baseline-pad-8-0.9,2.3,11.729897,1.3613825,-3.5963104,0.6659422,0.20244104,0.41091543,0.9709422,True
baseline-pad-8-0.9,2.4,11.675814,1.3552399,-3.5973203,0.6660863,0.20962833,0.41554964,0.9750857,True
baseline-pad-8-0.9,2.5,11.628976,1.3468325,-3.5992029,0.66618973,0.21652669,0.4203828,0.9786384,True
baseline-pad-8-0.9,2.6,11.586811,1.3355846,-3.6017911,0.66626376,0.22307149,0.4253633,0.9816845,True
baseline-pad-8-0.9,2.7,11.547026,1.3219547,-3.6047113,0.6663169,0.22924669,0.43036747,0.98429626,True
baseline-pad-8-0.9,2.8,11.507968,1.3069513,-3.6075597,0.66635495,0.23506938,0.43525958,0.98653555,True
baseline-pad-8-0.9,2.9,11.468747,1.2917206,-3.6100068,0.6663822,0.24057366,0.4399248,0.98845553,True
baseline-pad-8-0.9,3.0,11.429144,1.2772479,-3.611856,0.6664017,0.24579737,0.44428486,0.9901017,True
baseline-pad-8-0.9,3.1,11.389414,1.2642093,-3.6130412,0.6664157,0.25077337,0.44830805,0.9915132,True
baseline-pad-8-0.9,3.2,11.350091,1.2529154,-3.6136055,0.6664257,0.25552505,0.45199764,0.99272335,True
baseline-pad-8-0.9,3.3,11.311767,1.243369,-3.6136658,0.6664328,0.26006576,0.4553815,0.993761,True
baseline-pad-8-0.9,3.4,11.274952,1.2353625,-3.61337,0.6664379,0.26440057,0.45849824,0.99465066,True
baseline-pad-8-0.9,3.5,11.239999,1.2285795,-3.6128635,0.6664416,0.26852965,0.4613899,0.9954134,True
baseline-pad-8-0.9,3.6,11.207078,1.2226851,-3.612263,0.66644424,0.2724513,0.46409303,0.9960675,True
baseline-pad-8-0.9,3.7,11.176208,1.2173852,-3.611651,0.66644615,0.27616444,0.4666357,0.9966283,True
baseline-pad-8-0.9,3.8,11.147287,1.2124681,-3.6110702,0.6664475,0.27967033,0.4690361,0.99710906,True
baseline-pad-8-0.9,3.9,11.120153,1.2078099,-3.6105347,0.6664485,0.28297302,0.4713056,0.9975213,True
baseline-pad-8-0.9,4.0,11.094639,1.203301,-3.6100237,0.6664492,0.28607914,0.47346652,0.99787474,True
baseline-pad-8-1,0.1,8.051505,0.22275655,-0.15341958,0.095,0.00090735697,0.0011191368,0.14259619,True
baseline-pad-8-1,0.2,8.253665,0.56368613,-0.4461106,0.19,0.005538666,0.006377578,0.2648587,True
baseline-pad-8-1,0.3,8.562014,0.9502202,-0.81007904,0.28499997,0.015179399,0.017179996,0.36968702,True
baseline-pad-8-1,0.4,8.9263935,1.3701212,-1.2285919,0.37999988,0.02962491,0.033709288,0.45956725,True
baseline-pad-8-1,0.5,9.294382,1.8004746,-1.6872765,0.4749998,0.047794614,0.055699825,0.53663087,True
baseline-pad-8-1,0.6,9.610069,2.2151988,-2.1702852,0.5699997,0.06835677,0.083331585,0.6027056,True
baseline-pad-8-1,0.7,9.814908,2.5892878,-2.6593928,0.66086864,0.09031681,0.11807749,0.6593583,True
baseline-pad-8-1,0.8,9.903075,2.8735306,-3.1034534,0.7286549,0.113260016,0.1596767,0.70793253,True
baseline-pad-8-1,0.9,9.90462,3.067145,-3.4784284,0.7772259,0.13700932,0.20531592,0.74958026,True
baseline-pad-8-1,1.0,9.837469,3.1802936,-3.783285,0.8120286,0.1615004,0.25460637,0.7852892,True
baseline-pad-8-1,1.1,9.721854,3.209409,-4.0178556,0.83696574,0.18665448,0.30633986,0.8159062,True
baseline-pad-8-1,1.2,9.561441,3.177118,-4.193958,0.85483396,0.21237436,0.3559212,0.8421573,True
baseline-pad-8-1,1.3,9.351865,3.1255383,-4.326489,0.8676371,0.23862511,0.39897308,0.86466503,True
baseline-pad-8-1,1.4,9.112412,3.0846267,-4.4164867,0.8768109,0.26526877,0.43096238,0.8839633,True
baseline-pad-8-1,1.5,8.868478,3.0683901,-4.4724417,0.8833842,0.291901,0.45712137,0.9005097,True
baseline-pad-8-1,1.6,8.639857,3.076772,-4.5042477,0.8880943,0.3179751,0.47902873,0.9146967,True
baseline-pad-8-1,1.7,8.440145,3.1038935,-4.520486,0.8914691,0.34293452,0.49762955,0.92686063,True
baseline-pad-8-1,1.8,8.275042,3.1423671,-4.52826,0.89388734,0.36633357,0.5138818,0.9372901,True
baseline-pad-8-1,1.9,8.144267,3.1838555,-4.532613,0.8956201,0.38789058,0.5285044,0.9462323,True
baseline-pad-8-1,2.0,8.0429325,3.22225,-4.536657,0.8968616,0.4074846,0.5419843,0.9538993,True
baseline-pad-8-1,2.1,7.9648542,3.2514086,-4.541155,0.8977512,0.42508543,0.5548121,0.9604731,True
baseline-pad-8-1,2.2,7.904781,3.2637074,-4.5452714,0.8983887,0.44066468,0.5671338,0.9661096,True
baseline-pad-8-1,2.3,7.8532705,3.2621448,-4.5487876,0.8988455,0.45441127,0.57817805,0.9709422,True
baseline-pad-8-1,2.4,7.8047767,3.2515883,-4.5508904,0.8991728,0.46652028,0.5882397,0.9750857,True
baseline-pad-8-1,2.5,7.756268,3.2364163,-4.5509396,0.89940727,0.4771698,0.5971856,0.9786384,True
baseline-pad-8-1,2.6,7.707836,3.220038,-4.5482044,0.89957523,0.48652184,0.6048856,0.9816845,True
baseline-pad-8-1,2.7,7.660852,3.2050195,-4.542634,0.89969563,0.49472293,0.61134803,0.98429626,True
baseline-pad-8-1,2.8,7.616993,3.1929946,-4.534787,0.89978194,0.5019054,0.6166768,0.98653555,True
baseline-pad-8-1,2.9,7.5777054,3.184638,-4.5255723,0.89984375,0.508188,0.62103724,0.98845553,True
baseline-pad-8-1,3.0,7.543905,3.1798055,-4.515968,0.89988804,0.5136772,0.6246191,0.9901017,True
baseline-pad-8-1,3.1,7.515867,3.1777844,-4.506833,0.89991975,0.518468,0.62760615,0.9915132,True
baseline-pad-8-1,3.2,7.493275,3.1776042,-4.4987774,0.8999425,0.52264524,0.6301565,0.99272335,True
baseline-pad-8-1,3.3,7.4753847,3.178291,-4.4921193,0.8999588,0.5262839,0.63239,0.993761,True
baseline-pad-8-1,3.4,7.4612293,3.1790438,-4.486909,0.8999704,0.5294506,0.63438815,0.99465066,True
baseline-pad-8-1,3.5,7.4498105,3.1793346,-4.4829903,0.89997876,0.53220433,0.6361983,0.9954134,True
baseline-pad-8-1,3.6,7.4402475,3.1789174,-4.480093,0.8999847,0.53459716,0.6378438,0.9960675,True
baseline-pad-8-1,3.7,7.4318633,3.177767,-4.4778967,0.899989,0.5366748,0.63933074,0.9966283,True
baseline-pad-8-1,3.8,7.424198,3.1760576,-4.476119,0.8999921,0.53847754,0.6406578,0.99710906,True
baseline-pad-8-1,3.9,7.417018,3.1740382,-4.474529,0.8999943,0.54004073,0.641824,0.9975213,True
baseline-pad-8-1,4.0,7.4102583,3.1719682,-4.47298,0.8999959,0.5413954,0.6428317,0.99787474,True
baseline-pad-16.667-0.8,0.1,16.68228,0.40447456,-0.30421108,0.095,6.0166403e-12,0.00057551276,0.14259619,True
baseline-pad-16.667-0.8,0.2,16.783121,0.8445401,-0.81928,0.19,4.6857644e-12,0.0057976246,0.2648587,True
baseline-pad-16.667-0.8,0.3,16.9151,1.1403491,-1.3241203,0.27014476,3.649277e-12,0.024814963,0.36968702,True
baseline-pad-16.667-0.8,0.4,17.05598,1.2675653,-1.722522,0.32757095,2.8420601e-12,0.057743907,0.45956725,True
baseline-pad-16.667-0.8,0.5,17.190886,1.2759004,-2.016144,0.36871862,2.213399e-12,0.0967904,0.53663087,True
baseline-pad-16.667-0.8,0.6,17.304953,1.2188015,-2.2326396,0.3982022,1.7237971e-12,0.1326335,0.6027056,True
baseline-pad-16.667-0.8,0.7,17.390787,1.1221509,-2.3922794,0.41932815,1.3424947e-12,0.16775888,0.6593583,True
baseline-pad-16.667-0.8,0.8,17.453213,0.97262955,-2.4989965,0.4344655,1.045536e-12,0.20665994,0.70793253,True
baseline-pad-16.667-0.8,0.9,17.494154,0.7822832,-2.5578823,0.4453119,8.142644e-13,0.24306697,0.74958026,True
baseline-pad-16.667-0.8,1.0,17.509134,0.6075268,-2.5804803,0.4530837,6.341498e-13,0.2669818,0.7852892,True
baseline-pad-16.667-0.8,1.1,17.501421,0.48719692,-2.5878623,0.45865244,4.938764e-13,0.279321,0.8159062,True
baseline-pad-16.667-0.8,1.2,17.485186,0.41666985,-2.5894704,0.46264258,3.8463137e-13,0.28476292,0.8421573,True
baseline-pad-16.667-0.8,1.3,17.474108,0.37880325,-2.5880594,0.46550167,2.9955126e-13,0.28647286,0.86466503,True
baseline-pad-16.667-0.8,1.4,17.47641,0.35906935,-2.5844772,0.46755028,2.332908e-13,0.28630918,0.8839633,True
baseline-pad-16.667-0.8,1.5,17.495348,0.3478818,-2.5791523,0.46901816,1.8168708e-13,0.28534395,0.9005097,True
baseline-pad-16.667-0.8,1.6,17.530966,0.33935213,-2.5723288,0.47006997,1.4149805e-13,0.2842192,0.9146967,True
baseline-pad-16.667-0.8,1.7,17.581554,0.33011913,-2.5641036,0.47082362,1.101988e-13,0.28328037,0.92686063,True
baseline-pad-16.667-0.8,1.8,17.644625,0.31861877,-2.55451,0.47136363,8.5822916e-14,0.28266275,0.9372901,True
baseline-pad-16.667-0.8,1.9,17.717516,0.304451,-2.5435946,0.47175056,6.6838957e-14,0.28237724,0.9462323,True
baseline-pad-16.667-0.8,2.0,17.797754,0.28793573,-2.531461,0.4720278,5.2054237e-14,0.282367,0.9538993,True
baseline-pad-16.667-0.8,2.1,17.883232,0.26970172,-2.518277,0.4722265,4.0539885e-14,0.28254923,0.9604731,True
baseline-pad-16.667-0.8,2.2,17.972246,0.25044,-2.504259,0.47236887,3.1572496e-14,0.2828492,0.9661096,True
baseline-pad-16.667-0.8,2.3,18.063473,0.23074484,-2.4896352,0.47247082,2.4588687e-14,0.28321102,0.9709422,True
baseline-pad-16.667-0.8,2.4,18.155926,0.21104622,-2.4746194,0.4725439,1.9149692e-14,0.28359348,0.9750857,True
baseline-pad-16.667-0.8,2.5,18.248842,0.19163895,-2.4594069,0.4725963,1.4913797e-14,0.28397667,0.9786384,True
baseline-pad-16.667-0.8,2.6,18.341665,0.17267275,-2.4441438,0.4726338,1.16148775e-14,0.28435242,0.9816845,True
baseline-pad-16.667-0.8,2.7,18.433966,0.15421247,-2.42894,0.47266072,9.0456774e-15,0.28471947,0.98429626,True
baseline-pad-16.667-0.8,2.8,18.52542,0.13628584,-2.4138749,0.47267997,7.0447806e-15,0.28507525,0.98653555,True
baseline-pad-16.667-0.8,2.9,18.61578,0.118899345,-2.3990028,0.47269377,5.4864814e-15,0.28541932,0.98845553,True
baseline-pad-16.667-0.8,3.0,18.704855,0.1020565,-2.3843641,0.4727037,4.2728763e-15,0.28575087,0.9901017,True
baseline-pad-16.667-0.8,3.1,18.792507,0.08575344,-2.3699853,0.47271073,3.32772e-15,0.28606862,0.9915132,True
baseline-pad-16.667-0.8,3.2,18.878645,0.06999111,-2.3558836,0.47271582,2.5916311e-15,0.28637218,0.99272335,True
baseline-pad-16.667-0.8,3.3,18.963207,0.054759502,-2.3420703,0.4727195,2.0183645e-15,0.2866606,0.993761,True
baseline-pad-16.667-0.8,3.4,19.04617,0.040055513,-2.328551,0.4727221,1.5719042e-15,0.2869323,0.99465066,True
baseline-pad-16.667-0.8,3.5,19.127527,0.025860012,-2.315329,0.47272396,1.2242003e-15,0.28718808,0.9954134,True
baseline-pad-16.667-0.8,3.6,19.20729,0.012149334,-2.3024013,0.47272527,9.534084e-16,0.2874277,0.9960675,True
baseline-pad-16.667-0.8,3.7,19.285486,-0.0010948181,-2.2897644,0.47272623,7.425153e-16,0.28765255,0.9966283,True
baseline-pad-16.667-0.8,3.8,19.362144,-0.013888359,-2.2774112,0.4727269,5.782715e-16,0.2878616,0.99710906,True
baseline-pad-16.667-0.8,3.9,19.437307,-0.026241302,-2.2653372,0.4727274,4.5035837e-16,0.2880556,0.9975213,True
baseline-pad-16.667-0.8,4.0,19.511032,-0.03817463,-2.2535343,0.47272775,3.5073948e-16,0.28823492,0.99787474,True
baseline-pad-16.667-0.9,0.1,16.682207,0.4067329,-0.3066082,0.095,6.777741e-12,0.00047057867,0.14259619,True
baseline-pad-16.667-0.9,0.2,16.781942,0.85712385,-0.832897,0.19,5.2785107e-12,0.0048605497,0.2648587,True
baseline-pad-16.667-0.9,0.3,16.897812,1.2084532,-1.3861476,0.28499997,4.1109087e-12,0.021754265,0.36968702,True
baseline-pad-16.667-0.9,0.4,16.940836,1.4559841,-1.9118572,0.37999988,3.2015794e-12,0.057479292,0.45956725,True
baseline-pad-16.667-0.9,0.5,16.835556,1.5678554,-2.3784266,0.46119982,2.4933929e-12,0.11316723,0.53663087,True
baseline-pad-16.667-0.9,0.6,16.571985,1.5553255,-2.7637427,0.5193821,1.7895773e-06,0.17289668,0.6027056,True
baseline-pad-16.667-0.9,0.7,16.166039,1.4376082,-3.0669355,0.5610715,0.00013209364,0.24029666,0.6593583,True
baseline-pad-16.667-0.9,0.8,15.657927,1.2011375,-3.2803407,0.5909433,0.00090007234,0.30996665,0.70793253,True
baseline-pad-16.667-0.9,0.9,15.057152,0.9540081,-3.4235725,0.6123473,0.0032149588,0.358566,0.74958026,True
baseline-pad-16.667-0.9,1.0,14.381658,0.8216295,-3.5134091,0.62768406,0.008340364,0.3796227,0.7852892,True
baseline-pad-16.667-0.9,1.1,13.702914,0.84886885,-3.5496082,0.63867325,0.017444147,0.37635857,0.8159062,True
baseline-pad-16.667-0.9,1.2,13.11461,1.0136108,-3.538022,0.6465474,0.030803515,0.35581905,0.8421573,True
baseline-pad-16.667-0.9,1.3,12.684302,1.2469099,-3.5024593,0.65218943,0.047430288,0.329368,0.86466503,True
baseline-pad-16.667-0.9,1.4,12.424358,1.467874,-3.4721346,0.6562321,0.065538146,0.30894604,0.8839633,True
baseline-pad-16.667-0.9,1.5,12.299894,1.6234508,-3.4629896,0.6591289,0.08338713,0.30075055,0.9005097,True
baseline-pad-16.667-0.9,1.6,12.25907,1.7006974,-3.4744413,0.66120446,0.09982489,0.30412626,0.9146967,True
baseline-pad-16.667-0.9,1.7,12.256278,1.7125617,-3.4983943,0.6626917,0.11436539,0.3151194,0.92686063,True
baseline-pad-16.667-0.9,1.8,12.259893,1.6801037,-3.526859,0.6637573,0.12702395,0.32988366,0.9372901,True
baseline-pad-16.667-0.9,1.9,12.251707,1.6227503,-3.5543065,0.66452086,0.13810359,0.3456666,0.9462323,True
baseline-pad-16.667-0.9,2.0,12.223659,1.5560656,-3.577627,0.665068,0.1480199,0.3606907,0.9538993,True
baseline-pad-16.667-0.9,2.1,12.174828,1.4913187,-3.595446,0.66546,0.15718102,0.3740049,0.9604731,True
baseline-pad-16.667-0.9,2.2,12.108915,1.4355267,-3.6075463,0.6657409,0.16591458,0.3852502,0.9661096,True
baseline-pad-16.667-0.9,2.3,12.031942,1.3919523,-3.6145213,0.6659422,0.17443468,0.39448076,0.9709422,True
baseline-pad-16.667-0.9,2.4,11.950375,1.3608041,-3.61748,0.6660863,0.18284078,0.4020135,0.9750857,True
baseline-pad-16.667-0.9,2.5,11.8697815,1.3401299,-3.6177528,0.66618973,0.19113854,0.408285,0.9786384,True
baseline-pad-16.667-0.9,2.6,11.794023,1.3269678,-3.6166308,0.66626376,0.19927281,0.41372335,0.9816845,True
baseline-pad-16.667-0.9,2.7,11.725094,1.3181558,-3.6151412,0.6663169,0.20716216,0.41869587,0.98429626,True
baseline-pad-16.667-0.9,2.8,11.663383,1.3110051,-3.6139452,0.66635495,0.21472709,0.42345393,0.98653555,True
baseline-pad-16.667-0.9,2.9,11.608125,1.3037004,-3.6133456,0.6663822,0.22190858,0.42812634,0.98845553,True
baseline-pad-16.667-0.9,3.0,11.5579815,1.2953451,-3.6133573,0.6664017,0.2286758,0.43274313,0.9901017,True
baseline-pad-16.667-0.9,3.1,11.511515,1.2857832,-3.613817,0.6664157,0.23502521,0.43727642,0.9915132,True
baseline-pad-16.667-0.9,3.2,11.467513,1.2753558,-3.6144862,0.6664257,0.2409742,0.44166607,0.99272335,True
baseline-pad-16.667-0.9,3.3,11.425147,1.2646208,-3.6151347,0.6664328,0.24655268,0.44585466,0.993761,True
baseline-pad-16.667-0.9,3.4,11.383994,1.2541637,-3.6155906,0.6664379,0.25179496,0.4497953,0.99465066,True
baseline-pad-16.667-0.9,3.5,11.3439665,1.2444367,-3.6157575,0.6664416,0.25673366,0.45346498,0.9954134,True
baseline-pad-16.667-0.9,3.6,11.305198,1.2357192,-3.615615,0.66644424,0.26139617,0.45686078,0.9960675,True
baseline-pad-16.667-0.9,3.7,11.267925,1.2280974,-3.6151977,0.66644615,0.26580325,0.45999518,0.9966283,True
baseline-pad-16.667-0.9,3.8,11.2323885,1.2215209,-3.6145732,0.6664475,0.26996958,0.46289158,0.99710906,True
baseline-pad-16.667-0.9,3.9,11.198769,1.2158325,-3.61382,0.6664485,0.2739053,0.4655782,0.9975213,True
baseline-pad-16.667-0.9,4.0,11.167158,1.2108412,-3.6130102,0.6664492,0.27761796,0.46808147,0.99787474,True
baseline-pad-16.667-1,0.1,16.682133,0.4091292,-0.30926108,0.095,7.695314e-12,0.00037854922,0.14259619,True
baseline-pad-16.667-1,0.2,16.780632,0.8711109,-0.84814674,0.19,5.993117e-12,0.0040186644,0.2648587,True
baseline-pad-16.667-1,0.3,16.891945,1.2425935,-1.4243869,0.28499997,4.6674452e-12,0.018426418,0.36968702,True
baseline-pad-16.667-1,0.4,16.924154,1.5190783,-1.9823325,0.37999988,3.6350107e-12,0.04989761,0.45956725,True
baseline-pad-16.667-1,0.5,16.781574,1.6908484,-2.508915,0.4749998,2.8309495e-12,0.10269427,0.53663087,True
baseline-pad-16.667-1,0.6,16.352964,1.7807369,-3.0301712,0.5699997,3.0797775e-05,0.17767921,0.6027056,True
baseline-pad-16.667-1,0.7,15.537169,1.7087107,-3.56055,0.66086864,0.0007989702,0.3013712,0.6593583,True
baseline-pad-16.667-1,0.8,14.358342,1.3938769,-3.9998982,0.7286549,0.0050881347,0.39907408,0.70793253,True
baseline-pad-16.667-1,0.9,12.924535,1.1207666,-4.276846,0.7772259,0.017848106,0.4508834,0.74958026,True
baseline-pad-16.667-1,1.0,11.390421,1.1691179,-4.3844266,0.8120286,0.043845575,0.45648128,0.7852892,True
baseline-pad-16.667-1,1.1,10.039436,1.5952333,-4.346032,0.83696574,0.082944386,0.4282261,0.8159062,True
baseline-pad-16.667-1,1.2,9.1228695,2.2197857,-4.249386,0.85483396,0.128934,0.38821977,0.8421573,True
baseline-pad-16.667-1,1.3,8.669056,2.800228,-4.191087,0.8676371,0.17500438,0.36272305,0.86466503,True
baseline-pad-16.667-1,1.4,8.523643,3.201713,-4.2026234,0.8768109,0.21765903,0.36128294,0.8839633,True
baseline-pad-16.667-1,1.5,8.5277,3.4151874,-4.2607813,0.8833842,0.2558485,0.38081306,0.9005097,True
baseline-pad-16.667-1,1.6,8.56448,3.4918876,-4.345244,0.8880943,0.28958535,0.41256142,0.9146967,True
baseline-pad-16.667-1,1.7,8.574597,3.4841926,-4.435771,0.8914691,0.31936353,0.4481327,0.92686063,True
baseline-pad-16.667-1,1.8,8.539009,3.4259863,-4.514554,0.89388734,0.34584224,0.4809114,0.9372901,True
baseline-pad-16.667-1,1.9,8.459945,3.3440151,-4.5717263,0.8956201,0.3696252,0.50969124,0.9462323,True
baseline-pad-16.667-1,2.0,8.342491,3.2625332,-4.607378,0.8968616,0.39118218,0.5341259,0.9538993,True
baseline-pad-16.667-1,2.1,8.200099,3.2000837,-4.6231146,0.8977512,0.41080603,0.5537846,0.9604731,True
baseline-pad-16.667-1,2.2,8.051016,3.1668406,-4.6223035,0.8983887,0.42861608,0.56889606,0.9661096,True
baseline-pad-16.667-1,2.3,7.914778,3.1588483,-4.60863,0.8988455,0.44453347,0.58071625,0.9709422,True
baseline-pad-16.667-1,2.4,7.8061905,3.1606648,-4.5871944,0.8991728,0.458433,0.5901778,0.9750857,True
baseline-pad-16.667-1,2.5,7.7227736,3.1700182,-4.5646935,0.89940727,0.4705485,0.5970855,0.9786384,True
baseline-pad-16.667-1,2.6,7.664333,3.1832407,-4.5431004,0.89957523,0.48110074,0.6021105,0.9816845,True
baseline-pad-16.667-1,2.7,7.6244574,3.1965678,-4.5264487,0.89969563,0.49028453,0.6068971,0.98429626,True
baseline-pad-16.667-1,2.8,7.5966034,3.206806,-4.515515,0.89978194,0.49827152,0.6115867,0.98653555,True
baseline-pad-16.667-1,2.9,7.5756555,3.2121747,-4.509282,0.89984375,0.50521284,0.61617935,0.98845553,True
baseline-pad-16.667-1,3.0,7.5578003,3.212378,-4.5061574,0.89988804,0.5112414,0.6205894,0.9901017,True
baseline-pad-16.667-1,3.1,7.540565,3.20823,-4.504561,0.89991975,0.5164737,0.62470055,0.9915132,True
baseline-pad-16.667-1,3.2,7.522739,3.2011766,-4.5032163,0.8999425,0.52101237,0.62840605,0.99272335,True
baseline-pad-16.667-1,3.3,7.504136,3.1928315,-4.5012846,0.8999588,0.524947,0.6316335,0.993761,True
baseline-pad-16.667-1,3.4,7.485255,3.1846318,-4.4983807,0.8999704,0.5283561,0.63435626,0.99465066,True
baseline-pad-16.667-1,3.5,7.466922,3.177622,-4.494512,0.89997876,0.5313083,0.63658977,0.9954134,True
baseline-pad-16.667-1,3.6,7.4499803,3.1724162,-4.4899545,0.8999847,0.5338635,0.6383844,0.9960675,True
baseline-pad-16.667-1,3.7,7.4351096,3.16914,-4.4851074,0.899989,0.5360741,0.6398151,0.9966283,True
baseline-pad-16.667-1,3.8,7.422691,3.1675663,-4.4803853,0.8999921,0.53798574,0.64096314,0.99710906,True
baseline-pad-16.667-1,3.9,7.412777,3.1672568,-4.476135,0.8999943,0.53963816,0.6419052,0.9975213,True
baseline-pad-16.667-1,4.0,7.405153,3.1676967,-4.4725723,0.8999959,0.5410658,0.64270544,0.99787474,True
baseline-pad-27.778-0.8,0.1,27.738098,0.5374547,-0.468976,0.095,0,0.0021189451,0.14259619,True
baseline-pad-27.778-0.8,0.2,27.677038,0.7098532,-1.092866,0.19,0,0.0550026,0.2648587,True
baseline-pad-27.778-0.8,0.3,27.531311,0.36984968,-1.4747051,0.27014476,0,0.18410718,0.36968702,True
baseline-pad-27.778-0.8,0.4,27.2772,-0.23558807,-1.6423517,0.32757095,0,0.30630672,0.45956725,True
baseline-pad-27.778-0.8,0.5,26.902304,-0.7969427,-1.7140936,0.36871862,0,0.37728122,0.53663087,True
baseline-pad-27.778-0.8,0.6,26.426945,-1.2483349,-1.7410145,0.3982022,0,0.42952564,0.6027056,True
baseline-pad-27.778-0.8,0.7,25.924381,-1.649518,-1.7134535,0.41932815,0,0.46960402,0.6593583,True
baseline-pad-27.778-0.8,0.8,25.425804,-1.8801174,-1.6482952,0.4344655,0,0.47834295,0.70793253,True
baseline-pad-27.778-0.8,0.9,24.935974,-1.8229542,-1.5813297,0.4453119,0,0.45596775,0.74958026,True
baseline-pad-27.778-0.8,1.0,24.489122,-1.5228729,-1.5375087,0.4530837,0,0.41242445,0.7852892,True
baseline-pad-27.778-0.8,1.1,24.123175,-1.1169076,-1.5334783,0.45865244,0,0.36171246,0.8159062,True
baseline-pad-27.778-0.8,1.2,23.851744,-0.75384223,-1.5721632,0.46264258,0,0.32081467,0.8421573,True
baseline-pad-27.778-0.8,1.3,23.661077,-0.52531004,-1.6363894,0.46550167,0,0.29986846,0.86466503,True
baseline-pad-27.778-0.8,1.4,23.52432,-0.43876743,-1.6999282,0.46755028,0,0.2964537,0.8839633,True
baseline-pad-27.778-0.8,1.5,23.416855,-0.4483528,-1.7453512,0.46901816,0,0.3020259,0.9005097,True
baseline-pad-27.778-0.8,1.6,23.32329,-0.49798107,-1.7689518,0.47006997,0,0.30906266,0.9146967,True
baseline-pad-27.778-0.8,1.7,23.237581,-0.5458002,-1.7755827,0.47082362,0,0.31343126,0.92686063,True
baseline-pad-27.778-0.8,1.8,23.16004,-0.5707321,-1.7727234,0.47136363,0,0.31396675,0.9372901,True
baseline-pad-27.778-0.8,1.9,23.093725,-0.5695472,-1.766934,0.47175056,0,0.31136578,0.9462323,True
baseline-pad-27.778-0.8,2.0,23.041567,-0.5499157,-1.7623417,0.4720278,0,0.30713153,0.9538993,True
baseline-pad-27.778-0.8,2.1,23.004839,-0.5230676,-1.7604526,0.4722265,0,0.30273092,0.9604731,True
baseline-pad-27.778-0.8,2.2,22.98285,-0.49828672,-1.7608404,0.47236887,0,0.29912955,0.9661096,True
baseline-pad-27.778-0.8,2.3,22.973608,-0.48060894,-1.7621347,0.47247082,0,0.2966681,0.9709422,True
baseline-pad-27.778-0.8,2.4,22.974644,-0.47087002,-1.7629634,0.4725439,0,0.29520252,0.9750857,True
baseline-pad-27.778-0.8,2.5,22.983677,-0.46727943,-1.7624866,0.4725963,0,0.2943753,0.9786384,True
baseline-pad-27.778-0.8,2.6,22.998985,-0.46720123,-1.7604831,0.4726338,0,0.29382974,0.9816845,True
baseline-pad-27.778-0.8,2.7,23.019415,-0.46841717,-1.757171,0.47266072,0,0.29332948,0.98429626,True
baseline-pad-27.778-0.8,2.8,23.044266,-0.46963072,-1.7529486,0.47267997,0,0.2927729,0.98653555,True
baseline-pad-27.778-0.8,2.9,23.073082,-0.47040415,-1.7482007,0.47269377,0,0.2921581,0.98845553,True
baseline-pad-27.778-0.8,3.0,23.105507,-0.4709109,-1.743189,0.4727037,0,0.2915361,0.9901017,True
baseline-pad-27.778-0.8,3.1,23.14119,-0.47150993,-1.7380415,0.47271073,0,0.29095846,0.9915132,True
baseline-pad-27.778-0.8,3.2,23.17975,-0.47251987,-1.7327832,0.47271582,0,0.29045838,0.99272335,True
baseline-pad-27.778-0.8,3.3,23.22082,-0.47411156,-1.7273937,0.4727195,0,0.29004586,0.993761,True
baseline-pad-27.778-0.8,3.4,23.26404,-0.47627926,-1.7218443,0.4727221,0,0.2897095,0.99465066,True
baseline-pad-27.778-0.8,3.5,23.309101,-0.47893047,-1.7161196,0.47272396,0,0.2894341,0.9954134,True
baseline-pad-27.778-0.8,3.6,23.35577,-0.4819994,-1.7101896,0.47272527,0,0.28921947,0.9960675,True
baseline-pad-27.778-0.8,3.7,23.403913,-0.48541594,-1.703993,0.47272623,0,0.28902978,0.9966283,True
baseline-pad-27.778-0.8,3.8,23.453314,-0.48872375,-1.6976297,0.4727269,0,0.2888015,0.99710906,True
baseline-pad-27.778-0.8,3.9,23.503801,-0.49177444,-1.691227,0.4727274,0,0.2885481,0.9975213,True
baseline-pad-27.778-0.8,4.0,23.555288,-0.49471283,-1.6848311,0.47272775,0,0.28829795,0.99787474,True
baseline-pad-27.778-0.9,0.1,27.738087,0.5377752,-0.46925154,0.095,0,0.0021062493,0.14259619,True
baseline-pad-27.778-0.9,0.2,27.67676,0.711678,-1.094727,0.19,0,0.0547024,0.2648587,True
baseline-pad-27.778-0.9,0.3,27.519547,0.3798213,-1.4854165,0.28499997,0,0.18497923,0.36968702,True
baseline-pad-27.778-0.9,0.4,27.189245,-0.23055172,-1.6739454,0.37999988,0,0.31670532,0.45956725,True
baseline-pad-27.778-0.9,0.5,26.612207,-0.8314209,-1.7928207,0.46119982,0,0.4065143,0.53663087,True
baseline-pad-27.778-0.9,0.6,25.785448,-1.3910961,-1.9034871,0.5193821,0,0.48305422,0.6027056,True
baseline-pad-27.778-0.9,0.7,24.793903,-1.9992418,-1.9841782,0.5610715,0,0.5467578,0.6593583,True
baseline-pad-27.778-0.9,0.8,23.656994,-2.5312166,-2.0585852,0.5909433,0,0.59001213,0.70793253,True
baseline-pad-27.778-0.9,0.9,22.327839,-2.8552465,-2.1750245,0.6123473,0,0.61212796,0.74958026,True
baseline-pad-27.778-0.9,1.0,20.778486,-2.9558334,-2.3651493,0.62768406,0,0.62434137,0.7852892,True
baseline-pad-27.778-0.9,1.1,18.998543,-2.8755355,-2.6532252,0.63867325,0,0.63377404,0.8159062,True
baseline-pad-27.778-0.9,1.2,16.989275,-2.6575212,-3.0514243,0.6465474,0,0.64233303,0.8421573,True
baseline-pad-27.778-0.9,1.3,14.800415,-2.3138351,-3.5252457,0.65218943,0.002417718,0.6427944,0.86466503,True
baseline-pad-27.778-0.9,1.4,12.622867,-1.7391331,-3.7828643,0.6562321,0.019314267,0.6071316,0.8839633,True
baseline-pad-27.778-0.9,1.5,10.85387,-0.6884288,-3.6441145,0.6591289,0.054977942,0.5040425,0.9005097,True
baseline-pad-27.778-0.9,1.6,9.944981,0.6050708,-3.3164263,0.66120446,0.09969227,0.36888242,0.9146967,True
baseline-pad-27.778-0.9,1.7,9.884935,1.5775118,-3.1212466,0.6626917,0.14165552,0.28484184,0.92686063,True
baseline-pad-27.778-0.9,1.8,10.228616,2.0333273,-3.1204,0.6637573,0.17524968,0.27618423,0.9372901,True
baseline-pad-27.778-0.9,1.9,10.664267,2.149334,-3.2058258,0.66452086,0.19938768,0.2978798,0.9462323,True
baseline-pad-27.778-0.9,2.0,11.066433,2.0981765,-3.3104455,0.665068,0.21506013,0.32616872,0.9538993,True
baseline-pad-27.778-0.9,2.1,11.386571,1.9693072,-3.409124,0.66546,0.22415341,0.35442096,0.9604731,True
baseline-pad-27.778-0.9,2.2,11.609585,1.8067012,-3.4924858,0.6657409,0.22876844,0.38029367,0.9661096,True
baseline-pad-27.778-0.9,2.3,11.736896,1.6364348,-3.557273,0.6659422,0.23083267,0.4028312,0.9709422,True
baseline-pad-27.778-0.9,2.4,11.77896,1.4803392,-3.6035266,0.6660863,0.23190932,0.421022,0.9750857,True
baseline-pad-27.778-0.9,2.5,11.753806,1.3512926,-3.6318827,0.66618973,0.23312412,0.43503153,0.9786384,True
baseline-pad-27.778-0.9,2.6,11.682747,1.2566171,-3.6443145,0.66626376,0.23514979,0.44480836,0.9816845,True
baseline-pad-27.778-0.9,2.7,11.586399,1.2007875,-3.6446102,0.6663169,0.23826633,0.45041752,0.98429626,True
baseline-pad-27.778-0.9,2.8,11.484004,1.1810938,-3.6370785,0.66635495,0.24243793,0.45286548,0.98653555,True
baseline-pad-27.778-0.9,2.9,11.3912525,1.1872374,-3.6258328,0.6663822,0.24739732,0.45356345,0.98845553,True
baseline-pad-27.778-0.9,3.0,11.317131,1.2065587,-3.6145186,0.6664017,0.25276333,0.45376414,0.9901017,True
baseline-pad-27.778-0.9,3.1,11.263671,1.2281423,-3.605704,0.6664157,0.25816008,0.45432168,0.9915132,True
baseline-pad-27.778-0.9,3.2,11.227883,1.2448592,-3.6005511,0.6664257,0.26329806,0.45563322,0.99272335,True
baseline-pad-27.778-0.9,3.3,11.204365,1.2533844,-3.5989618,0.6664328,0.26800627,0.45775145,0.993761,True
baseline-pad-27.778-0.9,3.4,11.187391,1.253463,-3.6000605,0.6664379,0.27222562,0.46049744,0.99465066,True
baseline-pad-27.778-0.9,3.5,11.172237,1.2468042,-3.6026917,0.6664416,0.27598143,0.46359438,0.9954134,True
baseline-pad-27.778-0.9,3.6,11.155769,1.2359726,-3.6057718,0.66644424,0.27934852,0.46676797,0.9960675,True
baseline-pad-27.778-0.9,3.7,11.136509,1.2235024,-3.6084752,0.66644615,0.2824192,0.46981186,0.9966283,True
baseline-pad-27.778-0.9,3.8,11.114314,1.2114506,-3.6103144,0.6664475,0.2852792,0.47258216,0.99710906,True
baseline-pad-27.778-0.9,3.9,11.089898,1.2012773,-3.611143,0.6664485,0.2879942,0.47500044,0.9975213,True
baseline-pad-27.778-0.9,4.0,11.06446,1.1936255,-3.6110427,0.6664492,0.29060462,0.47707725,0.99787474,True
baseline-pad-27.778-1,0.1,27.738073,0.5381584,-0.46958137,0.095,0,0.0020911694,0.14259619,True
baseline-pad-27.778-1,0.2,27.676435,0.7138629,-1.0969589,0.19,0,0.054343283,0.2648587,True
baseline-pad-27.778-1,0.3,27.517414,0.38606596,-1.4918784,0.28499997,0,0.18368712,0.36968702,True
baseline-pad-27.778-1,0.4,27.18083,-0.21619701,-1.6880058,0.37999988,0,0.31375182,0.45956725,True
baseline-pad-27.778-1,0.5,26.5761,-0.8023329,-1.8232138,0.4749998,0,0.40411425,0.53663087,True
baseline-pad-27.778-1,0.6,25.62156,-1.3705959,-1.9792194,0.5699997,0,0.49434763,0.6027056,True
baseline-pad-27.778-1,0.7,24.29477,-2.0920668,-2.1677501,0.66086864,0,0.592801,0.6593583,True
baseline-pad-27.778-1,0.8,22.493954,-2.94312,-2.4745226,0.7286549,0,0.68187284,0.70793253,True
baseline-pad-27.778-1,0.9,20.04674,-3.7388964,-2.8856728,0.7772259,0,0.71031916,0.74958026,True
baseline-pad-27.778-1,1.0,16.871649,-3.9995542,-3.3489172,0.8120286,0,0.70459867,0.7852892,True
baseline-pad-27.778-1,1.1,12.965982,-3.3492827,-3.957304,0.83696574,0.009388061,0.6732856,0.8159062,True
baseline-pad-27.778-1,1.2,8.9356985,-1.7207386,-4.105603,0.85483396,0.05777246,0.5974535,0.8421573,True
baseline-pad-27.778-1,1.3,6.287137,0.44833922,-3.6603293,0.8676371,0.12017785,0.46246326,0.86466503,True
baseline-pad-27.778-1,1.4,5.837281,2.2245185,-3.2203882,0.8768109,0.17498447,0.27645814,0.8839633,True
baseline-pad-27.778-1,1.5,6.309859,3.155993,-3.2040827,0.8833842,0.22296494,0.26313528,0.9005097,True
baseline-pad-27.778-1,1.6,6.8382406,3.6069312,-3.399564,0.8880943,0.26496273,0.29763973,0.9146967,True
baseline-pad-27.778-1,1.7,7.3122706,3.8507724,-3.6486988,0.8914691,0.3017115,0.3382879,0.92686063,True
baseline-pad-27.778-1,1.8,7.7174435,3.971242,-3.8964534,0.89388734,0.33385232,0.38000983,0.9372901,True
baseline-pad-27.778-1,1.9,8.039718,3.995126,-4.1235595,0.8956201,0.361927,0.42240748,0.9462323,True
baseline-pad-27.778-1,2.0,8.275603,3.913611,-4.3120327,0.8968616,0.3858248,0.46407637,0.9538993,True
baseline-pad-27.778-1,2.1,8.4092865,3.7493896,-4.4633756,0.8977512,0.40589723,0.5052211,0.9604731,True
baseline-pad-27.778-1,2.2,8.423991,3.5459745,-4.579385,0.8983887,0.4231219,0.5415079,0.9661096,True
baseline-pad-27.778-1,2.3,8.337374,3.3428817,-4.6516705,0.8988455,0.43846524,0.5694731,0.9709422,True
baseline-pad-27.778-1,2.4,8.175187,3.1786923,-4.6834583,0.8991728,0.45254314,0.5905849,0.9750857,True
baseline-pad-27.778-1,2.5,7.9747896,3.078498,-4.680052,0.89940727,0.46552864,0.60481536,0.9786384,True
baseline-pad-27.778-1,2.6,7.7850323,3.031425,-4.64697,0.89957523,0.47699085,0.6141062,0.9816845,True
baseline-pad-27.778-1,2.7,7.6322927,3.0268943,-4.5995393,0.89969563,0.48691964,0.61911184,0.98429626,True
baseline-pad-27.778-1,2.8,7.5280423,3.0549698,-4.5476093,0.89978194,0.4955166,0.6187929,0.98653555,True
baseline-pad-27.778-1,2.9,7.4733186,3.100278,-4.5027027,0.89984375,0.5029573,0.6182365,0.98845553,True
baseline-pad-27.778-1,3.0,7.454354,3.1486247,-4.472898,0.89988804,0.50939465,0.6185218,0.9901017,True
baseline-pad-27.778-1,3.1,7.4572134,3.1898665,-4.4587865,0.89991975,0.5149618,0.61998737,0.9915132,True
baseline-pad-27.778-1,3.2,7.4701924,3.2179708,-4.4570746,0.8999425,0.51977456,0.6225474,0.99272335,True
baseline-pad-27.778-1,3.3,7.484162,3.231264,-4.46329,0.8999588,0.5239336,0.62588596,0.993761,True
baseline-pad-27.778-1,3.4,7.493059,3.2313151,-4.4730883,0.8999704,0.5275264,0.62959707,0.99465066,True
baseline-pad-27.778-1,3.5,7.49392,3.2215912,-4.4829116,0.89997876,0.530629,0.63328516,0.9954134,True
baseline-pad-27.778-1,3.6,7.486424,3.2062898,-4.4903274,0.8999847,0.5333073,0.63662684,0.9960675,True
baseline-pad-27.778-1,3.7,7.4721546,3.189441,-4.4940853,0.899989,0.53561884,0.63940847,0.9966283,True
baseline-pad-27.778-1,3.8,7.4537587,3.1742702,-4.4939923,0.8999921,0.537613,0.64153576,0.99710906,True
baseline-pad-27.778-1,3.9,7.434151,3.162848,-4.4906545,0.8999943,0.53933287,0.6430253,0.9975213,True
baseline-pad-27.778-1,4.0,7.415881,3.1560142,-4.4851527,0.8999959,0.5408159,0.6439744,0.99787474,True
baseline-donut,0.1,0.08331529,0.0017194861,-0.0010500174,0.095,0.00090830564,0.0011168122,0.14259619,True
baseline-donut,0.2,0.36605507,0.0219033,-0.014254042,0.19,0.0055724946,0.006334871,0.2648587,True
baseline-donut,0.3,0.8051818,0.088308394,-0.05982064,0.28499997,0.015439214,0.016902655,0.36968702,True
baseline-donut,0.4,1.3607296,0.22830504,-0.15917842,0.37999988,0.030684125,0.03289044,0.45956725,True
baseline-donut,0.5,1.9894513,0.46228263,-0.3301041,0.4749998,0.050766796,0.05375439,0.53663087,True
baseline-donut,0.6,2.6461885,0.79685426,-0.58191913,0.5699997,0.07479707,0.078648716,0.6027056,True
baseline-donut,0.7,3.2877564,1.2181563,-0.91001624,0.66086864,0.10176445,0.10663283,0.6593583,True
baseline-donut,0.8,3.8971562,1.6759315,-1.2806427,0.7286549,0.13067518,0.13669598,0.70793253,True
baseline-donut,0.9,4.483139,2.1240463,-1.66007,0.7772259,0.1606282,0.16798925,0.74958026,True
baseline-donut,1.0,5.0511894,2.5381584,-2.0315049,0.8120286,0.19085136,0.19987881,0.7852892,True
baseline-donut,1.1,5.6016955,2.9051073,-2.3876908,0.83696574,0.22071283,0.23195258,0.8159062,True
baseline-donut,1.2,6.130601,3.217155,-2.725769,0.85483396,0.2497175,0.26405287,0.8421573,True
baseline-donut,1.3,6.630152,3.469245,-3.044306,0.8676371,0.27749524,0.2962941,0.86466503,True
baseline-donut,1.4,7.0896378,3.6580145,-3.3418493,0.8768109,0.30378503,0.3290373,0.8839633,True
baseline-donut,1.5,7.4961863,3.7823033,-3.6167116,0.8833842,0.3284179,0.36268073,0.9005097,True
baseline-donut,1.6,7.834162,3.8490896,-3.8690572,0.8880943,0.3513003,0.3972384,0.9146967,True
baseline-donut,1.7,8.093595,3.8563602,-4.092758,0.8914691,0.3723163,0.43287936,0.92686063,True
baseline-donut,1.8,8.280403,3.780552,-4.2736588,0.89388734,0.39094526,0.4687479,0.9372901,True
baseline-donut,1.9,8.379981,3.638472,-4.41595,0.8956201,0.40735158,0.5047508,0.9462323,True
baseline-donut,2.0,8.379634,3.465602,-4.524226,0.8968616,0.4220959,0.53828967,0.9538993,True
baseline-donut,2.1,8.28995,3.2985098,-4.594383,0.8977512,0.4357675,0.56351614,0.9604731,True
baseline-donut,2.2,8.140386,3.1685762,-4.6272054,0.8983887,0.44868737,0.5824943,0.9661096,True
baseline-donut,2.3,7.963268,3.0937982,-4.6291113,0.8988455,0.46084684,0.59569454,0.9709422,True
baseline-donut,2.4,7.799487,3.061033,-4.6058083,0.8991728,0.47178927,0.60477364,0.9750857,True
baseline-donut,2.5,7.6681895,3.061243,-4.570139,0.89940727,0.4814837,0.60960007,0.9786384,True
baseline-donut,2.6,7.579503,3.0856361,-4.530239,0.89957523,0.49005374,0.61089253,0.9816845,True
baseline-donut,2.7,7.529238,3.122467,-4.4971004,0.89969563,0.49761462,0.61206317,0.98429626,True
baseline-donut,2.8,7.5070744,3.1605394,-4.4756985,0.89978194,0.50427294,0.613796,0.98653555,True
baseline-donut,2.9,7.502256,3.1921506,-4.4661,0.89984375,0.51012635,0.616343,0.98845553,True
baseline-donut,3.0,7.505576,3.212894,-4.4656563,0.89988804,0.5152642,0.61962783,0.9901017,True
baseline-donut,3.1,7.5098486,3.2218406,-4.4709206,0.89991975,0.5197674,0.6233795,0.9915132,True
baseline-donut,3.2,7.5103755,3.2205806,-4.478557,0.8999425,0.52370906,0.627277,0.99272335,True
baseline-donut,3.3,7.505034,3.211976,-4.485843,0.8999588,0.52715486,0.6310141,0.993761,True
baseline-donut,3.4,7.4937506,3.199368,-4.4909773,0.8999704,0.5301637,0.63435125,0.99465066,True
baseline-donut,3.5,7.477871,3.1858845,-4.4931073,0.89997876,0.5327882,0.63714015,0.9954134,True
baseline-donut,3.6,7.4594927,3.1739762,-4.4922028,0.8999847,0.5350751,0.63932824,0.9960675,True
baseline-donut,3.7,7.4408517,3.1651464,-4.488827,0.899989,0.53706616,0.6409484,0.9966283,True
baseline-donut,3.8,7.4238434,3.159949,-4.4838767,0.8999921,0.5387979,0.64209133,0.99710906,True
baseline-donut,3.9,7.409739,3.158132,-4.4783244,0.8999943,0.54030305,0.64287984,0.9975213,True
baseline-donut,4.0,7.399095,3.158918,-4.473021,0.8999959,0.5416101,0.64343953,0.99787474,True
baseline-donut,4.1,7.3918357,3.161283,-4.4685655,0.89999706,0.5427445,0.64387834,0.9981778,True
baseline-donut,4.2,7.387425,3.1642337,-4.465269,0.89999783,0.54372835,0.64427495,0.99843764,True
baseline-donut,4.3,7.385079,3.1669552,-4.463168,0.8999985,0.54458106,0.64467645,0.99866045,True
baseline-donut,4.4,7.383968,3.1689339,-4.4621005,0.89999884,0.5453197,0.6451005,0.9988514,True
baseline-donut,4.5,7.3833685,3.1699395,-4.4617867,0.8999992,0.54595906,0.64554334,0.99901515,True
baseline-donut,4.6,7.3827457,3.169989,-4.461913,0.89999944,0.54651237,0.64598894,0.9991556,True
baseline-donut,4.7,7.3817863,3.1692743,-4.4621954,0.89999944,0.54699093,0.6464151,0.99927604,True
baseline-donut,4.8,7.3803825,3.1680903,-4.462419,0.89999944,0.5474047,0.6468017,0.9993793,True
baseline-donut,4.9,7.378589,3.1667242,-4.462454,0.89999944,0.5477623,0.6471348,0.9994678,True
baseline-donut,5.0,7.376559,3.165431,-4.4622564,0.89999944,0.5480711,0.6474074,0.99954367,True
baseline-donut,5.1,7.374481,3.1643796,-4.4618444,0.89999944,0.54833776,0.64762056,0.9996087,True
baseline-donut,5.2,7.372533,3.1636567,-4.461283,0.89999944,0.54856795,0.64778125,0.9996645,True
baseline-donut,5.3,7.370846,3.1632714,-4.4606543,0.89999944,0.5487665,0.64789927,0.9997123,True
baseline-donut,5.4,7.369494,3.163169,-4.460034,0.89999944,0.54893774,0.6479863,0.9997533,True
baseline-donut,5.5,7.3684907,3.1632714,-4.459486,0.89999944,0.54908544,0.64805394,0.9997885,True
baseline-donut,5.6,7.3678026,3.1634767,-4.4590487,0.89999944,0.5492127,0.64811087,0.9998187,True
baseline-donut,5.7,7.367364,3.1637058,-4.458732,0.89999944,0.54932237,0.6481627,0.99984455,True
baseline-donut,5.8,7.3670964,3.1639004,-4.458531,0.89999944,0.54941684,0.6482134,0.9998667,True
baseline-donut,5.9,7.3669286,3.1640162,-4.4584217,0.89999944,0.54949826,0.6482643,0.99988574,True
baseline-donut,6.0,7.366797,3.1640465,-4.458376,0.89999944,0.5495684,0.64831436,0.99990207,True
baseline-donut,6.1,7.3666587,3.1640012,-4.458364,0.89999944,0.5496289,0.6483623,0.99991614,True
baseline-donut,6.2,7.366494,3.1638985,-4.4583607,0.89999944,0.54968095,0.64840657,0.9999281,True
baseline-donut,6.3,7.3662987,3.1637712,-4.4583516,0.89999944,0.54972565,0.6484451,0.9999384,True
baseline-donut,6.4,7.3660817,3.1636386,-4.4583263,0.89999944,0.5497642,0.6484779,0.9999472,True
baseline-donut,6.5,7.3658595,3.1635232,-4.4582834,0.89999944,0.54979736,0.6485045,0.9999547,True
baseline-donut,6.6,7.3656454,3.163435,-4.4582233,0.89999944,0.54982597,0.64852524,0.99996114,True
baseline-donut,6.7,7.3654523,3.1633792,-4.458156,0.89999944,0.54985046,0.648541,0.99996674,True
baseline-donut,6.8,7.3652916,3.1633518,-4.4580894,0.89999944,0.54987156,0.648553,0.99997145,True
baseline-donut,6.9,7.365165,3.1633496,-4.4580274,0.89999944,0.5498896,0.6485621,0.99997556,True
baseline-donut,7.0,7.3650723,3.1633606,-4.457975,0.89999944,0.5499052,0.6485697,0.999979,True
baseline-donut,7.1,7.365008,3.163378,-4.457935,0.89999944,0.5499186,0.64857614,0.999982,True
baseline-donut,7.2,7.364965,3.163397,-4.4579077,0.89999944,0.54993004,0.6485822,0.99998456,True
baseline-donut,7.3,7.3649364,3.1634078,-4.457888,0.89999944,0.54993993,0.64858794,0.99998677,True
baseline-donut,7.4,7.3649154,3.1634135,-4.4578786,0.89999944,0.5499484,0.64859366,0.9999886,True
baseline-donut,7.5,7.364896,3.163412,-4.457874,0.89999944,0.5499557,0.64859897,0.9999902,True
baseline-donut,7.6,7.3648767,3.1634045,-4.45787,0.89999944,0.549962,0.6486038,0.99999166,True
baseline-donut,7.7,7.364856,3.1633902,-4.457867,0.89999944,0.54996735,0.64860857,0.9999928,True
baseline-donut,7.8,7.364832,3.1633792,-4.457864,0.89999944,0.54997194,0.6486119,0.99999386,True
baseline-donut,7.9,7.364807,3.1633685,-4.4578595,0.89999944,0.54997593,0.64861524,0.9999947,True
baseline-donut,8.0,7.3647847,3.1633594,-4.457854,0.89999944,0.5499793,0.6486175,0.9999954,True
trial-Dirt-8-key,0.1,7.9861155,0.014159269,-0.009221773,0.007007988,6.2684876e-06,2.7686356e-05,0.02123976,True
trial-Dirt-8-key,0.2,8.012323,0.058220718,-0.04267871,0.023508491,0.0001334037,0.00040125847,0.075099304,True
trial-Dirt-8-key,0.3,8.132652,0.12646681,-0.099963896,0.046813294,0.0008386567,0.0019078255,0.15692791,True
trial-Dirt-8-key,0.4,8.382653,0.21507548,-0.17938988,0.07499097,0.0030964382,0.005735755,0.26273727,True
trial-Dirt-8-key,0.5,8.782199,0.3234566,-0.28190526,0.10666284,0.008054193,0.012647241,0.36786813,True
trial-Dirt-8-key,0.6,9.311214,0.45108503,-0.40981308,0.14083579,0.01588203,0.022433043,0.4580077,True
trial-Dirt-8-key,0.7,9.942176,0.5957775,-0.5652573,0.17680345,0.025922623,0.034541786,0.53529376,True
trial-Dirt-8-key,0.8,10.648534,0.75302947,-0.74929196,0.21405445,0.036900464,0.04799986,0.6015591,True
trial-Dirt-8-key,0.9,11.403698,0.9157734,-0.9611074,0.25222763,0.04720523,0.061718076,0.65837526,True
trial-Dirt-8-key,1.0,12.180168,1.0747075,-1.1974651,0.291059,0.055284247,0.07486868,0.70708966,True
trial-Dirt-8-key,1.1,12.948943,1.219048,-1.4524738,0.33036453,0.060035877,0.08738917,0.74885756,True
trial-Dirt-8-key,1.2,13.679353,1.3383355,-1.7182418,0.37000722,0.061052617,0.09985983,0.78466946,True
trial-Dirt-8-key,1.3,14.339387,1.4245763,-1.9862306,0.40989414,0.058219727,0.1134361,0.8153748,True
trial-Dirt-8-key,1.4,14.897025,1.4704552,-2.247967,0.4499534,0.052556433,0.13091913,0.8417016,True
trial-Dirt-8-key,1.5,15.321495,1.4695494,-2.4974768,0.49013883,0.045574237,0.1552639,0.8642743,True
trial-Dirt-8-key,1.6,15.583418,1.4202718,-2.7340684,0.53041196,0.038595904,0.18761122,0.8836283,True
trial-Dirt-8-key,1.7,15.652445,1.3351662,-2.964536,0.5707506,0.032603815,0.22643945,0.9002225,True
trial-Dirt-8-key,1.8,15.504913,1.2123108,-3.192958,0.6111336,0.028416853,0.27367154,0.91445035,True
trial-Dirt-8-key,1.9,15.124906,1.054903,-3.419397,0.6515522,0.027162068,0.32507455,0.9266494,True
trial-Dirt-8-key,2.0,14.504574,0.88922954,-3.6384385,0.6919938,0.030292112,0.37374204,0.93710893,True
trial-Dirt-8-key,2.1,13.664762,0.7580642,-3.8295062,0.73245174,0.040528286,0.41168815,0.946077,True
trial-Dirt-8-key,2.2,12.673225,0.7153578,-3.9614463,0.7729215,0.061330926,0.43237025,0.95376617,True
trial-Dirt-8-key,2.3,11.64845,0.7887759,-4.009567,0.80885214,0.09428229,0.43878865,0.9603589,True
trial-Dirt-8-key,2.4,10.748084,0.9739163,-3.9675136,0.8346897,0.13671623,0.4300462,0.9660116,True
trial-Dirt-8-key,2.5,10.062315,1.2287202,-3.8884385,0.8532031,0.18362977,0.41985396,0.97085816,True
trial-Dirt-8-key,2.6,9.5945,1.466665,-3.8259804,0.8664686,0.23014735,0.42003083,0.97501373,True
trial-Dirt-8-key,2.7,9.29173,1.6250772,-3.79804,0.87597364,0.2732204,0.43325847,0.97857666,True
trial-Dirt-8-key,2.8,9.087466,1.6919044,-3.7950559,0.8827843,0.31162268,0.4543976,0.9816316,True
trial-Dirt-8-key,2.9,8.929256,1.6857398,-3.8015215,0.8876644,0.34526443,0.47833526,0.98425084,True
trial-Dirt-8-key,3.0,8.785523,1.6309104,-3.8059707,0.89116114,0.37457398,0.50197166,0.9864967,True
trial-Dirt-8-key,3.1,8.64107,1.5497365,-3.8020127,0.8936667,0.4001264,0.52354527,0.98842216,True
trial-Dirt-8-key,3.2,8.491674,1.4605068,-3.7872727,0.895462,0.4224584,0.54220676,0.9900731,True
trial-Dirt-8-key,3.3,8.339686,1.3767034,-3.762254,0.89674836,0.44199592,0.55773306,0.9914886,True
trial-Dirt-8-key,3.4,8.190617,1.3067524,-3.729351,0.8976701,0.45905054,0.5703018,0.99270225,True
trial-Dirt-8-key,3.5,8.050588,1.2543733,-3.6919136,0.8983305,0.47385186,0.58030856,0.9937429,True
trial-Dirt-8-key,3.6,7.92482,1.2188768,-3.6532986,0.8988038,0.486503,0.58845913,0.99463516,True
trial-Dirt-8-key,3.7,7.816709,1.196898,-3.6161811,0.89914286,0.49703908,0.594928,0.9954002,True
trial-Dirt-8-key,3.8,7.7267504,1.186072,-3.5827203,0.8993858,0.5058039,0.59999657,0.99605614,True
trial-Dirt-8-key,3.9,7.654285,1.1831424,-3.554154,0.8995599,0.51309884,0.6040559,0.9966185,True
trial-Dirt-8-key,4.0,7.5976458,1.1847882,-3.5309265,0.8996846,0.51917344,0.60740185,0.99710065,True
trial-Dirt-8-pad,0.1,8.052253,0.20657778,-0.14128546,0.08843392,0.0005546557,0.0010600686,0.14259619,True
trial-Dirt-8-pad,0.2,8.270544,0.43796307,-0.3499531,0.15309863,0.0033903143,0.005320728,0.2648587,True
trial-Dirt-8-pad,0.3,8.637416,0.6166958,-0.54015833,0.19943291,0.009299154,0.013412505,0.36968702,True
trial-Dirt-8-pad,0.4,9.130104,0.75848186,-0.7080917,0.23263288,0.0180976,0.024953395,0.45956725,True
trial-Dirt-8-pad,0.5,9.726165,0.8727987,-0.8601045,0.2564217,0.028866066,0.03899175,0.53663087,True
trial-Dirt-8-pad,0.6,10.404831,0.96327615,-1.0013582,0.2734671,0.040188994,0.054236412,0.6027056,True
trial-Dirt-8-pad,0.7,11.147201,1.0309536,-1.1346309,0.28568065,0.050449226,0.06930852,0.6593583,True
trial-Dirt-8-pad,0.8,11.93607,1.0760407,-1.2608379,0.29443204,0.058154073,0.08298576,0.70793253,True
trial-Dirt-8-pad,0.9,12.755806,1.0987248,-1.379587,0.3007027,0.06223119,0.09445697,0.74958026,True
trial-Dirt-8-pad,1.0,13.592317,1.0999465,-1.4897244,0.30519584,0.062112816,0.10325402,0.7852892,True
trial-Dirt-8-pad,1.1,14.433177,1.0809989,-1.5893276,0.30841532,0.0574723,0.10943499,0.8159062,True
trial-Dirt-8-pad,1.2,15.267671,1.0425968,-1.6762267,0.31072217,0.04949538,0.114475965,0.8421573,True
trial-Dirt-8-pad,1.3,16.086767,0.9845824,-1.7486631,0.3123751,0.04005076,0.1202257,0.86466503,True
trial-Dirt-8-pad,1.4,16.883041,0.9062953,-1.8056865,0.31355947,0.031286027,0.12845862,0.8839633,True
trial-Dirt-8-pad,1.5,17.650534,0.8073087,-1.8470315,0.31440812,0.024365585,0.13984823,0.9005097,True
trial-Dirt-8-pad,1.6,18.384867,0.68931293,-1.8723447,0.31501624,0.018975938,0.15352479,0.9146967,True
trial-Dirt-8-pad,1.7,19.083534,0.55632734,-1.8815297,0.31545192,0.014778476,0.16843352,0.92686063,True
trial-Dirt-8-pad,1.8,19.745985,0.41422558,-1.8752171,0.3157641,0.01150949,0.18350288,0.9372901,True
trial-Dirt-8-pad,1.9,20.37356,0.27186584,-1.850308,0.3159878,0.008963602,0.19709846,0.9462323,True
trial-Dirt-8-pad,2.0,20.96986,0.14188385,-1.8104056,0.3161481,0.0069808606,0.20767882,0.9538993,True
trial-Dirt-8-pad,2.1,21.540243,0.030678272,-1.7625617,0.31626293,0.005436701,0.21525788,0.9604731,True
trial-Dirt-8-pad,2.2,22.09016,-0.06155348,-1.7115016,0.31634524,0.004234107,0.22046098,0.9661096,True
trial-Dirt-8-pad,2.3,22.624231,-0.13764781,-1.6600232,0.3164042,0.0032975264,0.22393793,0.9709422,True
trial-Dirt-8-pad,2.4,23.145761,-0.20074081,-1.6097792,0.31644645,0.0025681166,0.22614267,0.9750857,True
trial-Dirt-8-pad,2.5,23.656843,-0.25374174,-1.5617385,0.31647673,0.0020000516,0.22753084,0.9786384,True
trial-Dirt-8-pad,2.6,24.15872,-0.299428,-1.5162514,0.3164984,0.0015576418,0.22847939,0.9816845,True
trial-Dirt-8-pad,2.7,24.651976,-0.3400917,-1.4732535,0.31651393,0.0012130928,0.2292878,0.98429626,True
trial-Dirt-8-pad,2.8,25.136786,-0.37711048,-1.4325185,0.31652504,0.00094475766,0.23004329,0.98653555,True
trial-Dirt-8-pad,2.9,25.612946,-0.41074467,-1.3940306,0.31653303,0.0007357781,0.2307205,0.98845553,True
trial-Dirt-8-pad,3.0,26.080149,-0.44151783,-1.3577718,0.31653878,0.0005730247,0.23143512,0.9901017,True
trial-Dirt-8-pad,3.1,26.538101,-0.4701376,-1.3235701,0.31654286,0.00044627208,0.23225379,0.9915132,True
trial-Dirt-8-pad,3.2,26.986444,-0.496953,-1.2912587,0.3165458,0.00034755707,0.23318009,0.99272335,True
trial-Dirt-8-pad,3.3,27.424799,-0.5220933,-1.2607325,0.3165479,0.00027067773,0.23419732,0.993761,True
trial-Dirt-8-pad,3.4,27.852785,-0.5458132,-1.2322769,0.31654942,0.00021080404,0.23535302,0.99465066,True
trial-Dirt-8-pad,3.5,28.269228,-0.5638821,-1.2075313,0.31655052,0.00016417437,0.23478454,0.9954134,True
trial-Dirt-8-pad,3.6,28.670456,-0.57232237,-1.1908909,0.3165513,0.00012785915,0.23356819,0.9960675,True
trial-Dirt-8-pad,3.7,29.055916,-0.5848808,-1.1803032,0.31655186,9.957682e-05,0.2339623,0.9966283,True
trial-Dirt-8-pad,3.8,29.424475,-0.60634613,-1.1724275,0.31655222,7.755052e-05,0.23600248,0.99710906,True
trial-Dirt-8-pad,3.9,29.77499,-0.63476276,-1.1649511,0.31655252,6.0396414e-05,0.2390764,0.9975213,True
trial-Dirt-8-pad,4.0,30.107004,-0.66588974,-1.1569927,0.3165527,4.7036778e-05,0.24245104,0.99787474,True
trial-Dirt-8-partial,0.1,8.05632,0.1497812,-0.10237834,0.06377463,0.0004992776,0.0010998845,0.14259619,True
trial-Dirt-8-partial,0.2,8.290489,0.31364644,-0.25039327,0.10947114,0.003052293,0.005294621,0.2648587,True
trial-Dirt-8-partial,0.3,8.681587,0.43991125,-0.3849896,0.14221413,0.008370143,0.012911081,0.36968702,True
trial-Dirt-8-partial,0.4,9.205352,0.5405725,-0.5044387,0.1656755,0.016270587,0.02345717,0.45956725,True
trial-Dirt-8-partial,0.5,9.83948,0.622666,-0.61366075,0.1824863,0.025881,0.03598979,0.53663087,True
trial-Dirt-8-partial,0.6,10.564041,0.688926,-0.71656585,0.19453177,0.035852075,0.049215466,0.6027056,True
trial-Dirt-8-partial,0.7,11.361313,0.7401726,-0.8153147,0.20316271,0.044636,0.061716616,0.6593583,True
trial-Dirt-8-partial,0.8,12.215477,0.7765608,-0.9107015,0.20934707,0.050809238,0.07225135,0.70793253,True
trial-Dirt-8-partial,0.9,13.112354,0.79812145,-1.0025356,0.21377835,0.05338172,0.08005366,0.74958026,True
trial-Dirt-8-partial,1.0,14.039222,0.8051424,-1.0899353,0.21695352,0.051709116,0.084605455,0.7852892,True
trial-Dirt-8-partial,1.1,14.984791,0.7984786,-1.1715835,0.21922861,0.045913547,0.086085856,0.8159062,True
trial-Dirt-8-partial,1.2,15.939021,0.77833223,-1.246098,0.2208588,0.037695408,0.086484164,0.8421573,True
trial-Dirt-8-partial,1.3,16.89286,0.7435589,-1.3122776,0.22202685,0.029499287,0.08849636,0.86466503,True
trial-Dirt-8-partial,1.4,17.83811,0.69197893,-1.3690946,0.22286382,0.02297407,0.09389883,0.8839633,True
trial-Dirt-8-partial,1.5,18.767519,0.6224561,-1.4151345,0.22346354,0.017892225,0.10235733,0.9005097,True
trial-Dirt-8-partial,1.6,19.675083,0.5356133,-1.4489081,0.22389323,0.013934481,0.11317903,0.9146967,True
trial-Dirt-8-partial,1.7,20.556244,0.4337275,-1.4692842,0.22420111,0.010852186,0.1255799,0.92686063,True
trial-Dirt-8-partial,1.8,21.408041,0.32066166,-1.4757717,0.22442174,0.008451693,0.13872218,0.9372901,True
trial-Dirt-8-partial,1.9,22.22912,0.20168829,-1.4687651,0.22457981,0.0065821856,0.15174508,0.9462323,True
trial-Dirt-8-partial,2.0,23.019585,0.08313465,-1.4491569,0.22469309,0.005126212,0.16379195,0.9538993,True
trial-Dirt-8-partial,2.1,23.780832,-0.027017593,-1.4179893,0.22477424,0.0039922986,0.1737993,0.9604731,True
trial-Dirt-8-partial,2.2,24.515291,-0.123111725,-1.3802279,0.22483242,0.0031092055,0.18155628,0.9661096,True
trial-Dirt-8-partial,2.3,25.225544,-0.20402336,-1.3399947,0.22487408,0.002421452,0.18738684,0.9709422,True
trial-Dirt-8-partial,2.4,25.91364,-0.27136898,-1.3000581,0.22490393,0.0018858287,0.19180301,0.9750857,True
trial-Dirt-8-partial,2.5,26.580866,-0.32793617,-1.2619877,0.22492532,0.001468685,0.19529036,0.9786384,True
trial-Dirt-8-partial,2.6,27.227793,-0.37653542,-1.2265033,0.22494066,0.0011438131,0.19827402,0.9816845,True
trial-Dirt-8-partial,2.7,27.854496,-0.41972923,-1.1938899,0.22495164,0.0008908026,0.2010926,0.98429626,True
trial-Dirt-8-partial,2.8,28.460049,-0.4540062,-1.1663377,0.22495951,0.00069375784,0.20187163,0.98653555,True
trial-Dirt-8-partial,2.9,29.042305,-0.47947168,-1.1469917,0.22496516,0.00054029917,0.20239145,0.98845553,True
trial-Dirt-8-partial,3.0,29.600546,-0.5077411,-1.1333169,0.2249692,0.00042078545,0.20428285,0.9901017,True
trial-Dirt-8-partial,3.1,30.133476,-0.5420337,-1.1222181,0.22497208,0.00032770805,0.20748207,0.9915132,True
trial-Dirt-8-partial,3.2,30.640043,-0.58026695,-1.1118299,0.22497416,0.00025521932,0.211424,0.99272335,True
trial-Dirt-8-partial,3.3,31.119795,-0.6190233,-1.101685,0.22497563,0.00019876505,0.21557784,0.993761,True
trial-Dirt-8-partial,3.4,31.572845,-0.6561508,-1.0920415,0.2249767,0.0001547984,0.2197082,0.99465066,True
trial-Dirt-8-partial,3.5,31.999617,-0.69098854,-1.0833002,0.22497746,0.00012055712,0.22375488,0.9954134,True
trial-Dirt-8-partial,3.6,32.400654,-0.7238951,-1.0757184,0.22497801,9.3889976e-05,0.22779152,0.9960675,True
trial-Dirt-8-partial,3.7,32.776558,-0.7557697,-1.0692317,0.2249784,7.312159e-05,0.23192376,0.9966283,True
trial-Dirt-8-partial,3.8,33.127995,-0.7871933,-1.0635912,0.22497869,5.6947156e-05,0.23616955,0.99710906,True
trial-Dirt-8-partial,3.9,33.455708,-0.818223,-1.0585512,0.22497888,4.4350498e-05,0.24047607,0.9975213,True
trial-Dirt-8-partial,4.0,33.760544,-0.84858704,-1.053953,0.22497903,3.4540204e-05,0.24476448,0.99787474,True
trial-Dirt-16.667-key,0.1,16.628687,0.027269859,-0.019200921,0.007007988,2.733292e-10,2.169609e-05,0.02123976,True
trial-Dirt-16.667-key,0.2,16.616806,0.103183694,-0.08849633,0.023508491,1.3325465e-08,0.00031518936,0.075099304,True
trial-Dirt-16.667-key,0.3,16.694418,0.20859653,-0.20498921,0.046813294,2.06777e-08,0.0015612245,0.15692791,True
trial-Dirt-16.667-key,0.4,16.892136,0.33114487,-0.36013138,0.07499097,1.610381e-08,0.00465554,0.26273727,True
trial-Dirt-16.667-key,0.5,17.222996,0.4624908,-0.54733133,0.10666284,1.2541662e-08,0.009924203,0.36786813,True
trial-Dirt-16.667-key,0.6,17.658758,0.5932255,-0.7606363,0.14083579,9.767458e-09,0.017799467,0.4580077,True
trial-Dirt-16.667-key,0.7,18.162096,0.7110357,-0.9926074,0.17680345,7.6069036e-09,0.029438019,0.53529376,True
trial-Dirt-16.667-key,0.8,18.695557,0.80043125,-1.2331372,0.21405445,5.9242633e-09,0.046308517,0.6015591,True
trial-Dirt-16.667-key,0.9,19.221806,0.8451128,-1.4699869,0.25222763,4.6138213e-09,0.06926352,0.65837526,True
trial-Dirt-16.667-key,1.0,19.703987,0.83526516,-1.6927061,0.291059,3.5932481e-09,0.09823462,0.70708966,True
trial-Dirt-16.667-key,1.1,20.10816,0.7594013,-1.8905677,0.33036453,2.798425e-09,0.13533953,0.74885756,True
trial-Dirt-16.667-key,1.2,20.405785,0.6141243,-2.0419018,0.37000722,2.1794158e-09,0.178592,0.78466946,True
trial-Dirt-16.667-key,1.3,20.573013,0.43001747,-2.151008,0.40989414,1.6973309e-09,0.22141929,0.8153748,True
trial-Dirt-16.667-key,1.4,20.593206,0.23360586,-2.234104,0.4499534,1.3218828e-09,0.2624824,0.8417016,True
trial-Dirt-16.667-key,1.5,20.45466,0.050231338,-2.3080668,0.49013883,1.0294835e-09,0.29887062,0.8642743,True
trial-Dirt-16.667-key,1.6,20.139736,-0.08958626,-2.39716,0.53041196,8.0176266e-10,0.3303734,0.8836283,True
trial-Dirt-16.667-key,1.7,19.625843,-0.17729473,-2.5255055,0.5707506,6.244134e-10,0.36055994,0.9002225,True
trial-Dirt-16.667-key,1.8,18.882626,-0.2253027,-2.7153358,0.6111336,4.862938e-10,0.39448154,0.91445035,True
trial-Dirt-16.667-key,1.9,17.871368,-0.2608366,-2.986439,0.6515522,3.78726e-10,0.4365412,0.9266494,True
trial-Dirt-16.667-key,2.0,16.556564,-0.318537,-3.3495708,0.6919938,5.4216016e-06,0.4857233,0.93710893,True
trial-Dirt-16.667-key,2.1,14.950098,-0.4398017,-3.786918,0.73245174,0.0031847858,0.53507507,0.946077,True
trial-Dirt-16.667-key,2.2,13.169317,-0.6009431,-4.121189,0.7729215,0.020774476,0.5538572,0.95376617,True
trial-Dirt-16.667-key,2.3,11.43416,-0.44350672,-4.09245,0.80885214,0.06025567,0.51987827,0.9603589,True
trial-Dirt-16.667-key,2.4,10.059529,0.1649121,-3.8362224,0.8346897,0.11659037,0.4531697,0.9660116,True
trial-Dirt-16.667-key,2.5,9.237334,0.9543458,-3.6011086,0.8532031,0.17740892,0.39402726,0.97085816,True
trial-Dirt-16.667-key,2.6,8.896061,1.5691087,-3.5190208,0.8664686,0.23345783,0.37720072,0.97501373,True
trial-Dirt-16.667-key,2.7,8.817245,1.899473,-3.554378,0.87597364,0.28152856,0.39564323,0.97857666,True
trial-Dirt-16.667-key,2.8,8.829648,2.005119,-3.634665,0.8827843,0.3216064,0.4277923,0.9816316,True
trial-Dirt-16.667-key,2.9,8.841358,1.9674968,-3.7164195,0.8876644,0.35479596,0.46239638,0.98425084,True
trial-Dirt-16.667-key,3.0,8.81151,1.846982,-3.7796736,0.89116114,0.38251117,0.4948403,0.9864967,True
trial-Dirt-16.667-key,3.1,8.728395,1.6875215,-3.816225,0.8936667,0.4060981,0.5229893,0.98842216,True
trial-Dirt-16.667-key,3.2,8.597495,1.5226272,-3.8243115,0.895462,0.42662144,0.5459202,0.9900731,True
trial-Dirt-16.667-key,3.3,8.433839,1.3767548,-3.8066695,0.89674836,0.4447781,0.56358933,0.9914886,True
trial-Dirt-16.667-key,3.4,8.256107,1.2645679,-3.7693918,0.8976701,0.46092865,0.5766003,0.99270225,True
trial-Dirt-16.667-key,3.5,8.082009,1.1911042,-3.7204275,0.8983305,0.4752088,0.58587146,0.9937429,True
trial-Dirt-16.667-key,3.6,7.925305,1.1527818,-3.6677551,0.8988038,0.48759058,0.59268844,0.99463516,True
trial-Dirt-16.667-key,3.7,7.794514,1.1402235,-3.617635,0.89914286,0.49792948,0.5977279,0.9954002,True
trial-Dirt-16.667-key,3.8,7.6916733,1.1453338,-3.574384,0.8993858,0.5065329,0.6014662,0.99605614,True
trial-Dirt-16.667-key,3.9,7.615312,1.1599755,-3.5400424,0.8995599,0.51369566,0.60446763,0.9966185,True
trial-Dirt-16.667-key,4.0,7.56165,1.1773481,-3.5148304,0.8996846,0.519662,0.60709965,0.99710065,True
trial-Dirt-16.667-pad,0.1,16.683659,0.3809055,-0.28811046,0.08843392,5.4030547e-12,0.00068700314,0.14259619,True
trial-Dirt-16.667-pad,0.2,16.815702,0.6934056,-0.6926028,0.15309863,4.207904e-12,0.0059619844,0.2648587,True
trial-Dirt-16.667-pad,0.3,17.052841,0.85322046,-1.0268363,0.19943291,3.2771192e-12,0.020201445,0.36968702,True
trial-Dirt-16.667-pad,0.4,17.369324,0.92384005,-1.2826461,0.23263288,2.5522232e-12,0.040187776,0.45956725,True
trial-Dirt-16.667-pad,0.5,17.743002,0.93442965,-1.4756778,0.2564217,1.9876737e-12,0.06257394,0.53663087,True
trial-Dirt-16.667-pad,0.6,18.155777,0.9018383,-1.6208873,0.2734671,1.548002e-12,0.08455205,0.6027056,True
trial-Dirt-16.667-pad,0.7,18.592937,0.8379898,-1.7292713,0.28568065,1.2055852e-12,0.106236696,0.6593583,True
trial-Dirt-16.667-pad,0.8,19.043715,0.74447536,-1.8056666,0.29443204,9.389107e-13,0.12938076,0.70793253,True
trial-Dirt-16.667-pad,0.9,19.499617,0.6237674,-1.8529055,0.3007027,7.312245e-13,0.15339667,0.74958026,True
trial-Dirt-16.667-pad,1.0,19.954035,0.48440456,-1.8744475,0.30519584,5.694783e-13,0.17605332,0.7852892,True
trial-Dirt-16.667-pad,1.1,20.40264,0.34046555,-1.8726062,0.30841532,4.4351022e-13,0.19508716,0.8159062,True
trial-Dirt-16.667-pad,1.2,20.844353,0.20712781,-1.8514724,0.31072217,3.4540616e-13,0.20923874,0.8421573,True
trial-Dirt-16.667-pad,1.3,21.281132,0.09139919,-1.8181697,0.3123751,2.6900262e-13,0.21917456,0.86466503,True
trial-Dirt-16.667-pad,1.4,21.71593,-0.005965233,-1.7775304,0.31355947,2.0949948e-13,0.22583279,0.8839633,True
trial-Dirt-16.667-pad,1.5,22.151283,-0.086660385,-1.7329437,0.31440812,1.6315837e-13,0.2300351,0.9005097,True
trial-Dirt-16.667-pad,1.6,22.58882,-0.15326309,-1.6868122,0.31501624,1.2706788e-13,0.23243418,0.9146967,True
trial-Dirt-16.667-pad,1.7,23.029202,-0.20847702,-1.6408665,0.31545192,9.8960574e-14,0.2336159,0.92686063,True
trial-Dirt-16.667-pad,1.8,23.47235,-0.25527573,-1.596107,0.3157641,7.707057e-14,0.23409104,0.9372901,True
trial-Dirt-16.667-pad,1.9,23.917618,-0.29638195,-1.5529213,0.3159878,6.002263e-14,0.23426473,0.9462323,True
trial-Dirt-16.667-pad,2.0,24.363998,-0.3337505,-1.5113335,0.3161481,4.674567e-14,0.2343846,0.9538993,True
trial-Dirt-16.667-pad,2.1,24.81034,-0.3685835,-1.4711845,0.31626293,3.640557e-14,0.234546,0.9604731,True
trial-Dirt-16.667-pad,2.2,25.25537,-0.4008553,-1.432515,0.31634524,2.8352691e-14,0.234678,0.9661096,True
trial-Dirt-16.667-pad,2.3,25.697832,-0.43050003,-1.3955183,0.3164042,2.20811e-14,0.23482549,0.9709422,True
trial-Dirt-16.667-pad,2.4,26.136639,-0.45797825,-1.3602567,0.31644645,1.7196783e-14,0.23506096,0.9750857,True
trial-Dirt-16.667-pad,2.5,26.570757,-0.4836979,-1.3267157,0.31647673,1.3392869e-14,0.2354171,0.9786384,True
trial-Dirt-16.667-pad,2.6,26.99919,-0.507905,-1.2948654,0.3164984,1.0430378e-14,0.2359029,0.9816845,True
trial-Dirt-16.667-pad,2.7,27.42102,-0.5307379,-1.264682,0.31651393,8.123187e-15,0.23651439,0.98429626,True
trial-Dirt-16.667-pad,2.8,27.835384,-0.55250835,-1.2364768,0.31652504,6.326345e-15,0.23731378,0.98653555,True
trial-Dirt-16.667-pad,2.9,28.24083,-0.56970215,-1.2116005,0.31653303,4.926963e-15,0.23664042,0.98845553,True
trial-Dirt-16.667-pad,3.0,28.633356,-0.5771866,-1.1944824,0.31653878,3.837123e-15,0.23514771,0.9901017,True
trial-Dirt-16.667-pad,3.1,29.01202,-0.5882096,-1.1834749,0.31654286,2.9883547e-15,0.23521039,0.9915132,True
trial-Dirt-16.667-pad,3.2,29.37551,-0.608191,-1.1752716,0.3165458,2.3273333e-15,0.23695487,0.99272335,True
trial-Dirt-16.667-pad,3.3,29.722425,-0.6352719,-1.1675704,0.3165479,1.8125292e-15,0.23975354,0.993761,True
trial-Dirt-16.667-pad,3.4,30.052063,-0.6653875,-1.1594462,0.31654942,1.4115994e-15,0.24293405,0.99465066,True
trial-Dirt-16.667-pad,3.5,30.364353,-0.69482136,-1.1510711,0.31655052,1.0993549e-15,0.24599814,0.9954134,True
trial-Dirt-16.667-pad,3.6,30.659674,-0.7219467,-1.1429819,0.3165513,8.561786e-16,0.24883312,0.9960675,True
trial-Dirt-16.667-pad,3.7,30.93859,-0.7468147,-1.1355766,0.31655186,6.6679265e-16,0.25151223,0.9966283,True
trial-Dirt-16.667-pad,3.8,31.201664,-0.770133,-1.1290007,0.31655222,5.192987e-16,0.25413272,0.99710906,True
trial-Dirt-16.667-pad,3.9,31.449383,-0.7925844,-1.1232085,0.31655252,4.0443028e-16,0.25676435,0.9975213,True
trial-Dirt-16.667-pad,4.0,31.682194,-0.8145189,-1.1180725,0.3165527,3.1497063e-16,0.2594251,0.99787474,True
trial-Dirt-16.667-partial,0.1,16.69229,0.27766746,-0.2101932,0.06377463,2.5216012e-12,0.0007417798,0.14259619,True
trial-Dirt-16.667-partial,0.2,16.861538,0.50299865,-0.50214183,0.10947114,1.9638252e-12,0.004684776,0.2648587,True
trial-Dirt-16.667-partial,0.3,17.163202,0.6230562,-0.74668366,0.14221413,1.5294289e-12,0.013899565,0.36968702,True
trial-Dirt-16.667-partial,0.4,17.570822,0.6837313,-0.9388385,0.1656755,1.1911206e-12,0.026430428,0.45956725,True
trial-Dirt-16.667-partial,0.5,18.061361,0.70487595,-1.0895779,0.1824863,9.276458e-13,0.04053256,0.53663087,True
trial-Dirt-16.667-partial,0.6,18.615202,0.69489336,-1.2085623,0.19453177,7.2245134e-13,0.055488557,0.6027056,True
trial-Dirt-16.667-partial,0.7,19.2155,0.66004276,-1.3027359,0.20316271,5.626457e-13,0.07033256,0.6593583,True
trial-Dirt-16.667-partial,0.8,19.847937,0.6039448,-1.3761783,0.20934707,4.3818893e-13,0.08587414,0.70793253,True
trial-Dirt-16.667-partial,0.9,20.500526,0.52675533,-1.4300774,0.21377835,3.412619e-13,0.10297763,0.74958026,True
trial-Dirt-16.667-partial,1.0,21.163239,0.4302187,-1.4648317,0.21695352,2.6577509e-13,0.12101522,0.7852892,True
trial-Dirt-16.667-partial,1.1,21.828096,0.32002354,-1.4816464,0.21922861,2.0698589e-13,0.13851792,0.8159062,True
trial-Dirt-16.667-partial,1.2,22.489426,0.2037282,-1.4826518,0.2208588,1.6120076e-13,0.15437958,0.8421573,True
trial-Dirt-16.667-partial,1.3,23.143747,0.08828306,-1.4698309,0.22202685,1.255433e-13,0.16806263,0.86466503,True
trial-Dirt-16.667-partial,1.4,23.789448,-0.019395053,-1.4448609,0.22286382,9.777324e-14,0.17906028,0.8839633,True
trial-Dirt-16.667-partial,1.5,24.426283,-0.114753485,-1.4119798,0.22346354,7.614588e-14,0.18747726,0.9005097,True
trial-Dirt-16.667-partial,1.6,25.054518,-0.19642162,-1.3747995,0.22389323,5.930248e-14,0.19368604,0.9146967,True
trial-Dirt-16.667-partial,1.7,25.674278,-0.26499176,-1.336116,0.22420111,4.6184817e-14,0.1981532,0.92686063,True
trial-Dirt-16.667-partial,1.8,26.285309,-0.3223791,-1.2978805,0.22442174,3.5968776e-14,0.20140073,0.9372901,True
trial-Dirt-16.667-partial,1.9,26.886892,-0.37098217,-1.2612897,0.22457981,2.8012516e-14,0.20386323,0.9462323,True
trial-Dirt-16.667-partial,2.0,27.477938,-0.41324234,-1.2269031,0.22469309,2.1816172e-14,0.20595291,0.9538993,True
trial-Dirt-16.667-partial,2.1,28.057129,-0.4511385,-1.1953088,0.22477424,1.6990454e-14,0.20774761,0.9604731,True
trial-Dirt-16.667-partial,2.2,28.621607,-0.4775486,-1.1700052,0.22483242,1.323218e-14,0.20716134,0.9661096,True
trial-Dirt-16.667-partial,2.3,29.169058,-0.5002909,-1.1519514,0.22487408,1.0305233e-14,0.2074152,0.9709422,True
trial-Dirt-16.667-partial,2.4,29.697748,-0.52786446,-1.138308,0.22490393,8.025725e-15,0.20910311,0.9750857,True
trial-Dirt-16.667-partial,2.5,30.205618,-0.56105566,-1.1265492,0.22492532,6.2504416e-15,0.21192786,0.9786384,True
trial-Dirt-16.667-partial,2.6,30.691114,-0.5971999,-1.1153862,0.22494066,4.8678492e-15,0.21534817,0.9816845,True
trial-Dirt-16.667-partial,2.7,31.153362,-0.6332579,-1.1046566,0.22495164,3.7910857e-15,0.21892372,0.98429626,True
trial-Dirt-16.667-partial,2.8,31.59204,-0.66766596,-1.0946761,0.22495951,2.952501e-15,0.22250745,0.98653555,True
trial-Dirt-16.667-partial,2.9,32.00714,-0.7002864,-1.0857257,0.22496516,2.2994103e-15,0.22611636,0.98845553,True
trial-Dirt-16.667-partial,3.0,32.39883,-0.731637,-1.0778807,0.2249692,1.7907829e-15,0.22980899,0.9901017,True
trial-Dirt-16.667-partial,3.1,32.76736,-0.7622442,-1.0710429,0.22497208,1.3946634e-15,0.23361754,0.9915132,True
trial-Dirt-16.667-partial,3.2,33.113106,-0.79237175,-1.0650382,0.22497416,1.0861651e-15,0.2375324,0.99272335,True
trial-Dirt-16.667-partial,3.3,33.436554,-0.8220291,-1.0596976,0.22497563,8.4590634e-16,0.24151163,0.993761,True
trial-Dirt-16.667-partial,3.4,33.738327,-0.85105324,-1.054902,0.2249767,6.587926e-16,0.24550146,0.99465066,True
trial-Dirt-16.667-partial,3.5,34.01917,-0.87927437,-1.0505712,0.22497746,5.1306824e-16,0.24946082,0.9954134,True
trial-Dirt-16.667-partial,3.6,34.279915,-0.9065342,-1.0466594,0.22497801,3.9957797e-16,0.25334486,0.9960675,True
trial-Dirt-16.667-partial,3.7,34.52147,-0.9327364,-1.0431443,0.2249784,3.1119165e-16,0.2571306,0.9966283,True
trial-Dirt-16.667-partial,3.8,34.744766,-0.9578638,-1.0399991,0.22497869,2.4235632e-16,0.26080602,0.99710906,True
trial-Dirt-16.667-partial,3.9,34.950775,-0.98194027,-1.0371833,0.22497888,1.8874732e-16,0.26436287,0.9975213,True
trial-Dirt-16.667-partial,4.0,35.14047,-1.004952,-1.0346581,0.22497903,1.4699657e-16,0.2677895,0.99787474,True
trial-Dirt-27.778-key,0.1,27.707441,0.040806964,-0.031981103,0.007007988,0,2.0325184e-05,0.02123976,True
trial-Dirt-27.778-key,0.2,27.64002,0.13365331,-0.14670016,0.023508491,0,0.00070887804,0.075099304,True
trial-Dirt-27.778-key,0.3,27.64395,0.23270094,-0.33492652,0.046813294,0,0.005782962,0.15692791,True
trial-Dirt-27.778-key,0.4,27.73467,0.3085966,-0.57066566,0.07499097,0,0.021669209,0.26273727,True
trial-Dirt-27.778-key,0.5,27.907192,0.32956457,-0.8217405,0.10666284,0,0.05312863,0.36786813,True
trial-Dirt-27.778-key,0.6,28.11989,0.25844717,-1.0508854,0.14083579,0,0.1007987,0.4580077,True
trial-Dirt-27.778-key,0.7,28.32945,0.0763855,-1.2241187,0.17680345,0,0.15788257,0.53529376,True
trial-Dirt-27.778-key,0.8,28.50276,-0.17732525,-1.3305589,0.21405445,0,0.21069288,0.6015591,True
trial-Dirt-27.778-key,0.9,28.620474,-0.44817352,-1.3784193,0.25222763,0,0.25680822,0.65837526,True
trial-Dirt-27.778-key,1.0,28.680115,-0.70830727,-1.3781556,0.291059,0,0.29792434,0.70708966,True
trial-Dirt-27.778-key,1.1,28.68803,-0.9228668,-1.3444183,0.33036453,0,0.32803568,0.74885756,True
trial-Dirt-27.778-key,1.2,28.647337,-1.0420523,-1.2998511,0.37000722,0,0.34093803,0.78466946,True
trial-Dirt-27.778-key,1.3,28.559233,-1.057725,-1.2644323,0.40989414,0,0.34079036,0.8153748,True
trial-Dirt-27.778-key,1.4,28.425858,-1.0113893,-1.2472184,0.4499534,0,0.3358928,0.8417016,True
trial-Dirt-27.778-key,1.5,28.246216,-0.95498323,-1.2473285,0.49013883,0,0.33318257,0.8642743,True
trial-Dirt-27.778-key,1.6,28.015125,-0.9220668,-1.2579635,0.53041196,0,0.3359026,0.8836283,True
trial-Dirt-27.778-key,1.7,27.719734,-0.90479517,-1.2764752,0.5707506,0,0.3390782,0.9002225,True
trial-Dirt-27.778-key,1.8,27.336992,-0.8885565,-1.3084385,0.6111336,0,0.3440458,0.91445035,True
trial-Dirt-27.778-key,1.9,26.84665,-0.8774266,-1.3585887,0.6515522,0,0.35222387,0.9266494,True
trial-Dirt-27.778-key,2.0,26.221128,-0.8769121,-1.4331678,0.6919938,0,0.3655531,0.93710893,True
trial-Dirt-27.778-key,2.1,25.41952,-0.8933296,-1.5437051,0.73245174,0,0.38705596,0.946077,True
trial-Dirt-27.778-key,2.2,24.376678,-0.9397774,-1.7133194,0.7729215,0,0.42287892,0.95376617,True
trial-Dirt-27.778-key,2.3,22.990446,-1.0650425,-1.986419,0.80885214,0,0.49050236,0.9603589,True
trial-Dirt-27.778-key,2.4,21.16368,-1.4179697,-2.4069889,0.8346897,0,0.5733894,0.9660116,True
trial-Dirt-27.778-key,2.5,18.90328,-1.8433762,-2.8539515,0.8532031,0,0.61069655,0.97085816,True
trial-Dirt-27.778-key,2.6,16.184572,-2.0281162,-3.3573005,0.8664686,0.000115746705,0.62222993,0.97501373,True
trial-Dirt-27.778-key,2.7,13.17652,-1.8591061,-3.966734,0.87597364,0.014650965,0.6216058,0.97857666,True
trial-Dirt-27.778-key,2.8,10.460127,-1.5179563,-4.175074,0.8827843,0.067088425,0.615703,0.9816316,True
trial-Dirt-27.778-key,2.9,8.558248,-0.6200255,-3.7388897,0.8876644,0.14189123,0.4938872,0.98425084,True
trial-Dirt-27.778-key,3.0,7.6440983,0.6375063,-3.2788258,0.89116114,0.21273053,0.3933826,0.9864967,True
trial-Dirt-27.778-key,3.1,7.505531,1.5610776,-3.1431425,0.8936667,0.27142468,0.36699766,0.98842216,True
trial-Dirt-27.778-key,3.2,7.7022448,2.0411594,-3.2164063,0.895462,0.3198258,0.3887313,0.9900731,True
trial-Dirt-27.778-key,3.3,7.9754887,2.2206604,-3.3593109,0.89674836,0.35975084,0.42475915,0.9914886,True
trial-Dirt-27.778-key,3.4,8.219355,2.2126794,-3.5057576,0.8976701,0.39224294,0.46311736,0.99270225,True
trial-Dirt-27.778-key,3.5,8.388201,2.087171,-3.629822,0.8983305,0.41813403,0.49911582,0.9937429,True
trial-Dirt-27.778-key,3.6,8.463614,1.8941071,-3.7213154,0.8988038,0.43886647,0.5309431,0.99463516,True
trial-Dirt-27.778-key,3.7,8.447447,1.6741114,-3.7755833,0.89914286,0.45587665,0.55729485,0.9954002,True
trial-Dirt-27.778-key,3.8,8.355586,1.4614679,-3.792407,0.8993858,0.47032368,0.57774377,0.99605614,True
trial-Dirt-27.778-key,3.9,8.212224,1.2824935,-3.7760558,0.8995599,0.48294875,0.59243095,0.9966185,True
trial-Dirt-27.778-key,4.0,8.044156,1.1534002,-3.7347147,0.8996846,0.49409637,0.6020615,0.99710065,True
trial-Dirt-27.778-pad,0.1,27.740088,0.51234263,-0.45150468,0.08843392,0,0.0020912888,0.14259619,True
trial-Dirt-27.778-pad,0.2,27.721342,0.62654495,-0.9952503,0.15309863,0,0.04752788,0.2648587,True
trial-Dirt-27.778-pad,0.3,27.706503,0.35573483,-1.3239772,0.19943291,0,0.14741719,0.36968702,True
trial-Dirt-27.778-pad,0.4,27.66761,-0.08979607,-1.4756203,0.23263288,0,0.24248868,0.45956725,True
trial-Dirt-27.778-pad,0.5,27.595081,-0.5076628,-1.5254452,0.2564217,0,0.29787132,0.53663087,True
trial-Dirt-27.778-pad,0.6,27.499632,-0.81180954,-1.5218759,0.2734671,0,0.33213705,0.6027056,True
trial-Dirt-27.778-pad,0.7,27.420948,-1.0479345,-1.4709945,0.28568065,0,0.3584568,0.6593583,True
trial-Dirt-27.778-pad,0.8,27.384119,-1.1756449,-1.3879701,0.29443204,0,0.36341268,0.70793253,True
trial-Dirt-27.778-pad,0.9,27.395006,-1.1226215,-1.3060167,0.3007027,0,0.3406773,0.74958026,True
trial-Dirt-27.778-pad,1.0,27.464346,-0.9380808,-1.2517749,0.30519584,0,0.30501974,0.7852892,True
trial-Dirt-27.778-pad,1.1,27.598328,-0.73969126,-1.2333944,0.30841532,0,0.27401268,0.8159062,True
trial-Dirt-27.778-pad,1.2,27.787945,-0.6144092,-1.2389148,0.31072217,0,0.25743735,0.8421573,True
trial-Dirt-27.778-pad,1.3,28.01569,-0.5792389,-1.2479186,0.3123751,0,0.25394866,0.86466503,True
trial-Dirt-27.778-pad,1.4,28.264252,-0.59707713,-1.2492183,0.31355947,0,0.25504494,0.8839633,True
trial-Dirt-27.778-pad,1.5,28.522467,-0.6317358,-1.2418296,0.31440812,0,0.25718093,0.9005097,True
trial-Dirt-27.778-pad,1.6,28.786058,-0.66350937,-1.2282705,0.31501624,0,0.25821495,0.9146967,True
trial-Dirt-27.778-pad,1.7,29.053251,-0.68486595,-1.2123812,0.31545192,0,0.25783393,0.92686063,True
trial-Dirt-27.778-pad,1.8,29.322947,-0.6969309,-1.197174,0.3157641,0,0.25660634,0.9372901,True
trial-Dirt-27.778-pad,1.9,29.593697,-0.70448303,-1.1841699,0.3159878,0,0.2553084,0.9462323,True
trial-Dirt-27.778-pad,2.0,29.86352,-0.7122021,-1.1735542,0.3161481,0,0.25451487,0.9538993,True
trial-Dirt-27.778-pad,2.1,30.130188,-0.7227974,-1.1647688,0.31626293,0,0.2544703,0.9604731,True
trial-Dirt-27.778-pad,2.2,30.391602,-0.73690796,-1.1570613,0.31634524,0,0.25513315,0.9661096,True
trial-Dirt-27.778-pad,2.3,30.646048,-0.75382614,-1.149849,0.3164042,0,0.256337,0.9709422,True
trial-Dirt-27.778-pad,2.4,30.89225,-0.7721262,-1.1428947,0.31644645,0,0.25781757,0.9750857,True
trial-Dirt-27.778-pad,2.5,31.129322,-0.7906308,-1.1362439,0.31647673,0,0.25943416,0.9786384,True
trial-Dirt-27.778-pad,2.6,31.356707,-0.8088134,-1.1300029,0.3164984,0,0.26112854,0.9816845,True
trial-Dirt-27.778-pad,2.7,31.574072,-0.82657444,-1.1242514,0.31651393,0,0.26288933,0.98429626,True
trial-Dirt-27.778-pad,2.8,31.781185,-0.84397936,-1.1190172,0.31652504,0,0.26471686,0.98653555,True
trial-Dirt-27.778-pad,2.9,31.977942,-0.8611307,-1.1142805,0.31653303,0,0.26661026,0.98845553,True
trial-Dirt-27.778-pad,3.0,32.16432,-0.87808704,-1.1099867,0.31653878,0,0.26856452,0.9901017,True
trial-Dirt-27.778-pad,3.1,32.34039,-0.8948202,-1.1060735,0.31654286,0,0.27055705,0.9915132,True
trial-Dirt-27.778-pad,3.2,32.506294,-0.9112339,-1.1024909,0.3165458,0,0.2725636,0.99272335,True
trial-Dirt-27.778-pad,3.3,32.662254,-0.9272518,-1.099198,0.3165479,0,0.2745626,0.993761,True
trial-Dirt-27.778-pad,3.4,32.80856,-0.94275665,-1.0961702,0.31654942,0,0.27653232,0.99465066,True
trial-Dirt-27.778-pad,3.5,32.94554,-0.9577036,-1.0933894,0.31655052,0,0.27846074,0.9954134,True
trial-Dirt-27.778-pad,3.6,33.073566,-0.9720535,-1.0908378,0.3165513,0,0.28033662,0.9960675,True
trial-Dirt-27.778-pad,3.7,33.19302,-0.9857931,-1.0885007,0.31655186,0,0.2821533,0.9966283,True
trial-Dirt-27.778-pad,3.8,33.304306,-0.9989023,-1.0863614,0.31655222,0,0.28390455,0.99710906,True
trial-Dirt-27.778-pad,3.9,33.40783,-1.0114012,-1.0844027,0.31655252,0,0.28558797,0.9975213,True
trial-Dirt-27.778-pad,4.0,33.504005,-1.0232831,-1.0826092,0.3165527,0,0.28719908,0.99787474,True
trial-Dirt-27.778-partial,0.1,27.75421,0.38433567,-0.3386128,0.06377463,0,0.0014869273,0.14259619,True
trial-Dirt-27.778-partial,0.2,27.800432,0.5022805,-0.76904345,0.10947114,0,0.027877033,0.2648587,True
trial-Dirt-27.778-partial,0.3,27.904825,0.37114716,-1.0679041,0.14221413,0,0.09057772,0.36968702,True
trial-Dirt-27.778-partial,0.4,28.03518,0.11467695,-1.2404064,0.1656755,0,0.15930036,0.45956725,True
trial-Dirt-27.778-partial,0.5,28.176123,-0.1710701,-1.3217502,0.1824863,0,0.21003535,0.53663087,True
trial-Dirt-27.778-partial,0.6,28.323635,-0.40420914,-1.3483292,0.19453177,0,0.24018049,0.6027056,True
trial-Dirt-27.778-partial,0.7,28.487535,-0.5880537,-1.3358687,0.20316271,0,0.26380622,0.6593583,True
trial-Dirt-27.778-partial,0.8,28.680414,-0.7294121,-1.2918208,0.20934707,0,0.27921438,0.70793253,True
trial-Dirt-27.778-partial,0.9,28.906721,-0.79074097,-1.2349579,0.21377835,0,0.277965,0.74958026,True
trial-Dirt-27.778-partial,1.0,29.16721,-0.7608671,-1.1884447,0.21695352,0,0.26349783,0.7852892,True
trial-Dirt-27.778-partial,1.1,29.462463,-0.691905,-1.1628969,0.21922861,0,0.24742308,0.8159062,True
trial-Dirt-27.778-partial,1.2,29.787512,-0.63978577,-1.154436,0.2208588,0,0.23718882,0.8421573,True
trial-Dirt-27.778-partial,1.3,30.132519,-0.62698936,-1.1524761,0.22202685,0,0.23383382,0.86466503,True
trial-Dirt-27.778-partial,1.4,30.487356,-0.64608777,-1.148603,0.22286382,0,0.23473588,0.8839633,True
trial-Dirt-27.778-partial,1.5,30.844599,-0.67906344,-1.1399429,0.22346354,0,0.23693532,0.9005097,True
trial-Dirt-27.778-partial,1.6,31.1998,-0.71141434,-1.1277453,0.22389323,0,0.2387121,0.9146967,True
trial-Dirt-27.778-partial,1.7,31.550476,-0.7371464,-1.1145648,0.22420111,0,0.23971027,0.92686063,True
trial-Dirt-27.778-partial,1.8,31.89489,-0.7569208,-1.102403,0.22442174,0,0.24030796,0.9372901,True
trial-Dirt-27.778-partial,1.9,32.23136,-0.774086,-1.0921129,0.22457981,0,0.24103856,0.9462323,True
trial-Dirt-27.778-partial,2.0,32.55811,-0.7916479,-1.0836362,0.22469309,0,0.2422235,0.9538993,True
trial-Dirt-27.778-partial,2.1,32.87339,-0.8110151,-1.0765294,0.22477424,0,0.24395508,0.9604731,True
trial-Dirt-27.778-partial,2.2,33.17575,-0.8323307,-1.070302,0.22483242,0,0.24616742,0.9661096,True
trial-Dirt-27.778-partial,2.3,33.46411,-0.8549118,-1.0646303,0.22487408,0,0.24871159,0.9709422,True
trial-Dirt-27.778-partial,2.4,33.73781,-0.87794304,-1.0593863,0.22490393,0,0.25144637,0.9750857,True
trial-Dirt-27.778-partial,2.5,33.996502,-0.90080833,-1.0545632,0.22492532,0,0.25427938,0.9786384,True
trial-Dirt-27.778-partial,2.6,34.24011,-0.92321396,-1.0501908,0.22494066,0,0.25715968,0.9816845,True
trial-Dirt-27.778-partial,2.7,34.468735,-0.94510365,-1.0462781,0.22495164,0,0.26007012,0.98429626,True
trial-Dirt-27.778-partial,2.8,34.682625,-0.96650195,-1.0427996,0.22495951,0,0.26299644,0.98653555,True
trial-Dirt-27.778-partial,2.9,34.882137,-0.9874152,-1.0397068,0.22496516,0,0.26592195,0.98845553,True
trial-Dirt-27.778-partial,3.0,35.067696,-1.0078068,-1.0369453,0.2249692,0,0.26882362,0.9901017,True
trial-Dirt-27.778-partial,3.1,35.239826,-1.0275989,-1.0344648,0.22497208,0,0.2716776,0.9915132,True
trial-Dirt-27.778-partial,3.2,35.399097,-1.0466957,-1.0322262,0.22497416,0,0.2744589,0.99272335,True
trial-Dirt-27.778-partial,3.3,35.54614,-1.0650139,-1.0302023,0.22497563,0,0.27714697,0.993761,True
trial-Dirt-27.778-partial,3.4,35.681614,-1.0824862,-1.0283724,0.2249767,0,0.27972972,0.99465066,True
trial-Dirt-27.778-partial,3.5,35.806187,-1.0990953,-1.0267178,0.22497746,0,0.28219634,0.9954134,True
trial-Dirt-27.778-partial,3.6,35.920536,-1.1148186,-1.0252223,0.22497801,0,0.28454128,0.9960675,True
trial-Dirt-27.778-partial,3.7,36.02532,-1.129652,-1.0238705,0.2249784,0,0.2867617,0.9966283,True
trial-Dirt-27.778-partial,3.8,36.12119,-1.1436005,-1.0226476,0.22497869,0,0.28885323,0.99710906,True
trial-Dirt-27.778-partial,3.9,36.208786,-1.1566668,-1.0215414,0.22497888,0,0.29081595,0.9975213,True
trial-Dirt-27.778-partial,4.0,36.28871,-1.1688852,-1.0205395,0.22497903,0,0.2926546,0.99787474,True
trial-Dirt-44.44-key,0.1,44.315586,0.0541274,-0.051101647,0.007007988,0,3.6895275e-05,0.02123976,True
trial-Dirt-44.44-key,0.2,44.125984,0.1207391,-0.23147987,0.023508491,0,0.0039567053,0.075099304,True
trial-Dirt-44.44-key,0.3,43.91648,0.08277035,-0.50592715,0.046813294,0,0.035752356,0.15692791,True
trial-Dirt-44.44-key,0.4,43.65219,-0.15506506,-0.7916102,0.07499097,0,0.12459275,0.26273727,True
trial-Dirt-44.44-key,0.5,43.294514,-0.68186903,-1.014581,0.10666284,0,0.26099434,0.36786813,True
trial-Dirt-44.44-key,0.6,42.81611,-1.4839544,-1.1561551,0.14083579,0,0.39652488,0.4580077,True
trial-Dirt-44.44-key,0.7,42.196274,-2.4103746,-1.2525343,0.17680345,0,0.5007433,0.53529376,True
trial-Dirt-44.44-key,0.8,41.445065,-3.5132542,-1.3137615,0.21405445,0,0.5999739,0.6015591,True
trial-Dirt-44.44-key,0.9,40.594463,-4.8040752,-1.3353617,0.25222763,0,0.6787454,0.65837526,True
trial-Dirt-44.44-key,1.0,39.645527,-6.0767136,-1.3316633,0.291059,0,0.72753143,0.70708966,True
trial-Dirt-44.44-key,1.1,38.591145,-7.1673746,-1.3134807,0.33036453,0,0.75656235,0.74885756,True
trial-Dirt-44.44-key,1.2,37.4447,-8.013023,-1.2843082,0.37000722,0,0.774528,0.78466946,True
trial-Dirt-44.44-key,1.3,36.22795,-8.592609,-1.2476021,0.40989414,0,0.78524214,0.8153748,True
trial-Dirt-44.44-key,1.4,34.961773,-8.905504,-1.2077831,0.4499534,0,0.79058695,0.8417016,True
trial-Dirt-44.44-key,1.5,33.663776,-8.967433,-1.1693542,0.49013883,0,0.7916478,0.8642743,True
trial-Dirt-44.44-key,1.6,32.34844,-8.807009,-1.1358889,0.53041196,0,0.78911483,0.8836283,True
trial-Dirt-44.44-key,1.7,31.028542,-8.461866,-1.1093034,0.5707506,0,0.78349364,0.9002225,True
trial-Dirt-44.44-key,1.8,29.71398,-7.968562,-1.0903045,0.6111336,0,0.7747609,0.91445035,True
trial-Dirt-44.44-key,1.9,28.412327,-7.3618875,-1.078559,0.6515522,0,0.76294917,0.9266494,True
trial-Dirt-44.44-key,2.0,27.10167,-6.599518,-1.0813652,0.6919938,0,0.73653364,0.93710893,True
trial-Dirt-44.44-key,2.1,25.636473,-5.575571,-1.1523384,0.73245174,0,0.69851506,0.946077,True
trial-Dirt-44.44-key,2.2,23.94119,-4.429658,-1.3395276,0.7729215,0,0.65953374,0.95376617,True
trial-Dirt-44.44-key,2.3,21.904276,-3.4149866,-1.7426932,0.80885214,0,0.6531095,0.9603589,True
trial-Dirt-44.44-key,2.4,19.466103,-2.7456536,-2.306702,0.8346897,0,0.62603915,0.9660116,True
trial-Dirt-44.44-key,2.5,16.693314,-2.1871252,-2.9206839,0.8532031,0,0.60225475,0.97085816,True
trial-Dirt-44.44-key,2.6,13.7271805,-1.5798217,-3.6199744,0.8664686,0.009452601,0.58477855,0.97501373,True
trial-Dirt-44.44-key,2.7,11.065968,-1.0617537,-4.0564046,0.87597364,0.0533429,0.58124024,0.97857666,True
trial-Dirt-44.44-key,2.8,9.186072,-0.35439777,-3.8640003,0.8827843,0.12291096,0.49945658,0.9816316,True
trial-Dirt-44.44-key,2.9,8.207671,0.68155456,-3.482549,0.8876644,0.1942507,0.40504897,0.98425084,True
trial-Dirt-44.44-key,3.0,7.942557,1.5205965,-3.322683,0.89116114,0.25579476,0.37365866,0.9864967,True
trial-Dirt-44.44-key,3.1,8.027407,1.9790338,-3.3554304,0.8936667,0.30666682,0.3913577,0.98842216,True
trial-Dirt-44.44-key,3.2,8.214022,2.1488018,-3.4630213,0.895462,0.34819502,0.42605338,0.9900731,True
trial-Dirt-44.44-key,3.3,8.387868,2.1361563,-3.5809824,0.89674836,0.38163224,0.46340007,0.9914886,True
trial-Dirt-44.44-key,3.4,8.498268,2.0132127,-3.6820266,0.8976701,0.40846127,0.49855578,0.99270225,True
trial-Dirt-44.44-key,3.5,8.527559,1.8295975,-3.7541914,0.8983305,0.43023908,0.5295108,0.9937429,True
trial-Dirt-44.44-key,3.6,8.478152,1.624836,-3.7926667,0.8988038,0.4483766,0.55496466,0.99463516,True
trial-Dirt-44.44-key,3.7,8.365576,1.4312346,-3.7976294,0.89914286,0.46394268,0.57458174,0.9954002,True
trial-Dirt-44.44-key,3.8,8.212571,1.2720897,-3.7737348,0.8993858,0.47758892,0.58871233,0.99605614,True
trial-Dirt-44.44-key,3.9,8.043448,1.1600521,-3.7291458,0.8995599,0.48960972,0.59814334,0.9966185,True
trial-Dirt-44.44-key,4.0,7.879821,1.0957878,-3.6736147,0.8996846,0.49993503,0.60436463,0.99710065,True
trial-Dirt-44.44-pad,0.1,44.267677,0.5216346,-0.63865197,0.08843392,0,0.012667239,0.14259619,True
trial-Dirt-44.44-pad,0.2,43.850224,-0.22722244,-1.1584017,0.15309863,0,0.22493559,0.2648587,True
trial-Dirt-44.44-pad,0.3,43.214615,-1.7654114,-1.3562825,0.19943291,0,0.4797083,0.36968702,True
trial-Dirt-44.44-pad,0.4,42.358147,-3.5912209,-1.4698395,0.23263288,0,0.6235976,0.45956725,True
trial-Dirt-44.44-pad,0.5,41.291218,-5.530731,-1.5535656,0.2564217,0,0.71306974,0.53663087,True
trial-Dirt-44.44-pad,0.6,40.105564,-7.6221466,-1.5683181,0.2734671,0,0.77654135,0.6027056,True
trial-Dirt-44.44-pad,0.7,38.857857,-9.541196,-1.5059932,0.28568065,0,0.80902946,0.6593583,True
trial-Dirt-44.44-pad,0.8,37.54288,-10.907513,-1.3975484,0.29443204,0,0.8218323,0.70793253,True
trial-Dirt-44.44-pad,0.9,36.18608,-11.597669,-1.2689725,0.3007027,0,0.8239187,0.74958026,True
trial-Dirt-44.44-pad,1.0,34.835403,-11.6335335,-1.1368698,0.30519584,0,0.81824577,0.7852892,True
trial-Dirt-44.44-pad,1.1,33.544613,-11.094976,-1.0099392,0.30841532,0,0.8053239,0.8159062,True
trial-Dirt-44.44-pad,1.2,32.367783,-10.069983,-0.8901133,0.31072217,0,0.78343403,0.8421573,True
trial-Dirt-44.44-pad,1.3,31.357527,-8.627497,-0.773615,0.3123751,0,0.7477181,0.86466503,True
trial-Dirt-44.44-pad,1.4,30.566654,-6.803715,-0.65144235,0.31355947,0,0.6856612,0.8839633,True
trial-Dirt-44.44-pad,1.5,30.05001,-4.5908375,-0.5103081,0.31440812,0,0.5569443,0.9005097,True
trial-Dirt-44.44-pad,1.6,29.871935,-2.1199684,-0.41811106,0.31501624,0,0.3117001,0.9146967,True
trial-Dirt-44.44-pad,1.7,30.038015,-0.36971807,-0.64219785,0.31545192,0,0.12129143,0.92686063,True
trial-Dirt-44.44-pad,1.8,30.35569,0.07772732,-1.0093094,0.3157641,0,0.1251108,0.9372901,True
trial-Dirt-44.44-pad,1.9,30.673204,-0.16357899,-1.2148259,0.3159878,0,0.1904225,0.9462323,True
trial-Dirt-44.44-pad,2.0,30.938269,-0.5605583,-1.2661186,0.3161481,0,0.25106686,0.9538993,True
trial-Dirt-44.44-pad,2.1,31.15036,-0.8700638,-1.2373457,0.31626293,0,0.28573668,0.9604731,True
trial-Dirt-44.44-pad,2.2,31.329998,-1.0187616,-1.1823343,0.31634524,0,0.29609916,0.9661096,True
trial-Dirt-44.44-pad,2.3,31.499416,-1.0275364,-1.1325387,0.3164042,0,0.29023945,0.9709422,True
trial-Dirt-44.44-pad,2.4,31.672981,-0.9635811,-1.1020894,0.31644645,0,0.27833542,0.9750857,True
trial-Dirt-44.44-pad,2.5,31.85403,-0.8917742,-1.0920739,0.31647673,0,0.26806694,0.9786384,True
trial-Dirt-44.44-pad,2.6,32.037815,-0.84936523,-1.0957081,0.3164984,0,0.263341,0.9816845,True
trial-Dirt-44.44-pad,2.7,32.217773,-0.8459501,-1.1033988,0.31651393,0,0.2643007,0.98429626,True
trial-Dirt-44.44-pad,2.8,32.38884,-0.8705454,-1.1083332,0.31652504,0,0.2684974,0.98653555,True
trial-Dirt-44.44-pad,2.9,32.548615,-0.90568304,-1.1083356,0.31653303,0,0.27332437,0.98845553,True
trial-Dirt-44.44-pad,3.0,32.69702,-0.9377105,-1.1045134,0.31653878,0,0.27716947,0.9901017,True
trial-Dirt-44.44-pad,3.1,32.835278,-0.9606366,-1.0991206,0.31654286,0,0.2796321,0.9915132,True
trial-Dirt-44.44-pad,3.2,32.964893,-0.9750447,-1.0939918,0.3165458,0,0.28107715,0.99272335,True
trial-Dirt-44.44-pad,3.3,33.086964,-0.9845171,-1.0900226,0.3165479,0,0.2820834,0.993761,True
trial-Dirt-44.44-pad,3.4,33.202026,-0.99258614,-1.0873172,0.31654942,0,0.28308043,0.99465066,True
trial-Dirt-44.44-pad,3.5,33.310192,-1.0014906,-1.0855266,0.31655052,0,0.28430545,0.9954134,True
trial-Dirt-44.44-pad,3.6,33.41147,-1.0119581,-1.0841635,0.3165513,0,0.28578198,0.9960675,True
trial-Dirt-44.44-pad,3.7,33.505898,-1.0235577,-1.082862,0.31655186,0,0.28740102,0.9966283,True
trial-Dirt-44.44-pad,3.8,33.59365,-1.035409,-1.0814567,0.31655222,0,0.28902304,0.99710906,True
trial-Dirt-44.44-pad,3.9,33.675053,-1.0467119,-1.0799532,0.31655252,0,0.2905476,0.9975213,True
trial-Dirt-44.44-pad,4.0,33.75049,-1.0570335,-1.0784435,0.3165527,0,0.2919308,0.99787474,True
trial-Dirt-44.44-partial,0.1,44.288742,0.42018574,-0.5043385,0.06377463,0,0.007449597,0.14259619,True
trial-Dirt-44.44-partial,0.2,43.962498,-0.05474329,-0.9954094,0.10947114,0,0.15378827,0.2648587,True
trial-Dirt-44.44-partial,0.3,43.480713,-1.161663,-1.2134598,0.14221413,0,0.37562206,0.36968702,True
trial-Dirt-44.44-partial,0.4,42.840748,-2.5267735,-1.3119829,0.1656755,0,0.5268227,0.45956725,True
trial-Dirt-44.44-partial,0.5,42.049053,-3.8895683,-1.3699487,0.1824863,0,0.61796033,0.53663087,True
trial-Dirt-44.44-partial,0.6,41.16469,-5.318365,-1.3782815,0.19453177,0,0.6917765,0.6027056,True
trial-Dirt-44.44-partial,0.7,40.246105,-6.7002277,-1.3313762,0.20316271,0,0.7389295,0.6593583,True
trial-Dirt-44.44-partial,0.8,39.299316,-7.724038,-1.2464291,0.20934707,0,0.75821704,0.70793253,True
trial-Dirt-44.44-partial,0.9,38.34221,-8.226161,-1.1383675,0.21377835,0,0.7612271,0.74958026,True
trial-Dirt-44.44-partial,1.0,37.41776,-8.172282,-1.0172685,0.21695352,0,0.75148463,0.7852892,True
trial-Dirt-44.44-partial,1.1,36.575253,-7.5765753,-0.88945705,0.21922861,0,0.72744906,0.8159062,True
trial-Dirt-44.44-partial,1.2,35.864994,-6.466009,-0.75682473,0.2208588,0,0.6812277,0.8421573,True
trial-Dirt-44.44-partial,1.3,35.336956,-4.8559995,-0.6169347,0.22202685,0,0.5884435,0.86466503,True
trial-Dirt-44.44-partial,1.4,35.045116,-2.8343277,-0.5041373,0.22286382,0,0.4115705,0.8839633,True
trial-Dirt-44.44-partial,1.5,35.022297,-1.0143623,-0.58140963,0.22346354,0,0.19531605,0.9005097,True
trial-Dirt-44.44-partial,1.6,35.176174,-0.2714169,-0.8665024,0.22389323,0,0.14380795,0.9146967,True
trial-Dirt-44.44-partial,1.7,35.361057,-0.4008665,-1.0794995,0.22420111,0,0.19944656,0.92686063,True
trial-Dirt-44.44-partial,1.8,35.5064,-0.813468,-1.1509871,0.22442174,0,0.2671604,0.9372901,True
trial-Dirt-44.44-partial,1.9,35.601532,-1.1795845,-1.1366241,0.22457981,0,0.31118733,0.9462323,True
trial-Dirt-44.44-partial,2.0,35.663704,-1.375391,-1.0883124,0.22469309,0,0.32784364,0.9538993,True
trial-Dirt-44.44-partial,2.1,35.716362,-1.3971014,-1.0388305,0.22477424,0,0.32331306,0.9604731,True
trial-Dirt-44.44-partial,2.2,35.777084,-1.3093138,-1.0062968,0.22483242,0,0.30807924,0.9661096,True
trial-Dirt-44.44-partial,2.3,35.85247,-1.1948586,-0.99614877,0.22487408,0,0.2923148,0.9709422,True
trial-Dirt-44.44-partial,2.4,35.93886,-1.1135426,-1.0034902,0.22490393,0,0.28301066,0.9750857,True
trial-Dirt-44.44-partial,2.5,36.02852,-1.0887566,-1.0172031,0.22492532,0,0.2820574,0.9786384,True
trial-Dirt-44.44-partial,2.6,36.11426,-1.1087418,-1.0279377,0.22494066,0,0.28638694,0.9816845,True
trial-Dirt-44.44-partial,2.7,36.192142,-1.148202,-1.0319899,0.22495164,0,0.29225537,0.98429626,True
trial-Dirt-44.44-partial,2.8,36.26166,-1.1853199,-1.0301794,0.22495951,0,0.29692954,0.98653555,True
trial-Dirt-44.44-partial,2.9,36.324295,-1.2085524,-1.025474,0.22496516,0,0.2993637,0.98845553,True
trial-Dirt-44.44-partial,3.0,36.382057,-1.2171717,-1.0207403,0.2249692,0,0.29995584,0.9901017,True
trial-Dirt-44.44-partial,3.1,36.436497,-1.2169406,-1.017572,0.22497208,0,0.29968637,0.9915132,True
trial-Dirt-44.44-partial,3.2,36.48825,-1.214599,-1.0162492,0.22497416,0,0.29941675,0.99272335,True
trial-Dirt-44.44-partial,3.3,36.53724,-1.214623,-1.016235,0.22497563,0,0.29962665,0.993761,True
trial-Dirt-44.44-partial,3.4,36.58308,-1.2185493,-1.016707,0.2249767,0,0.3003983,0.99465066,True
trial-Dirt-44.44-partial,3.5,36.625446,-1.2255335,-1.0170234,0.22497746,0,0.30152518,0.9954134,True
trial-Dirt-44.44-partial,3.6,36.664238,-1.2337408,-1.0169016,0.22497801,0,0.30273002,0.9960675,True
trial-Dirt-44.44-partial,3.7,36.699596,-1.2414732,-1.01638,0.2249784,0,0.3038067,0.9966283,True
trial-Dirt-44.44-partial,3.8,36.73184,-1.2478199,-1.0156596,0.22497869,0,0.30466628,0.99710906,True
trial-Dirt-44.44-partial,3.9,36.761314,-1.2526855,-1.0149515,0.22497888,0,0.30533028,0.9975213,True
trial-Dirt-44.44-partial,4.0,36.78833,-1.2564716,-1.0143894,0.22497903,0,0.3058691,0.99787474,True
trial-pad-8-0.8,0.1,8.051621,0.21815641,-0.14907603,0.095,0.0006490681,0.0010344684,0.14259619,True
trial-pad-8-0.8,0.2,8.256036,0.5277432,-0.41628835,0.19,0.003965917,0.0054680705,0.2648587,True
trial-pad-8-0.8,0.3,8.578327,0.82269883,-0.7090865,0.27014476,0.010882835,0.014310211,0.36968702,True
trial-pad-8-0.8,0.4,9.002465,1.0595309,-0.9772174,0.32757095,0.021235904,0.027551085,0.45956725,True
trial-pad-8-0.8,0.5,9.511141,1.244638,-1.2153294,0.36871862,0.034081772,0.04433137,0.53663087,True
trial-pad-8-0.8,0.6,10.083987,1.3854916,-1.4287702,0.3982022,0.047982752,0.06338394,0.6027056,True
trial-pad-8-0.8,0.7,10.700966,1.4857092,-1.6220621,0.41932815,0.061313238,0.08339131,0.6593583,True
trial-pad-8-0.8,0.8,11.343236,1.5473671,-1.7975736,0.4344655,0.0725671,0.103198946,0.70793253,True
trial-pad-8-0.8,0.9,11.993414,1.5731125,-1.9562258,0.4453119,0.08061097,0.12178388,0.74958026,True
trial-pad-8-0.8,1.0,12.63599,1.5659783,-2.097843,0.4530837,0.08483453,0.1389533,0.7852892,True
trial-pad-8-0.8,1.1,13.257724,1.5287104,-2.2215009,0.45865244,0.08510534,0.15499222,0.8159062,True
trial-pad-8-0.8,1.2,13.847849,1.4648783,-2.3261447,0.46264258,0.08128977,0.16975698,0.8421573,True
trial-pad-8-0.8,1.3,14.398292,1.379319,-2.4114957,0.46550167,0.07429164,0.18348938,0.86466503,True
trial-pad-8-0.8,1.4,14.903566,1.2785153,-2.4786303,0.46755028,0.06529791,0.19607812,0.8839633,True
trial-pad-8-0.8,1.5,15.360934,1.1682806,-2.529343,0.46901816,0.055433623,0.2079316,0.9005097,True
trial-pad-8-0.8,1.6,15.770465,1.0515676,-2.5652382,0.47006997,0.045638606,0.21956274,0.9146967,True
trial-pad-8-0.8,1.7,16.133932,0.93084764,-2.5879767,0.47082362,0.03661079,0.2310662,0.92686063,True
trial-pad-8-0.8,1.8,16.454065,0.8092024,-2.5993912,0.47136363,0.028802997,0.24239522,0.9372901,True
trial-pad-8-0.8,1.9,16.734493,0.68924785,-2.6011817,0.47175056,0.022448843,0.25331175,0.9462323,True
trial-pad-8-0.8,2.0,16.978493,0.5776286,-2.5952933,0.4720278,0.01748318,0.2626723,0.9538993,True
trial-pad-8-0.8,2.1,17.190115,0.4832201,-2.5785718,0.4722265,0.0136159165,0.26918814,0.9604731,True
trial-pad-8-0.8,2.2,17.37595,0.41150665,-2.5563989,0.47236887,0.010604087,0.2729102,0.9661096,True
trial-pad-8-0.8,2.3,17.54349,0.35929108,-2.5331028,0.47247082,0.008258472,0.27477908,0.9709422,True
trial-pad-8-0.8,2.4,17.698711,0.32053483,-2.5105698,0.4725439,0.0064317053,0.27564234,0.9750857,True
trial-pad-8-0.8,2.5,17.845491,0.28971505,-2.4893847,0.4725963,0.005009018,0.2760926,0.9786384,True
trial-pad-8-0.8,2.6,17.985935,0.26290894,-2.4695058,0.4726338,0.0039010276,0.27647927,0.9816845,True
trial-pad-8-0.8,2.7,18.121025,0.23780537,-2.4506593,0.47266072,0.003038124,0.27696157,0.98429626,True
trial-pad-8-0.8,2.8,18.251137,0.21331978,-2.4325433,0.47267997,0.0023660937,0.27757975,0.98653555,True
trial-pad-8-0.8,2.9,18.376394,0.18915081,-2.4149263,0.47269377,0.0018427158,0.2783053,0.98845553,True
trial-pad-8-0.8,3.0,18.496891,0.16545343,-2.397691,0.4727037,0.0014351087,0.27908152,0.9901017,True
trial-pad-8-0.8,3.1,18.612755,0.14248401,-2.3808038,0.47271073,0.0011176639,0.2798595,0.9915132,True
trial-pad-8-0.8,3.2,18.724216,0.120461464,-2.364276,0.47271582,0.0008704376,0.28060657,0.99272335,True
trial-pad-8-0.8,3.3,18.831528,0.099523544,-2.3481426,0.4727195,0.00067789754,0.28130078,0.993761,True
trial-pad-8-0.8,3.4,18.93498,0.07971001,-2.3324416,0.4727221,0.0005279472,0.28193706,0.99465066,True
trial-pad-8-0.8,3.5,19.034864,0.060976982,-2.3171933,0.47272396,0.00041116576,0.28251755,0.9954134,True
trial-pad-8-0.8,3.6,19.131441,0.043245792,-2.302406,0.47272527,0.00032021626,0.28304762,0.9960675,True
trial-pad-8-0.8,3.7,19.224957,0.026421785,-2.2880723,0.47272623,0.0002493847,0.2835348,0.9966283,True
trial-pad-8-0.8,3.8,19.31563,0.010412693,-2.274175,0.4727269,0.00019422104,0.28398407,0.99710906,True
trial-pad-8-0.8,3.9,19.403654,-0.0048680305,-2.2606928,0.4727274,0.0001512595,0.2844005,0.9975213,True
trial-pad-8-0.8,4.0,19.489206,-0.019478798,-2.2476008,0.47272775,0.000117801035,0.2847871,0.99787474,True
trial-pad-8-0.9,0.1,8.051608,0.21888627,-0.1502204,0.095,0.00076617405,0.0010533631,0.14259619,True
trial-pad-8-0.9,0.2,8.255834,0.53249794,-0.42210722,0.19,0.004678874,0.0058062077,0.2648587,True
trial-pad-8-0.9,0.3,8.571498,0.8635132,-0.74258393,0.28499997,0.012829468,0.015455693,0.36968702,True
trial-pad-8-0.9,0.4,8.950097,1.2083523,-1.1001455,0.37999988,0.02504378,0.030209184,0.45956725,True
trial-pad-8-0.9,0.5,9.348634,1.5316205,-1.4709853,0.46119982,0.040376235,0.049794674,0.53663087,True
trial-pad-8-0.9,0.6,9.763707,1.7774024,-1.8065013,0.5193821,0.05750297,0.07337311,0.6027056,True
trial-pad-8-0.9,0.7,10.187866,1.9457974,-2.0966485,0.5610715,0.074990824,0.09976813,0.6593583,True
trial-pad-8-0.9,0.8,10.60644,2.046448,-2.3449838,0.5909433,0.09155239,0.12774402,0.70793253,True
trial-pad-8-0.9,0.9,11.004218,2.0894048,-2.5567188,0.6123473,0.10622855,0.15619856,0.74958026,True
trial-pad-8-0.9,1.0,11.367995,2.0835884,-2.73597,0.62768406,0.11847282,0.18459857,0.7852892,True
trial-pad-8-0.9,1.1,11.68711,2.0383928,-2.8862207,0.63867325,0.12814401,0.21237528,0.8159062,True
trial-pad-8-0.9,1.2,11.954552,1.9609272,-3.0100586,0.6465474,0.13543172,0.23965672,0.8421573,True
trial-pad-8-0.9,1.3,12.166623,1.8583164,-3.1098604,0.65218943,0.1407472,0.26591662,0.86466503,True
trial-pad-8-0.9,1.4,12.3223715,1.7405648,-3.1882727,0.6562321,0.14461994,0.28998312,0.8839633,True
trial-pad-8-0.9,1.5,12.424111,1.6194847,-3.2479916,0.6591289,0.147607,0.31082878,0.9005097,True
trial-pad-8-0.9,1.6,12.477853,1.5055623,-3.2915592,0.66120446,0.15021528,0.32804894,0.9146967,True
trial-pad-8-0.9,1.7,12.492588,1.4059787,-3.3214576,0.6626917,0.15284497,0.34176666,0.92686063,True
trial-pad-8-0.9,1.8,12.478748,1.3240767,-3.3401804,0.6637573,0.15576106,0.35253376,0.9372901,True
trial-pad-8-0.9,1.9,12.446474,1.2602601,-3.3502624,0.66452086,0.15909328,0.36076447,0.9462323,True
trial-pad-8-0.9,2.0,12.404246,1.214251,-3.3543324,0.665068,0.16285968,0.36676386,0.9538993,True
trial-pad-8-0.9,2.1,12.359073,1.1834359,-3.3547902,0.66546,0.16699481,0.37120968,0.9604731,True
trial-pad-8-0.9,2.2,12.316012,1.1634474,-3.353579,0.6657409,0.17137823,0.37477994,0.9661096,True
trial-pad-8-0.9,2.3,12.277811,1.1497283,-3.3520515,0.6659422,0.17586845,0.37798846,0.9709422,True
trial-pad-8-0.9,2.4,12.245175,1.1386504,-3.3509574,0.6660863,0.18033335,0.38113457,0.9750857,True
trial-pad-8-0.9,2.5,12.217452,1.1279016,-3.350538,0.66618973,0.18466976,0.3843397,0.9786384,True
trial-pad-8-0.9,2.6,12.193347,1.1163609,-3.350702,0.66626376,0.18881093,0.3876199,0.9816845,True
trial-pad-8-0.9,2.7,12.171471,1.1037917,-3.3511975,0.6663169,0.19272421,0.3909206,0.98429626,True
trial-pad-8-0.9,2.8,12.150665,1.0905252,-3.3517463,0.66635495,0.19640347,0.3941611,0.98653555,True
trial-pad-8-0.9,2.9,12.130155,1.0771422,-3.352125,0.6663822,0.19985992,0.39726394,0.98845553,True
trial-pad-8-0.9,3.0,12.109559,1.0642296,-3.3521974,0.6664017,0.20311297,0.40017423,0.9901017,True
trial-pad-8-0.9,3.1,12.088824,1.0522428,-3.3519197,0.6664157,0.20618384,0.40286374,0.9915132,True
trial-pad-8-0.9,3.2,12.068103,1.0414567,-3.3513153,0.6664257,0.20909104,0.40532517,0.99272335,True
trial-pad-8-0.9,3.3,12.047653,1.0319567,-3.3504531,0.6664328,0.21184875,0.40757006,0.993761,True
trial-pad-8-0.9,3.4,12.027742,1.0236789,-3.3494196,0.6664379,0.21446651,0.409622,0.99465066,True
trial-pad-8-0.9,3.5,12.008595,1.016471,-3.348297,0.6664416,0.21695027,0.41150743,0.9954134,True
trial-pad-8-0.9,3.6,11.990362,1.0101328,-3.3471541,0.66644424,0.2193035,0.41325215,0.9960675,True
trial-pad-8-0.9,3.7,11.973111,1.0044694,-3.346035,0.66644615,0.22152889,0.41488135,0.9966283,True
trial-pad-8-0.9,3.8,11.956854,0.99926114,-3.3449507,0.6664475,0.22362903,0.4164273,0.99710906,True
trial-pad-8-0.9,3.9,11.941522,0.9944163,-3.3438907,0.6664485,0.22560745,0.4178716,0.9975213,True
trial-pad-8-0.9,4.0,11.927017,0.9900389,-3.3428466,0.6664492,0.22746909,0.41920182,0.99787474,True
trial-pad-8-1,0.1,8.051588,0.21972011,-0.15156144,0.095,0.00090735557,0.0011190176,0.14259619,True
trial-pad-8-1,0.2,8.255569,0.5381082,-0.42890027,0.19,0.005538421,0.0063757896,0.2648587,True
trial-pad-8-1,0.3,8.57057,0.87786204,-0.7586193,0.28499997,0.0151750855,0.017152995,0.36968702,True
trial-pad-8-1,0.4,8.947951,1.2343326,-1.1287597,0.37999988,0.029595738,0.03354898,0.45956725,True
trial-pad-8-1,0.5,9.334761,1.5950949,-1.5333902,0.4749998,0.047680058,0.05513069,0.53663087,True
trial-pad-8-1,0.6,9.674532,1.9400954,-1.9627962,0.5699997,0.06803774,0.08178049,0.6027056,True
trial-pad-8-1,0.7,9.91119,2.2420597,-2.3992925,0.66086864,0.089603394,0.11440122,0.6593583,True
trial-pad-8-1,0.8,10.042669,2.4462852,-2.789182,0.7286549,0.111871555,0.15260014,0.70793253,True
trial-pad-8-1,0.9,10.100366,2.5462964,-3.1054835,0.7772259,0.13456275,0.19378644,0.74958026,True
trial-pad-8-1,1.0,10.096069,2.5651374,-3.3523512,0.8120286,0.15754174,0.2359752,0.7852892,True
trial-pad-8-1,1.1,10.038993,2.5185764,-3.5384834,0.83696574,0.18078296,0.27921483,0.8159062,True
trial-pad-8-1,1.2,9.936301,2.4210622,-3.6732538,0.85483396,0.20430656,0.3215618,0.8421573,True
trial-pad-8-1,1.3,9.79351,2.294635,-3.7649775,0.8676371,0.22814177,0.35935554,0.86466503,True
trial-pad-8-1,1.4,9.619553,2.1613681,-3.8204348,0.8768109,0.25226945,0.39143723,0.8839633,True
trial-pad-8-1,1.5,9.427284,2.035927,-3.8463097,0.8833842,0.2765533,0.41839308,0.9005097,True
trial-pad-8-1,1.6,9.2298355,1.9254999,-3.8498213,0.8880943,0.30072764,0.44128323,0.9146967,True
trial-pad-8-1,1.7,9.037758,1.8319573,-3.8381002,0.8914691,0.32444426,0.46112895,0.92686063,True
trial-pad-8-1,1.8,8.858031,1.7537186,-3.8173325,0.89388734,0.34734026,0.47876775,0.9372901,True
trial-pad-8-1,1.9,8.694196,1.6873909,-3.7922366,0.8956201,0.36909646,0.49487424,0.9462323,True
trial-pad-8-1,2.0,8.547023,1.6293302,-3.7658935,0.8968616,0.38947198,0.5096652,0.9538993,True
trial-pad-8-1,2.1,8.415487,1.5772879,-3.7399194,0.8977512,0.4083148,0.5232767,0.9604731,True
trial-pad-8-1,2.2,8.2979,1.5294205,-3.7150881,0.8983887,0.42555344,0.53582823,0.9661096,True
trial-pad-8-1,2.3,8.19233,1.4846743,-3.6916113,0.8988455,0.44118088,0.5473327,0.9709422,True
trial-pad-8-1,2.4,8.096978,1.4427516,-3.6694043,0.8991728,0.4552376,0.55777234,0.9750857,True
trial-pad-8-1,2.5,8.010414,1.4038489,-3.6482933,0.89940727,0.46779588,0.56713974,0.9786384,True
trial-pad-8-1,2.6,7.9318385,1.3676358,-3.6279602,0.89957523,0.4788471,0.5756347,0.9816845,True
trial-pad-8-1,2.7,7.860596,1.3344926,-3.6082516,0.89969563,0.4884394,0.58300793,0.98429626,True
trial-pad-8-1,2.8,7.795963,1.3055093,-3.5893133,0.89978194,0.49676087,0.5893259,0.98653555,True
trial-pad-8-1,2.9,7.737758,1.2811034,-3.5713472,0.89984375,0.50397605,0.5947113,0.98845553,True
trial-pad-8-1,3.0,7.685954,1.2611963,-3.554605,0.89988804,0.51022875,0.5992843,0.9901017,True
trial-pad-8-1,3.1,7.640466,1.2453609,-3.539327,0.89991975,0.51564467,0.603171,0.9915132,True
trial-pad-8-1,3.2,7.601061,1.2329445,-3.5256863,0.8999425,0.52033365,0.60648674,0.99272335,True
trial-pad-8-1,3.3,7.5673313,1.2232192,-3.5137568,0.8999588,0.52439123,0.6093304,0.993761,True
trial-pad-8-1,3.4,7.5387263,1.2154815,-3.5035126,0.8999704,0.527901,0.61178446,0.99465066,True
trial-pad-8-1,3.5,7.514605,1.2091353,-3.4948418,0.89997876,0.5309357,0.61391497,0.9954134,True
trial-pad-8-1,3.6,7.494293,1.2037177,-3.4875705,0.8999847,0.5335585,0.61577284,0.9960675,True
trial-pad-8-1,3.7,7.4771457,1.1989076,-3.4814963,0.899989,0.5358245,0.6173985,0.9966283,True
trial-pad-8-1,3.8,7.4625764,1.1945138,-3.4764094,0.8999921,0.53778136,0.61882186,0.99710906,True
trial-pad-8-1,3.9,7.4500904,1.1904423,-3.4721143,0.8999943,0.53947073,0.62006664,0.9975213,True
trial-pad-8-1,4.0,7.4392867,1.1866658,-3.468445,0.8999959,0.5409288,0.6211529,0.99787474,True
trial-pad-16.667-0.8,0.1,16.682327,0.40292817,-0.303204,0.095,6.0166403e-12,0.00057551276,0.14259619,True
trial-pad-16.667-0.8,0.2,16.783985,0.8362268,-0.812451,0.19,4.6857644e-12,0.0057568257,0.2648587,True
trial-pad-16.667-0.8,0.3,16.91795,1.1262288,-1.3098793,0.27014476,3.649277e-12,0.024431407,0.36968702,True
trial-pad-16.667-0.8,0.4,17.061779,1.2507935,-1.7019997,0.32757095,2.8420601e-12,0.056591034,0.45956725,True
trial-pad-16.667-0.8,0.5,17.20085,1.2589364,-1.9905702,0.36871862,2.213399e-12,0.09467399,0.53663087,True
trial-pad-16.667-0.8,0.6,17.32112,1.2019234,-2.202044,0.3982022,1.7237971e-12,0.12965646,0.6027056,True
trial-pad-16.667-0.8,0.7,17.41548,1.1069789,-2.356781,0.41932815,1.3424947e-12,0.16349548,0.6593583,True
trial-pad-16.667-0.8,0.8,17.488138,0.96380043,-2.4603276,0.4344655,1.045536e-12,0.20069253,0.70793253,True
trial-pad-16.667-0.8,0.9,17.541157,0.782984,-2.5175183,0.4453119,8.142644e-13,0.2356872,0.74958026,True
trial-pad-16.667-0.8,1.0,17.571442,0.61460114,-2.5380533,0.4530837,6.341498e-13,0.25905803,0.7852892,True
trial-pad-16.667-0.8,1.1,17.581947,0.49640942,-2.542792,0.45865244,4.938764e-13,0.27116853,0.8159062,True
trial-pad-16.667-0.8,1.2,17.585215,0.4257202,-2.5417857,0.46264258,3.8463137e-13,0.27652293,0.8421573,True
trial-pad-16.667-0.8,1.3,17.593678,0.3861599,-2.538178,0.46550167,2.9955126e-13,0.27833903,0.86466503,True
trial-pad-16.667-0.8,1.4,17.614706,0.36348438,-2.5328817,0.46755028,2.332908e-13,0.2784673,0.8839633,True
trial-pad-16.667-0.8,1.5,17.650965,0.34844446,-2.5262413,0.46901816,1.8168708e-13,0.27794147,0.9005097,True
trial-pad-16.667-0.8,1.6,17.70216,0.33553702,-2.5183651,0.47006997,1.4149805e-13,0.27733892,0.9146967,True
trial-pad-16.667-0.8,1.7,17.766468,0.32187843,-2.509268,0.47082362,1.101988e-13,0.27693373,0.92686063,True
trial-pad-16.667-0.8,1.8,17.841442,0.30628204,-2.4989502,0.47136363,8.5822916e-14,0.27681565,0.9372901,True
trial-pad-16.667-0.8,1.9,17.9246,0.28857613,-2.4874558,0.47175056,6.6838957e-14,0.27697122,0.9462323,True
trial-pad-16.667-0.8,2.0,18.01371,0.26913357,-2.4748921,0.4720278,5.2054237e-14,0.27733868,0.9538993,True
trial-pad-16.667-0.8,2.1,18.106892,0.24855614,-2.4614275,0.4722265,4.0539885e-14,0.27784222,0.9604731,True
trial-pad-16.667-0.8,2.2,18.20266,0.22742742,-2.44727,0.47236887,3.1572496e-14,0.27841914,0.9661096,True
trial-pad-16.667-0.8,2.3,18.29987,0.20623112,-2.4326289,0.47247082,2.4588687e-14,0.27902386,0.9709422,True
trial-pad-16.667-0.8,2.4,18.397655,0.18530321,-2.4176984,0.4725439,1.9149692e-14,0.27962846,0.9750857,True
trial-pad-16.667-0.8,2.5,18.495369,0.16485405,-2.4026406,0.4725963,1.4913797e-14,0.28021398,0.9786384,True
trial-pad-16.667-0.8,2.6,18.592527,0.14500046,-2.3875911,0.4726338,1.16148775e-14,0.28077623,0.9816845,True
trial-pad-16.667-0.8,2.7,18.688757,0.12576866,-2.3726416,0.47266072,9.0456774e-15,0.28131667,0.98429626,True
trial-pad-16.667-0.8,2.8,18.783792,0.107164145,-2.3578572,0.47267997,7.0447806e-15,0.28183442,0.98653555,True
trial-pad-16.667-0.8,2.9,18.87742,0.08918345,-2.343282,0.47269377,5.4864814e-15,0.28232944,0.98845553,True
trial-pad-16.667-0.8,3.0,18.969494,0.07182121,-2.3289468,0.4727037,4.2728763e-15,0.28280112,0.9901017,True
trial-pad-16.667-0.8,3.1,19.05991,0.055072784,-2.3148754,0.47271073,3.32772e-15,0.28324866,0.9915132,True
trial-pad-16.667-0.8,3.2,19.14861,0.038923264,-2.3010817,0.47271582,2.5916311e-15,0.2836725,0.99272335,True
trial-pad-16.667-0.8,3.3,19.235556,0.023358345,-2.2875743,0.4727195,2.0183645e-15,0.2840714,0.993761,True
trial-pad-16.667-0.8,3.4,19.320747,0.008370876,-2.274357,0.4727221,1.5719042e-15,0.28444642,0.99465066,True
trial-pad-16.667-0.8,3.5,19.404194,-0.0060708523,-2.261431,0.47272396,1.2242003e-15,0.28479806,0.9954134,True
trial-pad-16.667-0.8,3.6,19.485935,-0.019984007,-2.248794,0.47272527,9.534084e-16,0.28512716,0.9960675,True
trial-pad-16.667-0.8,3.7,19.566004,-0.033391953,-2.2364414,0.47272623,7.425153e-16,0.28543472,0.9966283,True
trial-pad-16.667-0.8,3.8,19.644451,-0.04632759,-2.2243652,0.4727269,5.782715e-16,0.28572166,0.99710906,True
trial-pad-16.667-0.8,3.9,19.721338,-0.058794975,-2.212558,0.4727274,4.5035837e-16,0.2859883,0.9975213,True
trial-pad-16.667-0.8,4.0,19.796719,-0.070827484,-2.2010133,0.47272775,3.5073948e-16,0.28623638,0.99787474,True
trial-pad-16.667-0.9,0.1,16.682278,0.40448853,-0.3051511,0.095,6.777741e-12,0.00047051907,0.14259619,True
trial-pad-16.667-0.9,0.2,16.783257,0.8442427,-0.82247716,0.19,5.2785107e-12,0.004811198,0.2648587,True
trial-pad-16.667-0.9,0.3,16.902414,1.1855311,-1.3636326,0.28499997,4.1109087e-12,0.021247804,0.36968702,True
trial-pad-16.667-0.9,0.4,16.950726,1.4283915,-1.8792994,0.37999988,3.2015794e-12,0.05575177,0.45956725,True
trial-pad-16.667-0.9,0.5,16.854193,1.5381317,-2.3366165,0.46119982,2.4933929e-12,0.10958595,0.53663087,True
trial-pad-16.667-0.9,0.6,16.607273,1.5193992,-2.7074878,0.5193821,6.175126e-07,0.16674322,0.6027056,True
trial-pad-16.667-0.9,0.7,16.227545,1.4017158,-2.991726,0.5610715,9.7039854e-05,0.22909904,0.6593583,True
trial-pad-16.667-0.9,0.8,15.75585,1.1773006,-3.1852033,0.5909433,0.0007208709,0.29357725,0.70793253,True
trial-pad-16.667-0.9,0.9,15.20891,0.9398297,-3.3046706,0.6123473,0.0026373016,0.33767724,0.74958026,True
trial-pad-16.667-0.9,1.0,14.608282,0.8059535,-3.3659081,0.62768406,0.006866756,0.35422295,0.7852892,True
trial-pad-16.667-0.9,1.1,14.018108,0.81643677,-3.3753018,0.63867325,0.014307422,0.34790182,0.8159062,True
trial-pad-16.667-0.9,1.2,13.5144,0.94718456,-3.3478596,0.6465474,0.025135862,0.3273387,0.8421573,True
trial-pad-16.667-0.9,1.3,13.145206,1.1342924,-3.3100016,0.65218943,0.038577534,0.3038283,0.86466503,True
trial-pad-16.667-0.9,1.4,12.914571,1.3092024,-3.2845137,0.6562321,0.0532803,0.28696287,0.8839633,True
trial-pad-16.667-0.9,1.5,12.793609,1.4301076,-3.2792597,0.6591289,0.06791784,0.28075224,0.9005097,True
trial-pad-16.667-0.9,1.6,12.74272,1.4878583,-3.2900095,0.66120446,0.08157392,0.28392673,0.9146967,True
trial-pad-16.667-0.9,1.7,12.727055,1.4932911,-3.308887,0.6626917,0.09381464,0.29312947,0.92686063,True
trial-pad-16.667-0.9,1.8,12.722034,1.4633685,-3.3294237,0.6637573,0.104582764,0.30520523,0.9372901,True
trial-pad-16.667-0.9,1.9,12.713088,1.4138658,-3.3476703,0.66452086,0.114047915,0.31793466,0.9462323,True
trial-pad-16.667-0.9,2.0,12.69344,1.3571024,-3.3617318,0.665068,0.122477464,0.32994914,0.9538993,True
trial-pad-16.667-0.9,2.1,12.661699,1.3016453,-3.3710973,0.66546,0.1301467,0.3405555,0.9604731,True
trial-pad-16.667-0.9,2.2,12.619757,1.2526565,-3.3761232,0.6657409,0.13728595,0.3495317,0.9661096,True
trial-pad-16.667-0.9,2.3,12.5710745,1.2124282,-3.3776615,0.6659422,0.14405745,0.35696316,0.9709422,True
trial-pad-16.667-0.9,2.4,12.519407,1.1810818,-3.3767638,0.6660863,0.15055406,0.36310548,0.9750857,True
trial-pad-16.667-0.9,2.5,12.467964,1.1573901,-3.3744593,0.66618973,0.15681158,0.36826986,0.9786384,True
trial-pad-16.667-0.9,2.6,12.419002,1.1394415,-3.3715954,0.66626376,0.16282728,0.37276405,0.9816845,True
trial-pad-16.667-0.9,2.7,12.373744,1.1252294,-3.3687565,0.6663169,0.16857912,0.37683433,0.98429626,True
trial-pad-16.667-0.9,2.8,12.332527,1.1130848,-3.3662632,0.66635495,0.17404145,0.38064498,0.98653555,True
trial-pad-16.667-0.9,2.9,12.295079,1.1018481,-3.3642142,0.6663822,0.17919533,0.3842848,0.98845553,True
trial-pad-16.667-0.9,3.0,12.260802,1.0908861,-3.362564,0.6664017,0.18403335,0.38778585,0.9901017,True
trial-pad-16.667-0.9,3.1,12.229019,1.0799797,-3.3611925,0.6664157,0.18855993,0.3911457,0.9915132,True
trial-pad-16.667-0.9,3.2,12.199138,1.0691948,-3.3599644,0.6664257,0.19278902,0.3943419,0.99272335,True
trial-pad-16.667-0.9,3.3,12.170726,1.0587254,-3.3587675,0.6664328,0.19674036,0.39735535,0.993761,True
trial-pad-16.667-0.9,3.4,12.14352,1.0487914,-3.3575284,0.6664379,0.20043601,0.4001701,0.99465066,True
trial-pad-16.667-0.9,3.5,12.117415,1.0395665,-3.3562152,0.6664416,0.20389761,0.40278178,0.9954134,True
trial-pad-16.667-0.9,3.6,12.092397,1.0311507,-3.3548293,0.66644424,0.20714457,0.40519512,0.9960675,True
trial-pad-16.667-0.9,3.7,12.068512,1.0235598,-3.353393,0.66644615,0.21019341,0.4074232,0.9966283,True
trial-pad-16.667-0.9,3.8,12.045815,1.0167446,-3.3519402,0.6664475,0.21305768,0.40948233,0.99710906,True
trial-pad-16.667-0.9,3.9,12.024344,1.0106235,-3.350504,0.6664485,0.21574858,0.41138828,0.9975213,True
trial-pad-16.667-0.9,4.0,12.004106,1.0050955,-3.3491077,0.6664492,0.21827567,0.4131592,0.99787474,True
trial-pad-16.667-1,0.1,16.682226,0.40601516,-0.30724606,0.095,7.695314e-12,0.00037837029,0.14259619,True
trial-pad-16.667-1,0.2,16.782536,0.8520833,-0.832994,0.19,5.993117e-12,0.003962666,0.2648587,True
trial-pad-16.667-1,0.3,16.899055,1.205961,-1.3897017,0.28499997,4.6674452e-12,0.01781112,0.36968702,True
trial-pad-16.667-1,0.4,16.94024,1.4709859,-1.9294062,0.37999988,3.6350107e-12,0.047640026,0.45956725,True
trial-pad-16.667-1,0.5,16.813002,1.6343951,-2.438057,0.4749998,2.8309495e-12,0.09764463,0.53663087,True
trial-pad-16.667-1,0.6,16.4161,1.7085352,-2.9306793,0.5699997,1.7921247e-05,0.16662964,0.6027056,True
trial-pad-16.667-1,0.7,15.662382,1.6320872,-3.4128234,0.66086864,0.00061520026,0.2746631,0.6593583,True
trial-pad-16.667-1,0.8,14.577682,1.3002688,-3.819829,0.7286549,0.004141961,0.3850069,0.70793253,True
trial-pad-16.667-1,0.9,13.276197,0.92215276,-4.0587044,0.7772259,0.014859776,0.4437163,0.74958026,True
trial-pad-16.667-1,1.0,11.904509,0.74930286,-4.1135674,0.8120286,0.036981508,0.46008685,0.7852892,True
trial-pad-16.667-1,1.1,10.685408,0.8961234,-3.9939497,0.83696574,0.07114206,0.4252496,0.8159062,True
trial-pad-16.667-1,1.2,9.824078,1.3289638,-3.787115,0.85483396,0.112984106,0.36581594,0.8421573,True
trial-pad-16.667-1,1.3,9.353926,1.7879465,-3.6479275,0.8676371,0.1565767,0.3299262,0.86466503,True
trial-pad-16.667-1,1.4,9.155144,2.09152,-3.6155145,0.8768109,0.19801398,0.33006614,0.8839633,True
trial-pad-16.667-1,1.5,9.089365,2.22351,-3.6478484,0.8833842,0.23570335,0.35199618,0.9005097,True
trial-pad-16.667-1,1.6,9.066167,2.2332773,-3.7022061,0.8880943,0.26936245,0.38208377,0.9146967,True
trial-pad-16.667-1,1.7,9.037956,2.1657722,-3.7550178,0.8914691,0.29931337,0.41395435,0.92686063,True
trial-pad-16.667-1,1.8,8.983164,2.0533717,-3.7952344,0.89388734,0.32611427,0.44437924,0.9372901,True
trial-pad-16.667-1,1.9,8.895748,1.920244,-3.81833,0.8956201,0.3503489,0.47169793,0.9462323,True
trial-pad-16.667-1,2.0,8.779115,1.7848742,-3.8235078,0.8968616,0.37250036,0.49520737,0.9538993,True
trial-pad-16.667-1,2.1,8.641942,1.66053,-3.8125086,0.8977512,0.3928931,0.5148652,0.9604731,True
trial-pad-16.667-1,2.2,8.494906,1.5553615,-3.7887912,0.8983887,0.41169384,0.5310191,0.9661096,True
trial-pad-16.667-1,2.3,8.34825,1.4724717,-3.7567422,0.8988455,0.42895344,0.5442804,0.9709422,True
trial-pad-16.667-1,2.4,8.21012,1.4109215,-3.7207875,0.8991728,0.44466606,0.55528307,0.9750857,True
trial-pad-16.667-1,2.5,8.085819,1.367248,-3.684659,0.89940727,0.45882145,0.5645781,0.9786384,True
trial-pad-16.667-1,2.6,7.9778504,1.3368382,-3.650976,0.89957523,0.47142395,0.5726695,0.9816845,True
trial-pad-16.667-1,2.7,7.8868055,1.3141398,-3.6209235,0.89969563,0.48236185,0.5798919,0.98429626,True
trial-pad-16.667-1,2.8,7.8109283,1.2963946,-3.5950525,0.89978194,0.49178502,0.5861523,0.98653555,True
trial-pad-16.667-1,2.9,7.747854,1.2818115,-3.573294,0.89984375,0.49990213,0.591623,0.98845553,True
trial-pad-16.667-1,3.0,7.6953335,1.2690642,-3.5552084,0.89988804,0.5068933,0.596432,0.9901017,True
trial-pad-16.667-1,3.1,7.6513057,1.2573235,-3.54021,0.89991975,0.5129138,0.6006683,0.9915132,True
trial-pad-16.667-1,3.2,7.6139956,1.2461843,-3.5276914,0.8999425,0.51809776,0.60439646,0.99272335,True
trial-pad-16.667-1,3.3,7.5819645,1.235549,-3.5171006,0.8999588,0.5225607,0.60766673,0.993761,True
trial-pad-16.667-1,3.4,7.554117,1.225497,-3.5079808,0.8999704,0.5264023,0.6105206,0.99465066,True
trial-pad-16.667-1,3.5,7.5296583,1.216191,-3.4999874,0.89997876,0.5297086,0.61299706,0.9954134,True
trial-pad-16.667-1,3.6,7.508042,1.2077913,-3.4928784,0.8999847,0.53255385,0.6151326,0.9960675,True
trial-pad-16.667-1,3.7,7.4888997,1.2004137,-3.4865017,0.899989,0.5350019,0.6169648,0.9966283,True
trial-pad-16.667-1,3.8,7.471987,1.1941062,-3.4807675,0.8999921,0.5371079,0.6185293,0.99710906,True
trial-pad-16.667-1,3.9,7.457124,1.1888452,-3.475629,0.8999943,0.5389194,0.61986136,0.9975213,True
trial-pad-16.667-1,4.0,7.4441586,1.1845458,-3.4710603,0.8999959,0.54047734,0.62099445,0.99787474,True
trial-pad-27.778-0.8,0.1,27.7381,0.537421,-0.46895185,0.095,0,0.0021188855,0.14259619,True
trial-pad-27.778-0.8,0.2,27.677053,0.7097831,-1.0927712,0.19,0,0.054994762,0.2648587,True
trial-pad-27.778-0.8,0.3,27.531353,0.3698535,-1.4745753,0.27014476,0,0.184077,0.36968702,True
trial-pad-27.778-0.8,0.4,27.2773,-0.2354536,-1.6421994,0.32757095,0,0.3062593,0.45956725,True
trial-pad-27.778-0.8,0.5,26.902521,-0.79671097,-1.7138523,0.36871862,0,0.37721062,0.53663087,True
trial-pad-27.778-0.8,0.6,26.427402,-1.2478495,-1.7406095,0.3982022,0,0.42940688,0.6027056,True
trial-pad-27.778-0.8,0.7,25.925163,-1.6484594,-1.7129105,0.41932815,0,0.46942636,0.6593583,True
trial-pad-27.778-0.8,0.8,25.427042,-1.8783808,-1.6476564,0.4344655,0,0.47810632,0.70793253,True
trial-pad-27.778-0.8,0.9,24.937832,-1.8206329,-1.5806346,0.4453119,0,0.45566583,0.74958026,True
trial-pad-27.778-0.8,1.0,24.49172,-1.520267,-1.5368477,0.4530837,0,0.4120776,0.7852892,True
trial-pad-27.778-0.8,1.1,24.12656,-1.1145513,-1.532896,0.45865244,0,0.36137617,0.8159062,True
trial-pad-27.778-0.8,1.2,23.855892,-0.75220907,-1.5716017,0.46264258,0,0.32054716,0.8421573,True
trial-pad-27.778-0.8,1.3,23.66588,-0.5244956,-1.6357236,0.46550167,0,0.299679,0.86466503,True
trial-pad-27.778-0.8,1.4,23.529688,-0.43853378,-1.6990452,0.46755028,0,0.29630056,0.8839633,True
trial-pad-27.778-0.8,1.5,23.42276,-0.4483509,-1.7442086,0.46901816,0,0.30186406,0.9005097,True
trial-pad-27.778-0.8,1.6,23.329763,-0.49791718,-1.7675678,0.47006997,0,0.3088631,0.9146967,True
trial-pad-27.778-0.8,1.7,23.2447,-0.5454998,-1.7740045,0.47082362,0,0.31318215,0.92686063,True
trial-pad-27.778-0.8,1.8,23.167896,-0.5701647,-1.7710046,0.47136363,0,0.31367317,0.9372901,True
trial-pad-27.778-0.8,1.9,23.102402,-0.5687885,-1.7651153,0.47175056,0,0.31104183,0.9462323,True
trial-pad-27.778-0.8,2.0,23.051126,-0.5490953,-1.7604456,0.4720278,0,0.30679473,0.9538993,True
trial-pad-27.778-0.8,2.1,23.015303,-0.52230823,-1.758482,0.4722265,0,0.30239588,0.9604731,True
trial-pad-27.778-0.8,2.2,22.994215,-0.49767447,-1.7587848,0.47236887,0,0.29880512,0.9661096,True
trial-pad-27.778-0.8,2.3,22.985859,-0.4801693,-1.7599785,0.47247082,0,0.29635355,0.9709422,True
trial-pad-27.778-0.8,2.4,22.987759,-0.4705925,-1.760699,0.4725439,0,0.29489797,0.9750857,True
trial-pad-27.778-0.8,2.5,22.997639,-0.46712875,-1.7601128,0.4725963,0,0.29407626,0.9786384,True
trial-pad-27.778-0.8,2.6,23.013771,-0.46714973,-1.7580061,0.4726338,0,0.29353514,0.9816845,True
trial-pad-27.778-0.8,2.7,23.03502,-0.46843338,-1.7546004,0.47266072,0,0.29303566,0.98429626,True
trial-pad-27.778-0.8,2.8,23.060675,-0.469707,-1.7502986,0.47267997,0,0.29248118,0.98653555,True
trial-pad-27.778-0.8,2.9,23.090288,-0.4705639,-1.7454787,0.47269377,0,0.2918737,0.98845553,True
trial-pad-27.778-0.8,3.0,23.12349,-0.471161,-1.7404001,0.4727037,0,0.29125887,0.9901017,True
trial-pad-27.778-0.8,3.1,23.159925,-0.47185612,-1.7351882,0.47271073,0,0.29068947,0.9915132,True
trial-pad-27.778-0.8,3.2,23.199217,-0.47296047,-1.7298694,0.47271582,0,0.29019853,0.99272335,True
trial-pad-27.778-0.8,3.3,23.240995,-0.47464752,-1.7244216,0.4727195,0,0.2897948,0.993761,True
trial-pad-27.778-0.8,3.4,23.284903,-0.4769001,-1.7188169,0.4727221,0,0.28946704,0.99465066,True
trial-pad-27.778-0.8,3.5,23.330635,-0.47966194,-1.7130277,0.47272396,0,0.2892086,0.9954134,True
trial-pad-27.778-0.8,3.6,23.377995,-0.4829073,-1.7069798,0.47272527,0,0.28901073,0.9960675,True
trial-pad-27.778-0.8,3.7,23.426792,-0.4862919,-1.7006906,0.47272623,0,0.28879702,0.9966283,True
trial-pad-27.778-0.8,3.8,23.4768,-0.48945498,-1.6943034,0.4727269,0,0.28854883,0.99710906,True
trial-pad-27.778-0.8,3.9,23.527891,-0.49243057,-1.6879051,0.4727274,0,0.28829217,0.9975213,True
trial-pad-27.778-0.8,4.0,23.579977,-0.4954071,-1.6815047,0.47272775,0,0.28805333,0.99787474,True
trial-pad-27.778-0.9,0.1,27.738089,0.5377275,-0.46921742,0.095,0,0.0021061897,0.14259619,True
trial-pad-27.778-0.9,0.2,27.676785,0.7115779,-1.0945923,0.19,0,0.054691344,0.2648587,True
trial-pad-27.778-0.9,0.3,27.51961,0.3798356,-1.4852395,0.28499997,0,0.18493694,0.36968702,True
trial-pad-27.778-0.9,0.4,27.189373,-0.23033428,-1.6737683,0.37999988,0,0.3166421,0.45956725,True
trial-pad-27.778-0.9,0.5,26.612461,-0.8310385,-1.7926207,0.46119982,0,0.40643966,0.53663087,True
trial-pad-27.778-0.9,0.6,25.785913,-1.3904991,-1.9032032,0.5193821,0,0.48295283,0.6027056,True
trial-pad-27.778-0.9,0.7,24.794716,-1.9983025,-1.9837327,0.5610715,0,0.54662704,0.6593583,True
trial-pad-27.778-0.9,0.8,23.658478,-2.5297003,-2.057707,0.5909433,0,0.5897876,0.70793253,True
trial-pad-27.778-0.9,0.9,22.330963,-2.8528748,-2.172943,0.6123473,0,0.61169297,0.74958026,True
trial-pad-27.778-0.9,1.0,20.786272,-2.9519536,-2.3592525,0.62768406,0,0.623255,0.7852892,True
trial-pad-27.778-0.9,1.1,19.020607,-2.868559,-2.6350174,0.63867325,0,0.63066137,0.8159062,True
trial-pad-27.778-0.9,1.2,17.056517,-2.645483,-2.9930024,0.6465474,0,0.63280094,0.8421573,True
trial-pad-27.778-0.9,1.3,14.997636,-2.2872338,-3.358267,0.65218943,0.001906073,0.61648774,0.86466503,True
trial-pad-27.778-0.9,1.4,13.087597,-1.6784658,-3.4571464,0.6562321,0.015687572,0.55368567,0.8839633,True
trial-pad-27.778-0.9,1.5,11.6595955,-0.6413558,-3.239125,0.6591289,0.04446862,0.44265044,0.9005097,True
trial-pad-27.778-0.9,1.6,10.965145,0.5247834,-2.9848404,0.66120446,0.08068953,0.32000548,0.9146967,True
trial-pad-27.778-0.9,1.7,10.903111,1.3493524,-2.901717,0.6626917,0.115036,0.25727823,0.92686063,True
trial-pad-27.778-0.9,1.8,11.148766,1.72722,-2.9582837,0.6637573,0.14258367,0.2548776,0.9372901,True
trial-pad-27.778-0.9,1.9,11.47763,1.8186538,-3.057458,0.66452086,0.16231836,0.27569455,0.9462323,True
trial-pad-27.778-0.9,2.0,11.78613,1.7681947,-3.154026,0.665068,0.17515218,0.30116647,0.9538993,True
trial-pad-27.778-0.9,2.1,12.032126,1.6536915,-3.2346706,0.66546,0.18272647,0.3259074,0.9604731,True
trial-pad-27.778-0.9,2.2,12.203442,1.5151215,-3.2964933,0.6657409,0.1867694,0.34781492,0.9661096,True
trial-pad-27.778-0.9,2.3,12.302959,1.3756046,-3.3399417,0.6659422,0.18878762,0.3660877,0.9709422,True
trial-pad-27.778-0.9,2.4,12.341128,1.2517767,-3.3669047,0.6660863,0.18994716,0.38017368,0.9750857,True
trial-pad-27.778-0.9,2.5,12.332937,1.1524773,-3.3799982,0.66618973,0.19105066,0.39046615,0.9786384,True
trial-pad-27.778-0.9,2.6,12.294426,1.0807879,-3.382365,0.66626376,0.19256265,0.39739782,0.9816845,True
trial-pad-27.778-0.9,2.7,12.240021,1.0367327,-3.3775597,0.6663169,0.19467275,0.40132394,0.98429626,True
trial-pad-27.778-0.9,2.8,12.181674,1.0169463,-3.3690817,0.66635495,0.19736835,0.40305275,0.98653555,True
trial-pad-27.778-0.9,2.9,12.128271,1.0141792,-3.3598835,0.6663822,0.20050332,0.40366796,0.98845553,True
trial-pad-27.778-0.9,3.0,12.084694,1.0201838,-3.3520262,0.6664017,0.20386916,0.40403855,0.9901017,True
trial-pad-27.778-0.9,3.1,12.052031,1.0281553,-3.346526,0.6664157,0.20726003,0.4046765,0.9915132,True
trial-pad-27.778-0.9,3.2,12.028754,1.0338283,-3.343495,0.6664257,0.21051586,0.40578818,0.99272335,True
trial-pad-27.778-0.9,3.3,12.012136,1.0352936,-3.342457,0.6664328,0.21353903,0.40736508,0.993761,True
trial-pad-27.778-0.9,3.4,11.999308,1.032439,-3.3426893,0.6664379,0.21629101,0.40927655,0.99465066,True
trial-pad-27.778-0.9,3.5,11.987916,1.0262213,-3.3434777,0.6664416,0.21877787,0.41135323,0.9954134,True
trial-pad-27.778-0.9,3.6,11.976408,1.0179639,-3.3442562,0.66644424,0.22103238,0.4134484,0.9960675,True
trial-pad-27.778-0.9,3.7,11.964002,1.0090561,-3.3446739,0.66644615,0.22309782,0.41541612,0.9966283,True
trial-pad-27.778-0.9,3.8,11.95055,1.0006595,-3.3445923,0.6664475,0.22501627,0.41717726,0.99710906,True
trial-pad-27.778-0.9,3.9,11.936374,0.993429,-3.3440304,0.6664485,0.226821,0.4187233,0.9975213,True
trial-pad-27.778-0.9,4.0,11.921988,0.9875543,-3.3431015,0.6664492,0.22853367,0.42007673,0.99787474,True
trial-pad-27.778-1,0.1,27.738073,0.53809357,-0.46953505,0.095,0,0.0020909905,0.14259619,True
trial-pad-27.778-1,0.2,27.676464,0.7137263,-1.0967749,0.19,0,0.054328263,0.2648587,True
trial-pad-27.778-1,0.3,27.517504,0.38608027,-1.4916325,0.28499997,0,0.18363026,0.36968702,True
trial-pad-27.778-1,0.4,27.181013,-0.21590805,-1.6877515,0.37999988,0,0.31366628,0.45956725,True
trial-pad-27.778-1,0.5,26.576473,-0.8018179,-1.8229146,0.4749998,0,0.4040096,0.53663087,True
trial-pad-27.778-1,0.6,25.622248,-1.369751,-1.9788,0.5699997,0,0.4942057,0.6027056,True
trial-pad-27.778-1,0.7,24.296013,-2.0906544,-2.167039,0.66086864,0,0.59259546,0.6593583,True
trial-pad-27.778-1,0.8,22.496805,-2.941091,-2.4726017,0.7286549,0,0.6814879,0.70793253,True
trial-pad-27.778-1,0.9,20.056522,-3.7406662,-2.8800213,0.7772259,0,0.7102169,0.74958026,True
trial-pad-27.778-1,1.0,16.92297,-4.0363035,-3.3196583,0.8120286,0,0.70504725,0.7852892,True
trial-pad-27.778-1,1.1,13.22976,-3.5694907,-3.830113,0.83696574,0.00821484,0.67697805,0.8159062,True
trial-pad-27.778-1,1.2,9.7950535,-2.52888,-3.8139436,0.85483396,0.05086416,0.6224903,0.8421573,True
trial-pad-27.778-1,1.3,7.529982,-0.7902627,-3.1614377,0.8676371,0.11262387,0.42702717,0.86466503,True
trial-pad-27.778-1,1.4,6.7386446,0.93848264,-2.7088003,0.8768109,0.16879979,0.28465784,0.8839633,True
trial-pad-27.778-1,1.5,6.872718,1.9155141,-2.7079606,0.8833842,0.21790136,0.26902592,0.9005097,True
trial-pad-27.778-1,1.6,7.2581897,2.3562803,-2.8874686,0.8880943,0.26081702,0.30045742,0.9146967,True
trial-pad-27.778-1,1.7,7.669817,2.5268555,-3.0983417,0.8914691,0.29831725,0.34014866,0.92686063,True
trial-pad-27.778-1,1.8,8.034464,2.5461204,-3.296894,0.89388734,0.33105618,0.38096854,0.9372901,True
trial-pad-27.778-1,1.9,8.321422,2.4612782,-3.4664986,0.8956201,0.3589104,0.42108893,0.9462323,True
trial-pad-27.778-1,2.0,8.514198,2.3049202,-3.6025,0.8968616,0.38211164,0.45825237,0.9538993,True
trial-pad-27.778-1,2.1,8.607925,2.1056724,-3.7028425,0.8977512,0.4015954,0.49138832,0.9604731,True
trial-pad-27.778-1,2.2,8.610196,1.8892901,-3.7664773,0.8983887,0.41840804,0.5195607,0.9661096,True
trial-pad-27.778-1,2.3,8.537508,1.6812767,-3.7944553,0.8988455,0.43343356,0.54212785,0.9709422,True
trial-pad-27.778-1,2.4,8.412414,1.5020169,-3.7909224,0.8991728,0.44724336,0.5593277,0.9750857,True
trial-pad-27.778-1,2.5,8.259234,1.3642719,-3.7630496,0.89940727,0.46008113,0.5718303,0.9786384,True
trial-pad-27.778-1,2.6,8.100111,1.2717786,-3.7199073,0.89957523,0.47195286,0.5806139,0.9816845,True
trial-pad-27.778-1,2.7,7.952148,1.2201875,-3.6706097,0.89969563,0.4827234,0.5869316,0.98429626,True
trial-pad-27.778-1,2.8,7.8264885,1.198633,-3.6223986,0.89978194,0.49208105,0.5916803,0.98653555,True
trial-pad-27.778-1,2.9,7.7268906,1.1973908,-3.580338,0.89984375,0.50014454,0.5952588,0.98845553,True
trial-pad-27.778-1,3.0,7.65269,1.2074578,-3.5468907,0.89988804,0.5070917,0.5982257,0.9901017,True
trial-pad-27.778-1,3.1,7.600532,1.2211539,-3.522504,0.89991975,0.51307636,0.6009778,0.9915132,True
trial-pad-27.778-1,3.2,7.565571,1.2330898,-3.5062225,0.8999425,0.51823086,0.60369337,0.99272335,True
trial-pad-27.778-1,3.3,7.5426292,1.2402699,-3.4963167,0.8999588,0.5226696,0.60641366,0.993761,True
trial-pad-27.778-1,3.4,7.5270405,1.241698,-3.490822,0.8999704,0.52649146,0.60910344,0.99465066,True
trial-pad-27.778-1,3.5,7.5151176,1.2377908,-3.4879155,0.89997876,0.52978164,0.61169446,0.9954134,True
trial-pad-27.778-1,3.6,7.5043106,1.2298009,-3.486128,0.8999847,0.5326136,0.6141152,0.9960675,True
trial-pad-27.778-1,3.7,7.493153,1.2193367,-3.484431,0.899989,0.53505075,0.6163,0.9966283,True
trial-pad-27.778-1,3.8,7.48107,1.2080064,-3.4822288,0.8999921,0.5371479,0.61820906,0.99710906,True
trial-pad-27.778-1,3.9,7.4681334,1.1971457,-3.4792993,0.8999943,0.5389522,0.61982834,0.9975213,True
trial-pad-27.778-1,4.0,7.454805,1.1876996,-3.475692,0.8999959,0.5405042,0.62116563,0.99787474,True
trial-donut,0.1,0.08331552,0.0017079916,-0.0010434021,0.095,0.00090830564,0.0011168122,0.14259619,True
trial-donut,0.2,0.36610383,0.021247668,-0.013865994,0.19,0.0055724946,0.006334752,0.2648587,True
trial-donut,0.3,0.8058547,0.08293144,-0.056593217,0.28499997,0.015439214,0.016901374,0.36968702,True
trial-donut,0.4,1.3644958,0.20669267,-0.1461287,0.37999988,0.030684125,0.032882154,0.45956725,True
trial-donut,0.5,2.0026166,0.40331024,-0.29451087,0.4749998,0.050766796,0.05372134,0.53663087,True
trial-donut,0.6,2.6801429,0.6720677,-0.50719583,0.5699997,0.07479707,0.078553855,0.6027056,True
trial-donut,0.7,3.3578851,0.99874973,-0.78108126,0.66086864,0.10176445,0.10642442,0.6593583,True
trial-donut,0.8,4.017222,1.3432505,-1.0912004,0.7286549,0.13067518,0.13637844,0.70793253,True
trial-donut,0.9,4.659362,1.6716053,-1.4132315,0.7772259,0.1606282,0.16763389,0.74958026,True
trial-donut,1.0,5.2825522,1.9651814,-1.7342324,0.8120286,0.19085136,0.19964498,0.7852892,True
trial-donut,1.1,5.881697,2.2118614,-2.046364,0.83696574,0.22071283,0.23208517,0.8159062,True
trial-donut,1.2,6.4486446,2.4030967,-2.344111,0.85483396,0.2497175,0.26484418,0.8421573,True
trial-donut,1.3,6.9727025,2.5329728,-2.62297,0.8676371,0.27749524,0.2979836,0.86466503,True
trial-donut,1.4,7.4415593,2.5980883,-2.8788862,0.8768109,0.30378503,0.33163363,0.8839633,True
trial-donut,1.5,7.8425827,2.5978756,-3.1081161,0.8833842,0.3284179,0.36582923,0.9005097,True
trial-donut,1.6,8.164958,2.533876,-3.3062832,0.8880943,0.35111463,0.40041453,0.9146967,True
trial-donut,1.7,8.402233,2.4119434,-3.468888,0.8914691,0.37110862,0.43377054,0.92686063,True
trial-donut,1.8,8.548688,2.249929,-3.5960236,0.89388734,0.38855615,0.4645638,0.9372901,True
trial-donut,1.9,8.607846,2.064064,-3.6872926,0.8956201,0.40400523,0.49269116,0.9462323,True
trial-donut,2.0,8.590451,1.8701687,-3.7436554,0.8968616,0.418068,0.5175662,0.9538993,True
trial-donut,2.1,8.512037,1.6856482,-3.7678213,0.8977512,0.43123353,0.5381241,0.9604731,True
trial-donut,2.2,8.391559,1.5276029,-3.764328,0.8983887,0.4437758,0.5539021,0.9661096,True
trial-donut,2.3,8.249518,1.4066356,-3.739891,0.8988455,0.4557486,0.5655198,0.9709422,True
trial-donut,2.4,8.104596,1.3251387,-3.70262,0.8991728,0.4670522,0.57392216,0.9750857,True
trial-donut,2.5,7.970973,1.2782731,-3.6604805,0.89940727,0.47751364,0.58026046,0.9786384,True
trial-donut,2.6,7.857545,1.2559061,-3.61953,0.89957523,0.48680332,0.5854165,0.9816845,True
trial-donut,2.7,7.7668614,1.2493271,-3.5838783,0.89969563,0.49495336,0.5896903,0.98429626,True
trial-donut,2.8,7.697663,1.2512019,-3.5553658,0.89978194,0.50209403,0.59338397,0.98653555,True
trial-donut,2.9,7.6467466,1.255857,-3.5341303,0.89984375,0.50834244,0.59680355,0.98845553,True
trial-donut,3.0,7.6100073,1.259268,-3.519302,0.89988804,0.51380366,0.6000982,0.9901017,True
trial-donut,3.1,7.58323,1.2592549,-3.509466,0.89991975,0.5185716,0.6032964,0.9915132,True
trial-donut,3.2,7.5626936,1.2551675,-3.5030665,0.8999425,0.52273,0.60636675,0.99272335,True
trial-donut,3.3,7.545511,1.247436,-3.498682,0.8999588,0.5263533,0.60925496,0.993761,True
trial-donut,3.4,7.529722,1.2371058,-3.4951913,0.8999704,0.52950746,0.6119062,0.99465066,True
trial-donut,3.5,7.514231,1.2254596,-3.4918292,0.89997876,0.53225094,0.61428034,0.9954134,True
trial-donut,3.6,7.498633,1.2137103,-3.488173,0.8999847,0.5346353,0.61635345,0.9960675,True
trial-donut,3.7,7.483008,1.2028611,-3.4840837,0.899989,0.53670603,0.61812127,0.9966283,True
trial-donut,3.8,7.4677205,1.1935716,-3.4796271,0.8999921,0.5385031,0.61960244,0.99710906,True
trial-donut,3.9,7.453231,1.186158,-3.4749935,0.8999943,0.5400617,0.62082636,0.9975213,True
trial-donut,4.0,7.4399705,1.180639,-3.4704165,0.8999959,0.54141253,0.6218306,0.99787474,True
trial-donut,4.1,7.428247,1.1768123,-3.4661155,0.89999706,0.54258275,0.62265503,0.9981778,True
trial-donut,4.2,7.4182177,1.1743445,-3.4622612,0.89999783,0.5435959,0.62333727,0.99843764,True
trial-donut,4.3,7.409886,1.1728587,-3.4589524,0.8999985,0.54447263,0.6239104,0.99866045,True
trial-donut,4.4,7.4031315,1.1719873,-3.4562228,0.89999884,0.5452309,0.62440133,0.9988514,True
trial-donut,4.5,7.397746,1.1714287,-3.4540465,0.8999992,0.5458864,0.62483025,0.99901515,True
trial-donut,4.6,7.3934817,1.1709602,-3.452358,0.89999944,0.54645294,0.62521076,0.9991556,True
trial-donut,4.7,7.3900867,1.1704414,-3.4510674,0.89999944,0.5469423,0.6255518,0.99927604,True
trial-donut,4.8,7.3873267,1.1698096,-3.450079,0.89999944,0.54736483,0.62585866,0.9993793,True
trial-donut,4.9,7.385011,1.1690595,-3.4493039,0.89999944,0.54772955,0.6261337,0.9994678,True
trial-donut,5.0,7.382996,1.1682247,-3.448668,0.89999944,0.54804426,0.62637854,0.99954367,True
trial-donut,5.1,7.3811865,1.1673555,-3.448117,0.89999944,0.54831576,0.62659407,0.9996087,True
trial-donut,5.2,7.3795257,1.1665065,-3.4476123,0.89999944,0.5485499,0.62678134,0.9996645,True
trial-donut,5.3,7.377988,1.1657269,-3.447135,0.89999944,0.5487517,0.6269421,0.9997123,True
trial-donut,5.4,7.376571,1.1650476,-3.4466794,0.89999944,0.54892564,0.62707865,0.9997533,True
trial-donut,5.5,7.375279,1.164485,-3.4462461,0.89999944,0.5490755,0.62719357,0.9997885,True
trial-donut,5.6,7.374121,1.1640418,-3.445841,0.89999944,0.5492045,0.62728953,0.9998187,True
trial-donut,5.7,7.3731036,1.1637051,-3.4454722,0.89999944,0.54931575,0.6273701,0.99984455,True
trial-donut,5.8,7.3722267,1.1634616,-3.4451435,0.89999944,0.54941154,0.62743735,0.9998667,True
trial-donut,5.9,7.3714857,1.1632912,-3.4448595,0.89999944,0.5494939,0.6274939,0.99988574,True
trial-donut,6.0,7.3708706,1.1631721,-3.4446206,0.89999944,0.5495649,0.6275424,0.99990207,True
trial-donut,6.1,7.370365,1.1630833,-3.4444232,0.89999944,0.54962593,0.62758386,0.99991614,True
trial-donut,6.2,7.3699527,1.1630096,-3.4442644,0.89999944,0.54967844,0.6276201,0.9999281,True
trial-donut,6.3,7.3696146,1.1629395,-3.4441366,0.89999944,0.54972374,0.62765217,0.9999384,True
trial-donut,6.4,7.369334,1.1628724,-3.4440348,0.89999944,0.54976267,0.6276802,0.9999472,True
trial-donut,6.5,7.3690977,1.1628041,-3.4439518,0.89999944,0.54979604,0.62770486,0.9999547,True
trial-donut,6.6,7.368896,1.1627347,-3.4438832,0.89999944,0.54982466,0.6277262,0.99996114,True
trial-donut,6.7,7.3687205,1.1626685,-3.4438248,0.89999944,0.5498494,0.62774503,0.99996674,True
trial-donut,6.8,7.3685637,1.1626043,-3.443774,0.89999944,0.54987067,0.6277615,0.99997145,True
trial-donut,6.9,7.3684244,1.1625457,-3.4437277,0.89999944,0.5498889,0.62777567,0.99997556,True
trial-donut,7.0,7.3682985,1.1624937,-3.4436855,0.89999944,0.5499046,0.62778753,0.999979,True
trial-donut,7.1,7.3681865,1.1624508,-3.4436474,0.89999944,0.549918,0.6277977,0.999982,True
trial-donut,7.2,7.368088,1.1624154,-3.4436114,0.89999944,0.54992956,0.6278061,0.99998456,True
trial-donut,7.3,7.368002,1.1623886,-3.4435797,0.89999944,0.5499395,0.62781334,0.99998677,True
trial-donut,7.4,7.3679276,1.1623676,-3.4435523,0.89999944,0.54994804,0.6278195,0.9999886,True
trial-donut,7.5,7.367865,1.1623516,-3.4435287,0.89999944,0.54995537,0.62782466,0.9999902,True
trial-donut,7.6,7.367811,1.1623383,-3.4435089,0.89999944,0.5499617,0.6278291,0.99999166,True
trial-donut,7.7,7.3677664,1.1623281,-3.443492,0.89999944,0.5499671,0.6278328,0.9999928,True
trial-donut,7.8,7.367729,1.1623191,-3.4434779,0.89999944,0.5499718,0.62783617,0.99999386,True
trial-donut,7.9,7.367698,1.1623116,-3.4434662,0.89999944,0.5499758,0.62783885,0.9999947,True
trial-donut,8.0,7.3676715,1.1623046,-3.4434566,0.89999944,0.5499792,0.62784135,0.9999954,True
final-key-8--1,0.1,7.9861155,-0.014159269,0.009221773,-0.007007988,6.2684876e-06,2.7686354e-05,0.02123976,True
final-key-8--1,0.2,8.012323,-0.058220718,0.042678714,-0.023508491,0.0001334037,0.00040125847,0.075099304,True
final-key-8--1,0.3,8.132652,-0.12646681,0.099963896,-0.046813294,0.0008386567,0.0019078255,0.15692791,True
final-key-8--1,0.4,8.382654,-0.21507545,0.17938991,-0.07499097,0.0030964378,0.005735755,0.26273727,True
final-key-8--1,0.5,8.7822,-0.3234566,0.2819053,-0.10666284,0.008054193,0.012647182,0.36786813,True
final-key-8--1,0.6,9.311215,-0.45108503,0.4098131,-0.14083579,0.01588203,0.022433013,0.4580077,True
final-key-8--1,0.7,9.942177,-0.5957775,0.5652574,-0.17680345,0.025922623,0.034541786,0.53529376,True
final-key-8--1,0.8,10.648535,-0.7530296,0.7492921,-0.21405445,0.036900457,0.04799986,0.6015591,True
final-key-8--1,0.9,11.403699,-0.9157729,0.9611074,-0.25222763,0.04720522,0.061718076,0.65837526,True
final-key-8--1,1.0,12.180169,-1.0747085,1.1974652,-0.291059,0.05528423,0.07486865,0.70708966,True
final-key-8--1,1.1,12.948944,-1.2190485,1.452474,-0.33036453,0.06003585,0.08738911,0.74885756,True
final-key-8--1,1.2,13.679354,-1.3383355,1.718242,-0.37000722,0.061052594,0.09985986,0.78466946,True
final-key-8--1,1.3,14.339386,-1.4245749,1.9862306,-0.40989414,0.05821971,0.11343622,0.8153748,True
final-key-8--1,1.4,14.897025,-1.4704537,2.2479672,-0.4499534,0.052556425,0.13091922,0.8417016,True
final-key-8--1,1.5,15.321494,-1.4695477,2.4974768,-0.49013883,0.045574233,0.15526408,0.8642743,True
final-key-8--1,1.6,15.583417,-1.4202708,2.7340684,-0.53041196,0.038595904,0.18761125,0.8836283,True
final-key-8--1,1.7,15.652443,-1.3351662,2.964536,-0.5707506,0.032603823,0.22643924,0.9002225,True
final-key-8--1,1.8,15.504912,-1.2123103,3.192958,-0.6111336,0.02841686,0.27367127,0.91445035,True
final-key-8--1,1.9,15.124906,-1.0549021,3.4193969,-0.6515522,0.027162082,0.3250749,0.9266494,True
final-key-8--1,2.0,14.504573,-0.88922954,3.6384385,-0.6919938,0.03029213,0.37374195,0.93710893,True
final-key-8--1,2.1,13.664761,-0.7580655,3.8295057,-0.73245174,0.040528312,0.41168785,0.946077,True
final-key-8--1,2.2,12.673224,-0.71536064,3.9614453,-0.7729215,0.061330978,0.43236965,0.95376617,True
final-key-8--1,2.3,11.648452,-0.7887802,4.009567,-0.80885214,0.094282314,0.4387883,0.9603589,True
final-key-8--1,2.4,10.748087,-0.97391844,3.9675145,-0.8346897,0.13671622,0.43004584,0.9660116,True
final-key-8--1,2.5,10.062318,-1.2287201,3.88844,-0.8532031,0.18362974,0.41985422,0.97085816,True
final-key-8--1,2.6,9.5945015,-1.4666636,3.8259816,-0.8664686,0.2301473,0.42003125,0.97501373,True
final-key-8--1,2.7,9.291731,-1.6250744,3.7980406,-0.87597364,0.27322033,0.43325874,0.97857666,True
final-key-8--1,2.8,9.087465,-1.6919014,3.7950559,-0.8827843,0.31162262,0.45439774,0.9816316,True
final-key-8--1,2.9,8.929255,-1.6857378,3.8015208,-0.8876644,0.3452644,0.47833532,0.98425084,True
final-key-8--1,3.0,8.7855215,-1.6309094,3.8059695,-0.89116114,0.37457398,0.50197154,0.9864967,True
final-key-8--1,3.1,8.641069,-1.549737,3.802012,-0.8936667,0.40012643,0.52354515,0.98842216,True
final-key-8--1,3.2,8.4916725,-1.460507,3.787272,-0.895462,0.42245844,0.5422064,0.9900731,True
final-key-8--1,3.3,8.3396845,-1.3767052,3.762253,-0.89674836,0.44199595,0.55773294,0.9914886,True
final-key-8--1,3.4,8.190615,-1.3067539,3.72935,-0.8976701,0.4590506,0.57030165,0.99270225,True
final-key-8--1,3.5,8.050588,-1.2543764,3.6919134,-0.8983305,0.47385186,0.58030844,0.9937429,True
final-key-8--1,3.6,7.924821,-1.218879,3.6532989,-0.8988038,0.486503,0.5884591,0.99463516,True
final-key-8--1,3.7,7.8167105,-1.1968986,3.6161816,-0.89914286,0.49703908,0.594928,0.9954002,True
final-key-8--1,3.8,7.7267523,-1.1860723,3.5827208,-0.8993858,0.5058039,0.59999657,0.99605614,True
final-key-8--1,3.9,7.654286,-1.1831422,3.5541546,-0.8995599,0.51309884,0.6040559,0.9966185,True
final-key-8--1,4.0,7.597646,-1.1847861,3.5309267,-0.8996846,0.51917344,0.6074021,0.99710065,True
final-pad-8--1,0.1,8.051623,-0.21809126,0.14897576,-0.095,0.00063900615,0.0010350943,0.14259619,True
final-pad-8--1,0.2,8.256053,-0.52668446,0.41539708,-0.18940163,0.0039046598,0.005447507,0.2648587,True
final-pad-8--1,0.3,8.5817795,-0.8091917,0.6988037,-0.2649977,0.010714894,0.014218628,0.36968702,True
final-pad-8--1,0.4,9.013521,-1.0336834,0.95510626,-0.3191647,0.020903291,0.027294517,0.45956725,True
final-pad-8--1,0.5,9.532479,-1.2096579,1.1828002,-0.357977,0.033526413,0.043788254,0.53663087,True
final-pad-8--1,0.6,10.117932,-1.344137,1.3877066,-0.38578722,0.047143888,0.062428445,0.6027056,True
final-pad-8--1,0.7,10.749835,-1.4402609,1.5741707,-0.4057141,0.06012412,0.0818907,0.6593583,True
final-pad-8--1,0.8,11.409429,-1.4997368,1.7443099,-0.41999236,0.07095478,0.10102123,0.70793253,True
final-pad-8--1,0.9,12.0794325,-1.5248151,1.8987876,-0.43022317,0.078501426,0.11880323,0.74958026,True
final-pad-8--1,1.0,12.744396,-1.5182362,2.037223,-0.43755385,0.08216347,0.13503778,0.7852892,True
final-pad-8--1,1.1,13.391065,-1.4824698,2.158461,-0.4428065,0.08176272,0.14998391,0.8159062,True
final-pad-8--1,1.2,14.008621,-1.4207656,2.2611563,-0.44657025,0.0772315,0.16360381,0.8421573,True
final-pad-8--1,1.3,14.588862,-1.3373358,2.344796,-0.44926706,0.06961342,0.17635208,0.86466503,True
final-pad-8--1,1.4,15.126158,-1.2373796,2.4100773,-0.4511994,0.060164634,0.18840653,0.8839633,True
final-pad-8--1,1.5,15.617242,-1.126996,2.4588244,-0.452584,0.050080642,0.19989246,0.9005097,True
final-pad-8--1,1.6,16.061531,-1.0093565,2.4928322,-0.4535761,0.040365573,0.21146572,0.9146967,True
final-pad-8--1,1.7,16.46033,-0.88599443,2.5137067,-0.45428693,0.031766307,0.22346291,0.92686063,True
final-pad-8--1,1.8,16.81585,-0.7591219,2.5231946,-0.45479628,0.024749903,0.23581228,0.9372901,True
final-pad-8--1,1.9,17.131075,-0.6309984,2.5227861,-0.45516124,0.019275244,0.24824211,0.9462323,True
final-pad-8--1,2.0,17.409164,-0.50966215,2.5085702,-0.4554228,0.01501158,0.2586162,0.9538993,True
final-pad-8--1,2.1,17.654543,-0.40992498,2.483375,-0.45561022,0.01169103,0.26523793,0.9604731,True
final-pad-8--1,2.2,17.874777,-0.33487225,2.4545915,-0.45574448,0.009104984,0.2689141,0.9661096,True
final-pad-8--1,2.3,18.077477,-0.279469,2.425807,-0.45584068,0.0070909695,0.2707706,0.9709422,True
final-pad-8--1,2.4,18.268356,-0.23685598,2.3983533,-0.4559096,0.0055224528,0.27171457,0.9750857,True
final-pad-8--1,2.5,18.45097,-0.20138031,2.3724186,-0.455959,0.004300891,0.27232122,0.9786384,True
final-pad-8--1,2.6,18.627226,-0.16938972,2.3477287,-0.45599437,0.0033495377,0.27288818,0.9816845,True
final-pad-8--1,2.7,18.798033,-0.13897419,2.323912,-0.4560197,0.002608623,0.27352375,0.98429626,True
final-pad-8--1,2.8,18.963818,-0.10940838,2.300661,-0.45603785,0.0020315978,0.27423325,0.98653555,True
final-pad-8--1,2.9,19.124846,-0.08063316,2.2778013,-0.4560509,0.0015822103,0.2749691,0.98845553,True
final-pad-8--1,3.0,19.281374,-0.052854538,2.2552722,-0.45606023,0.0012322268,0.27568716,0.9901017,True
final-pad-8--1,3.1,19.433714,-0.02624774,2.2330735,-0.45606688,0.0009596594,0.27635568,0.9915132,True
final-pad-8--1,3.2,19.582193,-0.00093632936,2.2112424,-0.4560717,0.0007473836,0.27695417,0.99272335,True
final-pad-8--1,3.3,19.727161,0.023052216,2.1898236,-0.4560752,0.000582063,0.2774778,0.993761,True
final-pad-8--1,3.4,19.868954,0.04577923,2.1688511,-0.45607767,0.00045331116,0.27793333,0.99465066,True
final-pad-8--1,3.5,20.007866,0.06735325,2.1483405,-0.4560794,0.0003530391,0.27832967,0.9954134,True
final-pad-8--1,3.6,20.144178,0.08791065,2.1282864,-0.45608065,0.00027494715,0.27867725,0.9960675,True
final-pad-8--1,3.7,20.27812,0.107562065,2.1086762,-0.45608154,0.00021412908,0.27898476,0.9966283,True
final-pad-8--1,3.8,20.4099,0.12640381,2.0894876,-0.4560822,0.00016676393,0.27925813,0.99710906,True
final-pad-8--1,3.9,20.539705,0.14451683,2.070694,-0.45608264,0.0001298759,0.27950186,0.9975213,True
final-pad-8--1,4.0,20.6677,0.16196227,2.0522704,-0.456083,0.00010114747,0.27971798,0.99787474,True
final-key-16.667--1,0.1,16.628687,-0.027269859,0.019200921,-0.007007988,2.733292e-10,2.169609e-05,0.02123976,True
final-key-16.667--1,0.2,16.616806,-0.1031837,0.08849632,-0.023508491,1.3326276e-08,0.00031518936,0.075099304,True
final-key-16.667--1,0.3,16.694418,-0.2085965,0.20498921,-0.046813294,2.0678346e-08,0.0015612245,0.15692791,True
final-key-16.667--1,0.4,16.892136,-0.33114487,0.36013138,-0.07499097,1.6104314e-08,0.00465554,0.26273727,True
final-key-16.667--1,0.5,17.222996,-0.46249092,0.54733133,-0.10666284,1.25420545e-08,0.009924203,0.36786813,True
final-key-16.667--1,0.6,17.658758,-0.5932255,0.7606363,-0.14083579,9.7677635e-09,0.017799435,0.4580077,True
final-key-16.667--1,0.7,18.162096,-0.7110362,0.99260753,-0.17680345,7.6071425e-09,0.029438019,0.53529376,True
final-key-16.667--1,0.8,18.695557,-0.8004308,1.2331371,-0.21405445,5.924449e-09,0.046308577,0.6015591,True
final-key-16.667--1,0.9,19.221806,-0.8451128,1.4699869,-0.25222763,4.6139657e-09,0.06926352,0.65837526,True
final-key-16.667--1,1.0,19.703987,-0.83526516,1.6927062,-0.291059,3.5933605e-09,0.09823462,0.70708966,True
final-key-16.667--1,1.1,20.10816,-0.7594013,1.8905675,-0.33036453,2.7985123e-09,0.13533953,0.74885756,True
final-key-16.667--1,1.2,20.405785,-0.6141243,2.041902,-0.37000722,2.1794837e-09,0.17859182,0.78466946,True
final-key-16.667--1,1.3,20.573011,-0.43001652,2.1510081,-0.40989414,1.6973838e-09,0.22141927,0.8153748,True
final-key-16.667--1,1.4,20.593206,-0.23360586,2.2341034,-0.4499534,1.3219239e-09,0.26248193,0.8417016,True
final-key-16.667--1,1.5,20.454659,-0.050234914,2.3080673,-0.49013883,1.0295155e-09,0.2988707,0.8642743,True
final-key-16.667--1,1.6,20.139734,0.08958626,2.39716,-0.53041196,8.017875e-10,0.33037302,0.8836283,True
final-key-16.667--1,1.7,19.625841,0.17729568,2.5255058,-0.5707506,6.244327e-10,0.36055988,0.9002225,True
final-key-16.667--1,1.8,18.882626,0.22530079,2.7153366,-0.6111336,4.863087e-10,0.39448148,0.91445035,True
final-key-16.667--1,1.9,17.87137,0.2608366,2.9864395,-0.6515522,3.7873765e-10,0.43654102,0.9266494,True
final-key-16.667--1,2.0,16.556566,0.318537,3.3495717,-0.6919938,5.4216016e-06,0.4857235,0.93710893,True
final-key-16.667--1,2.1,14.950099,0.43980336,3.7869186,-0.73245174,0.0031847868,0.5350752,0.946077,True
final-key-16.667--1,2.2,13.169317,0.600945,4.12119,-0.7729215,0.020774469,0.55385756,0.95376617,True
final-key-16.667--1,2.3,11.434158,0.4435091,4.0924506,-0.80885214,0.060255665,0.51987875,0.9603589,True
final-key-16.667--1,2.4,10.059527,-0.16491032,3.8362224,-0.8346897,0.116590396,0.45316964,0.9660116,True
final-key-16.667--1,2.5,9.237332,-0.9543443,3.601108,-0.8532031,0.17740895,0.3940271,0.97085816,True
final-key-16.667--1,2.6,8.896059,-1.5691097,3.5190203,-0.8664686,0.23345786,0.37720066,0.97501373,True
final-key-16.667--1,2.7,8.817244,-1.8994734,3.5543778,-0.87597364,0.2815286,0.39564312,0.97857666,True
final-key-16.667--1,2.8,8.829648,-2.0051196,3.634665,-0.8827843,0.3216064,0.42779228,0.9816316,True
final-key-16.667--1,2.9,8.841359,-1.9674966,3.7164192,-0.8876644,0.35479596,0.46239638,0.98425084,True
final-key-16.667--1,3.0,8.81151,-1.8469822,3.7796733,-0.89116114,0.38251117,0.49484026,0.9864967,True
final-key-16.667--1,3.1,8.728395,-1.6875217,3.8162253,-0.8936667,0.40609813,0.5229893,0.98842216,True
final-key-16.667--1,3.2,8.597495,-1.5226282,3.8243117,-0.895462,0.42662147,0.54592013,0.9900731,True
final-key-16.667--1,3.3,8.433839,-1.3767544,3.8066697,-0.89674836,0.44477814,0.5635894,0.9914886,True
final-key-16.667--1,3.4,8.256107,-1.2645669,3.769392,-0.8976701,0.46092868,0.5766006,0.99270225,True
final-key-16.667--1,3.5,8.082008,-1.1911023,3.7204273,-0.8983305,0.47520882,0.5858715,0.9937429,True
final-key-16.667--1,3.6,7.9253035,-1.1527802,3.6677547,-0.8988038,0.4875906,0.59268856,0.99463516,True
final-key-16.667--1,3.7,7.794513,-1.1402227,3.6176345,-0.89914286,0.4979295,0.59772795,0.9954002,True
final-key-16.667--1,3.8,7.6916733,-1.1453333,3.5743835,-0.8993858,0.5065329,0.6014662,0.99605614,True
final-key-16.667--1,3.9,7.615312,-1.159976,3.5400422,-0.8995599,0.51369566,0.60446763,0.9966185,True
final-key-16.667--1,4.0,7.5616503,-1.1773486,3.5148306,-0.8996846,0.519662,0.60709953,0.99710065,True
final-pad-16.667--1,0.1,16.68233,-0.40277737,0.3030249,-0.095,5.9512456e-12,0.0005862117,0.14259619,True
final-pad-16.667--1,0.2,16.784054,-0.8344151,0.8109075,-0.18940163,4.634835e-12,0.0058514476,0.2648587,True
final-pad-16.667--1,0.3,16.925228,-1.107681,1.2937596,-0.2649977,3.6096137e-12,0.024487913,0.36968702,True
final-pad-16.667--1,0.4,17.086302,-1.2218308,1.6692916,-0.3191647,2.8111701e-12,0.055632297,0.45956725,True
final-pad-16.667--1,0.5,17.250679,-1.227632,1.9450858,-0.357977,2.1893418e-12,0.09196928,0.53663087,True
final-pad-16.667--1,0.6,17.40381,-1.1714926,2.1469405,-0.38578722,1.7050613e-12,0.12544993,0.6027056,True
final-pad-16.667--1,0.7,17.53751,-1.0789156,2.2944336,-0.4057141,1.3279033e-12,0.15768519,0.6593583,True
final-pad-16.667--1,0.8,17.653688,-0.9410505,2.3932986,-0.41999236,1.0341722e-12,0.19309917,0.70793253,True
final-pad-16.667--1,0.9,17.753,-0.7667599,2.4485567,-0.43022317,8.054142e-13,0.22684851,0.74958026,True
final-pad-16.667--1,1.0,17.83249,-0.5974405,2.4670274,-0.43755385,6.272573e-13,0.25084502,0.7852892,True
final-pad-16.667--1,1.1,17.893805,-0.47037172,2.4675317,-0.4428065,4.8850854e-13,0.26415145,0.8159062,True
final-pad-16.667--1,1.2,17.946741,-0.3880005,2.461163,-0.44657025,3.8045085e-13,0.27059475,0.8421573,True
final-pad-16.667--1,1.3,18.002163,-0.33665276,2.451929,-0.44926706,2.9629543e-13,0.27335945,0.86466503,True
final-pad-16.667--1,1.4,18.066998,-0.30293036,2.441073,-0.4511994,2.3075514e-13,0.27429265,0.8839633,True
final-pad-16.667--1,1.5,18.144001,-0.2777772,2.4290102,-0.452584,1.797123e-13,0.27445838,0.9005097,True
final-pad-16.667--1,1.6,18.233265,-0.25572675,2.4158041,-0.4535761,1.3996009e-13,0.27442318,0.9146967,True
final-pad-16.667--1,1.7,18.333431,-0.2339437,2.4014277,-0.45428693,1.0900103e-13,0.27444977,0.92686063,True
final-pad-16.667--1,1.8,18.442575,-0.21127033,2.3858685,-0.45479628,8.4890096e-14,0.27462637,0.9372901,True
final-pad-16.667--1,1.9,18.558723,-0.18750381,2.369172,-0.45516124,6.611248e-14,0.2749477,0.9462323,True
final-pad-16.667--1,2.0,18.680105,-0.16291237,2.3514538,-0.4554228,5.148846e-14,0.27537176,0.9538993,True
final-pad-16.667--1,2.1,18.805248,-0.13793755,2.332883,-0.45561022,4.0099258e-14,0.27584583,0.9604731,True
final-pad-16.667--1,2.2,18.93298,-0.113004684,2.3136635,-0.45574448,3.1229336e-14,0.27632856,0.9661096,True
final-pad-16.667--1,2.3,19.062397,-0.08846295,2.2940006,-0.45584068,2.4321435e-14,0.27679026,0.9709422,True
final-pad-16.667--1,2.4,19.19282,-0.06450176,2.274076,-0.4559096,1.8941556e-14,0.27722245,0.9750857,True
final-pad-16.667--1,2.5,19.323719,-0.041235924,2.2540436,-0.455959,1.47517e-14,0.27761474,0.9786384,True
final-pad-16.667--1,2.6,19.454687,-0.018695831,2.2340248,-0.45599437,1.1488637e-14,0.27797404,0.9816845,True
final-pad-16.667--1,2.7,19.585417,0.0031166077,2.2141047,-0.4560197,8.9473615e-15,0.27830315,0.98429626,True
final-pad-16.667--1,2.8,19.71567,0.024263859,2.194337,-0.45603785,6.9682123e-15,0.2786086,0.98653555,True
final-pad-16.667--1,2.9,19.845259,0.044753313,2.174761,-0.4560509,5.4268495e-15,0.27889007,0.98845553,True
final-pad-16.667--1,3.0,19.97405,0.06461191,2.1554048,-0.45606023,4.226435e-15,0.27914965,0.9901017,True
final-pad-16.667--1,3.1,20.101944,0.08384943,2.1362875,-0.45606688,3.2915514e-15,0.27938697,0.9915132,True
final-pad-16.667--1,3.2,20.228882,0.10248327,2.1174223,-0.4560717,2.563463e-15,0.2796027,0.99272335,True
final-pad-16.667--1,3.3,20.35483,0.1205349,2.0988193,-0.4560752,1.9964272e-15,0.27979678,0.993761,True
final-pad-16.667--1,3.4,20.47978,0.13801384,2.0804825,-0.45607767,1.5548192e-15,0.27996993,0.99465066,True
final-pad-16.667--1,3.5,20.603737,0.1549511,2.062415,-0.4560794,1.2108946e-15,0.28012416,0.9954134,True
final-pad-16.667--1,3.6,20.726728,0.1713605,2.044614,-0.45608065,9.430457e-16,0.28025872,0.9960675,True
final-pad-16.667--1,3.7,20.84879,0.18727326,2.0270774,-0.45608154,7.3444485e-16,0.28037637,0.9966283,True
final-pad-16.667--1,3.8,20.969952,0.20271206,2.0098016,-0.4560822,5.719863e-16,0.28047794,0.99710906,True
final-pad-16.667--1,3.9,21.090261,0.21770525,1.9927797,-0.45608264,4.454634e-16,0.28056508,0.9975213,True
final-pad-16.667--1,4.0,21.209768,0.23228645,1.9760004,-0.456083,3.4692728e-16,0.2806394,0.99787474,True
final-key-27.778--1,0.1,27.707441,-0.040806964,0.0319811,-0.007007988,0,2.0325184e-05,0.02123976,True
final-key-27.778--1,0.2,27.64002,-0.13365331,0.14670016,-0.023508491,0,0.00070887804,0.075099304,True
final-key-27.778--1,0.3,27.64395,-0.23270082,0.33492652,-0.046813294,0,0.005782962,0.15692791,True
final-key-27.778--1,0.4,27.73467,-0.3085966,0.57066566,-0.07499097,0,0.021669239,0.26273727,True
final-key-27.778--1,0.5,27.907192,-0.32956457,0.8217405,-0.10666284,0,0.05312854,0.36786813,True
final-key-27.778--1,0.6,28.11989,-0.25844765,1.0508854,-0.14083579,0,0.100798935,0.4580077,True
final-key-27.778--1,0.7,28.32945,-0.07638264,1.224119,-0.17680345,0,0.15788263,0.53529376,True
final-key-27.778--1,0.8,28.502758,0.1773243,1.3305589,-0.21405445,0,0.21069288,0.6015591,True
final-key-27.778--1,0.9,28.620474,0.44817352,1.3784193,-0.25222763,0,0.256808,0.65837526,True
final-key-27.778--1,1.0,28.680115,0.7083063,1.3781554,-0.291059,0,0.2979247,0.70708966,True
final-key-27.778--1,1.1,28.68803,0.922863,1.3444183,-0.33036453,0,0.32803577,0.74885756,True
final-key-27.778--1,1.2,28.647337,1.0420494,1.2998511,-0.37000722,0,0.34093738,0.78466946,True
final-key-27.778--1,1.3,28.559233,1.0577202,1.2644329,-0.40989414,0,0.34078985,0.8153748,True
final-key-27.778--1,1.4,28.425858,1.0113907,1.247219,-0.4499534,0,0.33589262,0.8417016,True
final-key-27.778--1,1.5,28.246218,0.95498466,1.2473289,-0.49013883,0,0.33318257,0.8642743,True
final-key-27.778--1,1.6,28.015125,0.9220687,1.2579635,-0.53041196,0,0.33590305,0.8836283,True
final-key-27.778--1,1.7,27.719732,0.90479434,1.2764752,-0.5707506,0,0.33907795,0.9002225,True
final-key-27.778--1,1.8,27.336992,0.88855886,1.3084388,-0.6111336,0,0.34404564,0.91445035,True
final-key-27.778--1,1.9,26.84665,0.87743044,1.3585881,-0.6515522,0,0.35222474,0.9266494,True
final-key-27.778--1,2.0,26.221128,0.8769131,1.4331666,-0.6919938,0,0.36555254,0.93710893,True
final-key-27.778--1,2.1,25.419518,0.89332867,1.5437045,-0.73245174,0,0.38705587,0.946077,True
final-key-27.778--1,2.2,24.376678,0.9397745,1.7133191,-0.7729215,0,0.42287827,0.95376617,True
final-key-27.778--1,2.3,22.990452,1.0650482,1.9864179,-0.80885214,0,0.49050212,0.9603589,True
final-key-27.778--1,2.4,21.163685,1.4179716,2.4069877,-0.8346897,0,0.5733893,0.9660116,True
final-key-27.778--1,2.5,18.903284,1.8433774,2.8539503,-0.8532031,0,0.61069703,0.97085816,True
final-key-27.778--1,2.6,16.184578,2.0281181,3.357299,-0.8664686,0.0001157436,0.6222302,0.97501373,True
final-key-27.778--1,2.7,13.176523,1.8591042,3.966734,-0.87597364,0.014650917,0.6216055,0.97857666,True
final-key-27.778--1,2.8,10.46013,1.5179572,4.1750755,-0.8827843,0.06708834,0.6157033,0.9816316,True
final-key-27.778--1,2.9,8.558249,0.62003124,3.7388911,-0.8876644,0.14189112,0.49388748,0.98425084,True
final-key-27.778--1,3.0,7.644097,-0.63750345,3.2788258,-0.89116114,0.21273044,0.3933828,0.9864967,True
final-key-27.778--1,3.1,7.50553,-1.561075,3.1431417,-0.8936667,0.27142462,0.3669979,0.98842216,True
final-key-27.778--1,3.2,7.7022424,-2.0411594,3.2164059,-0.895462,0.3198258,0.38873115,0.9900731,True
final-key-27.778--1,3.3,7.9754868,-2.2206597,3.3593102,-0.89674836,0.35975084,0.42475915,0.9914886,True
final-key-27.778--1,3.4,8.219351,-2.2126784,3.5057566,-0.8976701,0.39224294,0.46311733,0.99270225,True
final-key-27.778--1,3.5,8.388197,-2.0871706,3.6298206,-0.8983305,0.41813403,0.49911577,0.9937429,True
final-key-27.778--1,3.6,8.463612,-1.89411,3.7213147,-0.8988038,0.43886653,0.5309429,0.99463516,True
final-key-27.778--1,3.7,8.447446,-1.6741118,3.7755823,-0.89914286,0.4558767,0.55729485,0.9954002,True
final-key-27.778--1,3.8,8.355585,-1.461468,3.7924066,-0.8993858,0.47032374,0.57774377,0.99605614,True
final-key-27.778--1,3.9,8.212225,-1.2824959,3.7760556,-0.8995599,0.4829488,0.5924307,0.9966185,True
final-key-27.778--1,4.0,8.044158,-1.1534019,3.734715,-0.8996846,0.4940964,0.6020615,0.99710065,True
final-pad-27.778--1,0.1,27.738102,-0.5373946,0.468929,-0.095,0,0.002119988,0.14259619,True
final-pad-27.778--1,0.2,27.677074,-0.7092078,1.0923736,-0.18940163,0,0.05502093,0.2648587,True
final-pad-27.778--1,0.3,27.538107,-0.36674118,1.470174,-0.2649977,0,0.18309543,0.36968702,True
final-pad-27.778--1,0.4,27.300873,0.23312378,1.6340017,-0.3191647,0,0.30329472,0.45956725,True
final-pad-27.778--1,0.5,26.952799,0.7845707,1.7006363,-0.357977,0,0.3722456,0.53663087,True
final-pad-27.778--1,0.6,26.51452,1.2207918,1.7207401,-0.38578722,0,0.42222285,0.6027056,True
final-pad-27.778--1,0.7,26.056936,1.600544,1.6864012,-0.4057141,0,0.46028093,0.6593583,True
final-pad-27.778--1,0.8,25.611118,1.809475,1.6150354,-0.41999236,0,0.46711636,0.70793253,True
final-pad-27.778--1,0.9,25.18306,1.7367878,1.5424218,-0.43022317,0,0.44260162,0.74958026,True
final-pad-27.778--1,1.0,24.805637,1.4335251,1.4941819,-0.43755385,0,0.39744765,0.7852892,True
final-pad-27.778--1,1.1,24.512644,1.0418556,1.487184,-0.4428065,0,0.3470389,0.8159062,True
final-pad-27.778--1,1.2,24.31245,0.7086967,1.5222156,-0.44657025,0,0.30880612,0.8421573,True
final-pad-27.778--1,1.3,24.188251,0.51573515,1.5789258,-0.44926706,0,0.29137206,0.86466503,True
final-pad-27.778--1,1.4,24.11335,0.4584198,1.6306808,-0.4511994,0,0.29021397,0.8839633,True
final-pad-27.778--1,1.5,24.06454,0.48348427,1.6630875,-0.452584,0,0.29612017,0.9005097,True
final-pad-27.778--1,1.6,24.028591,0.53606796,1.6751429,-0.4535761,0,0.30222416,0.9146967,True
final-pad-27.778--1,1.7,24.001495,0.58055687,1.672504,-0.45428693,0,0.30537552,0.92686063,True
final-pad-27.778--1,1.8,23.984695,0.6023035,1.6620581,-0.45479628,0,0.30505452,0.9372901,True
final-pad-27.778--1,1.9,23.981192,0.6015086,1.6494002,-0.45516124,0,0.30212307,0.9462323,True
final-pad-27.778--1,2.0,23.993038,0.58606243,1.6379547,-0.4554228,0,0.29793435,0.9538993,True
final-pad-27.778--1,2.1,24.020508,0.56574416,1.6289167,-0.45561022,0,0.29375792,0.9604731,True
final-pad-27.778--1,2.2,24.062214,0.54788136,1.62192,-0.45574448,0,0.29031485,0.9661096,True
final-pad-27.778--1,2.3,24.11587,0.5362959,1.6158339,-0.45584068,0,0.2879028,0.9709422,True
final-pad-27.778--1,2.4,24.179043,0.5314131,1.6095068,-0.4559096,0,0.28637755,0.9750857,True
final-pad-27.778--1,2.5,24.24966,0.53175926,1.6021752,-0.455959,0,0.28545582,0.9786384,True
final-pad-27.778--1,2.6,24.326227,0.53516483,1.5935602,-0.45599437,0,0.28482318,0.9816845,True
final-pad-27.778--1,2.7,24.407743,0.5396795,1.5837997,-0.4560197,0,0.2842477,0.98429626,True
final-pad-27.778--1,2.8,24.493568,0.54405975,1.5732462,-0.45603785,0,0.28361905,0.98653555,True
final-pad-27.778--1,2.9,24.58326,0.54785585,1.562277,-0.4560509,0,0.28292525,0.98845553,True
final-pad-27.778--1,3.0,24.676435,0.5511842,1.5511725,-0.45606023,0,0.28221235,0.9901017,True
final-pad-27.778--1,3.1,24.772717,0.5544015,1.5400794,-0.45606688,0,0.2815367,0.9915132,True
final-pad-27.778--1,3.2,24.87171,0.55785084,1.5290338,-0.4560717,0,0.28093874,0.99272335,True
final-pad-27.778--1,3.3,24.97302,0.5617347,1.5180128,-0.4560752,0,0.28043377,0.993761,True
final-pad-27.778--1,3.4,25.076284,0.56607056,1.5069777,-0.45607767,0,0.28001353,0.99465066,True
final-pad-27.778--1,3.5,25.181175,0.5707712,1.4959053,-0.4560794,0,0.27965978,0.9954134,True
final-pad-27.778--1,3.6,25.287422,0.5757065,1.484795,-0.45608065,0,0.27935332,0.9960675,True
final-pad-27.778--1,3.7,25.394806,0.58075714,1.473667,-0.45608154,0,0.27907985,0.9966283,True
final-pad-27.778--1,3.8,25.50314,0.5858345,1.4625487,-0.4560822,0,0.27882928,0.99710906,True
final-pad-27.778--1,3.9,25.612259,0.5908947,1.45147,-0.45608264,0,0.27859822,0.9975213,True
final-pad-27.778--1,4.0,25.722033,0.5959301,1.4404536,-0.456083,0,0.27838725,0.99787474,True
final-key-44.44--1,0.1,44.315586,-0.0541274,0.051101644,-0.007007988,0,3.6895275e-05,0.02123976,True
final-key-44.44--1,0.2,44.125984,-0.1207391,0.23147988,-0.023508491,0,0.003956765,0.075099304,True
final-key-44.44--1,0.3,43.91648,-0.08277011,0.5059272,-0.046813294,0,0.035752356,0.15692791,True
final-key-44.44--1,0.4,43.65219,0.15506458,0.79161006,-0.07499097,0,0.12459284,0.26273727,True
final-key-44.44--1,0.5,43.294514,0.6818695,1.014581,-0.10666284,0,0.26099432,0.36786813,True
final-key-44.44--1,0.6,42.81611,1.4839535,1.1561553,-0.14083579,0,0.3965248,0.4580077,True
final-key-44.44--1,0.7,42.196274,2.4103737,1.2525343,-0.17680345,0,0.50074345,0.53529376,True
final-key-44.44--1,0.8,41.445065,3.5132523,1.3137612,-0.21405445,0,0.59997404,0.6015591,True
final-key-44.44--1,0.9,40.594463,4.8040733,1.3353612,-0.25222763,0,0.6787451,0.65837526,True
final-key-44.44--1,1.0,39.645527,6.076708,1.3316629,-0.291059,0,0.72753096,0.70708966,True
final-key-44.44--1,1.1,38.591145,7.167369,1.3134806,-0.33036453,0,0.7565623,0.74885756,True
final-key-44.44--1,1.2,37.4447,8.013018,1.2843086,-0.37000722,0,0.77452815,0.78466946,True
final-key-44.44--1,1.3,36.22795,8.5926075,1.2476022,-0.40989414,0,0.7852422,0.8153748,True
final-key-44.44--1,1.4,34.961773,8.905503,1.2077835,-0.4499534,0,0.79058707,0.8417016,True
final-key-44.44--1,1.5,33.663776,8.967436,1.1693547,-0.49013883,0,0.791648,0.8642743,True
final-key-44.44--1,1.6,32.34844,8.807017,1.1358894,-0.53041196,0,0.789115,0.8836283,True
final-key-44.44--1,1.7,31.028543,8.461875,1.1093038,-0.5707506,0,0.78349364,0.9002225,True
final-key-44.44--1,1.8,29.713978,7.9685717,1.090305,-0.6111336,0,0.7747611,0.91445035,True
final-key-44.44--1,1.9,28.412327,7.3618984,1.0785594,-0.6515522,0,0.762949,0.9266494,True
final-key-44.44--1,2.0,27.101667,6.599524,1.0813661,-0.6919938,0,0.7365341,0.93710893,True
final-key-44.44--1,2.1,25.636469,5.5755773,1.1523392,-0.73245174,0,0.6985152,0.946077,True
final-key-44.44--1,2.2,23.941181,4.4296675,1.3395293,-0.7729215,0,0.65953445,0.95376617,True
final-key-44.44--1,2.3,21.904264,3.414997,1.7426966,-0.80885214,0,0.6531112,0.9603589,True
final-key-44.44--1,2.4,19.466085,2.7456632,2.306705,-0.8346897,0,0.6260393,0.9660116,True
final-key-44.44--1,2.5,16.69329,2.187132,2.9206877,-0.8532031,0,0.6022551,0.97085816,True
final-key-44.44--1,2.6,13.727153,1.5798237,3.6199799,-0.8664686,0.009452827,0.5847788,0.97501373,True
final-key-44.44--1,2.7,11.065941,1.0617514,4.0564036,-0.87597364,0.053343505,0.5812402,0.97857666,True
final-key-44.44--1,2.8,9.186054,0.3543892,3.8639948,-0.8827843,0.12291175,0.49945545,0.9816316,True
final-key-44.44--1,2.9,8.207663,-0.6815665,3.4825444,-0.8876644,0.19425143,0.40504754,0.98425084,True
final-key-44.44--1,3.0,7.9425554,-1.5206037,3.322682,-0.89116114,0.25579536,0.3736587,0.9864967,True
final-key-44.44--1,3.1,8.027407,-1.9790384,3.3554306,-0.8936667,0.3066673,0.39135778,0.98842216,True
final-key-44.44--1,3.2,8.214025,-2.148804,3.4630222,-0.895462,0.34819537,0.4260537,0.9900731,True
final-key-44.44--1,3.3,8.387871,-2.136155,3.5809836,-0.89674836,0.38163254,0.46340066,0.9914886,True
final-key-44.44--1,3.4,8.498268,-2.0132098,3.6820278,-0.8976701,0.4084615,0.49855626,0.99270225,True
final-key-44.44--1,3.5,8.527557,-1.829594,3.7541916,-0.8983305,0.4302393,0.5295113,0.9937429,True
final-key-44.44--1,3.6,8.478151,-1.6248333,3.7926662,-0.8988038,0.44837677,0.5549648,0.99463516,True
final-key-44.44--1,3.7,8.365574,-1.4312329,3.7976286,-0.89914286,0.46394283,0.5745819,0.9954002,True
final-key-44.44--1,3.8,8.212568,-1.2720912,3.773734,-0.8993858,0.47758904,0.5887122,0.99605614,True
final-key-44.44--1,3.9,8.0434475,-1.1600525,3.729145,-0.8995599,0.48960984,0.59814346,0.9966185,True
final-key-44.44--1,4.0,7.8798203,-1.095788,3.6736147,-0.8996846,0.49993515,0.60436475,0.99710065,True
final-pad-44.44--1,0.1,44.265038,-0.5414386,0.6548086,-0.095,0,0.013022959,0.14259619,True
final-pad-44.44--1,0.2,43.80166,0.24949169,1.2017492,-0.18940163,0,0.24386102,0.2648587,True
final-pad-44.44--1,0.3,43.03927,1.9649954,1.4238254,-0.2649977,0,0.5213804,0.36968702,True
final-pad-44.44--1,0.4,41.974163,4.1274424,1.5885823,-0.3191647,0,0.67453575,0.45956725,True
final-pad-44.44--1,0.5,40.61907,6.617325,1.7322966,-0.357977,0,0.76637006,0.53663087,True
final-pad-44.44--1,0.6,39.095745,9.376736,1.7776929,-0.38578722,0,0.823171,0.6027056,True
final-pad-44.44--1,0.7,37.47558,11.88218,1.7117552,-0.4057141,0,0.8503153,0.6593583,True
final-pad-44.44--1,0.8,35.743782,13.661792,1.5888338,-0.41999236,0,0.86101615,0.70793253,True
final-pad-44.44--1,0.9,33.916206,14.604816,1.4520593,-0.43022317,0,0.86335063,0.74958026,True
final-pad-44.44--1,1.0,32.03486,14.794224,1.3250803,-0.43755385,0,0.8603023,0.7852892,True
final-pad-44.44--1,1.1,30.146574,14.375185,1.2188551,-0.4428065,0,0.85303783,0.8159062,True
final-pad-44.44--1,1.2,28.298693,13.494827,1.1362063,-0.44657025,0,0.84166753,0.8421573,True
final-pad-44.44--1,1.3,26.496717,12.18754,1.0841559,-0.44926706,0,0.81740284,0.86466503,True
final-pad-44.44--1,1.4,24.697111,10.453178,1.0754672,-0.4511994,0,0.7811648,0.8839633,True
final-pad-44.44--1,1.5,22.988518,8.411745,1.0933281,-0.452584,0,0.7280642,0.9005097,True
final-pad-44.44--1,1.6,21.49343,6.1399946,1.1098267,-0.4535761,0,0.643101,0.9146967,True
final-pad-44.44--1,1.7,20.360023,3.6668696,1.0883987,-0.45428693,0,0.48752338,0.92686063,True
final-pad-44.44--1,1.8,19.76304,1.3088236,1.1666594,-0.45479628,0,0.2784086,0.9372901,True
final-pad-44.44--1,1.9,19.679634,-0.16217518,1.5127481,-0.45516124,0,0.16259032,0.9462323,True
final-pad-44.44--1,2.0,19.84743,-0.6371765,1.8855674,-0.4554228,0,0.16470718,0.9538993,True
final-pad-44.44--1,2.1,20.079716,-0.5709634,2.1071749,-0.45561022,0,0.20524721,0.9604731,True
final-pad-44.44--1,2.2,20.286371,-0.31687522,2.193816,-0.45574448,0,0.24721438,0.9661096,True
final-pad-44.44--1,2.3,20.440504,-0.051555872,2.1985264,-0.45584068,0,0.27794826,0.9709422,True
final-pad-44.44--1,2.4,20.548023,0.14733362,2.1627827,-0.4559096,0,0.29515633,0.9750857,True
final-pad-44.44--1,2.5,20.627115,0.25779343,2.1139686,-0.455959,0,0.30065733,0.9786384,True
final-pad-44.44--1,2.6,20.6964,0.29114056,2.0688033,-0.45599437,0,0.2981971,0.9816845,True
final-pad-44.44--1,2.7,20.769611,0.27670193,2.0350168,-0.4560197,0,0.29215756,0.98429626,True
final-pad-44.44--1,2.8,20.853651,0.24585247,2.0132332,-0.45603785,0,0.28609258,0.98653555,True
final-pad-44.44--1,2.9,20.949324,0.22066545,1.9998599,-0.4560509,0,0.281932,0.98845553,True
final-pad-44.44--1,3.0,21.053818,0.21060503,1.9901837,-0.45606023,0,0.28004426,0.9901017,True
final-pad-44.44--1,3.1,21.163311,0.21539783,1.9805311,-0.45606688,0,0.27985415,0.9915132,True
final-pad-44.44--1,3.2,21.274658,0.22996426,1.969047,-0.4560717,0,0.2805135,0.99272335,True
final-pad-44.44--1,3.3,21.386026,0.24853325,1.9554197,-0.4560752,0,0.28132737,0.993761,True
final-pad-44.44--1,3.4,21.496758,0.26692104,1.9402096,-0.45607767,0,0.28190678,0.99465066,True
final-pad-44.44--1,3.5,21.606943,0.28302097,1.9242381,-0.4560794,0,0.28213492,0.9954134,True
final-pad-44.44--1,3.6,21.716965,0.29652023,1.9081889,-0.45608065,0,0.28207737,0.9960675,True
final-pad-44.44--1,3.7,21.827194,0.3080802,1.8924574,-0.45608154,0,0.28186306,0.9966283,True
final-pad-44.44--1,3.8,21.937838,0.318622,1.8771706,-0.4560822,0,0.28161162,0.99710906,True
final-pad-44.44--1,3.9,22.048922,0.32890344,1.8622802,-0.45608264,0,0.28139955,0.9975213,True
final-pad-44.44--1,4.0,22.160374,0.33933163,1.8476689,-0.456083,0,0.28125322,0.99787474,True
final-power--1,0.1,12.035251,-0.31161264,0.22333293,-0.095,0.00039416068,0.00072067976,0.14259619,True
final-power--1,0.2,12.1946945,-0.7108516,0.61659664,-0.19,0.0023356038,0.0040585995,0.2648587,True
final-power--1,0.3,12.428798,-1.0886765,1.0569601,-0.28499997,0.006116562,0.011917949,0.36968702,True
final-power--1,0.4,12.67378,-1.4417653,1.5159974,-0.37999988,0.011348916,0.025814354,0.45956725,True
final-power--1,0.5,12.862511,-1.7525187,1.9759839,-0.47240147,0.017527282,0.047830105,0.53663087,True
final-power--1,0.6,12.969789,-1.9591436,2.382985,-0.5425833,0.024390997,0.078326344,0.6027056,True
final-power--1,0.7,13.014381,-2.0570374,2.706562,-0.5928708,0.031834587,0.11262867,0.6593583,True
final-power--1,0.8,13.002745,-2.0799625,2.9550195,-0.6289032,0.039866764,0.14804363,0.70793253,True
final-power--1,0.9,12.945049,-2.040934,3.13898,-0.6547216,0.048573818,0.18622991,0.74958026,True
final-power--1,1.0,12.849527,-1.9534895,3.2704155,-0.6732213,0.058062736,0.22422186,0.7852892,True
final-power--1,1.1,12.719811,-1.8465266,3.3617458,-0.6864769,0.06846277,0.2563963,0.8159062,True
final-power--1,1.2,12.563214,-1.7473612,3.4224324,-0.69597495,0.079897754,0.28106016,0.8421573,True
final-power--1,1.3,12.393525,-1.6684873,3.4595046,-0.7027806,0.09239696,0.2994588,0.86466503,True
final-power--1,1.4,12.225496,-1.610817,3.4794261,-0.7076571,0.105836354,0.31361625,0.8839633,True
final-power--1,1.5,12.070041,-1.5695021,3.488334,-0.71115124,0.11995345,0.32533377,0.9005097,True
final-power--1,1.6,11.932711,-1.5380135,3.4913287,-0.71365494,0.13441099,0.33591676,0.9146967,True
final-power--1,1.7,11.814409,-1.5105076,3.4919314,-0.71544886,0.14886901,0.34617263,0.92686063,True
final-power--1,1.8,11.713014,-1.4827175,3.4920652,-0.71673423,0.16303845,0.35647893,0.9372901,True
final-power--1,1.9,11.624893,-1.452317,3.4924316,-0.7176553,0.1767089,0.36692527,0.9462323,True
final-power--1,2.0,11.546124,-1.4186206,3.4929926,-0.7183153,0.1897529,0.3774071,0.9538993,True
final-power--1,2.1,11.473266,-1.3820028,3.4933355,-0.71878815,0.20211482,0.38780332,0.9604731,True
final-power--1,2.2,11.403647,-1.3437235,3.4929564,-0.719127,0.21379259,0.39783615,0.9661096,True
final-power--1,2.3,11.335554,-1.3056285,3.4914997,-0.7193698,0.22481836,0.40726024,0.9709422,True
final-power--1,2.4,11.2683,-1.2694943,3.4888306,-0.71954376,0.23523888,0.41596305,0.9750857,True
final-power--1,2.5,11.2020645,-1.2361865,3.485031,-0.7196684,0.24509962,0.4239807,0.9786384,True
final-power--1,2.6,11.137372,-1.2059758,3.48032,-0.71975774,0.25443673,0.43136406,0.9816845,True
final-power--1,2.7,11.074783,-1.1788206,3.4749687,-0.71982175,0.2632764,0.43816715,0.98429626,True
final-power--1,2.8,11.01476,-1.1544788,3.4692395,-0.7198676,0.27163702,0.44445056,0.98653555,True
final-power--1,2.9,10.957621,-1.132616,3.4633515,-0.7199004,0.27953205,0.45027214,0.98845553,True
final-power--1,3.0,10.903529,-1.112855,3.4574683,-0.7199239,0.28697288,0.45568284,0.9901017,True
final-power-counter--1,0.1,10.920577,-0.4342227,3.310647,-0.624924,0.2513852,0.57273483,0.712993,True
final-power-counter--1,0.2,10.820135,-0.06454104,3.0357912,-0.5299241,0.21310923,0.5438962,0.592562,True
final-power-counter--1,0.3,10.809156,-0.006531,2.6155624,-0.4349242,0.17959994,0.4693339,0.54022294,True
final-power-counter--1,0.4,11.022446,-0.15052414,2.090793,-0.33992428,0.15165159,0.35904634,0.51747656,True
final-power-counter--1,0.5,11.472726,-0.28234625,1.5512972,-0.24492435,0.12835492,0.24740756,0.50759095,True
final-power-counter--1,0.6,12.076391,-0.23963928,1.0557561,-0.14992435,0.10856285,0.16994235,0.5032947,True
final-power-counter--1,0.7,12.738521,-0.072767735,0.61786985,-0.06915758,0.091403864,0.12319869,0.50142753,True
final-power-exit--1,0.1,13.775008,0.009619236,0.23902859,-0.027096245,0.069514036,0.089618504,0.5721028,True
final-power-exit--1,0.2,14.566302,-0.01320219,0.1578303,-0.019415306,0.057570267,0.076449215,0.63311934,True
final-power-exit--1,0.3,15.432623,-0.0157547,0.11357073,-0.013911673,0.04673966,0.06670061,0.6854351,True
final-power-exit--1,0.4,16.360111,-0.011151791,0.08454459,-0.009968148,0.036879566,0.058258176,0.73029083,True
final-power-exit--1,0.5,17.337101,-0.005979061,0.063690916,-0.007142489,0.028725225,0.05141672,0.76875037,True
final-power-exit--1,0.6,18.353407,-0.0019721985,0.04816809,-0.0051178164,0.02237123,0.046168983,0.80172575,True
final-power-exit--1,0.7,19.399965,0.0007352829,0.036465935,-0.0036670752,0.017422734,0.04210359,0.82999897,True
final-power-exit--1,0.8,20.468578,0.0023965836,0.027604591,-0.002627574,0.013568841,0.03889364,0.8542405,True
final-power-exit--1,0.9,21.551786,0.0032997131,0.020882756,-0.0018827386,0.010567425,0.036308378,0.8750253,True
final-power-exit--1,1.0,22.642689,0.0036725998,0.015781434,-0.001349041,0.00822992,0.034170747,0.8928462,True
final-power-exit--1,1.1,23.734863,0.0036993027,0.011910962,-0.0009666301,0.0064094686,0.032348514,0.908126,True
final-power-exit--1,1.2,24.822287,0.0035114288,0.008976183,-0.00069262064,0.0049917004,0.030739427,0.92122686,True
final-power-exit--1,1.3,25.899307,0.003200531,0.0067529925,-0.0004962842,0.003887541,0.029268146,0.9324596,True
final-power-exit--1,1.4,26.960615,0.0028276443,0.005071219,-0.00035560314,0.0030276203,0.02787292,0.94209063,True
final-power-exit--1,1.5,28.001255,0.002448082,0.0038013223,-0.00025480078,0.0023579132,0.026514053,0.9503483,True
final-power-exit--1,1.6,29.016617,0.00207901,0.0028444505,-0.00018257271,0.001836345,0.025170892,0.95742846,True
final-power-exit--1,1.7,30.002476,0.001739502,0.0021243405,-0.00013081905,0.001430147,0.02381739,0.96349895,True
final-power-exit--1,1.8,30.955046,0.0014314651,0.0015821658,-9.373594e-05,0.0011137996,0.02245155,0.96870387,True
final-power-exit--1,1.9,31.870977,0.0011615753,0.0011745446,-6.716472e-05,0.00086742814,0.021067202,0.97316664,True
final-power-exit--1,2.0,32.74742,0.0009241104,0.0008691818,-4.812562e-05,0.0006755538,0.019673526,0.976993,True
final-power-exit--1,2.1,33.582043,0.0007305145,0.00064123847,-3.4483506e-05,0.0005261219,0.018280566,0.9802737,True
final-power-exit--1,2.2,34.373043,0.00057029724,0.0004717108,-2.4708506e-05,0.00040974419,0.016900241,0.9830866,True
final-power-exit--1,2.3,35.11918,0.0004348755,0.00034606268,-1.7704415e-05,0.00031910912,0.015545487,0.98549837,True
final-power-exit--1,2.4,35.819748,0.00033473969,0.00025319654,-1.2685767e-05,0.00024852247,0.014229119,0.98756623,True
final-power-exit--1,2.5,36.47457,0.00025177002,0.00018477542,-9.089747e-06,0.00019354951,0.012963414,0.98933923,True
final-handbrake--1,0.1,27.660797,-0.51244545,0.45336288,-0.08812195,0,0.051447213,0.14259619,True
final-handbrake--1,0.2,27.333893,-0.6127136,1.028599,-0.1524313,0,0.15255544,0.2648587,True
final-handbrake--1,0.3,26.748262,-0.24521637,1.4725116,-0.19851094,0,0.3426401,0.36968702,True
final-handbrake--1,0.4,25.813488,0.59593964,1.8922273,-0.23152845,0,0.5631864,0.45956725,True
final-handbrake--1,0.5,24.42653,2.083374,2.4262452,-0.2551865,0,0.74125266,0.53663087,True
final-handbrake--1,0.6,22.638165,4.3587036,3.0310547,-0.27213824,0,0.8361616,0.6027056,True
final-handbrake--1,0.7,20.445837,7.192617,3.527716,-0.2842847,0,0.88638437,0.6593583,True
final-handbrake--1,0.8,17.855816,9.686317,3.8046353,-0.29298806,0,0.9090606,0.70793253,True
final-handbrake--1,0.9,14.725897,10.675877,4.030063,-0.2992243,0.0011786927,0.9203468,0.74958026,True
final-handbrake--1,1.0,10.848376,9.46714,4.425476,-0.30369273,0.017328415,0.9245546,0.7852892,True
final-handbrake--1,1.1,7.45156,6.8450584,3.8997235,-0.30689448,0.051421065,0.8742108,0.8159062,True
final-handbrake--1,1.2,4.2996745,3.9237523,2.430437,-0.3091886,0.084197454,0.76097,0.8421573,True
final-handbrake--1,1.3,2.4079633,2.144135,1.3188721,-0.31083244,0.1134912,0.67322695,0.86466503,True
final-handbrake--1,1.4,1.185156,1.04655,0.71005356,-0.3120103,0.1396387,0.6153984,0.8839633,True
final-handbrake--1,1.5,0.561872,0.49713686,0.36036673,-0.31285426,0.16294271,0.5937803,0.9005097,True
final-handbrake--1,1.6,0.26763812,0.23799714,0.17726181,-0.313459,0.18367833,0.5947288,0.9146967,True
final-handbrake--1,1.7,0.129764,0.115827024,0.08702082,-0.31389233,0.20209719,0.601727,0.92686063,True
final-handbrake--1,1.8,0.06397008,0.057202052,0.043017853,-0.3142028,0.21842986,0.60937774,0.9372901,True
final-handbrake--1,1.9,0.031959683,0.028586516,0.021462806,-0.3144253,0.23288788,0.6164839,0.9462323,True
final-handbrake--1,2.0,0.01614093,0.014428163,0.01080905,-0.31458467,0.24566498,0.6228425,0.9538993,True
final-handbrake--1,2.1,0.008225913,0.007345003,0.0054914346,-0.31469887,0.2569383,0.6284718,0.9604731,True
final-handbrake--1,2.2,0.004224791,0.0037676746,0.002812024,-0.31478074,0.26686937,0.63343537,0.9661096,True
final-handbrake--1,2.3,0.0021844883,0.0019457523,0.0014501516,-0.3148394,0.27560496,0.6378027,0.9709422,True
final-handbrake--1,2.4,0.0011361906,0.0010108732,0.0007525136,-0.31488144,0.28327814,0.6416391,0.9750857,True
final-handbrake--1,2.5,0.0005940116,0.0005279466,0.0003926434,-0.31491154,0.29000908,0.6450045,0.9786384,True
final-handbrake--1,2.6,0.0003119652,0.0002770407,0.00020586101,-0.31493312,0.295906,0.64795303,0.9816845,True
final-handbrake--1,2.7,0.00016449137,0.0001459691,0.00010838844,-0.31494856,0.30106604,0.650533,0.98429626,True
final-handbrake--1,2.8,8.7034656e-05,7.717988e-05,5.727903e-05,-0.31495965,0.30557612,0.65278804,0.98653555,True
final-handbrake--1,2.9,4.6507343e-05,4.116701e-05,3.0235964e-05,-0.31496757,0.30951396,0.65475696,0.98845553,True
final-handbrake--1,3.0,2.5171099e-05,2.2364256e-05,1.6311165e-05,-0.31497326,0.3129487,0.65647435,0.9901017,True
final-handbrake-counter--1,0.1,0.045333657,-0.0032740105,0.001975708,-0.2199733,0.2826509,0.5337498,0.712993,True
final-handbrake-counter--1,0.2,0.0815466,-0.0052837543,0.0034279395,-0.12597105,0.24403407,0.39524722,0.592562,True
final-handbrake-counter--1,0.3,0.22820292,-0.005266361,0.0036481896,-0.051994294,0.2085976,0.25321263,0.54022294,True
final-handbrake-counter--1,0.4,0.9252525,-0.0034514368,0.002835164,0.0010123597,0.17888981,0.18850869,0.51747656,True
final-handbrake-counter--1,0.5,1.6621594,0.019004107,-0.011603913,0.03899328,0.15487804,0.1639784,0.50759095,True
final-handbrake-counter--1,0.6,2.3848042,0.058153212,-0.039536543,0.0662078,0.1358051,0.14464977,0.5032947,True
final-handbrake-counter--1,0.7,3.0985615,0.105032206,-0.0760457,0.08570785,0.12079065,0.12950188,0.50142753,True
final-handbrake-exit--1,0.1,4.2019176,0.12773073,-0.1053313,0.06683437,0.1036713,0.11871189,0.5721028,True
final-handbrake-exit--1,0.2,5.0429296,0.10707116,-0.096609846,0.047888912,0.09884195,0.11655462,0.63311934,True
final-handbrake-exit--1,0.3,5.9602423,0.08659327,-0.084186934,0.0343139,0.09846751,0.1185461,0.6854351,True
final-handbrake-exit--1,0.4,6.941268,0.068455935,-0.07164406,0.02458698,0.100891024,0.12304476,0.73029083,True
final-handbrake-exit--1,0.5,7.9754415,0.052871466,-0.06003615,0.017617337,0.10526832,0.12923282,0.76875037,True
final-handbrake-exit--1,0.6,9.053715,0.03981805,-0.049709555,0.0126233725,0.11056068,0.13609225,0.80172575,True
final-handbrake-exit--1,0.7,10.168323,0.029188395,-0.040739257,0.00904504,0.11444884,0.1413075,0.82999897,True
final-handbrake-exit--1,0.8,11.312612,0.020792246,-0.033071764,0.006481054,0.11480416,0.14274842,0.8542405,True
final-handbrake-exit--1,0.9,12.480868,0.014378309,-0.026593735,0.0046438775,0.109668374,0.13845164,0.8750253,True
final-handbrake-exit--1,1.0,13.668117,0.009644508,-0.021176679,0.0033274828,0.098892905,0.12827754,0.8928462,True
final-handbrake-exit--1,1.1,14.869833,0.0062589645,-0.01670052,0.0023842454,0.083841465,0.11361295,0.908126,True
final-handbrake-exit--1,1.2,16.081722,0.0038938522,-0.013054611,0.0017083862,0.0671359,0.09711611,0.92122686,True
final-handbrake-exit--1,1.3,17.299526,0.0022625923,-0.010133856,0.001224112,0.052329037,0.08238593,0.9324596,True
final-handbrake-exit--1,1.4,18.518965,0.0011429787,-0.00782848,0.00087711436,0.040753897,0.07077679,0.94209063,True
final-handbrake-exit--1,1.5,19.735857,0.00039291382,-0.0060246964,0.0006284798,0.03173917,0.06161481,0.9503483,True
final-handbrake-exit--1,1.6,20.946125,-8.916855e-05,-0.0046210196,0.00045032537,0.024718495,0.05433023,0.95742846,True
final-handbrake-exit--1,1.7,22.145752,-0.00037813187,-0.003533248,0.00032267216,0.019250786,0.04847893,0.96349895,True
final-handbrake-exit--1,1.8,23.330793,-0.0005311966,-0.0026932438,0.00023120469,0.0149925295,0.04371661,0.96870387,True
final-handbrake-exit--1,1.9,24.497335,-0.00059366226,-0.002046947,0.00016566538,0.011676194,0.039778978,0.97316664,True
final-handbrake-exit--1,2.0,25.641542,-0.0005979538,-0.0015515044,0.00011870442,0.00909343,0.036456853,0.976993,True
final-handbrake-exit--1,2.1,26.759678,-0.000562191,-0.0011724541,8.505542e-05,0.00708197,0.03358546,0.9802737,True
final-handbrake-exit--1,2.2,27.848135,-0.00050640106,-0.0008831997,6.0944865e-05,0.0055154446,0.031046689,0.9830866,True
final-handbrake-exit--1,2.3,28.9035,-0.00044345856,-0.00066318316,4.3668897e-05,0.0042954334,0.02875489,0.98549837,True
final-handbrake-exit--1,2.4,29.922583,-0.00037574768,-0.0004964369,3.129013e-05,0.0033452876,0.026645511,0.98756623,True
final-handbrake-exit--1,2.5,30.902489,-0.00031280518,-0.00037044322,2.2420352e-05,0.002605313,0.024673223,0.98933923,True
final-donut--1,0.1,0.08331552,-0.0017079916,0.0010434034,-0.095,0.00090830564,0.0011168122,0.14259619,True
final-donut--1,0.2,0.36610383,-0.021247668,0.013865994,-0.19,0.0055724946,0.006334752,0.2648587,True
final-donut--1,0.3,0.8058546,-0.08293143,0.056593217,-0.28499997,0.015439214,0.016901404,0.36968702,True
final-donut--1,0.4,1.3644956,-0.20669265,0.14612867,-0.37999988,0.030684125,0.032882154,0.45956725,True
final-donut--1,0.5,2.0026164,-0.4033102,0.29451084,-0.4749998,0.050766796,0.05372134,0.53663087,True
final-donut--1,0.6,2.6801426,-0.67206764,0.5071958,-0.5699997,0.07479707,0.078553855,0.6027056,True
final-donut--1,0.7,3.3578851,-0.9987495,0.78108114,-0.66086864,0.10176445,0.10642445,0.6593583,True
final-donut--1,0.8,4.017222,-1.3432508,1.0912002,-0.7286549,0.13067518,0.13637844,0.70793253,True
final-donut--1,0.9,4.659362,-1.6716052,1.4132315,-0.7772259,0.1606282,0.16763383,0.74958026,True
final-donut--1,1.0,5.282552,-1.9651815,1.7342324,-0.8120286,0.19085136,0.19964498,0.7852892,True
final-donut--1,1.1,5.881697,-2.2118607,2.046364,-0.83696574,0.22071283,0.23208517,0.8159062,True
final-donut--1,1.2,6.448644,-2.4030972,2.344111,-0.85483396,0.2497175,0.26484415,0.8421573,True
final-donut--1,1.3,6.972702,-2.5329726,2.62297,-0.8676371,0.27749524,0.2979836,0.86466503,True
final-donut--1,1.4,7.441559,-2.5980883,2.8788862,-0.8768109,0.30378503,0.33163363,0.8839633,True
final-donut--1,1.5,7.842583,-2.5978756,3.1081161,-0.8833842,0.3284179,0.36582923,0.9005097,True
final-donut--1,1.6,8.164958,-2.533876,3.3062835,-0.8880943,0.35111463,0.4004146,0.9146967,True
final-donut--1,1.7,8.402233,-2.4119427,3.4688883,-0.8914691,0.37110862,0.43377048,0.92686063,True
final-donut--1,1.8,8.548688,-2.2499294,3.5960236,-0.89388734,0.38855615,0.46456373,0.9372901,True
final-donut--1,1.9,8.607845,-2.0640635,3.6872926,-0.8956201,0.40400523,0.49269122,0.9462323,True
final-donut--1,2.0,8.59045,-1.8701682,3.7436552,-0.8968616,0.41806802,0.51756614,0.9538993,True
final-donut--1,2.1,8.512037,-1.6856489,3.767821,-0.8977512,0.43123356,0.53812397,0.9604731,True
final-donut--1,2.2,8.391559,-1.5276031,3.764328,-0.8983887,0.44377583,0.55390215,0.9661096,True
final-donut--1,2.3,8.249518,-1.4066349,3.7398913,-0.8988455,0.4557486,0.5655199,0.9709422,True
final-donut--1,2.4,8.104596,-1.3251388,3.7026203,-0.8991728,0.4670522,0.573922,0.9750857,True
final-donut--1,2.5,7.9709735,-1.278274,3.6604807,-0.89940727,0.47751364,0.5802604,0.9786384,True
final-donut--1,2.6,7.857545,-1.2559061,3.6195304,-0.89957523,0.48680332,0.5854164,0.9816845,True
final-donut--1,2.7,7.766862,-1.2493268,3.5838785,-0.89969563,0.49495336,0.5896905,0.98429626,True
final-donut--1,2.8,7.6976633,-1.2512014,3.5553656,-0.89978194,0.50209403,0.593384,0.98653555,True
final-donut--1,2.9,7.6467466,-1.2558568,3.53413,-0.89984375,0.50834244,0.59680367,0.98845553,True
final-donut--1,3.0,7.6100082,-1.259269,3.5193017,-0.89988804,0.51380366,0.60009825,0.9901017,True
final-donut--1,3.1,7.5832305,-1.2592565,3.5094662,-0.89991975,0.5185716,0.6032963,0.9915132,True
final-donut--1,3.2,7.5626945,-1.255168,3.5030668,-0.8999425,0.52273,0.6063669,0.99272335,True
final-donut--1,3.3,7.5455117,-1.2474363,3.4986825,-0.8999588,0.5263533,0.60925496,0.993761,True
final-donut--1,3.4,7.5297236,-1.2371066,3.4951918,-0.8999704,0.52950746,0.61190623,0.99465066,True
final-donut--1,3.5,7.5142317,-1.2254593,3.4918296,-0.89997876,0.53225094,0.61428034,0.9954134,True
final-donut--1,3.6,7.498634,-1.2137098,3.4881735,-0.8999847,0.5346353,0.6163535,0.9960675,True
final-donut--1,3.7,7.483008,-1.202861,3.484084,-0.899989,0.53670603,0.61812127,0.9966283,True
final-donut--1,3.8,7.46772,-1.1935718,3.4796274,-0.8999921,0.5385031,0.61960244,0.99710906,True
final-donut--1,3.9,7.453231,-1.1861582,3.4749935,-0.8999943,0.5400617,0.62082636,0.9975213,True
final-donut--1,4.0,7.43997,-1.1806383,3.470416,-0.8999959,0.54141253,0.6218306,0.99787474,True
final-donut--1,4.1,7.4282465,-1.176812,3.4661155,-0.89999706,0.54258275,0.62265503,0.9981778,True
final-donut--1,4.2,7.418217,-1.1743455,3.462261,-0.89999783,0.5435959,0.62333715,0.99843764,True
final-donut--1,4.3,7.409886,-1.1728592,3.4589527,-0.8999985,0.54447263,0.6239103,0.99866045,True
final-donut--1,4.4,7.403131,-1.1719878,3.456223,-0.89999884,0.5452309,0.62440133,0.9988514,True
final-donut--1,4.5,7.3977456,-1.1714293,3.454047,-0.8999992,0.5458864,0.6248301,0.99901515,True
final-donut--1,4.6,7.3934817,-1.1709604,3.4523582,-0.89999944,0.54645294,0.62521076,0.9991556,True
final-donut--1,4.7,7.3900867,-1.1704414,3.4510674,-0.89999944,0.5469423,0.6255518,0.99927604,True
final-donut--1,4.8,7.3873267,-1.1698098,3.450079,-0.89999944,0.54736483,0.62585855,0.9993793,True
final-donut--1,4.9,7.385011,-1.1690592,3.449304,-0.89999944,0.54772955,0.6261337,0.9994678,True
final-donut--1,5.0,7.382996,-1.1682237,3.4486682,-0.89999944,0.54804426,0.62637854,0.99954367,True
final-donut--1,5.1,7.3811855,-1.1673545,3.4481165,-0.89999944,0.54831576,0.626594,0.9996087,True
final-donut--1,5.2,7.379524,-1.166506,3.4476118,-0.89999944,0.5485499,0.62678134,0.9996645,True
final-donut--1,5.3,7.3779874,-1.1657269,3.447135,-0.89999944,0.5487517,0.62694216,0.9997123,True
final-donut--1,5.4,7.3765707,-1.1650479,3.446679,-0.89999944,0.54892564,0.62707853,0.9997533,True
final-donut--1,5.5,7.375279,-1.1644851,3.4462457,-0.89999944,0.5490755,0.62719357,0.9997885,True
final-donut--1,5.6,7.3741207,-1.1640425,3.4458408,-0.89999944,0.5492045,0.62728953,0.9998187,True
final-donut--1,5.7,7.373103,-1.1637056,3.4454718,-0.89999944,0.54931575,0.62736994,0.99984455,True
final-donut--1,5.8,7.3722267,-1.163462,3.4451432,-0.89999944,0.54941154,0.62743735,0.9998667,True
final-donut--1,5.9,7.371486,-1.1632917,3.4448595,-0.89999944,0.5494939,0.627494,0.99988574,True
final-donut--1,6.0,7.3708706,-1.1631728,3.4446206,-0.89999944,0.5495649,0.62754226,0.99990207,True
final-donut--1,6.1,7.370366,-1.1630828,3.4444237,-0.89999944,0.54962593,0.627584,0.99991614,True
final-donut--1,6.2,7.369954,-1.1630092,3.444265,-0.89999944,0.54967844,0.6276201,0.9999281,True
final-donut--1,6.3,7.369616,-1.1629395,3.444137,-0.89999944,0.54972374,0.62765193,0.9999384,True
final-donut--1,6.4,7.369336,-1.1628723,3.4440355,-0.89999944,0.54976267,0.6276802,0.9999472,True
final-donut--1,6.5,7.3690996,-1.1628034,3.443953,-0.89999944,0.54979604,0.62770474,0.9999547,True
final-donut--1,6.6,7.3688974,-1.1627338,3.4438841,-0.89999944,0.54982466,0.6277263,0.99996114,True
final-donut--1,6.7,7.3687205,-1.162667,3.4438252,-0.89999944,0.5498494,0.62774515,0.99996674,True
final-donut--1,6.8,7.368563,-1.1626034,3.4437735,-0.89999944,0.54987067,0.6277615,0.99997145,True
final-donut--1,6.9,7.368423,-1.1625454,3.443727,-0.89999944,0.5498889,0.62777555,0.99997556,True
final-donut--1,7.0,7.3682985,-1.1624937,3.443685,-0.89999944,0.5499046,0.6277876,0.999979,True
final-donut--1,7.1,7.368187,-1.1624501,3.4436476,-0.89999944,0.549918,0.6277976,0.999982,True
final-donut--1,7.2,7.3680882,-1.1624148,3.4436114,-0.89999944,0.54992956,0.6278062,0.99998456,True
final-donut--1,7.3,7.368002,-1.1623877,3.4435797,-0.89999944,0.5499395,0.62781334,0.99998677,True
final-donut--1,7.4,7.3679276,-1.1623669,3.4435523,-0.89999944,0.54994804,0.6278194,0.9999886,True
final-donut--1,7.5,7.367864,-1.1623514,3.4435287,-0.89999944,0.54995537,0.62782454,0.9999902,True
final-donut--1,7.6,7.3678107,-1.1623387,3.4435089,-0.89999944,0.5499617,0.6278291,0.99999166,True
final-donut--1,7.7,7.367766,-1.1623282,3.443492,-0.89999944,0.5499671,0.6278329,0.9999928,True
final-donut--1,7.8,7.367729,-1.1623197,3.4434779,-0.89999944,0.5499718,0.6278361,0.99999386,True
final-donut--1,7.9,7.3676977,-1.162312,3.4434664,-0.89999944,0.5499758,0.62783897,0.9999947,True
final-donut--1,8.0,7.3676724,-1.1623068,3.443457,-0.89999944,0.5499792,0.62784123,0.9999954,True
final-donut-counter--1,0.1,7.4368734,-0.71902084,3.3046267,-0.80499953,0.4678559,0.67185706,0.7172927,True
final-donut-counter--1,0.2,7.4696493,-0.5567028,3.014843,-0.7099996,0.38847637,0.6024716,0.5944307,True
final-donut-counter--1,0.3,7.6264477,-0.6318402,2.610195,-0.6149997,0.3211672,0.5042479,0.5410351,True
final-donut-counter--1,0.4,7.9786124,-0.8033426,2.1720645,-0.5199998,0.2665908,0.39277613,0.5178295,True
final-donut-counter--1,0.5,8.495848,-0.8980305,1.7781283,-0.4249999,0.22309275,0.2998467,0.5077444,True
final-donut-counter--1,0.6,9.109329,-0.84242916,1.4411904,-0.32999998,0.18838601,0.23687513,0.5033614,True
final-donut-counter--1,0.7,9.7718525,-0.66361856,1.1267309,-0.23500006,0.16033486,0.19419548,0.50145656,True
final-donut-exit--1,0.1,10.834206,-0.371727,0.7150869,-0.13434963,0.12686884,0.1580869,0.5721192,True
final-donut-exit--1,0.2,11.638294,-0.27022648,0.54067504,-0.09626571,0.11094823,0.13819781,0.6331333,True
final-donut-exit--1,0.3,12.517888,-0.19404411,0.4135454,-0.06897739,0.097772926,0.12359992,0.6854471,True
final-donut-exit--1,0.4,13.461031,-0.13562107,0.3180847,-0.049424455,0.085317485,0.1109114,0.7303012,True
final-donut-exit--1,0.5,14.456744,-0.09191513,0.24506451,-0.035414167,0.07245968,0.09829906,0.7687593,True
final-donut-exit--1,0.6,15.4953375,-0.060094833,0.18866496,-0.025375355,0.059151214,0.08539784,0.8017333,True
final-donut-exit--1,0.7,16.568176,-0.03741789,0.14498167,-0.018182235,0.04651305,0.073185265,0.83000547,True
final-donut-exit--1,0.8,17.667452,-0.021477222,0.111217186,-0.013028138,0.036224406,0.063277155,0.8542461,True
final-donut-exit--1,0.9,18.786007,-0.010462761,0.08518418,-0.009335067,0.028211597,0.055564165,0.87503004,True
final-donut-exit--1,1.0,19.917269,-0.0030946732,0.065136336,-0.0066888668,0.021971215,0.049512476,0.8928503,True
final-donut-exit--1,1.1,21.055126,0.0016098022,0.049714148,-0.004792782,0.017111203,0.04471147,0.90812933,True
final-donut-exit--1,1.2,22.193853,0.0043945312,0.037866335,-0.0034341782,0.01332622,0.04084441,0.9212297,True
final-donut-exit--1,1.3,23.32803,0.005839348,0.028779443,-0.002460696,0.010378472,0.037668586,0.9324621,True
final-donut-exit--1,1.4,24.452503,0.006377697,0.021823313,-0.0017631656,0.008082762,0.034997404,0.9420927,True
final-donut-exit--1,1.5,25.562357,0.006331444,0.016509496,-0.0012633633,0.006294862,0.03269103,0.9503501,True
final-donut-exit--1,1.6,26.65292,0.005932808,0.012459078,-0.0009052392,0.0049024443,0.030638754,0.95743,True
final-donut-exit--1,1.7,27.71976,0.005338192,0.009378431,-0.0006486322,0.0038180274,0.028761595,0.9635004,True
final-donut-exit--1,1.8,28.75873,0.0046634674,0.0070408694,-0.00046476527,0.0029734832,0.027005345,0.9687051,True
final-donut-exit--1,1.9,29.765993,0.0039720535,0.0052711754,-0.00033301883,0.002315751,0.025326699,0.9731676,True
final-donut-exit--1,2.0,30.738066,0.0033202171,0.003934174,-0.00023861838,0.0018035088,0.02370292,0.97699374,True
final-donut-exit--1,2.1,31.671858,0.0027217865,0.0029267974,-0.00017097752,0.001404574,0.022112012,0.9802744,True
final-donut-exit--1,2.2,32.56473,0.0021920204,0.0021704778,-0.00012251074,0.0010938834,0.020552099,0.98308724,True
final-donut-exit--1,2.3,33.414536,0.0017461777,0.0016046136,-8.778277e-05,0.0008519174,0.019024491,0.9854989,True
final-donut-exit--1,2.4,34.2196,0.0013723373,0.0011827432,-6.28991e-05,0.00066347397,0.017534077,0.9875667,True
final-donut-exit--1,2.5,34.978794,0.0010643005,0.0008692244,-4.506917e-05,0.00051671406,0.016088247,0.9893397,True
final-key-8-1,0.1,7.9861155,0.014159269,-0.009221773,0.007007988,6.2684876e-06,2.7686356e-05,0.02123976,True
final-key-8-1,0.2,8.012323,0.058220718,-0.04267871,0.023508491,0.0001334037,0.00040125847,0.075099304,True
final-key-8-1,0.3,8.132652,0.12646681,-0.099963896,0.046813294,0.0008386567,0.0019078255,0.15692791,True
final-key-8-1,0.4,8.382653,0.21507548,-0.17938988,0.07499097,0.0030964382,0.005735755,0.26273727,True
final-key-8-1,0.5,8.782199,0.3234566,-0.28190526,0.10666284,0.008054193,0.012647241,0.36786813,True
final-key-8-1,0.6,9.311214,0.45108503,-0.40981308,0.14083579,0.01588203,0.022433043,0.4580077,True
final-key-8-1,0.7,9.942176,0.5957775,-0.5652573,0.17680345,0.025922623,0.034541786,0.53529376,True
final-key-8-1,0.8,10.648534,0.75302947,-0.74929196,0.21405445,0.036900464,0.04799986,0.6015591,True
final-key-8-1,0.9,11.403698,0.9157734,-0.9611074,0.25222763,0.04720523,0.061718076,0.65837526,True
final-key-8-1,1.0,12.180168,1.0747075,-1.1974651,0.291059,0.055284247,0.07486868,0.70708966,True
final-key-8-1,1.1,12.948943,1.219048,-1.4524738,0.33036453,0.060035877,0.08738917,0.74885756,True
final-key-8-1,1.2,13.679353,1.3383355,-1.7182418,0.37000722,0.061052617,0.09985983,0.78466946,True
final-key-8-1,1.3,14.339387,1.4245763,-1.9862306,0.40989414,0.058219727,0.1134361,0.8153748,True
final-key-8-1,1.4,14.897025,1.4704552,-2.247967,0.4499534,0.052556433,0.13091913,0.8417016,True
final-key-8-1,1.5,15.321495,1.4695494,-2.4974768,0.49013883,0.045574237,0.1552639,0.8642743,True
final-key-8-1,1.6,15.583418,1.4202718,-2.7340684,0.53041196,0.038595904,0.18761122,0.8836283,True
final-key-8-1,1.7,15.652445,1.3351662,-2.964536,0.5707506,0.032603815,0.22643945,0.9002225,True
final-key-8-1,1.8,15.504913,1.2123108,-3.192958,0.6111336,0.028416853,0.27367154,0.91445035,True
final-key-8-1,1.9,15.124906,1.054903,-3.419397,0.6515522,0.027162068,0.32507455,0.9266494,True
final-key-8-1,2.0,14.504574,0.88922954,-3.6384385,0.6919938,0.030292112,0.37374204,0.93710893,True
final-key-8-1,2.1,13.664762,0.7580642,-3.8295062,0.73245174,0.040528286,0.41168815,0.946077,True
final-key-8-1,2.2,12.673225,0.7153578,-3.9614463,0.7729215,0.061330926,0.43237025,0.95376617,True
final-key-8-1,2.3,11.64845,0.7887759,-4.009567,0.80885214,0.09428229,0.43878865,0.9603589,True
final-key-8-1,2.4,10.748084,0.9739163,-3.9675136,0.8346897,0.13671623,0.4300462,0.9660116,True
final-key-8-1,2.5,10.062315,1.2287202,-3.8884385,0.8532031,0.18362977,0.41985396,0.97085816,True
final-key-8-1,2.6,9.5945,1.466665,-3.8259804,0.8664686,0.23014735,0.42003083,0.97501373,True
final-key-8-1,2.7,9.29173,1.6250772,-3.79804,0.87597364,0.2732204,0.43325847,0.97857666,True
final-key-8-1,2.8,9.087466,1.6919044,-3.7950559,0.8827843,0.31162268,0.4543976,0.9816316,True
final-key-8-1,2.9,8.929256,1.6857398,-3.8015215,0.8876644,0.34526443,0.47833526,0.98425084,True
final-key-8-1,3.0,8.785523,1.6309104,-3.8059707,0.89116114,0.37457398,0.50197166,0.9864967,True
final-key-8-1,3.1,8.64107,1.5497365,-3.8020127,0.8936667,0.4001264,0.52354527,0.98842216,True
final-key-8-1,3.2,8.491674,1.4605068,-3.7872727,0.895462,0.4224584,0.54220676,0.9900731,True
final-key-8-1,3.3,8.339686,1.3767034,-3.762254,0.89674836,0.44199592,0.55773306,0.9914886,True
final-key-8-1,3.4,8.190617,1.3067524,-3.729351,0.8976701,0.45905054,0.5703018,0.99270225,True
final-key-8-1,3.5,8.050588,1.2543733,-3.6919136,0.8983305,0.47385186,0.58030856,0.9937429,True
final-key-8-1,3.6,7.92482,1.2188768,-3.6532986,0.8988038,0.486503,0.58845913,0.99463516,True
final-key-8-1,3.7,7.816709,1.196898,-3.6161811,0.89914286,0.49703908,0.594928,0.9954002,True
final-key-8-1,3.8,7.7267504,1.186072,-3.5827203,0.8993858,0.5058039,0.59999657,0.99605614,True
final-key-8-1,3.9,7.654285,1.1831424,-3.554154,0.8995599,0.51309884,0.6040559,0.9966185,True
final-key-8-1,4.0,7.5976458,1.1847882,-3.5309265,0.8996846,0.51917344,0.60740185,0.99710065,True
final-pad-8-1,0.1,8.051623,0.21809126,-0.14897577,0.095,0.00063900615,0.0010350943,0.14259619,True
final-pad-8-1,0.2,8.256053,0.52668446,-0.41539708,0.18940163,0.0039046598,0.005447507,0.2648587,True
final-pad-8-1,0.3,8.5817795,0.8091917,-0.6988037,0.2649977,0.010714894,0.014218628,0.36968702,True
final-pad-8-1,0.4,9.01352,1.0336834,-0.9551062,0.3191647,0.020903291,0.027294517,0.45956725,True
final-pad-8-1,0.5,9.532478,1.2096581,-1.1828,0.357977,0.033526413,0.043788224,0.53663087,True
final-pad-8-1,0.6,10.117931,1.344137,-1.3877066,0.38578722,0.047143888,0.062428445,0.6027056,True
final-pad-8-1,0.7,10.749834,1.4402614,-1.5741705,0.4057141,0.06012412,0.08189064,0.6593583,True
final-pad-8-1,0.8,11.409428,1.4997368,-1.7443097,0.41999236,0.070954785,0.10102111,0.70793253,True
final-pad-8-1,0.9,12.0794325,1.5248165,-1.8987876,0.43022317,0.07850143,0.11880329,0.74958026,True
final-pad-8-1,1.0,12.744395,1.5182366,-2.0372229,0.43755385,0.08216348,0.13503766,0.7852892,True
final-pad-8-1,1.1,13.391063,1.4824681,-2.1584609,0.4428065,0.08176273,0.14998406,0.8159062,True
final-pad-8-1,1.2,14.00862,1.4207642,-2.2611558,0.44657025,0.07723152,0.16360396,0.8421573,True
final-pad-8-1,1.3,14.5888605,1.3373356,-2.3447957,0.44926706,0.06961344,0.17635211,0.86466503,True
final-pad-8-1,1.4,15.126158,1.23738,-2.4100776,0.4511994,0.060164653,0.18840688,0.8839633,True
final-pad-8-1,1.5,15.617241,1.126996,-2.4588246,0.452584,0.050080657,0.19989243,0.9005097,True
final-pad-8-1,1.6,16.06153,1.009357,-2.4928327,0.4535761,0.040365595,0.21146524,0.9146967,True
final-pad-8-1,1.7,16.460327,0.88599443,-2.5137072,0.45428693,0.03176633,0.22346294,0.92686063,True
final-pad-8-1,1.8,16.815847,0.75912285,-2.5231948,0.45479628,0.024749918,0.23581219,0.9372901,True
final-pad-8-1,1.9,17.131075,0.63099873,-2.5227861,0.45516124,0.019275257,0.24824242,0.9462323,True
final-pad-8-1,2.0,17.409164,0.5096626,-2.5085702,0.4554228,0.015011585,0.25861585,0.9538993,True
final-pad-8-1,2.1,17.654543,0.40992355,-2.483375,0.45561022,0.011691035,0.26523834,0.9604731,True
final-pad-8-1,2.2,17.874775,0.3348732,-2.454591,0.45574448,0.009104988,0.26891404,0.9661096,True
final-pad-8-1,2.3,18.077475,0.2794695,-2.4258068,0.45584068,0.007090972,0.27077034,0.9709422,True
final-pad-8-1,2.4,18.268354,0.23685646,-2.3983533,0.4559096,0.0055224546,0.2717144,0.9750857,True
final-pad-8-1,2.5,18.45097,0.20138162,-2.3724186,0.455959,0.004300892,0.27232122,0.9786384,True
final-pad-8-1,2.6,18.627226,0.16938996,-2.3477287,0.45599437,0.0033495384,0.27288777,0.9816845,True
final-pad-8-1,2.7,18.798029,0.13897657,-2.3239121,0.4560197,0.0026086234,0.27352363,0.98429626,True
final-pad-8-1,2.8,18.963816,0.10940838,-2.3006618,0.45603785,0.0020315982,0.2742331,0.98653555,True
final-pad-8-1,2.9,19.124846,0.08063507,-2.277802,0.4560509,0.0015822107,0.27496856,0.98845553,True
final-pad-8-1,3.0,19.281374,0.052853107,-2.2552724,0.45606023,0.0012322272,0.27568734,0.9901017,True
final-pad-8-1,3.1,19.433712,0.026245594,-2.2330732,0.45606688,0.00095965964,0.27635583,0.9915132,True
final-pad-8-1,3.2,19.582191,0.0009364486,-2.2112424,0.4560717,0.0007473838,0.27695417,0.99272335,True
final-pad-8-1,3.3,19.727158,-0.023051262,-2.1898236,0.4560752,0.0005820632,0.27747738,0.993761,True
final-pad-8-1,3.4,19.868952,-0.04577732,-2.1688516,0.45607767,0.00045331137,0.2779326,0.99465066,True
final-pad-8-1,3.5,20.007868,-0.067355156,-2.1483405,0.4560794,0.00035303927,0.27833018,0.9954134,True
final-pad-8-1,3.6,20.14418,-0.08791351,-2.1282861,0.45608065,0.00027494732,0.27867794,0.9960675,True
final-pad-8-1,3.7,20.27812,-0.10756302,-2.1086757,0.45608154,0.0002141292,0.2789847,0.9966283,True
final-pad-8-1,3.8,20.4099,-0.12640238,-2.0894876,0.4560822,0.00016676399,0.2792583,0.99710906,True
final-pad-8-1,3.9,20.539703,-0.14451551,-2.0706935,0.45608264,0.00012987595,0.27950162,0.9975213,True
final-pad-8-1,4.0,20.667698,-0.1619587,-2.052271,0.456083,0.00010114751,0.27971762,0.99787474,True
final-key-16.667-1,0.1,16.628687,0.027269859,-0.019200921,0.007007988,2.733292e-10,2.169609e-05,0.02123976,True
final-key-16.667-1,0.2,16.616806,0.103183694,-0.08849633,0.023508491,1.3325465e-08,0.00031518936,0.075099304,True
final-key-16.667-1,0.3,16.694418,0.20859653,-0.20498921,0.046813294,2.06777e-08,0.0015612245,0.15692791,True
final-key-16.667-1,0.4,16.892136,0.33114487,-0.36013138,0.07499097,1.610381e-08,0.00465554,0.26273727,True
final-key-16.667-1,0.5,17.222996,0.4624908,-0.54733133,0.10666284,1.2541662e-08,0.009924203,0.36786813,True
final-key-16.667-1,0.6,17.658758,0.5932255,-0.7606363,0.14083579,9.767458e-09,0.017799467,0.4580077,True
final-key-16.667-1,0.7,18.162096,0.7110357,-0.9926074,0.17680345,7.6069036e-09,0.029438019,0.53529376,True
final-key-16.667-1,0.8,18.695557,0.80043125,-1.2331372,0.21405445,5.9242633e-09,0.046308517,0.6015591,True
final-key-16.667-1,0.9,19.221806,0.8451128,-1.4699869,0.25222763,4.6138213e-09,0.06926352,0.65837526,True
final-key-16.667-1,1.0,19.703987,0.83526516,-1.6927061,0.291059,3.5932481e-09,0.09823462,0.70708966,True
final-key-16.667-1,1.1,20.10816,0.7594013,-1.8905677,0.33036453,2.798425e-09,0.13533953,0.74885756,True
final-key-16.667-1,1.2,20.405785,0.6141243,-2.0419018,0.37000722,2.1794158e-09,0.178592,0.78466946,True
final-key-16.667-1,1.3,20.573013,0.43001747,-2.151008,0.40989414,1.6973309e-09,0.22141929,0.8153748,True
final-key-16.667-1,1.4,20.593206,0.23360586,-2.234104,0.4499534,1.3218828e-09,0.2624824,0.8417016,True
final-key-16.667-1,1.5,20.45466,0.050231338,-2.3080668,0.49013883,1.0294835e-09,0.29887062,0.8642743,True
final-key-16.667-1,1.6,20.139736,-0.08958626,-2.39716,0.53041196,8.0176266e-10,0.3303734,0.8836283,True
final-key-16.667-1,1.7,19.625843,-0.17729473,-2.5255055,0.5707506,6.244134e-10,0.36055994,0.9002225,True
final-key-16.667-1,1.8,18.882626,-0.2253027,-2.7153358,0.6111336,4.862938e-10,0.39448154,0.91445035,True
final-key-16.667-1,1.9,17.871368,-0.2608366,-2.986439,0.6515522,3.78726e-10,0.4365412,0.9266494,True
final-key-16.667-1,2.0,16.556564,-0.318537,-3.3495708,0.6919938,5.4216016e-06,0.4857233,0.93710893,True
final-key-16.667-1,2.1,14.950098,-0.4398017,-3.786918,0.73245174,0.0031847858,0.53507507,0.946077,True
final-key-16.667-1,2.2,13.169317,-0.6009431,-4.121189,0.7729215,0.020774476,0.5538572,0.95376617,True
final-key-16.667-1,2.3,11.43416,-0.44350672,-4.09245,0.80885214,0.06025567,0.51987827,0.9603589,True
final-key-16.667-1,2.4,10.059529,0.1649121,-3.8362224,0.8346897,0.11659037,0.4531697,0.9660116,True
final-key-16.667-1,2.5,9.237334,0.9543458,-3.6011086,0.8532031,0.17740892,0.39402726,0.97085816,True
final-key-16.667-1,2.6,8.896061,1.5691087,-3.5190208,0.8664686,0.23345783,0.37720072,0.97501373,True
final-key-16.667-1,2.7,8.817245,1.899473,-3.554378,0.87597364,0.28152856,0.39564323,0.97857666,True
final-key-16.667-1,2.8,8.829648,2.005119,-3.634665,0.8827843,0.3216064,0.4277923,0.9816316,True
final-key-16.667-1,2.9,8.841358,1.9674968,-3.7164195,0.8876644,0.35479596,0.46239638,0.98425084,True
final-key-16.667-1,3.0,8.81151,1.846982,-3.7796736,0.89116114,0.38251117,0.4948403,0.9864967,True
final-key-16.667-1,3.1,8.728395,1.6875215,-3.816225,0.8936667,0.4060981,0.5229893,0.98842216,True
final-key-16.667-1,3.2,8.597495,1.5226272,-3.8243115,0.895462,0.42662144,0.5459202,0.9900731,True
final-key-16.667-1,3.3,8.433839,1.3767548,-3.8066695,0.89674836,0.4447781,0.56358933,0.9914886,True
final-key-16.667-1,3.4,8.256107,1.2645679,-3.7693918,0.8976701,0.46092865,0.5766003,0.99270225,True
final-key-16.667-1,3.5,8.082009,1.1911042,-3.7204275,0.8983305,0.4752088,0.58587146,0.9937429,True
final-key-16.667-1,3.6,7.925305,1.1527818,-3.6677551,0.8988038,0.48759058,0.59268844,0.99463516,True
final-key-16.667-1,3.7,7.794514,1.1402235,-3.617635,0.89914286,0.49792948,0.5977279,0.9954002,True
final-key-16.667-1,3.8,7.6916733,1.1453338,-3.574384,0.8993858,0.5065329,0.6014662,0.99605614,True
final-key-16.667-1,3.9,7.615312,1.1599755,-3.5400424,0.8995599,0.51369566,0.60446763,0.9966185,True
final-key-16.667-1,4.0,7.56165,1.1773481,-3.5148304,0.8996846,0.519662,0.60709965,0.99710065,True
final-pad-16.667-1,0.1,16.68233,0.40277737,-0.30302492,0.095,5.9512456e-12,0.0005862117,0.14259619,True
final-pad-16.667-1,0.2,16.784054,0.8344152,-0.81090754,0.18940163,4.634835e-12,0.005851507,0.2648587,True
final-pad-16.667-1,0.3,16.925228,1.107681,-1.2937597,0.2649977,3.6096137e-12,0.024487913,0.36968702,True
final-pad-16.667-1,0.4,17.086302,1.2218304,-1.6692916,0.3191647,2.8111701e-12,0.055632085,0.45956725,True
final-pad-16.667-1,0.5,17.25068,1.2276325,-1.9450856,0.357977,2.1893418e-12,0.09196931,0.53663087,True
final-pad-16.667-1,0.6,17.403812,1.1714935,-2.1469405,0.38578722,1.7050613e-12,0.12544975,0.6027056,True
final-pad-16.667-1,0.7,17.537512,1.0789161,-2.2944334,0.4057141,1.3279033e-12,0.15768519,0.6593583,True
final-pad-16.667-1,0.8,17.65369,0.94105005,-2.3932984,0.41999236,1.0341722e-12,0.19309917,0.70793253,True
final-pad-16.667-1,0.9,17.753002,0.7667589,-2.4485567,0.43022317,8.054142e-13,0.22684854,0.74958026,True
final-pad-16.667-1,1.0,17.832493,0.59744024,-2.4670274,0.43755385,6.272573e-13,0.25084502,0.7852892,True
final-pad-16.667-1,1.1,17.893805,0.4703722,-2.4675317,0.4428065,4.8850854e-13,0.2641515,0.8159062,True
final-pad-16.667-1,1.2,17.946743,0.38799906,-2.4611633,0.44657025,3.8045085e-13,0.27059513,0.8421573,True
final-pad-16.667-1,1.3,18.002165,0.3366518,-2.451929,0.44926706,2.9629543e-13,0.27335966,0.86466503,True
final-pad-16.667-1,1.4,18.067,0.30293036,-2.4410727,0.4511994,2.3075514e-13,0.27429277,0.8839633,True
final-pad-16.667-1,1.5,18.144005,0.2777772,-2.42901,0.452584,1.797123e-13,0.27445823,0.9005097,True
final-pad-16.667-1,1.6,18.233267,0.25572562,-2.4158037,0.4535761,1.3996009e-13,0.27442306,0.9146967,True
final-pad-16.667-1,1.7,18.333433,0.2339449,-2.4014273,0.45428693,1.0900103e-13,0.2744496,0.92686063,True
final-pad-16.667-1,1.8,18.44258,0.21126986,-2.385868,0.45479628,8.4890096e-14,0.27462643,0.9372901,True
final-pad-16.667-1,1.9,18.55873,0.18750286,-2.3691716,0.45516124,6.611248e-14,0.27494794,0.9462323,True
final-pad-16.667-1,2.0,18.68011,0.16291046,-2.351453,0.4554228,5.148846e-14,0.27537212,0.9538993,True
final-pad-16.667-1,2.1,18.805252,0.13793516,-2.332883,0.45561022,4.0099258e-14,0.27584594,0.9604731,True
final-pad-16.667-1,2.2,18.932981,0.11300254,-2.3136635,0.45574448,3.1229336e-14,0.2763289,0.9661096,True
final-pad-16.667-1,2.3,19.062397,0.08846182,-2.294,0.45584068,2.4321435e-14,0.27679056,0.9709422,True
final-pad-16.667-1,2.4,19.192818,0.06450033,-2.274075,0.4559096,1.8941556e-14,0.2772223,0.9750857,True
final-pad-16.667-1,2.5,19.323717,0.041236877,-2.2540421,0.455959,1.47517e-14,0.27761438,0.9786384,True
final-pad-16.667-1,2.6,19.454685,0.018698692,-2.234025,0.45599437,1.1488637e-14,0.2779733,0.9816845,True
final-pad-16.667-1,2.7,19.585415,-0.0031137466,-2.2141056,0.4560197,8.9473615e-15,0.27830255,0.98429626,True
final-pad-16.667-1,2.8,19.715664,-0.024261951,-2.194338,0.45603785,6.9682123e-15,0.27860785,0.98653555,True
final-pad-16.667-1,2.9,19.845257,-0.044751167,-2.1747627,0.4560509,5.4268495e-15,0.27888948,0.98845553,True
final-pad-16.667-1,3.0,19.974049,-0.06461114,-2.1554058,0.45606023,4.226435e-15,0.2791496,0.9901017,True
final-pad-16.667-1,3.1,20.101942,-0.08384895,-2.1362884,0.45606688,3.2915514e-15,0.27938718,0.9915132,True
final-pad-16.667-1,3.2,20.22888,-0.10248327,-2.117423,0.4560717,2.563463e-15,0.27960235,0.99272335,True
final-pad-16.667-1,3.3,20.354826,-0.120532036,-2.09882,0.4560752,1.9964272e-15,0.2797968,0.993761,True
final-pad-16.667-1,3.4,20.479778,-0.13800907,-2.0804834,0.45607767,1.5548192e-15,0.27996972,0.99465066,True
final-pad-16.667-1,3.5,20.603737,-0.154953,-2.0624156,0.4560794,1.2108946e-15,0.28012425,0.9954134,True
final-pad-16.667-1,3.6,20.72673,-0.17136335,-2.044614,0.45608065,9.430457e-16,0.28025946,0.9960675,True
final-pad-16.667-1,3.7,20.848791,-0.18727756,-2.027077,0.45608154,7.3444485e-16,0.28037697,0.9966283,True
final-pad-16.667-1,3.8,20.969952,-0.20271492,-2.0098016,0.4560822,5.719863e-16,0.28047824,0.99710906,True
final-pad-16.667-1,3.9,21.09026,-0.21770763,-1.9927797,0.45608264,4.454634e-16,0.2805652,0.9975213,True
final-pad-16.667-1,4.0,21.20977,-0.23228931,-1.9760003,0.456083,3.4692728e-16,0.2806394,0.99787474,True
final-key-27.778-1,0.1,27.707441,0.040806964,-0.031981103,0.007007988,0,2.0325184e-05,0.02123976,True
final-key-27.778-1,0.2,27.64002,0.13365331,-0.14670016,0.023508491,0,0.00070887804,0.075099304,True
final-key-27.778-1,0.3,27.64395,0.23270094,-0.33492652,0.046813294,0,0.005782962,0.15692791,True
final-key-27.778-1,0.4,27.73467,0.3085966,-0.57066566,0.07499097,0,0.021669209,0.26273727,True
final-key-27.778-1,0.5,27.907192,0.32956457,-0.8217405,0.10666284,0,0.05312863,0.36786813,True
final-key-27.778-1,0.6,28.11989,0.25844717,-1.0508854,0.14083579,0,0.1007987,0.4580077,True
final-key-27.778-1,0.7,28.32945,0.0763855,-1.2241187,0.17680345,0,0.15788257,0.53529376,True
final-key-27.778-1,0.8,28.50276,-0.17732525,-1.3305589,0.21405445,0,0.21069288,0.6015591,True
final-key-27.778-1,0.9,28.620474,-0.44817352,-1.3784193,0.25222763,0,0.25680822,0.65837526,True
final-key-27.778-1,1.0,28.680115,-0.70830727,-1.3781556,0.291059,0,0.29792434,0.70708966,True
final-key-27.778-1,1.1,28.68803,-0.9228668,-1.3444183,0.33036453,0,0.32803568,0.74885756,True
final-key-27.778-1,1.2,28.647337,-1.0420523,-1.2998511,0.37000722,0,0.34093803,0.78466946,True
final-key-27.778-1,1.3,28.559233,-1.057725,-1.2644323,0.40989414,0,0.34079036,0.8153748,True
final-key-27.778-1,1.4,28.425858,-1.0113893,-1.2472184,0.4499534,0,0.3358928,0.8417016,True
final-key-27.778-1,1.5,28.246216,-0.95498323,-1.2473285,0.49013883,0,0.33318257,0.8642743,True
final-key-27.778-1,1.6,28.001114,-0.9104711,-1.2643158,0.5109503,0,0.33752224,0.7903588,True
final-key-27.778-1,1.7,27.514286,-0.85373867,-1.3521806,0.50545436,0,0.36564022,0.5357119,True
final-key-27.778-1,1.8,26.6001,-0.8861079,-1.5750356,0.48110557,0,0.4410144,0.24641332,True
final-key-27.778-1,1.9,25.326387,-1.2324233,-1.908276,0.4432491,0,0.54065156,0.10709078,True
final-key-27.778-1,2.0,23.875639,-2.0226507,-2.250002,0.3957145,0,0.6347661,0.04654146,True
final-key-27.778-1,2.1,22.325674,-3.1694078,-2.505458,0.3412435,0,0.7027906,0.020226834,True
final-key-27.778-1,2.2,20.714424,-4.409522,-2.580087,0.2818049,0,0.7406467,0.008790547,True
final-key-27.778-1,2.3,19.138275,-5.433115,-2.3303633,0.21880603,0,0.7528374,0.003820356,True
final-key-27.778-1,2.4,17.703424,-5.761732,-1.7541434,0.15790409,0,0.734023,0.00166032,True
final-key-27.778-1,2.5,16.374666,-4.9149323,-1.1474758,0.11314322,1.3695842e-11,0.6659063,0.0007215721,True
final-key-27.778-1,2.6,15.226076,-2.9684277,-0.7311804,0.081070654,2.7055477e-10,0.49456692,0.00031359395,True
final-key-27.778-1,2.7,14.56037,-0.8760059,-0.49135837,0.058089644,4.0426976e-10,0.1707064,0.00013628737,True
final-key-27.778-1,2.8,14.386831,-0.07480097,-0.3100279,0.04162304,3.7423478e-10,0.022983816,5.9230253e-05,True
final-key-27.778-1,2.9,14.316221,0.057018757,-0.2055521,0.029824208,3.0373368e-10,0.0044292547,2.5741363e-05,True
final-key-27.778-1,3.0,14.254592,0.061801434,-0.1426439,0.021369977,2.3898378e-10,0.0014792354,1.118715e-05,True
final-key-27.778-1,3.1,14.194352,0.04889679,-0.100803845,0.015312255,1.8660186e-10,0.00065532536,4.861916e-06,True
final-key-27.778-1,3.2,14.13465,0.036251545,-0.071690224,0.010971709,1.4542054e-10,0.00031945255,2.11298e-06,True
final-key-27.778-1,3.3,14.075308,0.026351929,-0.051095456,0.007861572,1.1327232e-10,0.00016021729,9.1829736e-07,True
final-key-27.778-1,3.4,14.016267,0.019012451,-0.036443952,0.005633062,8.822025e-11,8.094311e-05,3.9909037e-07,True
final-key-27.778-1,3.5,13.957495,0.013671875,-0.026000379,0.0040362645,6.8706735e-11,4.1007996e-05,1.7344398e-07,True
final-key-27.778-1,3.6,13.898985,0.00981617,-0.018551236,0.0028921096,5.3509003e-11,2.0802021e-05,7.537845e-08,True
final-key-27.778-1,3.7,13.840725,0.0070443153,-0.013236698,0.0020722868,4.167288e-11,1.0430813e-05,3.2759342e-08,True
final-key-27.778-1,3.8,13.782712,0.0050525665,-0.009444764,0.0014848582,3.245488e-11,5.2155665e-06,1.4237154e-08,True
final-key-27.778-1,3.9,13.724943,0.003624916,-0.006739132,0.0010639474,2.527589e-11,2.652519e-06,6.187442e-09,True
final-key-27.778-1,4.0,13.667418,0.0025997162,-0.0048085824,0.0007623516,1.9684886e-11,1.3710654e-06,2.6890516e-09,True
final-pad-27.778-1,0.1,27.738102,0.5373945,-0.46892896,0.095,0,0.0021199882,0.14259619,True
final-pad-27.778-1,0.2,27.677074,0.70920753,-1.0923737,0.18940163,0,0.0550209,0.2648587,True
final-pad-27.778-1,0.3,27.538107,0.3667407,-1.4701743,0.2649977,0,0.1830954,0.36968702,True
final-pad-27.778-1,0.4,27.300873,-0.23312473,-1.6340017,0.3191647,0,0.30329472,0.45956725,True
final-pad-27.778-1,0.5,26.952799,-0.7845707,-1.7006364,0.357977,0,0.3722459,0.53663087,True
final-pad-27.778-1,0.6,26.514523,-1.2207956,-1.7207402,0.38578722,0,0.42222318,0.6027056,True
final-pad-27.778-1,0.7,26.056936,-1.6005468,-1.6864012,0.4057141,0,0.46028072,0.6593583,True
final-pad-27.778-1,0.8,25.611118,-1.809474,-1.6150352,0.41999236,0,0.4671157,0.70793253,True
final-pad-27.778-1,0.9,25.183062,-1.7367897,-1.5424215,0.43022317,0,0.44260174,0.74958026,True
final-pad-27.778-1,1.0,24.805637,-1.433527,-1.4941814,0.43755385,0,0.3974486,0.7852892,True
final-pad-27.778-1,1.1,24.512646,-1.0418584,-1.4871835,0.4428065,0,0.34703875,0.8159062,True
final-pad-27.778-1,1.2,24.312452,-0.7086948,-1.5222156,0.44657025,0,0.308806,0.8421573,True
final-pad-27.778-1,1.3,24.188253,-0.51573753,-1.5789251,0.44926706,0,0.29137254,0.86466503,True
final-pad-27.778-1,1.4,24.113352,-0.4584217,-1.6306797,0.4511994,0,0.29021397,0.8839633,True
final-pad-27.778-1,1.5,24.064543,-0.4834814,-1.6630867,0.452584,0,0.2961197,0.9005097,True
final-pad-27.778-1,1.6,24.028595,-0.53606606,-1.6751423,0.4535761,0,0.3022236,0.9146967,True
final-pad-27.778-1,1.7,24.0015,-0.580554,-1.6725041,0.45428693,0,0.30537522,0.92686063,True
final-pad-27.778-1,1.8,23.984703,-0.60230255,-1.6620582,0.45479628,0,0.3050545,0.9372901,True
final-pad-27.778-1,1.9,23.981197,-0.6015091,-1.6493999,0.45516124,0,0.30212322,0.9462323,True
final-pad-27.778-1,2.0,23.993046,-0.5860634,-1.6379542,0.4554228,0,0.29793435,0.9538993,True
final-pad-27.778-1,2.1,24.020515,-0.56574506,-1.6289161,0.45561022,0,0.29375786,0.9604731,True
final-pad-27.778-1,2.2,24.062222,-0.5478833,-1.621919,0.45574448,0,0.2903153,0.9661096,True
final-pad-27.778-1,2.3,24.115877,-0.53629875,-1.6158329,0.45584068,0,0.28790292,0.9709422,True
final-pad-27.778-1,2.4,24.179049,-0.53141403,-1.6095058,0.4559096,0,0.2863775,0.9750857,True
final-pad-27.778-1,2.5,24.249668,-0.5317583,-1.6021742,0.455959,0,0.28545547,0.9786384,True
final-pad-27.778-1,2.6,24.326239,-0.5351696,-1.5935591,0.45599437,0,0.28482345,0.9816845,True
final-pad-27.778-1,2.7,24.407753,-0.5396805,-1.5837982,0.4560197,0,0.28424796,0.98429626,True
final-pad-27.778-1,2.8,24.493582,-0.5440607,-1.5732446,0.45603785,0,0.28361923,0.98653555,True
final-pad-27.778-1,2.9,24.583271,-0.54786015,-1.5622752,0.4560509,0,0.28292543,0.98845553,True
final-pad-27.778-1,3.0,24.676445,-0.55118227,-1.5511715,0.45606023,0,0.28221178,0.9901017,True
final-pad-27.778-1,3.1,24.772728,-0.55439866,-1.5400788,0.45606688,0,0.2815364,0.9915132,True
final-pad-27.778-1,3.2,24.871721,-0.5578511,-1.5290333,0.4560717,0,0.28093898,0.99272335,True
final-pad-27.778-1,3.3,24.973036,-0.56174135,-1.5180112,0.4560752,0,0.28043404,0.993761,True
final-pad-27.778-1,3.4,25.076296,-0.5660744,-1.506975,0.45607767,0,0.2800135,0.99465066,True
final-pad-27.778-1,3.5,25.18119,-0.5707722,-1.495902,0.4560794,0,0.27965933,0.9954134,True
final-pad-27.778-1,3.6,25.287437,-0.5757103,-1.4847922,0.45608065,0,0.2793529,0.9960675,True
final-pad-27.778-1,3.7,25.39482,-0.58075523,-1.4736649,0.45608154,0,0.27907962,0.9966283,True
final-pad-27.778-1,3.8,25.503149,-0.5858326,-1.4625478,0.4560822,0,0.27882865,0.99710906,True
final-pad-27.778-1,3.9,25.612272,-0.59089756,-1.4514687,0.45608264,0,0.27859828,0.9975213,True
final-pad-27.778-1,4.0,25.722044,-0.5959344,-1.4404522,0.456083,0,0.2783875,0.99787474,True
final-key-44.44-1,0.1,44.315586,0.0541274,-0.051101647,0.007007988,0,3.6895275e-05,0.02123976,True
final-key-44.44-1,0.2,44.125984,0.1207391,-0.23147987,0.023508491,0,0.0039567053,0.075099304,True
final-key-44.44-1,0.3,43.91648,0.08277035,-0.50592715,0.046813294,0,0.035752356,0.15692791,True
final-key-44.44-1,0.4,43.65219,-0.15506506,-0.7916102,0.07499097,0,0.12459275,0.26273727,True
final-key-44.44-1,0.5,43.294514,-0.68186903,-1.014581,0.10666284,0,0.26099434,0.36786813,True
final-key-44.44-1,0.6,42.81611,-1.4839544,-1.1561551,0.14083579,0,0.39652488,0.4580077,True
final-key-44.44-1,0.7,42.196274,-2.4103746,-1.2525343,0.17680345,0,0.5007433,0.53529376,True
final-key-44.44-1,0.8,41.445065,-3.5132542,-1.3137615,0.21405445,0,0.5999739,0.6015591,True
final-key-44.44-1,0.9,40.594463,-4.8040752,-1.3353617,0.25222763,0,0.6787454,0.65837526,True
final-key-44.44-1,1.0,39.645527,-6.0767136,-1.3316633,0.291059,0,0.72753143,0.70708966,True
final-key-44.44-1,1.1,38.591145,-7.1673746,-1.3134807,0.33036453,0,0.75656235,0.74885756,True
final-key-44.44-1,1.2,37.4447,-8.013023,-1.2843082,0.37000722,0,0.774528,0.78466946,True
final-key-44.44-1,1.3,36.22795,-8.592609,-1.2476021,0.40989414,0,0.78524214,0.8153748,True
final-key-44.44-1,1.4,34.961773,-8.905504,-1.2077831,0.4499534,0,0.79058695,0.8417016,True
final-key-44.44-1,1.5,33.663776,-8.967433,-1.1693542,0.49013883,0,0.7916478,0.8642743,True
final-key-44.44-1,1.6,32.34844,-8.807009,-1.1358889,0.53041196,0,0.78911483,0.8836283,True
final-key-44.44-1,1.7,31.028542,-8.461866,-1.1093034,0.5707506,0,0.78349364,0.9002225,True
final-key-44.44-1,1.8,29.71398,-7.968562,-1.0903045,0.6111336,0,0.7747609,0.91445035,True
final-key-44.44-1,1.9,28.412327,-7.3618875,-1.078559,0.6515522,0,0.76294917,0.9266494,True
final-key-44.44-1,2.0,27.10167,-6.599518,-1.0813652,0.6919938,0,0.73653364,0.93710893,True
final-key-44.44-1,2.1,25.636473,-5.575571,-1.1523384,0.73245174,0,0.69851506,0.946077,True
final-key-44.44-1,2.2,23.94119,-4.429658,-1.3395276,0.7729215,0,0.65953374,0.95376617,True
final-key-44.44-1,2.3,21.904276,-3.4149866,-1.7426932,0.80885214,0,0.6531095,0.9603589,True
final-key-44.44-1,2.4,19.466103,-2.7456536,-2.306702,0.8346897,0,0.62603915,0.9660116,True
final-key-44.44-1,2.5,16.693314,-2.1871252,-2.9206839,0.8532031,0,0.60225475,0.97085816,True
final-key-44.44-1,2.6,13.7271805,-1.5798217,-3.6199744,0.8664686,0.009452601,0.58477855,0.97501373,True
final-key-44.44-1,2.7,11.065968,-1.0617537,-4.0564046,0.87597364,0.0533429,0.58124024,0.97857666,True
final-key-44.44-1,2.8,9.186072,-0.35439777,-3.8640003,0.8827843,0.12291096,0.49945658,0.9816316,True
final-key-44.44-1,2.9,8.207671,0.68155456,-3.482549,0.8876644,0.1942507,0.40504897,0.98425084,True
final-key-44.44-1,3.0,7.942557,1.5205965,-3.322683,0.89116114,0.25579476,0.37365866,0.9864967,True
final-key-44.44-1,3.1,8.027407,1.9790338,-3.3554304,0.8936667,0.30666682,0.3913577,0.98842216,True
final-key-44.44-1,3.2,8.214022,2.1488018,-3.4630213,0.895462,0.34819502,0.42605338,0.9900731,True
final-key-44.44-1,3.3,8.387868,2.1361563,-3.5809824,0.89674836,0.38163224,0.46340007,0.9914886,True
final-key-44.44-1,3.4,8.498268,2.0132127,-3.6820266,0.8976701,0.40846127,0.49855578,0.99270225,True
final-key-44.44-1,3.5,8.527559,1.8295975,-3.7541914,0.8983305,0.43023908,0.5295108,0.9937429,True
final-key-44.44-1,3.6,8.478152,1.624836,-3.7926667,0.8988038,0.4483766,0.55496466,0.99463516,True
final-key-44.44-1,3.7,8.365576,1.4312346,-3.7976294,0.89914286,0.46394268,0.57458174,0.9954002,True
final-key-44.44-1,3.8,8.212571,1.2720897,-3.7737348,0.8993858,0.47758892,0.58871233,0.99605614,True
final-key-44.44-1,3.9,8.043448,1.1600521,-3.7291458,0.8995599,0.48960972,0.59814334,0.9966185,True
final-key-44.44-1,4.0,7.879821,1.0957878,-3.6736147,0.8996846,0.49993503,0.60436463,0.99710065,True
final-pad-44.44-1,0.1,44.265038,0.5414387,-0.6548085,0.095,0,0.013022959,0.14259619,True
final-pad-44.44-1,0.2,43.80166,-0.24949074,-1.201749,0.18940163,0,0.2438609,0.2648587,True
final-pad-44.44-1,0.3,43.03927,-1.9649944,-1.4238257,0.2649977,0,0.5213803,0.36968702,True
final-pad-44.44-1,0.4,41.974163,-4.1274424,-1.5885826,0.3191647,0,0.67453575,0.45956725,True
final-pad-44.44-1,0.5,40.61906,-6.617323,-1.7322974,0.357977,0,0.76637036,0.53663087,True
final-pad-44.44-1,0.6,39.095737,-9.376733,-1.777693,0.38578722,0,0.82317114,0.6027056,True
final-pad-44.44-1,0.7,37.475563,-11.882174,-1.7117548,0.4057141,0,0.8503153,0.6593583,True
final-pad-44.44-1,0.8,35.74377,-13.661783,-1.5888335,0.41999236,0,0.8610161,0.70793253,True
final-pad-44.44-1,0.9,33.916195,-14.604807,-1.452059,0.43022317,0,0.8633505,0.74958026,True
final-pad-44.44-1,1.0,32.034847,-14.794216,-1.3250802,0.43755385,0,0.8603021,0.7852892,True
final-pad-44.44-1,1.1,30.14656,-14.375175,-1.2188557,0.4428065,0,0.85303783,0.8159062,True
final-pad-44.44-1,1.2,28.298681,-13.49482,-1.1362063,0.44657025,0,0.84166753,0.8421573,True
final-pad-44.44-1,1.3,26.496708,-12.1875305,-1.0841564,0.44926706,0,0.81740284,0.86466503,True
final-pad-44.44-1,1.4,24.697102,-10.453173,-1.0754678,0.4511994,0,0.78116494,0.8839633,True
final-pad-44.44-1,1.5,22.988504,-8.4117365,-1.0933288,0.452584,0,0.7280644,0.9005097,True
final-pad-44.44-1,1.6,21.49342,-6.139986,-1.1098273,0.4535761,0,0.64310074,0.9146967,True
final-pad-44.44-1,1.7,20.360014,-3.6668563,-1.088399,0.45428693,0,0.4875219,0.92686063,True
final-pad-44.44-1,1.8,19.763035,-1.308814,-1.1666605,0.45479628,0,0.27840817,0.9372901,True
final-pad-44.44-1,1.9,19.67963,0.162179,-1.5127507,0.45516124,0,0.16259032,0.9462323,True
final-pad-44.44-1,2.0,19.847427,0.6371765,-1.8855693,0.4554228,0,0.16470724,0.9538993,True
final-pad-44.44-1,2.1,20.079716,0.570961,-2.1071754,0.45561022,0,0.2052483,0.9604731,True
final-pad-44.44-1,2.2,20.286371,0.31687474,-2.1938162,0.45574448,0,0.24721462,0.9661096,True
final-pad-44.44-1,2.3,20.4405,0.051555395,-2.1985269,0.45584068,0,0.27794814,0.9709422,True
final-pad-44.44-1,2.4,20.54802,-0.1473341,-2.1627822,0.4559096,0,0.2951561,0.9750857,True
final-pad-44.44-1,2.5,20.627113,-0.25779247,-2.1139693,0.455959,0,0.30065656,0.9786384,True
final-pad-44.44-1,2.6,20.696396,-0.29113674,-2.0688047,0.45599437,0,0.29819685,0.9816845,True
final-pad-44.44-1,2.7,20.76961,-0.27669907,-2.035018,0.4560197,0,0.2921573,0.98429626,True
final-pad-44.44-1,2.8,20.85365,-0.24585247,-2.0132341,0.45603785,0,0.28609264,0.98653555,True
final-pad-44.44-1,2.9,20.949324,-0.2206626,-1.9998611,0.4560509,0,0.28193218,0.98845553,True
final-pad-44.44-1,3.0,21.053816,-0.21060586,-1.9901849,0.45606023,0,0.28004438,0.9901017,True
final-pad-44.44-1,3.1,21.163307,-0.21540332,-1.9805317,0.45606688,0,0.2798542,0.9915132,True
final-pad-44.44-1,3.2,21.274652,-0.22996473,-1.9690467,0.4560717,0,0.28051347,0.99272335,True
final-pad-44.44-1,3.3,21.38602,-0.24853516,-1.9554199,0.4560752,0,0.28132728,0.993761,True
final-pad-44.44-1,3.4,21.496754,-0.26691628,-1.9402097,0.45607767,0,0.28190634,0.99465066,True
final-pad-44.44-1,3.5,21.606937,-0.28301907,-1.9242384,0.4560794,0,0.2821348,0.9954134,True
final-pad-44.44-1,3.6,21.716959,-0.29651833,-1.9081894,0.45608065,0,0.28207728,0.9960675,True
final-pad-44.44-1,3.7,21.827187,-0.3080778,-1.8924587,0.45608154,0,0.28186303,0.9966283,True
final-pad-44.44-1,3.8,21.937828,-0.31862068,-1.8771721,0.4560822,0,0.281612,0.99710906,True
final-pad-44.44-1,3.9,22.048918,-0.32890296,-1.8622817,0.45608264,0,0.28140002,0.9975213,True
final-pad-44.44-1,4.0,22.160372,-0.33933258,-1.8476695,0.456083,0,0.28125334,0.99787474,True
final-power-1,0.1,12.035251,0.31161267,-0.22333293,0.095,0.00039416068,0.00072067976,0.14259619,True
final-power-1,0.2,12.1946945,0.7108515,-0.61659664,0.19,0.0023356038,0.0040585995,0.2648587,True
final-power-1,0.3,12.428798,1.0886765,-1.0569601,0.28499997,0.006116562,0.011917949,0.36968702,True
final-power-1,0.4,12.67378,1.4417653,-1.5159973,0.37999988,0.011348916,0.025814354,0.45956725,True
final-power-1,0.5,12.862511,1.7525187,-1.9759839,0.47240147,0.017527279,0.047830023,0.53663087,True
final-power-1,0.6,12.969789,1.9591436,-2.382985,0.5425833,0.024390996,0.078326344,0.6027056,True
final-power-1,0.7,13.014381,2.0570374,-2.7065618,0.5928708,0.031834587,0.1126287,0.6593583,True
final-power-1,0.8,13.002745,2.0799632,-2.9550195,0.6289032,0.039866764,0.14804351,0.70793253,True
final-power-1,0.9,12.94505,2.0409346,-3.1389804,0.6547216,0.048573814,0.18623,0.74958026,True
final-power-1,1.0,12.849527,1.95349,-3.2704158,0.6732213,0.058062732,0.22422203,0.7852892,True
final-power-1,1.1,12.719811,1.8465271,-3.3617458,0.6864769,0.06846276,0.25639632,0.8159062,True
final-power-1,1.2,12.563213,1.7473626,-3.4224327,0.69597495,0.07989775,0.28105992,0.8421573,True
final-power-1,1.3,12.393525,1.6684885,-3.4595044,0.7027806,0.09239697,0.2994582,0.86466503,True
final-power-1,1.4,12.225496,1.6108177,-3.4794264,0.7076571,0.105836354,0.31361613,0.8839633,True
final-power-1,1.5,12.070042,1.5695019,-3.488334,0.71115124,0.11995345,0.32533395,0.9005097,True
final-power-1,1.6,11.93271,1.5380125,-3.4913285,0.71365494,0.13441099,0.33591652,0.9146967,True
final-power-1,1.7,11.814408,1.5105081,-3.4919312,0.71544886,0.14886901,0.3461726,0.92686063,True
final-power-1,1.8,11.713014,1.4827188,-3.4920654,0.71673423,0.16303845,0.35647893,0.9372901,True
final-power-1,1.9,11.624893,1.4523165,-3.4924319,0.7176553,0.1767089,0.36692554,0.9462323,True
final-power-1,2.0,11.5461235,1.4186196,-3.4929924,0.7183153,0.18975288,0.37740764,0.9538993,True
final-power-1,2.1,11.473266,1.3820052,-3.4933355,0.71878815,0.20211482,0.38780266,0.9604731,True
final-power-1,2.2,11.403648,1.3437257,-3.4929564,0.719127,0.21379258,0.397836,0.9661096,True
final-power-1,2.3,11.335557,1.3056303,-3.4915001,0.7193698,0.22481827,0.40726006,0.9709422,True
final-power-1,2.4,11.268304,1.269494,-3.4888308,0.71954376,0.23523878,0.415963,0.9750857,True
final-power-1,2.5,11.202068,1.236187,-3.485031,0.7196684,0.24509947,0.4239806,0.9786384,True
final-power-1,2.6,11.137376,1.2059739,-3.4803202,0.71975774,0.25443655,0.43136412,0.9816845,True
final-power-1,2.7,11.074784,1.1788186,-3.4749687,0.71982175,0.26327622,0.4381674,0.98429626,True
final-power-1,2.8,11.014759,1.1544782,-3.4692392,0.7198676,0.27163687,0.4444506,0.98653555,True
final-power-1,2.9,10.957622,1.1326151,-3.463351,0.7199004,0.2795319,0.45027202,0.98845553,True
final-power-1,3.0,10.90353,1.1128545,-3.457468,0.7199239,0.28697273,0.45568305,0.9901017,True
final-power-counter-1,0.1,10.920576,0.43422127,-3.3106468,0.624924,0.25138512,0.57273483,0.712993,True
final-power-counter-1,0.2,10.820132,0.064540565,-3.035791,0.5299241,0.21310917,0.5438961,0.592562,True
final-power-counter-1,0.3,10.8091545,0.006531,-2.6155622,0.4349242,0.1795999,0.46933386,0.54022294,True
final-power-counter-1,0.4,11.022444,0.15052414,-2.0907924,0.33992428,0.15165156,0.35904613,0.51747656,True
final-power-counter-1,0.5,11.472724,0.2823472,-1.5512968,0.24492435,0.1283549,0.2474074,0.50759095,True
final-power-counter-1,0.6,12.07639,0.23963976,-1.055756,0.14992435,0.10856284,0.16994226,0.5032947,True
final-power-counter-1,0.7,12.738522,0.07276678,-0.6178698,0.06915758,0.091403864,0.12319872,0.50142753,True
final-power-exit-1,0.1,13.775008,-0.0096178055,-0.23902857,0.027096245,0.069514036,0.089618504,0.5721028,True
final-power-exit-1,0.2,14.566302,0.013201714,-0.15783031,0.019415306,0.057570267,0.076449245,0.63311934,True
final-power-exit-1,0.3,15.432623,0.015753746,-0.11357071,0.013911673,0.04673966,0.06670055,0.6854351,True
final-power-exit-1,0.4,16.360111,0.011151791,-0.08454458,0.009968148,0.036879566,0.058258176,0.73029083,True
final-power-exit-1,0.5,17.337103,0.0059781075,-0.06369092,0.007142489,0.028725225,0.051416665,0.76875037,True
final-power-exit-1,0.6,18.353409,0.0019741058,-0.0481681,0.0051178164,0.02237123,0.046169013,0.80172575,True
final-power-exit-1,0.7,19.399963,-0.0007362366,-0.036465906,0.0036670752,0.017422734,0.04210353,0.82999897,True
final-power-exit-1,0.8,20.468576,-0.0023994446,-0.027604569,0.002627574,0.013568841,0.03889367,0.8542405,True
final-power-exit-1,0.9,21.551785,-0.0032997131,-0.020882739,0.0018827386,0.010567425,0.03630832,0.8750253,True
final-power-exit-1,1.0,22.642685,-0.0036725998,-0.015781429,0.001349041,0.00822992,0.034170687,0.8928462,True
final-power-exit-1,1.1,23.734858,-0.003698349,-0.011910956,0.0009666301,0.0064094686,0.032348484,0.908126,True
final-power-exit-1,1.2,24.822279,-0.0035095215,-0.008976195,0.00069262064,0.0049917004,0.030739456,0.92122686,True
final-power-exit-1,1.3,25.899303,-0.0031995773,-0.006752988,0.0004962842,0.003887541,0.029268205,0.9324596,True
final-power-exit-1,1.4,26.960611,-0.0028276443,-0.00507122,0.00035560314,0.0030276203,0.02787295,0.94209063,True
final-power-exit-1,1.5,28.00125,-0.0024471283,-0.003801325,0.00025480078,0.0023579132,0.026514053,0.9503483,True
final-power-exit-1,1.6,29.016613,-0.0020771027,-0.0028444468,0.00018257271,0.001836345,0.025170803,0.95742846,True
final-power-exit-1,1.7,30.002472,-0.0017404556,-0.00212433,0.00013081905,0.001430147,0.02381751,0.96349895,True
final-power-exit-1,1.8,30.955042,-0.0014324188,-0.0015821377,9.373594e-05,0.0011137996,0.02245164,0.96870387,True
final-power-exit-1,1.9,31.870972,-0.0011606216,-0.0011745376,6.716472e-05,0.00086742814,0.021067262,0.97316664,True
final-power-exit-1,2.0,32.747417,-0.00092315674,-0.00086916384,4.812562e-05,0.0006755538,0.019673586,0.976993,True
final-power-exit-1,2.1,33.58204,-0.0007276535,-0.0006412411,3.4483506e-05,0.0005261219,0.018280536,0.9802737,True
final-power-exit-1,2.2,34.37304,-0.00056934357,-0.00047171235,2.4708506e-05,0.00040974419,0.016900241,0.9830866,True
final-power-exit-1,2.3,35.119175,-0.0004377365,-0.00034606067,1.7704415e-05,0.00031910912,0.015545428,0.98549837,True
final-power-exit-1,2.4,35.819744,-0.0003376007,-0.00025319753,1.2685767e-05,0.00024852247,0.014229119,0.98756623,True
final-power-exit-1,2.5,36.474567,-0.00025558472,-0.0001847869,9.089747e-06,0.00019354951,0.012963474,0.98933923,True
final-handbrake-1,0.1,27.660797,0.51244545,-0.45336288,0.08812195,0,0.051447213,0.14259619,True
final-handbrake-1,0.2,27.333893,0.6127136,-1.028599,0.1524313,0,0.15255538,0.2648587,True
final-handbrake-1,0.3,26.748264,0.24521637,-1.4725116,0.19851094,0,0.34264016,0.36968702,True
final-handbrake-1,0.4,25.81349,-0.59593964,-1.8922274,0.23152845,0,0.56318635,0.45956725,True
final-handbrake-1,0.5,24.426533,-2.0833788,-2.4262457,0.2551865,0,0.74125254,0.53663087,True
final-handbrake-1,0.6,22.638166,-4.3587055,-3.0310555,0.27213824,0,0.8361614,0.6027056,True
final-handbrake-1,0.7,20.445837,-7.19262,-3.5277174,0.2842847,0,0.8863845,0.6593583,True
final-handbrake-1,0.8,17.855818,-9.686326,-3.8046358,0.29298806,0,0.9090607,0.70793253,True
final-handbrake-1,0.9,14.725901,-10.675884,-4.030062,0.2992243,0.0011786867,0.92034674,0.74958026,True
final-handbrake-1,1.0,10.848379,-9.467145,-4.425475,0.30369273,0.017328389,0.92455447,0.7852892,True
final-handbrake-1,1.1,7.4515615,-6.8450594,-3.899723,0.30689448,0.05142104,0.8742107,0.8159062,True
final-handbrake-1,1.2,4.2996745,-3.9237523,-2.4304366,0.3091886,0.08419744,0.7609698,0.8421573,True
final-handbrake-1,1.3,2.407963,-2.1441348,-1.3188715,0.31083244,0.113491185,0.67322683,0.86466503,True
final-handbrake-1,1.4,1.1851555,-1.0465496,-0.71005327,0.3120103,0.13963869,0.61539835,0.8839633,True
final-handbrake-1,1.5,0.5618717,-0.49713653,-0.36036655,0.31285426,0.1629427,0.5937803,0.9005097,True
final-handbrake-1,1.6,0.2676379,-0.23799695,-0.17726168,0.313459,0.18367831,0.59472877,0.9146967,True
final-handbrake-1,1.7,0.1297639,-0.11582694,-0.08702076,0.31389233,0.20209718,0.601727,0.92686063,True
final-handbrake-1,1.8,0.06397004,-0.05720201,-0.04301782,0.3142028,0.21842986,0.60937774,0.9372901,True
final-handbrake-1,1.9,0.03195966,-0.0285865,-0.021462789,0.3144253,0.23288788,0.6164839,0.9462323,True
final-handbrake-1,2.0,0.016140921,-0.014428154,-0.010809043,0.31458467,0.24566498,0.6228425,0.9538993,True
final-handbrake-1,2.1,0.008225908,-0.0073449956,-0.005491431,0.31469887,0.2569383,0.62847173,0.9604731,True
final-handbrake-1,2.2,0.004224788,-0.003767671,-0.0028120223,0.31478074,0.26686937,0.63343537,0.9661096,True
final-handbrake-1,2.3,0.0021844874,-0.0019457506,-0.0014501506,0.3148394,0.27560496,0.6378027,0.9709422,True
final-handbrake-1,2.4,0.0011361899,-0.0010108729,-0.0007525131,0.31488144,0.28327814,0.6416391,0.9750857,True
final-handbrake-1,2.5,0.0005940112,-0.0005279464,-0.0003926431,0.31491154,0.29000908,0.6450045,0.9786384,True
final-handbrake-1,2.6,0.00031196504,-0.00027704067,-0.00020586084,0.31493312,0.295906,0.64795303,0.9816845,True
final-handbrake-1,2.7,0.00016449126,-0.00014596898,-0.00010838836,0.31494856,0.30106604,0.650533,0.98429626,True
final-handbrake-1,2.8,8.703458e-05,-7.717986e-05,-5.7278983e-05,0.31495965,0.30557612,0.65278804,0.98653555,True
final-handbrake-1,2.9,4.6507303e-05,-4.1166957e-05,-3.023595e-05,0.31496757,0.30951396,0.65475696,0.98845553,True
final-handbrake-1,3.0,2.517108e-05,-2.2364206e-05,-1.6311158e-05,0.31497326,0.3129487,0.65647435,0.9901017,True
final-handbrake-counter-1,0.1,0.045333665,0.0032740124,-0.001975708,0.2199733,0.2826509,0.5337498,0.712993,True
final-handbrake-counter-1,0.2,0.0815466,0.005283756,-0.00342794,0.12597105,0.24403407,0.39524722,0.592562,True
final-handbrake-counter-1,0.3,0.22820295,0.0052663386,-0.0036481894,0.051994294,0.2085976,0.2532126,0.54022294,True
final-handbrake-counter-1,0.4,0.92525256,0.003451407,-0.0028351631,-0.0010123597,0.17888981,0.18850863,0.51747656,True
final-handbrake-counter-1,0.5,1.6621594,-0.019004107,0.011603915,-0.03899328,0.15487804,0.16397828,0.50759095,True
final-handbrake-counter-1,0.6,2.3848042,-0.058153093,0.039536554,-0.0662078,0.1358051,0.14464977,0.5032947,True
final-handbrake-counter-1,0.7,3.0985615,-0.10503209,0.07604571,-0.08570785,0.12079065,0.12950188,0.50142753,True
final-handbrake-exit-1,0.1,4.201917,-0.12773061,0.105331294,-0.06683437,0.1036713,0.11871189,0.5721028,True
final-handbrake-exit-1,0.2,5.0429296,-0.10707128,0.096609846,-0.047888912,0.09884195,0.11655462,0.63311934,True
final-handbrake-exit-1,0.3,5.9602423,-0.08659327,0.08418693,-0.0343139,0.09846751,0.11854604,0.6854351,True
final-handbrake-exit-1,0.4,6.941268,-0.068455696,0.07164405,-0.02458698,0.100891024,0.12304476,0.73029083,True
final-handbrake-exit-1,0.5,7.975441,-0.052871466,0.06003614,-0.017617337,0.10526832,0.12923282,0.76875037,True
final-handbrake-exit-1,0.6,9.053715,-0.03981805,0.049709577,-0.0126233725,0.11056068,0.13609228,0.80172575,True
final-handbrake-exit-1,0.7,10.168322,-0.029187918,0.040739264,-0.00904504,0.11444884,0.14130747,0.82999897,True
final-handbrake-exit-1,0.8,11.312612,-0.020792484,0.033071756,-0.006481054,0.11480416,0.14274842,0.8542405,True
final-handbrake-exit-1,0.9,12.480869,-0.014378309,0.026593719,-0.0046438775,0.10966837,0.13845164,0.8750253,True
final-handbrake-exit-1,1.0,13.668118,-0.009644747,0.021176662,-0.0033274828,0.09889289,0.12827745,0.8928462,True
final-handbrake-exit-1,1.1,14.869833,-0.0062589645,0.016700497,-0.0023842454,0.08384145,0.11361292,0.908126,True
final-handbrake-exit-1,1.2,16.081722,-0.0038938522,0.013054609,-0.0017083862,0.06713589,0.09711605,0.92122686,True
final-handbrake-exit-1,1.3,17.299526,-0.0022621155,0.01013388,-0.001224112,0.05232903,0.08238584,0.9324596,True
final-handbrake-exit-1,1.4,18.518965,-0.0011434555,0.007828513,-0.00087711436,0.040753894,0.07077688,0.94209063,True
final-handbrake-exit-1,1.5,19.735857,-0.0003938675,0.006024725,-0.0006284798,0.031739168,0.06161487,0.9503483,True
final-handbrake-exit-1,1.6,20.946125,8.916855e-05,0.0046210396,-0.00045032537,0.024718491,0.05433017,0.95742846,True
final-handbrake-exit-1,1.7,22.145752,0.00038003922,0.0035332418,-0.00032267216,0.019250784,0.0484789,0.96349895,True
final-handbrake-exit-1,1.8,23.330791,0.0005311966,0.0026932375,-0.00023120469,0.0149925295,0.04371661,0.96870387,True
final-handbrake-exit-1,1.9,24.497334,0.00059366226,0.0020469427,-0.00016566538,0.011676194,0.039778978,0.97316664,True
final-handbrake-exit-1,2.0,25.641542,0.0005979538,0.0015515054,-0.00011870442,0.00909343,0.036456913,0.976993,True
final-handbrake-exit-1,2.1,26.759678,0.0005617142,0.0011724537,-8.505542e-05,0.00708197,0.03358543,0.9802737,True
final-handbrake-exit-1,2.2,27.848137,0.00050640106,0.0008832039,-6.0944865e-05,0.0055154446,0.031046778,0.9830866,True
final-handbrake-exit-1,2.3,28.903502,0.00044345856,0.0006632054,-4.3668897e-05,0.0042954334,0.02875486,0.98549837,True
final-handbrake-exit-1,2.4,29.922585,0.00037574768,0.00049644796,-3.129013e-05,0.0033452876,0.026645541,0.98756623,True
final-handbrake-exit-1,2.5,30.90249,0.00031089783,0.00037044156,-2.2420352e-05,0.002605313,0.024673223,0.98933923,True
final-donut-1,0.1,0.08331552,0.0017079916,-0.0010434021,0.095,0.00090830564,0.0011168122,0.14259619,True
final-donut-1,0.2,0.36610383,0.021247668,-0.013865994,0.19,0.0055724946,0.006334752,0.2648587,True
final-donut-1,0.3,0.8058547,0.08293144,-0.056593217,0.28499997,0.015439214,0.016901374,0.36968702,True
final-donut-1,0.4,1.3644958,0.20669267,-0.1461287,0.37999988,0.030684125,0.032882154,0.45956725,True
final-donut-1,0.5,2.0026166,0.40331024,-0.29451087,0.4749998,0.050766796,0.05372134,0.53663087,True
final-donut-1,0.6,2.6801429,0.6720677,-0.50719583,0.5699997,0.07479707,0.078553855,0.6027056,True
final-donut-1,0.7,3.3578851,0.99874973,-0.78108126,0.66086864,0.10176445,0.10642442,0.6593583,True
final-donut-1,0.8,4.017222,1.3432505,-1.0912004,0.7286549,0.13067518,0.13637844,0.70793253,True
final-donut-1,0.9,4.659362,1.6716053,-1.4132315,0.7772259,0.1606282,0.16763389,0.74958026,True
final-donut-1,1.0,5.2825522,1.9651814,-1.7342324,0.8120286,0.19085136,0.19964498,0.7852892,True
final-donut-1,1.1,5.881697,2.2118614,-2.046364,0.83696574,0.22071283,0.23208517,0.8159062,True
final-donut-1,1.2,6.4486446,2.4030967,-2.344111,0.85483396,0.2497175,0.26484418,0.8421573,True
final-donut-1,1.3,6.9727025,2.5329728,-2.62297,0.8676371,0.27749524,0.2979836,0.86466503,True
final-donut-1,1.4,7.4415593,2.5980883,-2.8788862,0.8768109,0.30378503,0.33163363,0.8839633,True
final-donut-1,1.5,7.8425827,2.5978756,-3.1081161,0.8833842,0.3284179,0.36582923,0.9005097,True
final-donut-1,1.6,8.164958,2.533876,-3.3062832,0.8880943,0.35111463,0.40041453,0.9146967,True
final-donut-1,1.7,8.402233,2.4119434,-3.468888,0.8914691,0.37110862,0.43377054,0.92686063,True
final-donut-1,1.8,8.548688,2.249929,-3.5960236,0.89388734,0.38855615,0.4645638,0.9372901,True
final-donut-1,1.9,8.607846,2.064064,-3.6872926,0.8956201,0.40400523,0.49269116,0.9462323,True
final-donut-1,2.0,8.590451,1.8701687,-3.7436554,0.8968616,0.418068,0.5175662,0.9538993,True
final-donut-1,2.1,8.512037,1.6856482,-3.7678213,0.8977512,0.43123353,0.5381241,0.9604731,True
final-donut-1,2.2,8.391559,1.5276029,-3.764328,0.8983887,0.4437758,0.5539021,0.9661096,True
final-donut-1,2.3,8.249518,1.4066356,-3.739891,0.8988455,0.4557486,0.5655198,0.9709422,True
final-donut-1,2.4,8.104596,1.3251387,-3.70262,0.8991728,0.4670522,0.57392216,0.9750857,True
final-donut-1,2.5,7.970973,1.2782731,-3.6604805,0.89940727,0.47751364,0.58026046,0.9786384,True
final-donut-1,2.6,7.857545,1.2559061,-3.61953,0.89957523,0.48680332,0.5854165,0.9816845,True
final-donut-1,2.7,7.7668614,1.2493271,-3.5838783,0.89969563,0.49495336,0.5896903,0.98429626,True
final-donut-1,2.8,7.697663,1.2512019,-3.5553658,0.89978194,0.50209403,0.59338397,0.98653555,True
final-donut-1,2.9,7.6467466,1.255857,-3.5341303,0.89984375,0.50834244,0.59680355,0.98845553,True
final-donut-1,3.0,7.6100073,1.259268,-3.519302,0.89988804,0.51380366,0.6000982,0.9901017,True
final-donut-1,3.1,7.58323,1.2592549,-3.509466,0.89991975,0.5185716,0.6032964,0.9915132,True
final-donut-1,3.2,7.5626936,1.2551675,-3.5030665,0.8999425,0.52273,0.60636675,0.99272335,True
final-donut-1,3.3,7.545511,1.247436,-3.498682,0.8999588,0.5263533,0.60925496,0.993761,True
final-donut-1,3.4,7.529722,1.2371058,-3.4951913,0.8999704,0.52950746,0.6119062,0.99465066,True
final-donut-1,3.5,7.514231,1.2254596,-3.4918292,0.89997876,0.53225094,0.61428034,0.9954134,True
final-donut-1,3.6,7.498633,1.2137103,-3.488173,0.8999847,0.5346353,0.61635345,0.9960675,True
final-donut-1,3.7,7.483008,1.2028611,-3.4840837,0.899989,0.53670603,0.61812127,0.9966283,True
final-donut-1,3.8,7.4677205,1.1935716,-3.4796271,0.8999921,0.5385031,0.61960244,0.99710906,True
final-donut-1,3.9,7.453231,1.186158,-3.4749935,0.8999943,0.5400617,0.62082636,0.9975213,True
final-donut-1,4.0,7.4399705,1.180639,-3.4704165,0.8999959,0.54141253,0.6218306,0.99787474,True
final-donut-1,4.1,7.428247,1.1768123,-3.4661155,0.89999706,0.54258275,0.62265503,0.9981778,True
final-donut-1,4.2,7.4182177,1.1743445,-3.4622612,0.89999783,0.5435959,0.62333727,0.99843764,True
final-donut-1,4.3,7.409886,1.1728587,-3.4589524,0.8999985,0.54447263,0.6239104,0.99866045,True
final-donut-1,4.4,7.4031315,1.1719873,-3.4562228,0.89999884,0.5452309,0.62440133,0.9988514,True
final-donut-1,4.5,7.397746,1.1714287,-3.4540465,0.8999992,0.5458864,0.62483025,0.99901515,True
final-donut-1,4.6,7.3934817,1.1709602,-3.452358,0.89999944,0.54645294,0.62521076,0.9991556,True
final-donut-1,4.7,7.3900867,1.1704414,-3.4510674,0.89999944,0.5469423,0.6255518,0.99927604,True
final-donut-1,4.8,7.3873267,1.1698096,-3.450079,0.89999944,0.54736483,0.62585866,0.9993793,True
final-donut-1,4.9,7.385011,1.1690595,-3.4493039,0.89999944,0.54772955,0.6261337,0.9994678,True
final-donut-1,5.0,7.382996,1.1682247,-3.448668,0.89999944,0.54804426,0.62637854,0.99954367,True
final-donut-1,5.1,7.3811865,1.1673555,-3.448117,0.89999944,0.54831576,0.62659407,0.9996087,True
final-donut-1,5.2,7.3795257,1.1665065,-3.4476123,0.89999944,0.5485499,0.62678134,0.9996645,True
final-donut-1,5.3,7.377988,1.1657269,-3.447135,0.89999944,0.5487517,0.6269421,0.9997123,True
final-donut-1,5.4,7.376571,1.1650476,-3.4466794,0.89999944,0.54892564,0.62707865,0.9997533,True
final-donut-1,5.5,7.375279,1.164485,-3.4462461,0.89999944,0.5490755,0.62719357,0.9997885,True
final-donut-1,5.6,7.374121,1.1640418,-3.445841,0.89999944,0.5492045,0.62728953,0.9998187,True
final-donut-1,5.7,7.3731036,1.1637051,-3.4454722,0.89999944,0.54931575,0.6273701,0.99984455,True
final-donut-1,5.8,7.3722267,1.1634616,-3.4451435,0.89999944,0.54941154,0.62743735,0.9998667,True
final-donut-1,5.9,7.3714857,1.1632912,-3.4448595,0.89999944,0.5494939,0.6274939,0.99988574,True
final-donut-1,6.0,7.3708706,1.1631721,-3.4446206,0.89999944,0.5495649,0.6275424,0.99990207,True
final-donut-1,6.1,7.370365,1.1630833,-3.4444232,0.89999944,0.54962593,0.62758386,0.99991614,True
final-donut-1,6.2,7.3699527,1.1630096,-3.4442644,0.89999944,0.54967844,0.6276201,0.9999281,True
final-donut-1,6.3,7.3696146,1.1629395,-3.4441366,0.89999944,0.54972374,0.62765217,0.9999384,True
final-donut-1,6.4,7.369334,1.1628724,-3.4440348,0.89999944,0.54976267,0.6276802,0.9999472,True
final-donut-1,6.5,7.3690977,1.1628041,-3.4439518,0.89999944,0.54979604,0.62770486,0.9999547,True
final-donut-1,6.6,7.368896,1.1627347,-3.4438832,0.89999944,0.54982466,0.6277262,0.99996114,True
final-donut-1,6.7,7.3687205,1.1626685,-3.4438248,0.89999944,0.5498494,0.62774503,0.99996674,True
final-donut-1,6.8,7.3685637,1.1626043,-3.443774,0.89999944,0.54987067,0.6277615,0.99997145,True
final-donut-1,6.9,7.3684244,1.1625457,-3.4437277,0.89999944,0.5498889,0.62777567,0.99997556,True
final-donut-1,7.0,7.3682985,1.1624937,-3.4436855,0.89999944,0.5499046,0.62778753,0.999979,True
final-donut-1,7.1,7.3681865,1.1624508,-3.4436474,0.89999944,0.549918,0.6277977,0.999982,True
final-donut-1,7.2,7.368088,1.1624154,-3.4436114,0.89999944,0.54992956,0.6278061,0.99998456,True
final-donut-1,7.3,7.368002,1.1623886,-3.4435797,0.89999944,0.5499395,0.62781334,0.99998677,True
final-donut-1,7.4,7.3679276,1.1623676,-3.4435523,0.89999944,0.54994804,0.6278195,0.9999886,True
final-donut-1,7.5,7.367865,1.1623516,-3.4435287,0.89999944,0.54995537,0.62782466,0.9999902,True
final-donut-1,7.6,7.367811,1.1623383,-3.4435089,0.89999944,0.5499617,0.6278291,0.99999166,True
final-donut-1,7.7,7.3677664,1.1623281,-3.443492,0.89999944,0.5499671,0.6278328,0.9999928,True
final-donut-1,7.8,7.367729,1.1623191,-3.4434779,0.89999944,0.5499718,0.62783617,0.99999386,True
final-donut-1,7.9,7.367698,1.1623116,-3.4434662,0.89999944,0.5499758,0.62783885,0.9999947,True
final-donut-1,8.0,7.3676715,1.1623046,-3.4434566,0.89999944,0.5499792,0.62784135,0.9999954,True
final-donut-counter-1,0.1,7.4368725,0.7190194,-3.3046265,0.80499953,0.4678559,0.67185706,0.7172927,True
final-donut-counter-1,0.2,7.4696484,0.5567021,-3.0148427,0.7099996,0.38847637,0.6024717,0.5944307,True
final-donut-counter-1,0.3,7.6264462,0.6318407,-2.6101947,0.6149997,0.3211672,0.504248,0.5410351,True
final-donut-counter-1,0.4,7.9786115,0.80334306,-2.172064,0.5199998,0.2665908,0.392776,0.5178295,True
final-donut-counter-1,0.5,8.495847,0.898031,-1.7781281,0.4249999,0.22309275,0.29984677,0.5077444,True
final-donut-counter-1,0.6,9.109327,0.84242773,-1.4411904,0.32999998,0.18838602,0.23687512,0.5033614,True
final-donut-counter-1,0.7,9.771852,0.6636181,-1.1267308,0.23500006,0.16033487,0.19419566,0.50145656,True
final-donut-exit-1,0.1,10.834206,0.3717265,-0.7150869,0.13434963,0.12686886,0.15808693,0.5721192,True
final-donut-exit-1,0.2,11.638293,0.27022552,-0.54067504,0.09626571,0.11094824,0.13819784,0.6331333,True
final-donut-exit-1,0.3,12.517887,0.19404364,-0.41354537,0.06897739,0.09777293,0.12359992,0.6854471,True
final-donut-exit-1,0.4,13.46103,0.13562107,-0.31808466,0.049424455,0.08531749,0.11091122,0.7303012,True
final-donut-exit-1,0.5,14.456742,0.09191513,-0.2450645,0.035414167,0.0724597,0.09829906,0.7687593,True
final-donut-exit-1,0.6,15.495337,0.06009531,-0.18866493,0.025375355,0.05915123,0.08539784,0.8017333,True
final-donut-exit-1,0.7,16.568176,0.037418365,-0.1449817,0.018182235,0.046513062,0.073185205,0.83000547,True
final-donut-exit-1,0.8,17.66745,0.021476746,-0.111217186,0.013028138,0.036224414,0.063277215,0.8542461,True
final-donut-exit-1,0.9,18.786007,0.010463715,-0.08518416,0.009335067,0.028211603,0.055564076,0.87503004,True
final-donut-exit-1,1.0,19.917269,0.0030927658,-0.06513635,0.0066888668,0.02197122,0.049512565,0.8928503,True
final-donut-exit-1,1.1,21.055124,-0.0016107559,-0.04971415,0.004792782,0.017111208,0.04471141,0.90812933,True
final-donut-exit-1,1.2,22.193853,-0.0043945312,-0.037866324,0.0034341782,0.013326225,0.04084444,0.9212297,True
final-donut-exit-1,1.3,23.32803,-0.005838871,-0.028779443,0.002460696,0.010378476,0.037668556,0.9324621,True
final-donut-exit-1,1.4,24.452503,-0.0063767433,-0.021823313,0.0017631656,0.008082766,0.034997404,0.9420927,True
final-donut-exit-1,1.5,25.562357,-0.006330967,-0.016509488,0.0012633633,0.006294865,0.03269103,0.9503501,True
final-donut-exit-1,1.6,26.652918,-0.005932808,-0.012459066,0.0009052392,0.0049024466,0.030638725,0.95743,True
final-donut-exit-1,1.7,27.71976,-0.005335331,-0.0093784435,0.0006486322,0.0038180298,0.028761595,0.9635004,True
final-donut-exit-1,1.8,28.75873,-0.0046629906,-0.0070408774,0.00046476527,0.0029734848,0.027005404,0.9687051,True
final-donut-exit-1,1.9,29.765993,-0.0039696693,-0.005271167,0.00033301883,0.0023157524,0.025326788,0.9731676,True
final-donut-exit-1,2.0,30.738066,-0.003317356,-0.0039341594,0.00023861838,0.0018035099,0.0237028,0.97699374,True
final-donut-exit-1,2.1,31.671856,-0.0027222633,-0.0029267843,0.00017097752,0.0014045751,0.022112012,0.9802744,True
final-donut-exit-1,2.2,32.56473,-0.0021920204,-0.0021704442,0.00012251074,0.0010938845,0.020552188,0.98308724,True
final-donut-exit-1,2.3,33.41453,-0.0017442703,-0.0016046047,8.778277e-05,0.0008519181,0.01902458,0.9854989,True
final-donut-exit-1,2.4,34.219597,-0.00137043,-0.0011827386,6.28991e-05,0.0006634746,0.017534137,0.9875667,True
final-donut-exit-1,2.5,34.978786,-0.0010652542,-0.0008692376,4.506917e-05,0.0005167146,0.016088307,0.9893397,True
final-stick-0.16,0.1,0,0,0,0,0,0,0,True
final-stick-0.16,0.2,0,0,0,0,0,0,0,True
final-stick-0.16,0.3,0,0,0,0,0,0,0,True
final-stick-0.16,0.4,0,0,0,0,0,0,0,True
final-stick-0.16,0.5,0,0,0,0,0,0,0,True
final-stick-0.16,0.6,0,0,0,0,0,0,0,True
final-stick-0.16,0.7,0,0,0,0,0,0,0,True
final-stick-0.16,0.8,0,0,0,0,0,0,0,True
final-stick-0.16,0.9,0,0,0,0,0,0,0,True
final-stick-0.16,1.0,0,0,0,0,0,0,0,True
final-stick-0.16,1.1,0,0,0,0,0,0,0,True
final-stick-0.16,1.2,0,0,0,0,0,0,0,True
final-stick-0.16,1.3,0,0,0,0,0,0,0,True
final-stick-0.16,1.4,0,0,0,0,0,0,0,True
final-stick-0.16,1.5,0,0,0,0,0,0,0,True
final-stick-0.16,1.6,0,0,0,0,0,0,0,True
final-stick-0.16,1.7,0,0,0,0,0,0,0,True
final-stick-0.16,1.8,0,0,0,0,0,0,0,True
final-stick-0.16,1.9,0,0,0,0,0,0,0,True
final-stick-0.16,2.0,0,0,0,0,0,0,0,True
final-stick-0.2,0.1,0,0,0,1.557188e-05,0,0,0,True
final-stick-0.2,0.2,0,0,0,2.6729618e-05,0,0,0,True
final-stick-0.2,0.3,0,0,0,3.4724486e-05,0,0,0,True
final-stick-0.2,0.4,0,0,0,4.0453062e-05,0,0,0,True
final-stick-0.2,0.5,0,0,0,4.4557764e-05,0,0,0,True
final-stick-0.2,0.6,0,0,0,4.7498906e-05,0,0,0,True
final-stick-0.2,0.7,0,0,0,4.960633e-05,0,0,0,True
final-stick-0.2,0.8,0,0,0,5.1116363e-05,0,0,0,True
final-stick-0.2,0.9,0,0,0,5.2198353e-05,0,0,0,True
final-stick-0.2,1.0,0,0,0,5.2973628e-05,0,0,0,True
final-stick-0.2,1.1,0,0,0,5.3529136e-05,0,0,0,True
final-stick-0.2,1.2,0,0,0,5.3927175e-05,0,0,0,True
final-stick-0.2,1.3,0,0,0,5.4212385e-05,0,0,0,True
final-stick-0.2,1.4,0,0,0,5.4416745e-05,0,0,0,True
final-stick-0.2,1.5,0,0,0,5.4563174e-05,0,0,0,True
final-stick-0.2,1.6,0,0,0,5.4668097e-05,0,0,0,True
final-stick-0.2,1.7,0,0,0,5.474328e-05,0,0,0,True
final-stick-0.2,1.8,0,0,0,5.4797147e-05,0,0,0,True
final-stick-0.2,1.9,0,0,0,5.4835746e-05,0,0,0,True
final-stick-0.2,2.0,0,0,0,5.4863405e-05,0,0,0,True
final-stick-0.25,0.1,0,0,0,0.00014014692,0,0,0,True
final-stick-0.25,0.2,0,0,0,0.00024056656,0,0,0,True
final-stick-0.25,0.3,0,0,0,0.0003125204,0,0,0,True
final-stick-0.25,0.4,0,0,0,0.00036407757,0,0,0,True
final-stick-0.25,0.5,0,0,0,0.00040101988,0,0,0,True
final-stick-0.25,0.6,0,0,0,0.00042749022,0,0,0,True
final-stick-0.25,0.7,0,0,0,0.000446457,0,0,0,True
final-stick-0.25,0.8,0,0,0,0.0004600473,0,0,0,True
final-stick-0.25,0.9,0,0,0,0.00046978515,0,0,0,True
final-stick-0.25,1.0,0,0,0,0.00047676265,0,0,0,True
final-stick-0.25,1.1,0,0,0,0.00048176222,0,0,0,True
final-stick-0.25,1.2,0,0,0,0.00048534462,0,0,0,True
final-stick-0.25,1.3,0,0,0,0.00048791151,0,0,0,True
final-stick-0.25,1.4,0,0,0,0.00048975076,0,0,0,True
final-stick-0.25,1.5,0,0,0,0.0004910686,0,0,0,True
final-stick-0.25,1.6,0,0,0,0.00049201294,0,0,0,True
final-stick-0.25,1.7,0,0,0,0.00049268955,0,0,0,True
final-stick-0.25,1.8,0,0,0,0.00049317436,0,0,0,True
final-stick-0.25,1.9,0,0,0,0.00049352174,0,0,0,True
final-stick-0.25,2.0,0,0,0,0.0004937707,0,0,0,True
final-stick-0.3,0.1,0,0,0,0.00059173146,0,0,0,True
final-stick-0.3,0.2,0,0,0,0.0010157254,0,0,0,True
final-stick-0.3,0.3,0,0,0,0.0013195304,0,0,0,True
final-stick-0.3,0.4,0,0,0,0.0015372161,0,0,0,True
final-stick-0.3,0.5,0,0,0,0.0016931948,0,0,0,True
final-stick-0.3,0.6,0,0,0,0.0018049584,0,0,0,True
final-stick-0.3,0.7,0,0,0,0.0018850404,0,0,0,True
final-stick-0.3,0.8,0,0,0,0.0019424218,0,0,0,True
final-stick-0.3,0.9,0,0,0,0.0019835373,0,0,0,True
final-stick-0.3,1.0,0,0,0,0.0020129979,0,0,0,True
final-stick-0.3,1.1,0,0,0,0.0020341072,0,0,0,True
final-stick-0.3,1.2,0,0,0,0.0020492326,0,0,0,True
final-stick-0.3,1.3,0,0,0,0.0020600706,0,0,0,True
final-stick-0.3,1.4,0,0,0,0.0020678362,0,0,0,True
final-stick-0.3,1.5,0,0,0,0.0020734007,0,0,0,True
final-stick-0.3,1.6,0,0,0,0.0020773876,0,0,0,True
final-stick-0.3,1.7,0,0,0,0.0020802445,0,0,0,True
final-stick-0.3,1.8,0,0,0,0.0020822918,0,0,0,True
final-stick-0.3,1.9,0,0,0,0.0020837588,0,0,0,True
final-stick-0.3,2.0,0,0,0,0.0020848096,0,0,0,True
final-stick-0.4,0.1,0,0,0,0.003519245,0,0,0,True
final-stick-0.4,0.2,0,0,0,0.006040894,0,0,0,True
final-stick-0.4,0.3,0,0,0,0.007847734,0,0,0,True
final-stick-0.4,0.4,0,0,0,0.009142391,0,0,0,True
final-stick-0.4,0.5,0,0,0,0.010070054,0,0,0,True
final-stick-0.4,0.6,0,0,0,0.010734754,0,0,0,True
final-stick-0.4,0.7,0,0,0,0.011211031,0,0,0,True
final-stick-0.4,0.8,0,0,0,0.011552299,0,0,0,True
final-stick-0.4,0.9,0,0,0,0.011796829,0,0,0,True
final-stick-0.4,1.0,0,0,0,0.011972042,0,0,0,True
final-stick-0.4,1.1,0,0,0,0.012097587,0,0,0,True
final-stick-0.4,1.2,0,0,0,0.012187544,0,0,0,True
final-stick-0.4,1.3,0,0,0,0.012252001,0,0,0,True
final-stick-0.4,1.4,0,0,0,0.012298186,0,0,0,True
final-stick-0.4,1.5,0,0,0,0.012331279,0,0,0,True
final-stick-0.4,1.6,0,0,0,0.012354992,0,0,0,True
final-stick-0.4,1.7,0,0,0,0.012371982,0,0,0,True
final-stick-0.4,1.8,0,0,0,0.012384157,0,0,0,True
final-stick-0.4,1.9,0,0,0,0.01239288,0,0,0,True
final-stick-0.4,2.0,0,0,0,0.0123991305,0,0,0,True
final-stick-0.5,0.1,0,0,0,0.011429761,0,0,0,True
final-stick-0.5,0.2,0,0,0,0.01961954,0,0,0,True
final-stick-0.5,0.3,0,0,0,0.025487771,0,0,0,True
final-stick-0.5,0.4,0,0,0,0.029692544,0,0,0,True
final-stick-0.5,0.5,0,0,0,0.032705396,0,0,0,True
final-stick-0.5,0.6,0,0,0,0.0348642,0,0,0,True
final-stick-0.5,0.7,0,0,0,0.036411047,0,0,0,True
final-stick-0.5,0.8,0,0,0,0.03751941,0,0,0,True
final-stick-0.5,0.9,0,0,0,0.038313586,0,0,0,True
final-stick-0.5,1.0,0,0,0,0.038882636,0,0,0,True
final-stick-0.5,1.1,0,0,0,0.03929038,0,0,0,True
final-stick-0.5,1.2,0,0,0,0.03958254,0,0,0,True
final-stick-0.5,1.3,0,0,0,0.039791882,0,0,0,True
final-stick-0.5,1.4,0,0,0,0.03994189,0,0,0,True
final-stick-0.5,1.5,0,0,0,0.040049367,0,0,0,True
final-stick-0.5,1.6,0,0,0,0.04012638,0,0,0,True
final-stick-0.5,1.7,0,0,0,0.04018156,0,0,0,True
final-stick-0.5,1.8,0,0,0,0.040221103,0,0,0,True
final-stick-0.5,1.9,0,0,0,0.040249433,0,0,0,True
final-stick-0.5,2.0,0,0,0,0.040269736,0,0,0,True
final-stick-0.7,0.1,0,0,0,0.055583823,0,0,0,True
final-stick-0.7,0.2,0,0,0,0.095411375,0,0,0,True
final-stick-0.7,0.3,0,0,0,0.123949066,0,0,0,True
final-stick-0.7,0.4,0,0,0,0.14439721,0,0,0,True
final-stick-0.7,0.5,0,0,0,0.15904893,0,0,0,True
final-stick-0.7,0.6,0,0,0,0.16954735,0,0,0,True
final-stick-0.7,0.7,0,0,0,0.17706981,0,0,0,True
final-stick-0.7,0.8,0,0,0,0.18245989,0,0,0,True
final-stick-0.7,0.9,0,0,0,0.18632203,0,0,0,True
final-stick-0.7,1.0,0,0,0,0.18908937,0,0,0,True
final-stick-0.7,1.1,0,0,0,0.19107227,0,0,0,True
final-stick-0.7,1.2,0,0,0,0.19249308,0,0,0,True
final-stick-0.7,1.3,0,0,0,0.19351114,0,0,0,True
final-stick-0.7,1.4,0,0,0,0.1942406,0,0,0,True
final-stick-0.7,1.5,0,0,0,0.19476329,0,0,0,True
final-stick-0.7,1.6,0,0,0,0.1951378,0,0,0,True
final-stick-0.7,1.7,0,0,0,0.19540615,0,0,0,True
final-stick-0.7,1.8,0,0,0,0.19559842,0,0,0,True
final-stick-0.7,1.9,0,0,0,0.19573618,0,0,0,True
final-stick-0.7,2.0,0,0,0,0.1958349,0,0,0,True
final-stick-1,0.1,0,0,0,0.095,0,0,0,True
final-stick-1,0.2,0,0,0,0.19,0,0,0,True
final-stick-1,0.3,0,0,0,0.28499997,0,0,0,True
final-stick-1,0.4,0,0,0,0.37999988,0,0,0,True
final-stick-1,0.5,0,0,0,0.4749998,0,0,0,True
final-stick-1,0.6,0,0,0,0.5699997,0,0,0,True
final-stick-1,0.7,0,0,0,0.66086864,0,0,0,True
final-stick-1,0.8,0,0,0,0.7286549,0,0,0,True
final-stick-1,0.9,0,0,0,0.7772259,0,0,0,True
final-stick-1,1.0,0,0,0,0.8120286,0,0,0,True
final-stick-1,1.1,0,0,0,0.83696574,0,0,0,True
final-stick-1,1.2,0,0,0,0.85483396,0,0,0,True
final-stick-1,1.3,0,0,0,0.8676371,0,0,0,True
final-stick-1,1.4,0,0,0,0.8768109,0,0,0,True
final-stick-1,1.5,0,0,0,0.8833842,0,0,0,True
final-stick-1,1.6,0,0,0,0.8880943,0,0,0,True
final-stick-1,1.7,0,0,0,0.8914691,0,0,0,True
final-stick-1,1.8,0,0,0,0.89388734,0,0,0,True
final-stick-1,1.9,0,0,0,0.8956201,0,0,0,True
final-stick-1,2.0,0,0,0,0.8968616,0,0,0,True
final-stick--0.2,0.1,0,0,0,-1.557188e-05,0,0,0,True
final-stick--0.2,0.2,0,0,0,-2.6729618e-05,0,0,0,True
final-stick--0.2,0.3,0,0,0,-3.4724486e-05,0,0,0,True
final-stick--0.2,0.4,0,0,0,-4.0453062e-05,0,0,0,True
final-stick--0.2,0.5,0,0,0,-4.4557764e-05,0,0,0,True
final-stick--0.2,0.6,0,0,0,-4.7498906e-05,0,0,0,True
final-stick--0.2,0.7,0,0,0,-4.960633e-05,0,0,0,True
final-stick--0.2,0.8,0,0,0,-5.1116363e-05,0,0,0,True
final-stick--0.2,0.9,0,0,0,-5.2198353e-05,0,0,0,True
final-stick--0.2,1.0,0,0,0,-5.2973628e-05,0,0,0,True
final-stick--0.2,1.1,0,0,0,-5.3529136e-05,0,0,0,True
final-stick--0.2,1.2,0,0,0,-5.3927175e-05,0,0,0,True
final-stick--0.2,1.3,0,0,0,-5.4212385e-05,0,0,0,True
final-stick--0.2,1.4,0,0,0,-5.4416745e-05,0,0,0,True
final-stick--0.2,1.5,0,0,0,-5.4563174e-05,0,0,0,True
final-stick--0.2,1.6,0,0,0,-5.4668097e-05,0,0,0,True
final-stick--0.2,1.7,0,0,0,-5.474328e-05,0,0,0,True
final-stick--0.2,1.8,0,0,0,-5.4797147e-05,0,0,0,True
final-stick--0.2,1.9,0,0,0,-5.4835746e-05,0,0,0,True
final-stick--0.2,2.0,0,0,0,-5.4863405e-05,0,0,0,True
final-stick--0.4,0.1,0,0,0,-0.003519245,0,0,0,True
final-stick--0.4,0.2,0,0,0,-0.006040894,0,0,0,True
final-stick--0.4,0.3,0,0,0,-0.007847734,0,0,0,True
final-stick--0.4,0.4,0,0,0,-0.009142391,0,0,0,True
final-stick--0.4,0.5,0,0,0,-0.010070054,0,0,0,True
final-stick--0.4,0.6,0,0,0,-0.010734754,0,0,0,True
final-stick--0.4,0.7,0,0,0,-0.011211031,0,0,0,True
final-stick--0.4,0.8,0,0,0,-0.011552299,0,0,0,True
final-stick--0.4,0.9,0,0,0,-0.011796829,0,0,0,True
final-stick--0.4,1.0,0,0,0,-0.011972042,0,0,0,True
final-stick--0.4,1.1,0,0,0,-0.012097587,0,0,0,True
final-stick--0.4,1.2,0,0,0,-0.012187544,0,0,0,True
final-stick--0.4,1.3,0,0,0,-0.012252001,0,0,0,True
final-stick--0.4,1.4,0,0,0,-0.012298186,0,0,0,True
final-stick--0.4,1.5,0,0,0,-0.012331279,0,0,0,True
final-stick--0.4,1.6,0,0,0,-0.012354992,0,0,0,True
final-stick--0.4,1.7,0,0,0,-0.012371982,0,0,0,True
final-stick--0.4,1.8,0,0,0,-0.012384157,0,0,0,True
final-stick--0.4,1.9,0,0,0,-0.01239288,0,0,0,True
final-stick--0.4,2.0,0,0,0,-0.0123991305,0,0,0,True
final-stick--1,0.1,0,0,0,-0.095,0,0,0,True
final-stick--1,0.2,0,0,0,-0.19,0,0,0,True
final-stick--1,0.3,0,0,0,-0.28499997,0,0,0,True
final-stick--1,0.4,0,0,0,-0.37999988,0,0,0,True
final-stick--1,0.5,0,0,0,-0.4749998,0,0,0,True
final-stick--1,0.6,0,0,0,-0.5699997,0,0,0,True
final-stick--1,0.7,0,0,0,-0.66086864,0,0,0,True
final-stick--1,0.8,0,0,0,-0.7286549,0,0,0,True
final-stick--1,0.9,0,0,0,-0.7772259,0,0,0,True
final-stick--1,1.0,0,0,0,-0.8120286,0,0,0,True
final-stick--1,1.1,0,0,0,-0.83696574,0,0,0,True
final-stick--1,1.2,0,0,0,-0.85483396,0,0,0,True
final-stick--1,1.3,0,0,0,-0.8676371,0,0,0,True
final-stick--1,1.4,0,0,0,-0.8768109,0,0,0,True
final-stick--1,1.5,0,0,0,-0.8833842,0,0,0,True
final-stick--1,1.6,0,0,0,-0.8880943,0,0,0,True
final-stick--1,1.7,0,0,0,-0.8914691,0,0,0,True
final-stick--1,1.8,0,0,0,-0.89388734,0,0,0,True
final-stick--1,1.9,0,0,0,-0.8956201,0,0,0,True
final-stick--1,2.0,0,0,0,-0.8968616,0,0,0,True
final-stick-0,0.1,0,0,0,0,0,0,0,True
final-stick-0,0.2,0,0,0,0,0,0,0,True
final-stick-0,0.3,0,0,0,0,0,0,0,True
final-stick-0,0.4,0,0,0,0,0,0,0,True
final-stick-0,0.5,0,0,0,0,0,0,0,True
final-stick-0,0.6,0,0,0,0,0,0,0,True
final-stick-0,0.7,0,0,0,0,0,0,0,True
final-stick-0,0.8,0,0,0,0,0,0,0,True
final-stick-0,0.9,0,0,0,0,0,0,0,True
final-stick-0,1.0,0,0,0,0,0,0,0,True
final-stick-0,1.1,0,0,0,0,0,0,0,True
final-stick-0,1.2,0,0,0,0,0,0,0,True
final-stick-0,1.3,0,0,0,0,0,0,0,True
final-stick-0,1.4,0,0,0,0,0,0,0,True
final-stick-0,1.5,0,0,0,0,0,0,0,True
final-stick-0,1.6,0,0,0,0,0,0,0,True
final-stick-0,1.7,0,0,0,0,0,0,0,True
final-stick-0,1.8,0,0,0,0,0,0,0,True
final-stick-0,1.9,0,0,0,0,0,0,0,True
final-stick-0,2.0,0,0,0,0,0,0,0,True
final-stick-transition-1,0.1,0,0,0,0.095,0,0,0,True
final-stick-transition-1,0.2,0,0,0,0.19,0,0,0,True
final-stick-transition-1,0.3,0,0,0,0.28499997,0,0,0,True
final-stick-transition-1,0.4,0,0,0,0.37999988,0,0,0,True
final-stick-transition-1,0.5,0,0,0,0.4749998,0,0,0,True
final-stick-transition-1,0.6,0,0,0,0.5699997,0,0,0,True
final-stick-transition-1,0.7,0,0,0,0.66086864,0,0,0,True
final-stick-transition-1,0.8,0,0,0,0.7286549,0,0,0,True
final-stick-transition-1,0.9,0,0,0,0.7772259,0,0,0,True
final-stick-transition-1,1.0,0,0,0,0.8120286,0,0,0,True
final-stick-transition-1,1.1,0,0,0,0.83696574,0,0,0,True
final-stick-transition-1,1.2,0,0,0,0.85483396,0,0,0,True
final-stick-transition-1,1.3,0,0,0,0.8676371,0,0,0,True
final-stick-transition-1,1.4,0,0,0,0.8768109,0,0,0,True
final-stick-transition-1,1.5,0,0,0,0.8833842,0,0,0,True
final-stick-transition-1,1.6,0,0,0,0.8880943,0,0,0,True
final-stick-transition-1,1.7,0,0,0,0.8914691,0,0,0,True
final-stick-transition-1,1.8,0,0,0,0.89388734,0,0,0,True
final-stick-transition-1,1.9,0,0,0,0.8956201,0,0,0,True
final-stick-transition-1,2.0,0,0,0,0.8968616,0,0,0,True
final-stick-transition--1,0.1,0,0,0,0.8018617,0,0,0,True
final-stick-transition--1,0.2,0,0,0,0.7068618,0,0,0,True
final-stick-transition--1,0.3,0,0,0,0.6118619,0,0,0,True
final-stick-transition--1,0.4,0,0,0,0.516862,0,0,0,True
final-stick-transition--1,0.5,0,0,0,0.42186207,0,0,0,True
final-stick-transition--1,0.6,0,0,0,0.32686216,0,0,0,True
final-stick-transition--1,0.7,0,0,0,0.23186222,0,0,0,True
final-stick-transition--1,0.8,0,0,0,0.13686222,0,0,0,True
final-stick-transition--1,0.9,0,0,0,0.04186222,0,0,0,True
final-stick-transition--1,1.0,0,0,0,-0.05313778,0,0,0,True
final-stick-transition--1,1.1,0,0,0,-0.14813778,0,0,0,True
final-stick-transition--1,1.2,0,0,0,-0.24313778,0,0,0,True
final-stick-transition--1,1.3,0,0,0,-0.3381377,0,0,0,True
final-stick-transition--1,1.4,0,0,0,-0.4331376,0,0,0,True
final-stick-transition--1,1.5,0,0,0,-0.5281375,0,0,0,True
final-stick-transition--1,1.6,0,0,0,-0.62312156,0,0,0,True
final-stick-transition--1,1.7,0,0,0,-0.701608,0,0,0,True
final-stick-transition--1,1.8,0,0,0,-0.75784594,0,0,0,True
final-stick-transition--1,1.9,0,0,0,-0.79814214,0,0,0,True
final-stick-transition--1,2.0,0,0,0,-0.82701564,0,0,0,True
final-stick-transition-0,0.1,0,0,0,-0.7320157,0,0,0,True
final-stick-transition-0,0.2,0,0,0,-0.6370158,0,0,0,True
final-stick-transition-0,0.3,0,0,0,-0.5420159,0,0,0,True
final-stick-transition-0,0.4,0,0,0,-0.447016,0,0,0,True
final-stick-transition-0,0.5,0,0,0,-0.3520161,0,0,0,True
final-stick-transition-0,0.6,0,0,0,-0.2583247,0,0,0,True
final-stick-transition-0,0.7,0,0,0,-0.18509772,0,0,0,True
final-stick-transition-0,0.8,0,0,0,-0.1326283,0,0,0,True
final-stick-transition-0,0.9,0,0,0,-0.09503232,0,0,0,True
final-stick-transition-0,1.0,0,0,0,-0.06809363,0,0,0,True
final-stick-transition-0,1.1,0,0,0,-0.04879121,0,0,0,True
final-stick-transition-0,1.2,0,0,0,-0.034960423,0,0,0,True
final-stick-transition-0,1.3,0,0,0,-0.025050234,0,0,0,True
final-stick-transition-0,1.4,0,0,0,-0.017949276,0,0,0,True
final-stick-transition-0,1.5,0,0,0,-0.0128612155,0,0,0,True
final-stick-transition-0,1.6,0,0,0,-0.009215463,0,0,0,True
final-stick-transition-0,1.7,0,0,0,-0.006603167,0,0,0,True
final-stick-transition-0,1.8,0,0,0,-0.0047313753,0,0,0,True
final-stick-transition-0,1.9,0,0,0,-0.003390178,0,0,0,True
final-stick-transition-0,2.0,0,0,0,-0.0024291684,0,0,0,True
