"frame","phase","speed","active","grounded","fov","pullback","streaks","hp"
"1","enter-sustain-exit","24","False","False","65","0","0","1000"
"2","enter-sustain-exit","24","False","True","65.037476","0","0.0014991671","1000"
"3","enter-sustain-exit","24.084047","False","True","65.07243","0","0.0028974116","1000"
"4","enter-sustain-exit","24.185892","False","True","65.10517","0","0.0042069317","1000"
"5","enter-sustain-exit","24.296915","False","True","65.135925","0","0.005437046","1000"
"6","enter-sustain-exit","24.41555","False","True","65.1649","0","0.006596004","1000"
"7","enter-sustain-exit","24.54131","False","True","65.19228","0","0.007691314","1000"
"8","enter-sustain-exit","24.672813","False","True","65.21824","0","0.008729591","1000"
"9","enter-sustain-exit","24.8098","False","True","65.24292","0","0.009716887","1000"
"10","enter-sustain-exit","24.951267","False","True","65.266464","0","0.010658554","1000"
"11","enter-sustain-exit","25.096315","False","True","65.28899","0","0.0115593225","1000"
"12","enter-sustain-exit","25.245085","False","True","65.31059","0","0.0124235945","1000"
"13","enter-sustain-exit","25.39632","False","True","65.331375","0","0.0132551305","1000"
"14","enter-sustain-exit","25.549679","False","True","65.35143","0","0.014057316","1000"
"15","enter-sustain-exit","25.70528","False","True","65.370834","0","0.014833301","1000"
"16","enter-sustain-exit","25.862255","False","True","65.38964","0","0.01558578","1000"
"17","enter-sustain-exit","26.020199","False","True","65.40793","0","0.016317133","1000"
"18","enter-sustain-exit","26.179232","False","True","65.42574","0","0.017029578","1000"
"19","enter-sustain-exit","26.338825","False","True","65.44312","0","0.017725028","1000"
"20","enter-sustain-exit","26.498724","False","True","65.46013","0","0.018405175","1000"
"21","enter-sustain-exit","26.658974","False","True","65.47679","0","0.019071585","1000"
"22","enter-sustain-exit","26.819225","False","True","65.49314","0","0.019725604","1000"
"23","enter-sustain-exit","26.979385","False","True","65.50921","0","0.020368448","1000"
"24","enter-sustain-exit","27.139286","False","True","65.52503","0","0.021001182","1000"
"25","enter-sustain-exit","27.29882","False","True","65.54062","0","0.021624757","1000"
"26","enter-sustain-exit","27.457905","False","True","65.556","0","0.022240017","1000"
"27","enter-sustain-exit","27.616463","False","True","65.57119","0","0.022847712","1000"
"28","enter-sustain-exit","27.77443","False","True","65.58621","0","0.023448512","1000"
"29","enter-sustain-exit","27.931753","False","True","65.601074","0","0.02404301","1000"
"30","enter-sustain-exit","28.088388","False","True","65.61579","0","0.024631733","1000"
"31","enter-sustain-exit","28.244299","False","True","65.63038","0","0.02521515","1000"
"32","enter-sustain-exit","28.399456","False","True","65.644844","0","0.025793683","1000"
"33","enter-sustain-exit","28.553837","False","True","65.659195","0","0.026367696","1000"
"34","enter-sustain-exit","28.707424","False","True","65.67344","0","0.026937522","1000"
"35","enter-sustain-exit","28.860209","False","True","65.687584","0","0.027503457","1000"
"36","enter-sustain-exit","29.012182","False","True","65.701645","0","0.02806576","1000"
"37","enter-sustain-exit","29.163347","False","True","65.715614","0","0.02862467","1000"
"38","enter-sustain-exit","29.313704","False","True","65.72951","0","0.029180394","1000"
"39","enter-sustain-exit","29.463259","False","True","65.74333","0","0.029733125","1000"
"40","enter-sustain-exit","29.61202","False","True","65.75707","0","0.03028303","1000"
"41","enter-sustain-exit","29.760002","False","True","65.77076","0","0.030830264","1000"
"42","enter-sustain-exit","29.907215","False","True","65.78438","0","0.031374972","1000"
"43","enter-sustain-exit","30.05364","False","True","65.79793","0","0.031917267","1000"
"44","enter-sustain-exit","30.199183","False","True","65.81143","0","0.03245723","1000"
"45","enter-sustain-exit","30.34373","False","True","65.824875","0","0.032994885","1000"
"46","enter-sustain-exit","30.48737","False","True","65.83826","0","0.033530295","1000"
"47","enter-sustain-exit","30.630217","False","True","65.851585","0","0.03406352","1000"
"48","enter-sustain-exit","30.772366","False","True","65.86487","0","0.034594655","1000"
"49","enter-sustain-exit","30.91389","False","True","65.8781","0","0.0351238","1000"
"50","enter-sustain-exit","31.054848","False","True","65.89127","0","0.03565105","1000"
"51","enter-sustain-exit","31.195278","False","True","65.90441","0","0.03617651","1000"
"52","enter-sustain-exit","31.33521","False","True","65.91751","0","0.036700286","1000"
"53","enter-sustain-exit","31.474669","False","True","65.930565","0","0.037222464","1000"
"54","enter-sustain-exit","31.613665","False","True","65.94358","0","0.037743125","1000"
"55","enter-sustain-exit","31.752207","False","True","65.95656","0","0.038262356","1000"
"56","enter-sustain-exit","31.8903","False","True","65.969505","0","0.038780216","1000"
"57","enter-sustain-exit","32.02795","False","True","65.98242","0","0.03929678","1000"
"58","enter-sustain-exit","32.16515","False","True","65.9953","0","0.039812084","1000"
"59","enter-sustain-exit","32.3019","False","True","66.008156","0","0.04032618","1000"
"60","enter-sustain-exit","32.438194","False","True","66.02098","0","0.040839106","1000"
"61","enter-sustain-exit","32.574028","True","True","66.987915","0.08440489","0.063607335","1000"
"62","enter-sustain-exit","33.05715","True","True","67.864","0.16054827","0.08492625","1000"
"63","enter-sustain-exit","33.540688","True","True","68.659386","0.22934593","0.105077945","1000"
"64","enter-sustain-exit","34.02322","True","True","69.38309","0.29160902","0.124291085","1000"
"65","enter-sustain-exit","34.504757","True","True","70.04307","0.34805834","0.14275196","1000"
"66","enter-sustain-exit","34.98544","True","True","70.646416","0.39933488","0.16061264","1000"
"67","enter-sustain-exit","35.46539","True","True","71.19943","0.44600847","0.17799743","1000"
"68","enter-sustain-exit","35.9447","True","True","71.7077","0.48858553","0.1950079","1000"
"69","enter-sustain-exit","36.423428","True","True","72.17618","0.52751595","0.2117271","1000"
"70","enter-sustain-exit","36.901627","True","True","72.60926","0.5631994","0.228223","1000"
"71","enter-sustain-exit","37.379326","True","True","73.01085","0.59599084","0.24455096","1000"
"72","enter-sustain-exit","37.85654","True","True","73.3844","0.62620527","0.2607561","1000"
"73","enter-sustain-exit","38.33328","True","True","73.73296","0.65412223","0.27687496","1000"
"74","enter-sustain-exit","38.80954","True","True","74.05925","0.6799897","0.29293692","1000"
"75","enter-sustain-exit","39.285313","True","True","74.36566","0.70402753","0.3089653","1000"
"76","enter-sustain-exit","39.76059","True","True","74.6543","0.7264305","0.32497832","1000"
"77","enter-sustain-exit","40.235348","True","True","74.92703","0.7473711","0.34098998","1000"
"78","enter-sustain-exit","40.709568","True","True","75.18552","0.76700205","0.35701033","1000"
"79","enter-sustain-exit","41.183224","True","True","75.4312","0.7854584","0.37304637","1000"
"80","enter-sustain-exit","41.65629","True","True","75.66535","0.8028594","0.3891021","1000"
"81","enter-sustain-exit","42.128727","True","True","75.88911","0.8193106","0.40517917","1000"
"82","enter-sustain-exit","42.600502","True","True","76.10343","0.8349048","0.42127675","1000"
"83","enter-sustain-exit","43.07158","True","True","76.309204","0.8497239","0.4373922","1000"
"84","enter-sustain-exit","43.541916","True","True","76.50717","0.8638399","0.453521","1000"
"85","enter-sustain-exit","44.01147","True","True","76.69798","0.8773162","0.46965694","1000"
"86","enter-sustain-exit","44.480198","True","True","76.88221","0.8902082","0.4857924","1000"
"87","enter-sustain-exit","44.948044","True","True","77.06035","0.9025646","0.50191814","1000"
"88","enter-sustain-exit","45.414955","True","True","77.232834","0.9144278","0.51802397","1000"
"89","enter-sustain-exit","45.88088","True","True","77.40001","0.92583483","0.53409827","1000"
"90","enter-sustain-exit","46.34575","True","True","77.56221","0.93681794","0.55012846","1000"
"91","enter-sustain-exit","46.80951","True","True","77.71969","0.9474049","0.56610084","1000"
"92","enter-sustain-exit","47.272087","True","True","77.87267","0.9576197","0.5820009","1000"
"93","enter-sustain-exit","47.733414","True","True","78.02135","0.96748316","0.59781325","1000"
"94","enter-sustain-exit","48.193413","True","True","78.16587","0.9770128","0.61352175","1000"
"95","enter-sustain-exit","48.652008","True","True","78.306366","0.98622376","0.6291097","1000"
"96","enter-sustain-exit","49.10911","True","True","78.44293","0.99512875","0.6445596","1000"
"97","enter-sustain-exit","49.56464","True","True","78.575645","1.0037385","0.6598536","1000"
"98","enter-sustain-exit","50.018494","True","True","78.704575","1.0120617","0.67497313","1000"
"99","enter-sustain-exit","50.470577","True","True","78.82976","1.0201057","0.6898997","1000"
"100","enter-sustain-exit","50.920784","True","True","78.95122","1.0278763","0.704614","1000"
"101","enter-sustain-exit","51.369007","True","True","79.06898","1.0353783","0.71909684","1000"
"102","enter-sustain-exit","51.81513","True","True","79.18304","1.0426154","0.733329","1000"
"103","enter-sustain-exit","52.259033","True","True","79.293396","1.0495903","0.7472909","1000"
"104","enter-sustain-exit","52.700577","True","True","79.40005","1.056305","0.76096326","1000"
"105","enter-sustain-exit","53.139626","True","True","79.50297","1.062761","0.7743268","1000"
"106","enter-sustain-exit","53.57605","True","True","79.60214","1.068959","0.7873626","1000"
"107","enter-sustain-exit","54.00971","True","True","79.69754","1.0748996","0.8000518","1000"
"108","enter-sustain-exit","54.440456","True","True","79.78913","1.0805829","0.8123763","1000"
"109","enter-sustain-exit","54.86814","True","True","79.87691","1.0860087","0.82431835","1000"
"110","enter-sustain-exit","55.29261","True","True","79.960815","1.091177","0.83586085","1000"
"111","enter-sustain-exit","55.713696","True","True","80.040855","1.0960875","0.8469874","1000"
"112","enter-sustain-exit","56.13124","True","True","80.11698","1.1007398","0.85768235","1000"
"113","enter-sustain-exit","56.545074","True","True","80.18918","1.1051337","0.867931","1000"
"114","enter-sustain-exit","56.95502","True","True","80.25743","1.109269","0.87771964","1000"
"115","enter-sustain-exit","57.360912","True","True","80.32172","1.1131457","0.88703567","1000"
"116","enter-sustain-exit","57.762573","True","True","80.38203","1.1167641","0.89586747","1000"
"117","enter-sustain-exit","58.159832","True","True","80.438354","1.1201248","0.90420485","1000"
"118","enter-sustain-exit","58.55252","True","True","80.49071","1.1232283","0.91203874","1000"
"119","enter-sustain-exit","58.94047","True","True","80.53908","1.1260761","0.9193617","1000"
"120","enter-sustain-exit","59.323524","True","True","80.58348","1.1286694","0.9261676","1000"
"121","enter-sustain-exit","59.701527","True","True","80.62394","1.1310103","0.93245167","1000"
"122","enter-sustain-exit","60.074337","True","True","80.66048","1.1331013","0.9382116","1000"
"123","enter-sustain-exit","60.44182","True","True","80.69339","1.1349622","0.94347715","1000"
"124","enter-sustain-exit","60.803852","True","True","80.72303","1.1366181","0.9482904","1000"
"125","enter-sustain-exit","61.160343","True","True","80.74974","1.1380917","0.95269024","1000"
"126","enter-sustain-exit","61.5112","True","True","80.77381","1.1394031","0.95671225","1000"
"127","enter-sustain-exit","61.85636","True","True","80.79551","1.14057","0.9603888","1000"
"128","enter-sustain-exit","62.19578","True","True","80.81507","1.1416084","0.9637497","1000"
"129","enter-sustain-exit","62.219353","True","True","80.83272","1.1425325","0.96682227","1000"
"130","enter-sustain-exit","62.219353","True","True","80.84864","1.1433548","0.96963143","1000"
"131","enter-sustain-exit","62.219353","True","True","80.86301","1.1440866","0.97219986","1000"
"132","enter-sustain-exit","62.219353","True","True","80.87598","1.1447377","0.9745484","1000"
"133","enter-sustain-exit","62.219353","True","True","80.88769","1.1453172","0.97669613","1000"
"134","enter-sustain-exit","62.219353","True","True","80.89827","1.1458329","0.9786603","1000"
"135","enter-sustain-exit","62.219353","True","True","80.90782","1.1462917","0.9804568","1000"
"136","enter-sustain-exit","62.219353","True","True","80.91646","1.1467","0.9821001","1000"
"137","enter-sustain-exit","62.219353","True","True","80.92426","1.1470634","0.98360354","1000"
"138","enter-sustain-exit","62.219345","True","True","80.93132","1.1473868","0.9849791","1000"
"139","enter-sustain-exit","62.21931","True","True","80.9377","1.1476746","0.9862377","1000"
"140","enter-sustain-exit","62.219234","True","True","80.943474","1.1479306","0.9873896","1000"
"141","enter-sustain-exit","62.219166","True","True","80.9487","1.1481586","0.98844385","1000"
"142","enter-sustain-exit","62.21901","True","True","80.95343","1.1483612","0.9894089","1000"
"143","enter-sustain-exit","62.218735","True","True","80.95771","1.1485417","0.9902924","1000"
"144","enter-sustain-exit","62.21828","True","True","80.96159","1.1487024","0.99110126","1000"
"145","enter-sustain-exit","62.217625","True","True","80.9651","1.1488453","0.991842","1000"
"146","enter-sustain-exit","62.21664","True","True","80.96829","1.1489724","0.9925202","1000"
"147","enter-sustain-exit","62.215557","True","True","80.971176","1.1490856","0.9931415","1000"
"148","enter-sustain-exit","62.214428","True","True","80.97379","1.1491863","0.9937105","1000"
"149","enter-sustain-exit","62.2143","True","True","80.976166","1.1492759","0.99423176","1000"
"150","enter-sustain-exit","62.213764","True","True","80.97832","1.1493555","0.9947094","1000"
"151","enter-sustain-exit","62.213154","True","True","80.98027","1.1494266","0.99514705","1000"
"152","enter-sustain-exit","62.212242","True","True","80.98204","1.1494896","0.99554807","1000"
"153","enter-sustain-exit","62.21101","True","True","80.98365","1.1495459","0.99591565","1000"
"154","enter-sustain-exit","62.20988","True","True","80.985115","1.1495959","0.99625254","1000"
"155","enter-sustain-exit","62.209312","True","True","80.98644","1.1496404","0.99656147","1000"
"156","enter-sustain-exit","62.209255","True","True","80.98765","1.14968","0.9968446","1000"
"157","enter-sustain-exit","62.20744","True","True","80.98875","1.1497152","0.99710417","1000"
"158","enter-sustain-exit","62.205765","True","True","80.989746","1.1497465","0.9973422","1000"
"159","enter-sustain-exit","62.203827","True","True","80.99065","1.1497744","0.99756056","1000"
"160","enter-sustain-exit","62.200943","True","True","80.99147","1.1497992","0.99776065","1000"
"161","enter-sustain-exit","62.19729","True","True","80.992226","1.1498214","0.9979443","1000"
"162","enter-sustain-exit","62.19639","True","True","80.992905","1.1498411","0.9981128","1000"
"163","enter-sustain-exit","62.192318","True","True","80.99353","1.1498585","0.99826735","1000"
"164","enter-sustain-exit","62.190445","True","True","80.994095","1.1498741","0.99840903","1000"
"165","enter-sustain-exit","62.186592","True","True","80.994606","1.1498879","0.99853915","1000"
"166","enter-sustain-exit","62.182377","True","True","80.99508","1.1499002","0.9986586","1000"
"167","enter-sustain-exit","62.176327","True","True","80.99551","1.1499112","0.99876803","1000"
"168","enter-sustain-exit","62.16906","True","True","80.995895","1.1499211","0.99886864","1000"
"169","enter-sustain-exit","62.16263","True","True","80.99625","1.1499298","0.998961","1000"
"170","enter-sustain-exit","62.160076","True","True","80.996574","1.1499375","0.99904567","1000"
"171","enter-sustain-exit","62.156616","True","True","80.99687","1.1499443","0.9991234","1000"
"172","enter-sustain-exit","62.14846","True","True","80.99714","1.1499504","0.99919474","1000"
"173","enter-sustain-exit","62.141243","True","True","80.99738","1.1499559","0.99926025","1000"
"174","enter-sustain-exit","62.13354","True","True","80.997604","1.1499608","0.99932045","1000"
"175","enter-sustain-exit","62.122856","True","True","80.99781","1.149965","0.99937564","1000"
"176","enter-sustain-exit","62.11035","True","True","80.998","1.149969","0.99942636","1000"
"177","enter-sustain-exit","62.099506","True","True","80.99817","1.1499723","0.999473","1000"
"178","enter-sustain-exit","62.092033","True","True","80.99832","1.1499754","0.9995158","1000"
"179","enter-sustain-exit","62.085926","True","True","80.99847","1.1499782","0.99955505","1000"
"180","enter-sustain-exit","62.076504","True","True","80.9986","1.1499805","0.9995911","1000"
"181","enter-sustain-exit","62.066788","True","True","80.99872","1.1499827","0.99962425","1000"
"182","enter-sustain-exit","62.052895","True","True","80.998825","1.1499846","0.9996547","1000"
"183","enter-sustain-exit","62.036987","True","True","80.998924","1.1499863","0.99968266","1000"
"184","enter-sustain-exit","62.023357","True","True","80.999016","1.1499878","0.99970835","1000"
"185","enter-sustain-exit","62.02045","True","True","80.9991","1.1499891","0.999732","1000"
"186","enter-sustain-exit","62.018787","True","True","80.999176","1.1499903","0.99975365","1000"
"187","enter-sustain-exit","62.006584","True","True","80.999245","1.1499914","0.9997736","1000"
"188","enter-sustain-exit","61.99718","True","True","80.999306","1.1499923","0.9997919","1000"
"189","enter-sustain-exit","61.987694","True","True","80.99937","1.1499932","0.9998087","1000"
"190","enter-sustain-exit","61.972256","True","True","80.99942","1.1499939","0.9998242","1000"
"191","enter-sustain-exit","61.954235","True","True","80.999466","1.1499946","0.9998384","1000"
"192","enter-sustain-exit","61.946182","True","True","80.99951","1.1499952","0.99985147","1000"
"193","enter-sustain-exit","61.935635","True","True","80.99955","1.1499958","0.99986345","1000"
"194","enter-sustain-exit","61.933765","True","True","80.99959","1.1499963","0.9998745","1000"
"195","enter-sustain-exit","61.927803","True","True","80.999626","1.1499966","0.99988467","1000"
"196","enter-sustain-exit","61.921753","True","True","80.99966","1.149997","0.9998939","1000"
"197","enter-sustain-exit","61.90826","True","True","80.99968","1.1499974","0.9999025","1000"
"198","enter-sustain-exit","61.891277","True","True","80.99971","1.1499976","0.9999103","1000"
"199","enter-sustain-exit","61.8797","True","True","80.99973","1.149998","0.99991757","1000"
"200","enter-sustain-exit","61.87944","True","True","80.999756","1.1499981","0.9999241","1000"
"201","enter-sustain-exit","61.874058","True","True","80.99977","1.1499983","0.99993026","1000"
"202","enter-sustain-exit","61.87672","True","True","80.999794","1.1499985","0.9999359","1000"
"203","enter-sustain-exit","61.87644","True","True","80.99981","1.1499987","0.99994105","1000"
"204","enter-sustain-exit","61.871853","True","True","80.999825","1.1499988","0.9999458","1000"
"205","enter-sustain-exit","61.86404","True","True","80.99984","1.1499989","0.9999502","1000"
"206","enter-sustain-exit","61.853535","True","True","80.999855","1.1499991","0.9999542","1000"
"207","enter-sustain-exit","61.83444","True","True","80.99986","1.1499991","0.99995786","1000"
"208","enter-sustain-exit","61.816307","True","True","80.99988","1.1499993","0.99996126","1000"
"209","enter-sustain-exit","61.796597","True","True","80.999886","1.1499993","0.99996436","1000"
"210","enter-sustain-exit","61.77498","True","True","80.99989","1.1499994","0.9999672","1000"
"211","enter-sustain-exit","61.751453","True","True","80.99991","1.1499994","0.99996984","1000"
"212","enter-sustain-exit","61.713932","True","True","80.99991","1.1499995","0.9999723","1000"
"213","enter-sustain-exit","61.688583","True","True","80.99992","1.1499996","0.99997455","1000"
"214","enter-sustain-exit","61.651077","True","True","80.99992","1.1499996","0.99997663","1000"
"215","enter-sustain-exit","61.614952","True","True","80.99993","1.1499997","0.9999785","1000"
"216","enter-sustain-exit","61.490364","True","True","80.99994","1.1499997","0.9999802","1000"
"217","enter-sustain-exit","61.52131","True","True","80.99994","1.1499997","0.99998176","1000"
"218","enter-sustain-exit","61.492214","True","True","80.99995","1.1499997","0.9999832","1000"
"219","enter-sustain-exit","61.417145","True","True","80.999954","1.1499997","0.9999845","1000"
"220","enter-sustain-exit","61.381275","True","True","80.999954","1.1499997","0.9999857","1000"
"221","enter-sustain-exit","61.3214","True","True","80.999954","1.1499997","0.9999868","1000"
"222","enter-sustain-exit","60.199364","True","True","80.99996","1.1499997","0.99998784","1000"
"223","enter-sustain-exit","60.254333","True","True","80.99996","1.1499997","0.9999888","1000"
"224","enter-sustain-exit","60.308388","True","True","80.99997","1.1499997","0.9999897","1000"
"225","enter-sustain-exit","60.36269","True","True","80.99997","1.1499997","0.9999905","1000"
"226","enter-sustain-exit","60.427044","True","True","80.99997","1.1499997","0.99999124","1000"
"227","enter-sustain-exit","60.47266","True","True","80.99997","1.1499997","0.9999919","1000"
"228","enter-sustain-exit","60.51393","True","True","80.99998","1.1499997","0.99999255","1000"
"229","enter-sustain-exit","60.526432","True","True","80.99998","1.1499997","0.99999315","1000"
"230","enter-sustain-exit","60.579254","True","True","80.99998","1.1499997","0.9999937","1000"
"231","enter-sustain-exit","60.61857","True","True","80.999985","1.1499997","0.99999416","1000"
"232","enter-sustain-exit","60.658817","True","True","80.999985","1.1499997","0.99999464","1000"
"233","enter-sustain-exit","60.70451","True","True","80.999985","1.1499997","0.99999505","1000"
"234","enter-sustain-exit","60.768597","True","True","80.999985","1.1499997","0.9999954","1000"
"235","enter-sustain-exit","60.828773","True","True","80.999985","1.1499997","0.99999577","1000"
"236","enter-sustain-exit","60.88521","True","True","80.999985","1.1499997","0.99999607","1000"
"237","enter-sustain-exit","60.941948","True","True","80.999985","1.1499997","0.99999636","1000"
"238","enter-sustain-exit","61.01905","True","True","80.999985","1.1499997","0.99999666","1000"
"239","enter-sustain-exit","61.085545","True","True","80.999985","1.1499997","0.9999969","1000"
"240","enter-sustain-exit","61.138733","True","True","80.99999","1.1499997","0.99999714","1000"
"241","enter-sustain-exit","61.17177","False","True","80.26335","1.0848355","0.9501327","1000"
"242","enter-sustain-exit","60.772526","False","True","79.56845","1.0233638","0.9030939","1000"
"243","enter-sustain-exit","60.394066","False","True","78.91293","0.9653754","0.85872036","1000"
"244","enter-sustain-exit","60.00343","False","True","78.294556","0.9106729","0.8168613","1000"
"245","enter-sustain-exit","59.61461","False","True","77.711174","0.85907006","0.77736205","1000"
"246","enter-sustain-exit","59.228844","False","True","77.16071","0.81039125","0.7400685","1000"
"247","enter-sustain-exit","58.86486","False","True","76.641235","0.7644708","0.70484334","1000"
"248","enter-sustain-exit","58.4975","False","True","76.15091","0.7211524","0.6715584","1000"
"249","enter-sustain-exit","58.12939","False","True","75.688","0.6802887","0.6400958","1000"
"250","enter-sustain-exit","57.775837","False","True","75.25092","0.6417404","0.61035085","1000"
"251","enter-sustain-exit","57.413734","False","True","74.83812","0.6053765","0.58222073","1000"
"252","enter-sustain-exit","57.034267","False","True","74.44813","0.5710731","0.55560637","1000"
"253","enter-sustain-exit","56.646435","False","True","74.079575","0.5387135","0.530418","1000"
"254","enter-sustain-exit","56.25811","False","True","73.73117","0.5081876","0.50657415","1000"
"255","enter-sustain-exit","55.88478","False","True","73.40175","0.47939137","0.48400503","1000"
"256","enter-sustain-exit","55.50725","False","True","73.09016","0.45222688","0.4626379","1000"
"257","enter-sustain-exit","55.145576","False","True","72.79537","0.42660165","0.44241273","1000"
"258","enter-sustain-exit","54.77514","False","True","72.516365","0.40242848","0.4232629","1000"
"259","enter-sustain-exit","54.38511","False","True","72.25214","0.37962508","0.40512112","1000"
"260","enter-sustain-exit","54.129726","False","True","72.00222","0.3581138","0.38798994","1000"
"261","enter-sustain-exit","53.31454","False","True","71.76385","0.33782145","0.37156668","989.2939"
"262","enter-sustain-exit","53.211338","False","True","71.53881","0.31867898","0.35613936","989.2939"
"263","enter-sustain-exit","53.10958","False","True","71.32636","0.30062118","0.3416435","989.2939"
"264","enter-sustain-exit","52.99744","False","True","71.125725","0.28358662","0.32801434","989.2939"
"265","enter-sustain-exit","52.706707","False","True","70.93554","0.26751733","0.31512254","989.2939"
"266","enter-sustain-exit","52.44153","False","True","70.755295","0.2523586","0.30293757","989.2939"
"267","enter-sustain-exit","52.170597","False","True","70.58437","0.2380588","0.29141676","989.2939"
"268","enter-sustain-exit","51.903175","False","True","70.42224","0.22456932","0.28052387","989.2939"
"269","enter-sustain-exit","51.61833","False","True","70.26831","0.2118442","0.27021593","989.2939"
"270","enter-sustain-exit","51.3222","False","True","70.12204","0.19984016","0.2604554","989.2939"
"271","enter-sustain-exit","51.018314","False","True","69.98293","0.1885163","0.25120854","989.2939"
"272","enter-sustain-exit","50.70096","False","True","69.8505","0.17783412","0.24244125","989.2939"
"273","enter-sustain-exit","50.367893","False","True","69.724266","0.16775723","0.2341207","989.2939"
"274","enter-sustain-exit","50.017094","False","True","69.60376","0.15825135","0.22621535","989.2939"
"275","enter-sustain-exit","49.660786","False","True","69.4886","0.14928411","0.2187005","989.2939"
"276","enter-sustain-exit","49.29974","False","True","69.37844","0.140825","0.21155302","989.2939"
"277","enter-sustain-exit","48.943768","False","True","69.27299","0.13284521","0.20475483","989.2939"
"278","enter-sustain-exit","48.56557","False","True","69.17183","0.1253176","0.19827794","989.2939"
"279","enter-sustain-exit","48.18324","False","True","69.07468","0.11821653","0.19210322","989.2939"
"280","enter-sustain-exit","47.797516","False","True","68.981255","0.11151785","0.18621287","989.2939"
"281","enter-sustain-exit","47.424583","False","True","68.89139","0.10519873","0.18059617","989.2939"
"282","enter-sustain-exit","47.035862","False","True","68.80478","0.099237695","0.1752316","989.2939"
"283","enter-sustain-exit","46.65337","False","True","68.72124","0.093614444","0.17010748","989.2939"
"284","enter-sustain-exit","46.292065","False","True","68.6407","0.088309824","0.16521822","989.2939"
"285","enter-sustain-exit","45.91894","False","True","68.56291","0.08330579","0.16054544","989.2939"
"286","enter-sustain-exit","45.55021","False","True","68.48771","0.078585304","0.15607813","989.2939"
"287","enter-sustain-exit","45.194824","False","True","68.41502","0.07413231","0.15180914","989.2939"
"288","enter-sustain-exit","44.85923","False","True","68.34482","0.069931634","0.14773378","989.2939"
"289","enter-sustain-exit","44.51216","False","True","68.276855","0.06596899","0.14383556","989.2939"
"290","enter-sustain-exit","44.218155","False","True","68.21135","0.06223089","0.14012316","989.2939"
"291","enter-sustain-exit","43.950058","False","True","68.148315","0.058704603","0.13659357","989.2939"
"292","enter-sustain-exit","43.669712","False","True","68.08751","0.055378135","0.13322972","989.2939"
"293","enter-sustain-exit","43.390602","False","True","68.02881","0.05224016","0.1300208","989.2939"
"294","enter-sustain-exit","43.13618","False","True","67.972244","0.049279995","0.12696515","989.2939"
"295","enter-sustain-exit","42.870922","False","True","67.9176","0.04648757","0.12404821","989.2939"
"296","enter-sustain-exit","42.606163","False","True","67.86476","0.043853372","0.12126063","989.2939"
"297","enter-sustain-exit","42.36499","False","True","67.81378","0.04136844","0.11860184","989.2939"
"298","enter-sustain-exit","42.11269","False","True","67.76446","0.03902432","0.116058856","989.2939"
"299","enter-sustain-exit","41.868786","False","True","67.71674","0.036813024","0.113626584","989.2939"
"300","enter-sustain-exit","41.640713","False","True","67.670654","0.034727033","0.11130273","989.2939"
"301","enter-sustain-exit","41.40313","False","True","67.626015","0.03275924","0.10907631","989.2939"
"302","enter-sustain-exit","41.314182","False","True","67.58379","0.030902954","0.106991306","989.2939"
"303","enter-sustain-exit","41.22636","False","True","67.54383","0.029151851","0.105036624","989.2939"
"304","enter-sustain-exit","41.14751","False","True","67.50604","0.027499976","0.10320481","989.2939"
"305","enter-sustain-exit","40.885624","False","True","67.468956","0.025941702","0.101424806","989.2939"
"306","enter-sustain-exit","40.686512","False","True","67.433","0.024471728","0.09971455","989.2939"
"307","enter-sustain-exit","40.48758","False","True","67.39809","0.023085048","0.09806924","989.2939"
"308","enter-sustain-exit","40.433186","False","True","67.36521","0.021776944","0.09653211","989.2939"
"309","enter-sustain-exit","40.378746","False","True","67.33423","0.020542964","0.09509437","989.2939"
"310","enter-sustain-exit","40.33159","False","True","67.305046","0.019378908","0.09375039","989.2939"
"311","enter-sustain-exit","40.290833","False","True","67.2776","0.018280812","0.09249475","989.2939"
"312","enter-sustain-exit","40.031082","False","True","67.250175","0.017244937","0.09124967","989.2939"
"313","enter-sustain-exit","39.860657","False","True","67.22343","0.016267762","0.090044044","989.2939"
"314","enter-sustain-exit","39.83131","False","True","67.19834","0.015345956","0.08892056","989.2939"
"315","enter-sustain-exit","39.807774","False","True","67.17485","0.014476385","0.08787448","989.2939"
"316","enter-sustain-exit","39.78372","False","True","67.15283","0.013656088","0.08689942","989.2939"
"317","enter-sustain-exit","39.76565","False","True","67.132225","0.012882272","0.08599163","989.2939"
"318","enter-sustain-exit","39.74745","False","True","67.11292","0.012152304","0.085145734","989.2939"
"319","enter-sustain-exit","39.51273","False","True","67.09326","0.011463699","0.08428879","989.2939"
"320","enter-sustain-exit","39.372784","False","True","67.07396","0.0108141145","0.08345213","989.2939"
"321","enter-sustain-exit","39.251354","False","True","67.05514","0.010201338","0.08264034","989.2939"
"322","enter-sustain-exit","39.25432","False","True","67.03768","0.0096232835","0.08189065","989.2939"
"323","enter-sustain-exit","39.257103","False","True","67.02149","0.009077985","0.08119802","989.2939"
"324","enter-sustain-exit","39.265232","False","True","67.00651","0.008563586","0.08055957","989.2939"
"325","enter-sustain-exit","39.100285","False","True","66.99138","0.008078334","0.07991739","989.2939"
"326","enter-sustain-exit","39.00267","False","True","66.97661","0.007620579","0.07929303","989.2939"
"327","enter-sustain-exit","39.025024","False","True","66.96306","0.0071887625","0.078722335","989.2939"
"328","enter-sustain-exit","39.047443","False","True","66.950645","0.006781415","0.07820106","989.2939"
"329","enter-sustain-exit","38.929108","False","True","66.93825","0.006397149","0.07768202","989.2939"
"330","enter-sustain-exit","38.832497","False","True","66.926025","0.006034658","0.07717199","989.2939"
"331","enter-sustain-exit","38.748302","False","True","66.91406","0.0056927064","0.07667427","989.2939"
"332","enter-sustain-exit","38.790157","False","True","66.903275","0.005370132","0.07622665","989.2939"
"333","enter-sustain-exit","38.83282","False","True","66.89358","0.0050658365","0.07582537","989.2939"
"334","enter-sustain-exit","38.880722","False","True","66.88493","0.004778783","0.07546832","989.2939"
"335","enter-sustain-exit","38.933693","False","True","66.8773","0.0045079957","0.07515349","989.2939"
"336","enter-sustain-exit","38.811897","False","True","66.8693","0.0042525525","0.0748245","989.2939"
"337","enter-sustain-exit","38.872944","False","True","66.86232","0.0040115835","0.07453815","989.2939"
"338","enter-sustain-exit","38.938095","False","True","66.85632","0.0037842689","0.074292265","989.2939"
"339","enter-sustain-exit","39.009724","False","True","66.85127","0.0035698349","0.07408559","989.2939"
"340","enter-sustain-exit","39.085217","False","True","66.84712","0.003367552","0.07391613","989.2939"
"341","enter-sustain-exit","39.165333","False","True","66.84384","0.003176731","0.07378231","989.2939"
"342","enter-sustain-exit","39.04806","False","True","66.83991","0.002996723","0.073622","989.2939"
"343","enter-sustain-exit","38.995842","False","True","66.83586","0.0028269151","0.073457055","989.2939"
"344","enter-sustain-exit","38.9544","False","True","66.83179","0.002666729","0.0732912","989.2939"
"345","enter-sustain-exit","39.039158","False","True","66.82862","0.00251562","0.073162474","989.2939"
"346","enter-sustain-exit","39.126217","False","True","66.82631","0.0023730737","0.07306858","989.2939"
"347","enter-sustain-exit","39.214787","False","True","66.8248","0.0022386047","0.07300719","989.2939"
"348","enter-sustain-exit","39.30402","False","True","66.82403","0.002111755","0.072975874","989.2939"
"349","enter-sustain-exit","39.39316","False","True","66.823944","0.0019920936","0.072972216","989.2939"
"350","enter-sustain-exit","39.480927","False","True","66.82447","0.0018792126","0.07299358","989.2939"
"351","enter-sustain-exit","39.40056","False","True","66.82435","0.0017727279","0.07298806","989.2939"
"352","enter-sustain-exit","39.486668","False","True","66.82483","0.0016722771","0.07300735","989.2939"
"353","enter-sustain-exit","39.572353","False","True","66.82588","0.0015775183","0.07304934","989.2939"
"354","enter-sustain-exit","39.65724","False","True","66.82744","0.001488129","0.073111966","989.2939"
"355","enter-sustain-exit","39.740326","False","True","66.82946","0.0014038049","0.07319306","989.2939"
"356","enter-sustain-exit","39.8223","False","True","66.831894","0.0013242589","0.07329082","989.2939"
"357","enter-sustain-exit","39.715935","False","True","66.83334","0.0012492203","0.073348425","989.2939"
"358","enter-sustain-exit","39.66047","False","True","66.83424","0.0011784339","0.07338418","989.2939"
"359","enter-sustain-exit","39.615902","False","True","66.834724","0.0011116585","0.073403105","989.2939"
"360","enter-sustain-exit","39.559216","False","True","66.83474","0.0010486669","0.07340302","989.2939"
"361","repeated-use","24","False","False","65","0","0","1000"
"362","repeated-use","24","False","True","65.037476","0","0.0014991671","1000"
"363","repeated-use","24.084047","False","True","65.07243","0","0.0028974116","1000"
"364","repeated-use","24.185892","False","True","65.10517","0","0.0042069317","1000"
"365","repeated-use","24.296915","False","True","65.135925","0","0.005437046","1000"
"366","repeated-use","24.41555","False","True","65.1649","0","0.006596004","1000"
"367","repeated-use","24.54131","False","True","65.19228","0","0.007691314","1000"
"368","repeated-use","24.672813","False","True","65.21824","0","0.008729591","1000"
"369","repeated-use","24.8098","False","True","65.24292","0","0.009716887","1000"
"370","repeated-use","24.951267","False","True","65.266464","0","0.010658554","1000"
"371","repeated-use","25.096315","False","True","65.28899","0","0.0115593225","1000"
"372","repeated-use","25.245085","False","True","65.31059","0","0.0124235945","1000"
"373","repeated-use","25.39632","False","True","65.331375","0","0.0132551305","1000"
"374","repeated-use","25.549679","False","True","65.35143","0","0.014057316","1000"
"375","repeated-use","25.70528","False","True","65.370834","0","0.014833301","1000"
"376","repeated-use","25.862255","False","True","65.38964","0","0.01558578","1000"
"377","repeated-use","26.020199","False","True","65.40793","0","0.016317133","1000"
"378","repeated-use","26.179232","False","True","65.42574","0","0.017029578","1000"
"379","repeated-use","26.338825","False","True","65.44312","0","0.017725028","1000"
"380","repeated-use","26.498724","False","True","65.46013","0","0.018405175","1000"
"381","repeated-use","26.658974","False","True","65.47679","0","0.019071585","1000"
"382","repeated-use","26.819225","False","True","65.49314","0","0.019725604","1000"
"383","repeated-use","26.979385","False","True","65.50921","0","0.020368448","1000"
"384","repeated-use","27.139286","False","True","65.52503","0","0.021001182","1000"
"385","repeated-use","27.29882","False","True","65.54062","0","0.021624757","1000"
"386","repeated-use","27.457905","False","True","65.556","0","0.022240017","1000"
"387","repeated-use","27.616463","False","True","65.57119","0","0.022847712","1000"
"388","repeated-use","27.77443","False","True","65.58621","0","0.023448512","1000"
"389","repeated-use","27.931753","False","True","65.601074","0","0.02404301","1000"
"390","repeated-use","28.088388","False","True","65.61579","0","0.024631733","1000"
"391","repeated-use","28.244299","True","True","66.48406","0.07551795","0.037357856","1000"
"392","repeated-use","28.741268","True","True","67.271545","0.1436958","0.04960655","1000"
"393","repeated-use","29.238056","True","True","67.98741","0.20535503","0.06152562","1000"
"394","repeated-use","29.733694","True","True","68.63975","0.26122373","0.07323221","1000"
"395","repeated-use","30.228065","True","True","69.23575","0.31194854","0.08481921","1000"
"396","repeated-use","30.721163","False","True","69.06021","0.29427212","0.08441495","1000"
"397","repeated-use","30.867542","False","True","68.8951","0.27759734","0.08388607","1000"
"398","repeated-use","31.012041","False","True","68.73984","0.26186743","0.083257146","1000"
"399","repeated-use","31.15571","False","True","68.59388","0.24702884","0.08255015","1000"
"400","repeated-use","31.29865","False","True","68.45671","0.23303105","0.081783965","1000"
"401","repeated-use","31.440876","False","True","68.32785","0.21982646","0.08097476","1000"
"402","repeated-use","31.582321","False","True","68.20684","0.2073701","0.080136254","1000"
"403","repeated-use","31.72297","False","True","68.09325","0.19561957","0.07928014","1000"
"404","repeated-use","31.862732","False","True","67.986664","0.18453489","0.07841623","1000"
"405","repeated-use","32.00169","False","True","67.88669","0.17407832","0.077552855","1000"
"406","repeated-use","32.139923","False","True","67.79296","0.16421424","0.076697074","1000"
"407","repeated-use","32.27749","False","True","67.70514","0.15490913","0.07585478","1000"
"408","repeated-use","32.414433","False","True","67.62289","0.14613128","0.075030886","1000"
"409","repeated-use","32.550785","False","True","67.545906","0.13785082","0.07422943","1000"
"410","repeated-use","32.686573","False","True","67.4739","0.13003957","0.073453695","1000"
"411","repeated-use","32.821808","False","True","67.406586","0.12267094","0.072706304","1000"
"412","repeated-use","32.956497","False","True","67.343704","0.115719855","0.07198933","1000"
"413","repeated-use","33.09065","False","True","67.28501","0.10916264","0.071304314","1000"
"414","repeated-use","33.224266","False","True","67.23027","0.10297699","0.070652425","1000"
"415","repeated-use","33.357346","False","True","67.17927","0.09714185","0.07003443","1000"
"416","repeated-use","33.489883","False","True","67.13178","0.09163735","0.06945079","1000"
"417","repeated-use","33.621876","False","True","67.08763","0.086444765","0.06890173","1000"
"418","repeated-use","33.753315","False","True","67.046616","0.08154641","0.068387225","1000"
"419","repeated-use","33.884193","False","True","67.00856","0.07692563","0.06790705","1000"
"420","repeated-use","34.014507","False","True","66.973305","0.07256667","0.06746086","1000"
"421","repeated-use","34.14424","True","True","67.88913","0.15235569","0.092019655","1000"
"422","repeated-use","34.62587","True","True","68.71992","0.22440201","0.11505254","1000"
"423","repeated-use","35.108433","True","True","69.47517","0.28956267","0.13684161","1000"
"424","repeated-use","35.59004","True","True","70.16325","0.34859538","0.15761569","1000"
"425","repeated-use","36.070633","True","True","70.791626","0.40217346","0.17756207","1000"
"426","repeated-use","36.550346","True","True","71.36689","0.45089552","0.19683434","1000"
"427","repeated-use","37.029285","True","True","71.8949","0.49529368","0.21555857","1000"
"428","repeated-use","37.507534","True","True","72.38086","0.5358408","0.23383832","1000"
"429","repeated-use","37.98515","True","True","72.82939","0.572957","0.2517587","1000"
"430","repeated-use","38.46217","True","True","73.24458","0.60701525","0.2693894","1000"
"431","repeated-use","38.93862","True","True","73.630066","0.63834697","0.28678763","1000"
"432","repeated-use","39.414513","True","True","73.98905","0.6672461","0.304","1000"
"433","repeated-use","39.889847","True","True","74.32439","0.6939736","0.32106438","1000"
"434","repeated-use","40.364616","True","True","74.63858","0.7187606","0.33801115","1000"
"435","repeated-use","40.838806","True","True","74.93387","0.7418123","0.35486454","1000"
"436","repeated-use","41.312397","True","True","75.21221","0.76331013","0.37164336","1000"
"437","repeated-use","41.785366","True","True","75.475334","0.78341514","0.3883619","1000"
"438","repeated-use","42.257683","True","True","75.72478","0.80226946","0.40503043","1000"
"439","repeated-use","42.729317","True","True","75.96187","0.8199989","0.42165586","1000"
"440","repeated-use","43.20023","True","True","76.187805","0.8367147","0.43824193","1000"
"441","repeated-use","43.670383","True","True","76.40362","0.8525148","0.45478988","1000"
"442","repeated-use","44.139736","True","True","76.61022","0.8674857","0.47129846","1000"
"443","repeated-use","44.60824","True","True","76.80841","0.8817036","0.48776433","1000"
"444","repeated-use","45.075844","True","True","76.99888","0.89523554","0.5041822","1000"
"445","repeated-use","45.542496","True","True","77.18223","0.9081401","0.5205452","1000"
"446","repeated-use","46.00814","True","True","77.35898","0.92046905","0.5368446","1000"
"447","repeated-use","46.472717","True","True","77.5296","0.93226737","0.55307055","1000"
"448","repeated-use","46.93616","True","True","77.69447","0.9435744","0.5692117","1000"
"449","repeated-use","47.398403","True","True","77.85393","0.9544247","0.5852558","1000"
"450","repeated-use","47.859375","True","True","78.008255","0.96484786","0.6011892","1000"
"451","repeated-use","48.318996","True","True","78.1577","0.9748698","0.61699754","1000"
"452","repeated-use","48.77719","True","True","78.302475","0.98451275","0.6326656","1000"
"453","repeated-use","49.23387","True","True","78.44273","0.99379593","0.64817727","1000"
"454","repeated-use","49.68895","True","True","78.57862","1.0027356","0.6635159","1000"
"455","repeated-use","50.142326","True","True","78.71026","1.0113461","0.6786643","1000"
"456","repeated-use","50.593903","False","True","78.09617","0.95403856","0.65492874","1000"
"457","repeated-use","50.543903","False","True","77.515854","0.89997846","0.6313586","1000"
"458","repeated-use","50.493904","False","True","76.96747","0.8489816","0.6081005","1000"
"459","repeated-use","50.443905","False","True","76.449265","0.8008744","0.5852721","1000"
"460","repeated-use","50.393906","False","True","75.95958","0.7554932","0.5629665","1000"
"461","repeated-use","50.343906","False","True","75.496864","0.71268356","0.54125607","1000"
"462","repeated-use","50.293907","False","True","75.05963","0.6722997","0.5201954","1000"
"463","repeated-use","50.243908","False","True","74.64649","0.63420415","0.49982458","1000"
"464","repeated-use","50.19391","False","True","74.2561","0.5982673","0.480171","1000"
"465","repeated-use","50.14391","False","True","73.88722","0.56436676","0.46125177","1000"
"466","repeated-use","50.09391","False","True","73.538666","0.53238714","0.4430754","1000"
"467","repeated-use","50.04391","False","True","73.20931","0.50221974","0.42564327","1000"
"468","repeated-use","49.99391","False","True","72.8981","0.47376168","0.4089508","1000"
"469","repeated-use","49.943913","False","True","72.604034","0.4469162","0.39298886","1000"
"470","repeated-use","49.893913","False","True","72.326164","0.4215919","0.37774432","1000"
"471","repeated-use","49.843914","False","True","72.0636","0.3977026","0.36320108","1000"
"472","repeated-use","49.793915","False","True","71.815475","0.37516698","0.34934074","1000"
"473","repeated-use","49.743916","False","True","71.58102","0.35390833","0.336143","1000"
"474","repeated-use","49.693916","False","True","71.35945","0.3338543","0.3235863","1000"
"475","repeated-use","49.643917","False","True","71.15006","0.3149366","0.31164816","1000"
"476","repeated-use","49.593918","False","True","70.95219","0.29709086","0.30030546","1000"
"477","repeated-use","49.54392","False","True","70.765175","0.28025633","0.28953493","1000"
"478","repeated-use","49.49392","False","True","70.588425","0.26437575","0.27931297","1000"
"479","repeated-use","49.44392","False","True","70.42138","0.24939503","0.2696164","1000"
"480","repeated-use","49.39392","False","True","70.26348","0.23526317","0.26042208","1000"
"481","repeated-use","49.34392","True","True","71.30442","0.32721844","0.32167786","1000"
"482","repeated-use","49.790527","True","True","72.24053","0.40970922","0.37702066","1000"
"483","repeated-use","50.244564","True","True","73.083275","0.4837673","0.42721486","1000"
"484","repeated-use","50.697166","True","True","73.84263","0.5502972","0.47289714","1000"
"485","repeated-use","51.147434","True","True","74.52745","0.61010206","0.51460755","1000"
"486","repeated-use","51.59538","True","True","75.14561","0.6638963","0.5528067","1000"
"487","repeated-use","52.040993","True","True","75.70409","0.7123154","0.5878879","1000"
"488","repeated-use","52.484226","True","True","76.20909","0.7559244","0.620188","1000"
"489","repeated-use","52.924995","True","True","76.66615","0.7952258","0.6499956","1000"
"490","repeated-use","53.363186","True","True","77.08015","0.8306665","0.6775588","1000"
"491","repeated-use","53.798664","True","True","77.45544","0.8626437","0.7030908","1000"
"492","repeated-use","54.231285","True","True","77.79588","0.8915107","0.7267753","1000"
"493","repeated-use","54.660896","True","True","78.104904","0.91758156","0.7487711","1000"
"494","repeated-use","55.087337","True","True","78.38556","0.9411357","0.76921505","1000"
"495","repeated-use","55.51045","True","True","78.64053","0.9624215","0.788226","1000"
"496","repeated-use","55.930054","True","True","78.87224","0.98165995","0.8059069","1000"
"497","repeated-use","56.34599","True","True","79.08282","0.9990479","0.82234734","1000"
"498","repeated-use","56.758087","True","True","79.27415","1.0147603","0.8376253","1000"
"499","repeated-use","57.166172","True","True","79.44794","1.028953","0.8518091","1000"
"500","repeated-use","57.570072","True","True","79.605675","1.041765","0.8649586","1000"
"501","repeated-use","57.96964","True","True","79.7487","1.0533203","0.87712663","1000"
"502","repeated-use","58.364727","True","True","79.87822","1.0637295","0.8883601","1000"
"503","repeated-use","58.75513","True","True","79.99529","1.0730914","0.89870065","1000"
"504","repeated-use","59.14064","True","True","80.100876","1.0814942","0.9081858","1000"
"505","repeated-use","59.52111","True","True","80.195816","1.0890173","0.9168494","1000"
"506","repeated-use","59.89634","True","True","80.28089","1.0957316","0.9247226","1000"
"507","repeated-use","60.26612","True","True","80.356895","1.1017076","0.93184584","1000"
"508","repeated-use","60.63024","True","True","80.42478","1.1070254","0.9382885","1000"
"509","repeated-use","60.988724","True","True","80.48543","1.1117578","0.9441153","1000"
"510","repeated-use","61.34159","True","True","80.53961","1.1159688","0.9493849","1000"
"511","repeated-use","61.68842","True","True","80.58802","1.1197163","0.95415086","1000"
"512","repeated-use","62.029205","True","True","80.63129","1.123051","0.95846117","1000"
"513","repeated-use","62.2146","True","True","80.66996","1.1260186","0.96235985","1000"
"514","repeated-use","62.21356","True","True","80.70452","1.1286594","0.96588635","1000"
"515","repeated-use","62.212215","True","True","80.73543","1.1310095","0.9690766","1000"
"516","repeated-use","62.210907","False","True","80.01494","1.0669214","0.9220963","1000"
"517","repeated-use","62.156944","False","True","79.33519","1.0064647","0.877631","1000"
"518","repeated-use","62.103107","False","True","78.69387","0.9494339","0.83555746","1000"
"519","repeated-use","62.048595","False","True","78.08881","0.89563465","0.7957568","1000"
"520","repeated-use","61.993366","False","True","77.51797","0.844884","0.7581148","1000"
"521","repeated-use","61.936874","False","True","76.9794","0.79700905","0.72252166","1000"
"522","repeated-use","61.87877","False","True","76.47129","0.7518469","0.68887234","1000"
"523","repeated-use","61.819702","False","True","75.99192","0.70924383","0.6570662","1000"
"524","repeated-use","61.761013","False","True","75.53966","0.66905487","0.62700707","1000"
"525","repeated-use","61.70377","False","True","75.112976","0.6311432","0.5986031","1000"
"526","repeated-use","61.64471","False","True","74.71043","0.59537977","0.57176685","1000"
"527","repeated-use","61.58469","False","True","74.33065","0.5616428","0.5464148","1000"
"528","repeated-use","61.52257","False","True","73.97235","0.5298176","0.5224677","1000"
"529","repeated-use","61.45942","False","True","73.63432","0.49979573","0.4998499","1000"
"530","repeated-use","61.393623","False","True","73.31542","0.47147506","0.4784898","1000"
"531","repeated-use","61.32912","False","True","73.01456","0.44475916","0.45831913","1000"
"532","repeated-use","61.26763","False","True","72.73072","0.4195571","0.43927324","1000"
"533","repeated-use","61.20347","False","True","72.46294","0.3957831","0.42129073","1000"
"534","repeated-use","61.138256","False","True","72.210304","0.37335622","0.4043134","1000"
"535","repeated-use","61.070103","False","True","71.97197","0.35220018","0.38828602","1000"
"536","repeated-use","60.998554","False","True","71.747116","0.33224294","0.37315637","1000"
"537","repeated-use","60.92606","False","True","71.53499","0.31341654","0.35887486","1000"
"538","repeated-use","60.85619","False","True","71.33487","0.29565695","0.3453947","1000"
"539","repeated-use","60.789116","False","True","71.14607","0.2789037","0.33267137","1000"
"540","repeated-use","60.72102","False","True","70.96796","0.26309973","0.320663","1000"
"541","repeated-use","60.65203","True","True","72.07248","0.36076358","0.3953079","1000"
"542","repeated-use","60.985897","True","True","73.05539","0.44767287","0.46175614","1000"
"543","repeated-use","61.31006","True","True","73.93008","0.52501184","0.5209066","1000"
"544","repeated-use","61.628006","True","True","74.70846","0.59383446","0.57356006","1000"
"545","repeated-use","61.94456","True","True","75.40114","0.6550784","0.62042916","1000"
"546","repeated-use","62.049503","True","True","76.01755","0.7095783","0.66214883","1000"
"547","repeated-use","62.040318","True","True","76.56609","0.7580767","0.6992844","1000"
"548","repeated-use","62.030884","True","True","77.054245","0.80123454","0.7323391","1000"
"549","repeated-use","62.016666","True","True","77.48865","0.83963996","0.7617611","1000"
"550","repeated-use","62.00008","True","True","77.87522","0.87381625","0.7879495","1000"
"551","repeated-use","61.98618","True","True","78.21924","0.90422916","0.81125945","1000"
"552","repeated-use","61.978706","True","True","78.525375","0.93129295","0.83200717","1000"
"553","repeated-use","61.982407","True","True","78.797806","0.95537657","0.8504742","1000"
"554","repeated-use","61.971695","True","True","79.040245","0.9768082","0.86691105","1000"
"555","repeated-use","61.963676","True","True","79.25599","0.99587977","0.881541","1000"
"556","repeated-use","61.949","True","True","79.44798","1.0128511","0.8945626","1000"
"557","repeated-use","61.937805","True","True","79.618835","1.0279537","0.9061526","1000"
"558","repeated-use","61.92052","True","True","79.77089","1.0413933","0.91646844","1000"
"559","repeated-use","61.92233","True","True","79.90619","1.0533528","0.9256501","1000"
"560","repeated-use","61.909576","True","True","80.0266","1.0639955","0.9338223","1000"
"561","repeated-use","61.909176","True","True","80.13376","1.0734661","0.941096","1000"
"562","repeated-use","61.904877","True","True","80.22911","1.0818939","0.9475701","1000"
"563","repeated-use","61.90129","True","True","80.31397","1.0893936","0.9533323","1000"
"564","repeated-use","61.890434","True","True","80.38949","1.0960674","0.9584611","1000"
"565","repeated-use","61.882748","True","True","80.45669","1.1020064","0.96302605","1000"
"566","repeated-use","61.87565","True","True","80.516495","1.1072915","0.96708906","1000"
"567","repeated-use","61.86725","True","True","80.56972","1.1119944","0.97070545","1000"
"568","repeated-use","61.857727","True","True","80.61708","1.1161795","0.9739242","1000"
"569","repeated-use","61.84553","True","True","80.659225","1.1199038","0.97678924","1000"
"570","repeated-use","61.831547","True","True","80.69674","1.1232179","0.9793393","1000"
"571","repeated-use","61.81592","True","True","80.73012","1.126167","0.98160905","1000"
"572","repeated-use","61.793102","True","True","80.75982","1.1287916","0.98362935","1000"
"573","repeated-use","61.771473","True","True","80.786255","1.131127","0.9854275","1000"
"574","repeated-use","61.755096","True","True","80.809784","1.1332053","0.9870281","1000"
"575","repeated-use","61.73319","True","True","80.83072","1.1350547","0.9884528","1000"
"576","repeated-use","61.709023","False","True","80.103676","1.0707374","0.93924993","1000"
"577","repeated-use","61.609447","False","True","79.41784","1.0100645","0.8928342","1000"
"578","repeated-use","61.506516","False","True","78.77086","0.9528297","0.84904766","1000"
"579","repeated-use","61.400055","False","True","78.16054","0.89883804","0.8077416","1000"
"580","repeated-use","61.18993","False","True","77.5848","0.8479059","0.76877546","1000"
"581","repeated-use","61.064857","False","True","77.04169","0.7998597","0.73201674","1000"
"582","repeated-use","60.93718","False","True","76.52935","0.754536","0.69734037","1000"
"583","repeated-use","60.817417","False","True","76.04604","0.71178055","0.66462857","1000"
"584","repeated-use","60.693718","False","True","75.59012","0.6714479","0.63377","1000"
"585","repeated-use","59.37341","False","True","75.15991","0.6334006","0.6046352","1000"
"586","repeated-use","59.185738","False","True","74.754","0.59750926","0.57713765","1000"
"587","repeated-use","58.979424","False","True","74.37098","0.5636517","0.5511808","1000"
"588","repeated-use","58.79921","False","True","74.009544","0.5317126","0.52667904","1000"
"589","repeated-use","58.45542","False","True","73.66831","0.5015834","0.5035248","1000"
"590","repeated-use","58.00268","False","True","73.34595","0.4731614","0.48161656","1000"
"591","repeated-use","57.527237","False","True","73.041245","0.44634992","0.4608704","1000"
"592","repeated-use","57.05949","False","True","72.7531","0.4210577","0.44121563","1000"
"593","repeated-use","56.61814","False","True","72.48052","0.39719868","0.42259338","1000"
"594","repeated-use","56.162815","False","True","72.2225","0.3746916","0.40493876","1000"
"595","repeated-use","55.79986","False","True","71.978355","0.3534599","0.3882245","1000"
"596","repeated-use","55.40858","False","True","71.74716","0.33343127","0.37238845","1000"
"597","repeated-use","54.965496","False","True","71.52798","0.31453753","0.35736382","1000"
"598","repeated-use","54.481857","False","True","71.31993","0.2967144","0.343091","1000"
"599","repeated-use","54.027317","False","True","71.12239","0.27990124","0.32953882","1000"
"600","repeated-use","53.562252","False","True","70.93465","0.26404077","0.31666353","1000"
"601","repeated-use","53.179184","True","True","71.98518","0.35778153","0.38599604","1000"
"602","repeated-use","53.218315","True","True","72.920364","0.44124112","0.44733676","1000"
"603","repeated-use","53.258568","True","True","73.75295","0.51555276","0.5016406","1000"
"604","repeated-use","53.301052","True","True","74.49428","0.5817258","0.5497464","1000"
"605","repeated-use","53.33533","True","True","75.154305","0.64064777","0.59237474","1000"
"606","repeated-use","53.41155","True","True","75.74263","0.6931603","0.6302339","1000"
"607","repeated-use","53.460186","True","True","76.26674","0.7399402","0.6638446","1000"
"608","repeated-use","53.48669","True","True","76.7334","0.781596","0.6936682","1000"
"609","repeated-use","53.49341","True","True","77.14865","0.8186715","0.72011125","1000"
"610","repeated-use","53.517715","True","True","77.51842","0.85168916","0.7435911","1000"
"611","repeated-use","53.57259","True","True","77.848175","0.88112646","0.7645001","1000"
"612","repeated-use","53.628872","True","True","78.14237","0.90737885","0.78313863","1000"
"613","repeated-use","53.664383","True","True","78.40462","0.93077594","0.7997343","1000"
"614","repeated-use","53.677986","True","True","78.63812","0.9516101","0.814484","1000"
"615","repeated-use","53.673046","True","True","78.84577","0.9701451","0.82756555","1000"
"616","repeated-use","53.68843","True","True","79.03073","0.9866544","0.8392018","1000"
"617","repeated-use","53.741352","True","True","79.196045","1.0013981","0.8496218","1000"
"618","repeated-use","53.773296","True","True","79.343575","1.0145497","0.85892904","1000"
"619","repeated-use","53.784107","True","True","79.47498","1.0262638","0.8672134","1000"
"620","repeated-use","53.77733","True","True","79.5918","1.0366813","0.8745592","1000"
"621","repeated-use","53.796387","True","True","79.695984","1.0459703","0.88111657","1000"
"622","repeated-use","53.806896","True","True","79.78883","1.0542467","0.8869595","1000"
"623","repeated-use","53.8552","True","True","79.87213","1.0616587","0.8922347","1000"
"624","repeated-use","53.882122","True","True","79.946625","1.0682808","0.89697","1000"
"625","repeated-use","53.890106","True","True","80.013016","1.0741813","0.9011933","1000"
"626","repeated-use","53.882744","True","True","80.07198","1.079425","0.90493494","1000"
"627","repeated-use","53.895542","True","True","80.12463","1.0841036","0.9082836","1000"
"628","repeated-use","53.92522","True","True","80.1719","1.0882956","0.9113129","1000"
"629","repeated-use","53.97159","True","True","80.21461","1.0920706","0.91408855","1000"
"630","repeated-use","53.99331","True","True","80.25293","1.0954505","0.916597","1000"
"631","repeated-use","54.00067","False","True","79.55135","1.0333773","0.87120014","1000"
"632","repeated-use","53.49377","False","True","78.88781","0.9748215","0.8278743","1000"
"633","repeated-use","53.00752","False","True","78.26014","0.91958374","0.7865741","1000"
"634","repeated-use","52.538815","False","True","77.66632","0.867476","0.74724805","1000"
"635","repeated-use","52.239697","False","True","77.10506","0.8183209","0.7099969","1000"
"636","repeated-use","51.922123","False","True","76.574425","0.7719511","0.6747052","1000"
"637","repeated-use","51.41531","False","True","76.07182","0.72820884","0.6410953","1000"
"638","repeated-use","50.953167","False","True","75.59582","0.6869452","0.6091496","1000"
"639","repeated-use","50.507744","False","True","75.14492","0.64801985","0.5788168","1000"
"640","repeated-use","50.217464","False","True","74.71844","0.6113001","0.55017644","1000"
"641","repeated-use","49.915237","False","True","74.314896","0.57666105","0.5231261","1000"
"642","repeated-use","49.42839","False","True","73.93203","0.54398483","0.4974117","1000"
"643","repeated-use","49.006447","False","True","73.56897","0.51316017","0.47303742","1000"
"644","repeated-use","48.74525","False","True","73.22543","0.4840822","0.45008245","1000"
"645","repeated-use","48.463535","False","True","72.90018","0.4566519","0.42844462","1000"
"646","repeated-use","48.18729","False","True","72.592186","0.43077594","0.40805203","1000"
"647","repeated-use","47.724655","False","True","72.29939","0.40636623","0.38867962","1000"
"648","repeated-use","47.489445","False","True","72.02223","0.38333967","0.37046528","1000"
"649","repeated-use","47.24097","False","True","71.75973","0.36161792","0.35332546","1000"
"650","repeated-use","47.00636","False","True","71.511116","0.34112704","0.33720383","1000"
"651","repeated-use","46.600456","False","True","71.27455","0.32179725","0.32191053","1000"
"652","repeated-use","46.23747","False","True","71.049614","0.30356273","0.307437","1000"
"653","repeated-use","45.87832","False","True","70.83563","0.2863615","0.29374266","1000"
"654","repeated-use","45.53812","False","True","70.6321","0.27013496","0.28079867","1000"
"655","repeated-use","45.21286","False","True","70.43851","0.2548279","0.2685729","1000"
"656","repeated-use","45.023342","False","True","70.25515","0.2403882","0.25711238","1000"
"657","repeated-use","44.83537","False","True","70.081436","0.22676672","0.24636428","1000"
"658","repeated-use","44.489204","False","True","69.915764","0.21391709","0.23618098","1000"
"659","repeated-use","44.21531","False","True","69.75815","0.20179558","0.2265758","1000"
"660","repeated-use","43.955967","False","True","69.60822","0.19036093","0.21752143","1000"
"661","repeated-use","43.709457","False","True","69.46563","0.17957422","0.20899025","1000"
"662","repeated-use","43.454914","False","True","69.32987","0.16939874","0.20094381","1000"
"663","repeated-use","43.21256","False","True","69.200645","0.15979984","0.19335794","1000"
"664","repeated-use","43.11225","False","True","69.07854","0.15074486","0.18627901","1000"
"665","repeated-use","43.010307","False","True","68.96311","0.14220297","0.17966665","1000"
"666","repeated-use","42.915176","False","True","68.85402","0.13414511","0.17348848","1000"
"667","repeated-use","42.63814","False","True","68.74961","0.12654383","0.16762045","1000"
"668","repeated-use","42.416283","False","True","68.65001","0.11937329","0.16207244","1000"
"669","repeated-use","42.192875","False","True","68.554924","0.11260906","0.1568235","1000"
"670","repeated-use","41.9903","False","True","68.46424","0.10622812","0.15186468","1000"
"671","repeated-use","41.915432","False","True","68.3786","0.10020875","0.14723599","1000"
"672","repeated-use","41.839428","False","True","68.29768","0.09453048","0.14291105","1000"
"673","repeated-use","41.77019","False","True","68.22126","0.08917395","0.13886937","1000"
"674","repeated-use","41.490387","False","True","68.14755","0.08412095","0.13499738","1000"
"675","repeated-use","41.296795","False","True","68.07703","0.07935427","0.13132426","1000"
"676","repeated-use","41.24019","False","True","68.01048","0.0748577","0.1278954","1000"
"677","repeated-use","41.189827","False","True","67.947716","0.070615925","0.12469425","1000"
"678","repeated-use","41.138435","False","True","67.88848","0.0666145","0.1217026","1000"
"679","repeated-use","41.09336","False","True","67.83261","0.06283982","0.118906856","1000"
"680","repeated-use","40.826347","False","True","67.7783","0.059279036","0.11620417","1000"
"681","repeated-use","40.6493","False","True","67.72611","0.055920016","0.11362662","1000"
"682","repeated-use","40.61654","False","True","67.67698","0.052751336","0.111222506","1000"
"683","repeated-use","40.58383","False","True","67.63071","0.049762208","0.10897825","1000"
"684","repeated-use","40.55753","False","True","67.58715","0.046942454","0.10688383","1000"
"685","repeated-use","40.536877","False","True","67.54619","0.044282485","0.1049298","1000"
"686","repeated-use","40.516323","False","True","67.50765","0.041773234","0.10310536","1000"
"687","repeated-use","40.315334","False","True","67.470085","0.039406177","0.101335235","1000"
"688","repeated-use","40.176666","False","True","67.43388","0.03717324","0.09964003","1000"
"689","repeated-use","40.04685","False","True","67.39905","0.03506684","0.098018564","1000"
"690","repeated-use","40.047417","False","True","67.366455","0.03307979","0.09651249","1000"
"691","repeated-use","40.052746","False","True","67.335976","0.031205341","0.09511434","1000"
"692","repeated-use","39.91147","False","True","67.30641","0.029437104","0.093764916","1000"
"693","repeated-use","39.79602","False","True","67.2779","0.027769065","0.09247069","1000"
"694","repeated-use","39.680233","False","True","67.25038","0.026195545","0.09122829","1000"
"695","repeated-use","39.579536","False","True","67.223915","0.024711186","0.09003979","1000"
"696","repeated-use","39.605846","False","True","67.19936","0.023310937","0.08894458","1000"
"697","repeated-use","39.63978","False","True","67.17666","0.021990035","0.08793775","1000"
"698","repeated-use","39.675755","False","True","67.155685","0.02074398","0.08701289","1000"
"699","repeated-use","39.71678","False","True","67.13636","0.01956853","0.0861652","1000"
"700","repeated-use","39.57608","False","True","67.11723","0.01845969","0.08532907","1000"
"701","repeated-use","39.491398","False","True","67.09873","0.017413681","0.084522955","1000"
"702","repeated-use","39.409836","False","True","67.08083","0.016426943","0.08374621","1000"
"703","repeated-use","39.341717","False","True","67.06361","0.015496118","0.083001494","1000"
"704","repeated-use","39.270794","False","True","67.04699","0.014618038","0.082285926","1000"
"705","repeated-use","39.21216","False","True","67.03104","0.013789713","0.08160165","1000"
"706","repeated-use","39.151917","False","True","67.01569","0.013008325","0.08094612","1000"
"707","repeated-use","39.09339","False","True","67.000946","0.012271215","0.080318056","1000"
"708","repeated-use","39.04667","False","True","66.98684","0.011575873","0.07971942","1000"
"709","repeated-use","38.998055","False","True","66.97332","0.010919931","0.07914761","1000"
"710","repeated-use","38.959476","False","True","66.96042","0.010301159","0.078604005","1000"
"711","repeated-use","39.043266","False","True","66.949005","0.009717448","0.078125","1000"
"712","repeated-use","38.99029","False","True","66.937965","0.009166813","0.07766268","1000"
"713","repeated-use","38.957523","False","True","66.92742","0.00864738","0.0772223","1000"
"714","repeated-use","38.92084","False","True","66.917305","0.008157381","0.0768012","1000"
"715","repeated-use","38.892475","False","True","66.90766","0.007695147","0.0764007","1000"
"716","repeated-use","38.86112","False","True","66.89844","0.007259105","0.07601845","1000"
"717","repeated-use","38.82789","False","True","66.889595","0.006847771","0.07565266","1000"
"718","repeated-use","38.80138","False","True","66.88115","0.0064597456","0.07530432","1000"
"719","repeated-use","38.770496","False","True","66.87305","0.006093707","0.074970886","1000"
"720","repeated-use","38.745914","False","True","66.86532","0.00574841","0.074653305","1000"
"721","steering-traffic","24","False","False","65","0","0","1000"
"722","steering-traffic","24","False","True","65.037476","0","0.0014991671","1000"
"723","steering-traffic","24.084047","False","True","65.07243","0","0.0028974116","1000"
"724","steering-traffic","24.185892","False","True","65.10517","0","0.0042069317","1000"
"725","steering-traffic","24.296915","False","True","65.135925","0","0.005437046","1000"
"726","steering-traffic","24.41555","False","True","65.1649","0","0.006596004","1000"
"727","steering-traffic","24.54131","False","True","65.19228","0","0.007691314","1000"
"728","steering-traffic","24.672813","False","True","65.21824","0","0.008729591","1000"
"729","steering-traffic","24.8098","False","True","65.24292","0","0.009716887","1000"
"730","steering-traffic","24.951267","False","True","65.266464","0","0.010658554","1000"
"731","steering-traffic","25.096317","False","True","65.28899","0","0.011559323","1000"
"732","steering-traffic","25.245087","False","True","65.31059","0","0.012423595","1000"
"733","steering-traffic","25.396322","False","True","65.331375","0","0.013255131","1000"
"734","steering-traffic","25.54968","False","True","65.35143","0","0.014057317","1000"
"735","steering-traffic","25.705282","False","True","65.370834","0","0.014833303","1000"
"736","steering-traffic","25.862255","False","True","65.38964","0","0.015585782","1000"
"737","steering-traffic","26.020197","False","True","65.40793","0","0.016317133","1000"
"738","steering-traffic","26.17923","False","True","65.42574","0","0.017029578","1000"
"739","steering-traffic","26.33882","False","True","65.44312","0","0.017725026","1000"
"740","steering-traffic","26.498716","False","True","65.46013","0","0.018405171","1000"
"741","steering-traffic","26.658958","False","True","65.47679","0","0.019071577","1000"
"742","steering-traffic","26.8192","False","True","65.49314","0","0.019725593","1000"
"743","steering-traffic","26.979345","False","True","65.50921","0","0.020368427","1000"
"744","steering-traffic","27.139227","False","True","65.52503","0","0.021001149","1000"
"745","steering-traffic","27.298737","False","True","65.54062","0","0.021624705","1000"
"746","steering-traffic","27.457785","False","True","65.556","0","0.022239938","1000"
"747","steering-traffic","27.616299","False","True","65.57119","0","0.022847598","1000"
"748","steering-traffic","27.774214","False","True","65.58621","0","0.02344835","1000"
"749","steering-traffic","27.93147","False","True","65.60107","0","0.024042787","1000"
"750","steering-traffic","28.088022","False","True","65.61578","0","0.02463143","1000"
"751","steering-traffic","28.243834","True","True","66.48404","0.07551705","0.03735711","1000"
"752","steering-traffic","28.740685","True","True","67.27151","0.14369385","0.04960521","1000"
"753","steering-traffic","29.237331","True","True","67.98735","0.20535183","0.061523486","1000"
"754","steering-traffic","29.732796","True","True","68.63967","0.26121905","0.07322903","1000"
"755","steering-traffic","30.226955","True","True","69.23565","0.31194213","0.08481468","1000"
"756","steering-traffic","30.7198","True","True","69.781654","0.35809547","0.096353866","1000"
"757","steering-traffic","31.211332","True","True","70.283356","0.40018922","0.10790451","1000"
"758","steering-traffic","31.701439","True","True","70.74576","0.43867615","0.11951186","1000"
"759","steering-traffic","32.19003","True","True","71.1733","0.47395802","0.13121107","1000"
"760","steering-traffic","32.67701","True","True","71.569916","0.5063912","0.14302912","1000"
"761","steering-traffic","33.162277","True","True","71.93908","0.53629166","0.1549863","1000"
"762","steering-traffic","33.645927","True","True","72.283875","0.5639399","0.16709791","1000"
"763","steering-traffic","34.128075","True","True","72.60703","0.5895849","0.17937528","1000"
"764","steering-traffic","34.60893","True","True","72.91097","0.61344755","0.19182673","1000"
"765","steering-traffic","35.08866","True","True","73.19784","0.63572425","0.20445824","1000"
"766","steering-traffic","35.567398","True","True","73.46953","0.656589","0.21727371","1000"
"767","steering-traffic","36.045235","True","True","73.727715","0.6761961","0.23027544","1000"
"768","steering-traffic","36.522224","True","True","73.97388","0.69468206","0.24346417","1000"
"769","steering-traffic","36.998413","True","True","74.209335","0.71216786","0.25683936","1000"
"770","steering-traffic","37.473816","True","True","74.43521","0.72876006","0.2703992","1000"
"771","steering-traffic","37.948444","True","True","74.65254","0.74455297","0.28414094","1000"
"772","steering-traffic","38.422287","True","True","74.86218","0.75962955","0.2980606","1000"
"773","steering-traffic","38.89533","True","True","75.064926","0.7740629","0.31215328","1000"
"774","steering-traffic","39.367542","True","True","75.26144","0.787917","0.32641315","1000"
"775","steering-traffic","39.838898","True","True","75.4523","0.8012484","0.34083343","1000"
"776","steering-traffic","40.309353","True","True","75.638016","0.81410617","0.35540643","1000"
"777","steering-traffic","40.778877","True","True","75.81904","0.8265334","0.3701236","1000"
"778","steering-traffic","41.24742","True","True","75.995735","0.8385673","0.38497555","1000"
"779","steering-traffic","41.71494","True","True","76.16842","0.8502406","0.39995205","1000"
"780","steering-traffic","42.181385","True","True","76.33737","0.86158127","0.41504204","1000"
"781","steering-traffic","42.646687","True","True","76.502815","0.87261355","0.43023375","1000"
"782","steering-traffic","43.110786","True","True","76.66495","0.8833581","0.44551447","1000"
"783","steering-traffic","43.57363","True","True","76.82391","0.8938326","0.46087098","1000"
"784","steering-traffic","44.035183","True","True","76.97985","0.90405196","0.47628924","1000"
"785","steering-traffic","44.49539","True","True","77.13285","0.9140288","0.4917547","1000"
"786","steering-traffic","44.95421","True","True","77.283005","0.9237737","0.5072522","1000"
"787","steering-traffic","45.411594","True","True","77.43036","0.93329525","0.52276605","1000"
"788","steering-traffic","45.867493","True","True","77.57495","0.9426005","0.53828","1000"
"789","steering-traffic","46.321857","True","True","77.71683","0.951695","0.55377746","1000"
"790","steering-traffic","46.77463","True","True","77.85597","0.96058315","0.5692412","1000"
"791","steering-traffic","47.22577","True","True","77.99241","0.96926814","0.5846538","1000"
"792","steering-traffic","47.675224","True","True","78.126114","0.9777523","0.5999975","1000"
"793","steering-traffic","48.12296","True","True","78.25708","0.9860372","0.6152544","1000"
"794","steering-traffic","37.961834","True","True","78.15017","0.9796003","0.60189134","900"
"795","steering-traffic","34.728348","True","True","77.98505","0.9699129","0.5807778","900"
"796","steering-traffic","35.284843","True","True","77.841774","0.9613965","0.56298214","900"
"797","steering-traffic","35.82966","True","True","77.71869","0.9539727","0.548149","900"
"798","steering-traffic","36.359154","True","True","77.61417","0.9475626","0.5359543","900"
"799","steering-traffic","36.078476","True","True","77.51066","0.9412013","0.52401656","900"
"800","steering-traffic","35.67132","True","True","77.40554","0.9347446","0.5119903","900"
"801","steering-traffic","35.998325","True","True","77.31372","0.92901987","0.5017975","900"
"802","steering-traffic","35.871655","True","True","77.22518","0.9234777","0.49210262","900"
"803","steering-traffic","35.833286","True","True","77.14149","0.91820663","0.48309132","900"
"804","steering-traffic","35.877396","True","True","77.06399","0.91328365","0.47491542","900"
"805","steering-traffic","35.882103","True","True","76.991486","0.90864486","0.46740332","900"
"806","steering-traffic","35.92736","True","True","76.92447","0.90431964","0.46060076","900"
"807","steering-traffic","35.893513","True","True","76.86099","0.90020156","0.4542494","900"
"808","steering-traffic","35.997837","True","True","76.803604","0.8964337","0.4486563","900"
"809","steering-traffic","36.061584","True","True","76.7511","0.8929507","0.4436565","900"
"810","steering-traffic","36.14274","True","True","76.703514","0.889756","0.43924358","900"
"811","steering-traffic","36.22685","True","True","76.66058","0.8868365","0.4353761","900"
"812","steering-traffic","36.313965","True","True","76.62208","0.88418007","0.43201655","900"
"813","steering-traffic","36.242752","True","True","76.58451","0.8815943","0.4287359","900"
"814","steering-traffic","36.53321","True","True","76.55512","0.8794803","0.4264115","900"
"815","steering-traffic","36.824245","True","False","76.53339","0.87781185","0.42496687","900"
"816","steering-traffic","37.11534","True","False","76.518814","0.8765634","0.42433158","900"
"817","steering-traffic","37.40649","True","False","76.510925","0.87571084","0.42444217","900"
"818","steering-traffic","37.697693","True","False","76.509285","0.87523144","0.4252409","900"
"819","steering-traffic","37.988945","True","False","76.51349","0.8751035","0.42667547","900"
"820","steering-traffic","38.28025","True","False","76.525314","0.8754979","0.42877787","900"
"821","steering-traffic","38.57161","True","False","76.54532","0.8764765","0.43154004","900"
"822","steering-traffic","38.863018","True","False","76.57262","0.8779735","0.43490487","900"
"823","steering-traffic","39.15448","True","False","76.60643","0.87993","0.43882117","900"
"824","steering-traffic","39.445988","True","False","76.64606","0.88229364","0.44324288","900"
"825","steering-traffic","39.738266","True","True","76.69089","0.8850188","0.44813055","900"
"826","steering-traffic","40.031998","True","True","76.74038","0.88806653","0.45345023","900"
"827","steering-traffic","40.327717","True","True","76.79408","0.89140266","0.4591728","900"
"828","steering-traffic","40.625828","True","True","76.851585","0.8949977","0.4652727","900"
"829","steering-traffic","40.92661","True","True","76.912544","0.89882565","0.4717274","900"
"830","steering-traffic","41.230217","True","True","76.97662","0.90286326","0.47851673","900"
"831","steering-traffic","41.536724","True","False","77.04356","0.9070898","0.48562226","900"
"832","steering-traffic","41.846115","True","False","77.11307","0.9114865","0.49302667","900"
"833","steering-traffic","42.15823","True","False","77.184906","0.9160359","0.5007135","900"
"834","steering-traffic","42.472904","True","False","77.25886","0.9207217","0.50866693","900"
"835","steering-traffic","42.789974","True","False","77.3347","0.925529","0.5168714","900"
"836","steering-traffic","43.10928","True","False","77.41223","0.93044364","0.52531177","900"
"837","steering-traffic","43.430653","True","False","77.49126","0.9354523","0.53397334","900"
"838","steering-traffic","43.753925","True","False","77.57159","0.9405427","0.5428416","900"
"839","steering-traffic","44.078938","True","False","77.65306","0.9457029","0.5519021","900"
"840","steering-traffic","44.405506","True","False","77.73551","0.9509219","0.5611405","900"
"841","steering-traffic","44.73322","True","False","77.81876","0.9561885","0.570542","900"
"842","steering-traffic","45.062035","True","False","77.90267","0.9614925","0.580092","900"
"843","steering-traffic","45.392017","True","False","77.98708","0.9668244","0.5897768","900"
"844","steering-traffic","45.72313","True","False","78.07188","0.9721756","0.5995831","900"
"845","steering-traffic","46.0552","True","False","78.15691","0.9775376","0.60949725","900"
"846","steering-traffic","46.387917","True","False","78.242065","0.9829019","0.6195053","900"
"847","steering-traffic","46.7208","True","False","78.327194","0.9882599","0.6295924","900"
"848","steering-traffic","47.05328","True","False","78.41217","0.99360263","0.6397426","900"
"849","steering-traffic","47.38475","True","False","78.49685","0.99892086","0.64993906","900"
"850","steering-traffic","47.714554","True","False","78.58107","1.004205","0.6601639","900"
"851","steering-traffic","48.042015","True","False","78.6647","1.0094454","0.67039835","900"
"852","steering-traffic","48.366436","True","False","78.747574","1.0146323","0.68062305","900"
"853","steering-traffic","48.687126","True","False","78.829544","1.0197558","0.69081783","900"
"854","steering-traffic","49.003387","True","False","78.91046","1.0248064","0.7009624","900"
"855","steering-traffic","49.31453","True","True","78.990166","1.0297743","0.7110362","900"
"856","steering-traffic","49.629932","True","True","79.06873","1.0346653","0.72104293","900"
"857","steering-traffic","49.941086","True","True","79.14605","1.0394716","0.7309649","900"
"858","steering-traffic","50.246056","True","True","79.22196","1.0441835","0.7407808","900"
"859","steering-traffic","50.545994","True","True","79.29636","1.0487945","0.7504741","900"
"860","steering-traffic","50.842148","True","True","79.36918","1.0533006","0.76003265","900"
"861","steering-traffic","51.135616","True","True","79.440384","1.0577002","0.7694477","900"
"862","steering-traffic","51.427277","True","False","79.509964","1.0619926","0.7787128","900"
"863","steering-traffic","51.716263","True","False","79.57788","1.0661767","0.78782034","900"
"864","steering-traffic","52.00523","True","False","79.64417","1.0702542","0.79676837","900"
"865","steering-traffic","52.29415","True","False","79.70885","1.0742269","0.8055548","900"
"866","steering-traffic","52.583","True","False","79.77192","1.0780958","0.81417716","900"
"867","steering-traffic","52.871746","True","False","79.8334","1.0818619","0.8226325","900"
"868","steering-traffic","53.160362","True","False","79.89328","1.0855255","0.8309177","900"
"869","steering-traffic","53.448814","True","False","79.95157","1.0890872","0.8390294","900"
"870","steering-traffic","53.737083","True","False","80.00827","1.0925472","0.84696394","900"
"871","steering-traffic","54.02514","True","False","80.06337","1.0959048","0.8547175","900"
"872","steering-traffic","54.312515","True","False","80.11685","1.09916","0.86228544","900"
"873","steering-traffic","54.59877","True","False","80.16871","1.102311","0.8696623","900"
"874","steering-traffic","54.88322","True","False","80.2189","1.1053568","0.876842","900"
"875","steering-traffic","55.165085","True","False","80.26741","1.1082952","0.88381785","900"
"876","steering-traffic","55.443516","True","False","80.31419","1.1111239","0.89058244","900"
"877","steering-traffic","55.4438","True","False","80.35628","1.1136414","0.8967652","900"
"878","steering-traffic","55.47801","True","True","80.394516","1.1159072","0.9024618","862.26025"
"879","steering-traffic","55.562912","True","True","80.42984","1.117986","0.9077817","862.26025"
"880","steering-traffic","55.83163","True","True","80.46445","1.1200267","0.91299313","862.26025"
"881","steering-traffic","56.099735","True","True","80.498245","1.1220225","0.91808516","862.26025"
"882","steering-traffic","56.367943","True","True","80.53114","1.1239673","0.9230484","862.26025"
"883","steering-traffic","56.637085","True","False","80.563095","1.1258563","0.92787474","862.26025"
"884","steering-traffic","56.90786","True","False","80.59402","1.1276851","0.93255705","862.26025"
"885","steering-traffic","57.180256","True","False","80.62387","1.1294495","0.93708783","862.26025"
"886","steering-traffic","57.397476","True","True","80.65222","1.1311204","0.94141304","862.26025"
"887","steering-traffic","57.671425","True","True","80.67944","1.1327236","0.94557947","862.26025"
"888","steering-traffic","57.937996","True","True","80.705444","1.1342515","0.9495731","862.26025"
"889","steering-traffic","58.202538","True","True","80.73015","1.1357","0.9533859","862.26025"
"890","steering-traffic","58.468685","True","True","80.75353","1.1370665","0.9570124","862.26025"
"891","steering-traffic","58.73489","True","True","80.77554","1.1383481","0.96044654","862.26025"
"892","steering-traffic","59.003716","True","True","80.79616","1.1395425","0.963683","862.26025"
"893","steering-traffic","59.283676","True","True","80.81534","1.1406479","0.9667181","862.26025"
"894","steering-traffic","59.5578","True","True","80.83303","1.1416601","0.9695427","862.26025"
"895","steering-traffic","59.681202","True","False","80.84909","1.1425693","0.97213745","862.26025"
"896","steering-traffic","59.810688","True","True","80.86365","1.1433843","0.9745177","862.26025"
"897","steering-traffic","59.90887","True","True","80.87679","1.1441121","0.9766959","862.26025"
"898","steering-traffic","60.01107","True","True","80.88865","1.1447605","0.9786865","862.26025"
"899","steering-traffic","60.295578","True","True","80.89934","1.1453373","0.9805045","862.26025"
"900","steering-traffic","60.403908","True","True","80.90897","1.1458508","0.98216504","862.26025"
"901","steering-traffic","60.6997","True","True","80.91767","1.1463077","0.9836821","862.26025"
"902","steering-traffic","60.715416","True","True","80.925514","1.1467143","0.9850682","862.26025"
"903","steering-traffic","60.731506","True","True","80.93259","1.1470761","0.98633474","862.26025"
"904","steering-traffic","60.73953","True","True","80.93897","1.1473981","0.9874922","862.26025"
"905","steering-traffic","60.74014","True","True","80.94474","1.1476846","0.9885502","862.26025"
"906","steering-traffic","59.50874","True","True","80.94963","1.1479179","0.989476","862.26025"
"907","steering-traffic","59.654087","True","True","80.95421","1.1481363","0.9903435","862.26025"
"908","steering-traffic","59.976654","True","True","80.9585","1.1483414","0.9911573","862.26025"
"909","steering-traffic","60.298954","True","True","80.96239","1.148524","0.9919016","862.26025"
"910","steering-traffic","60.62103","True","True","80.9659","1.1486865","0.9925823","862.26025"
"911","steering-traffic","60.94293","True","True","80.96907","1.1488312","0.99320513","862.26025"
"912","steering-traffic","61.264698","True","True","80.97194","1.14896","0.9937749","862.26025"
"913","steering-traffic","61.586384","True","True","80.97454","1.1490744","0.99429613","862.26025"
"914","steering-traffic","61.90803","True","True","80.97689","1.1491764","0.99477327","862.26025"
"915","steering-traffic","62.046562","True","True","80.97902","1.1492671","0.9952099","862.26025"
"916","steering-traffic","62.18128","True","True","80.98095","1.1493478","0.9956096","862.26025"
"917","steering-traffic","62.315735","True","True","80.9827","1.1494195","0.9959755","862.26025"
"918","steering-traffic","62.44978","True","True","80.984276","1.1494834","0.9963105","862.26025"
"919","steering-traffic","62.583035","True","True","80.98571","1.1495404","0.9966173","862.26025"
"920","steering-traffic","62.71608","True","True","80.98701","1.149591","0.99689823","862.26025"
"921","steering-traffic","63.038094","True","True","80.98819","1.149636","0.99715555","862.26025"
"922","steering-traffic","63.172886","True","True","80.98926","1.1496761","0.99739134","862.26025"
"923","steering-traffic","63.304737","True","True","80.99022","1.1497117","0.99760735","862.26025"
"924","steering-traffic","63.349285","True","True","80.991104","1.1497434","0.99780524","862.26025"
"925","steering-traffic","63.386814","True","True","80.991905","1.1497717","0.99798656","862.26025"
"926","steering-traffic","63.4236","True","True","80.99263","1.1497968","0.9981528","862.26025"
"927","steering-traffic","63.459354","True","True","80.993286","1.1498193","0.99830514","862.26025"
"928","steering-traffic","63.74277","True","True","80.99388","1.149839","0.9984448","862.26025"
"929","steering-traffic","64.02129","True","True","80.99443","1.1498568","0.99857277","862.26025"
"930","steering-traffic","64.16411","True","True","80.99492","1.1498725","0.9986902","862.26025"
"931","steering-traffic","64.1444","True","True","80.99537","1.1498866","0.99879783","862.26025"
"932","steering-traffic","64.121086","True","True","80.99578","1.1498991","0.99889654","862.26025"
"933","steering-traffic","63.884384","True","True","80.996155","1.1499102","0.9989871","862.26025"
"934","steering-traffic","63.958694","True","True","80.99649","1.1499201","0.99907017","862.26025"
"935","steering-traffic","64.017586","True","True","80.996796","1.1499288","0.99914634","862.26025"
"936","steering-traffic","64.04114","True","True","80.99708","1.1499367","0.9992162","862.26025"
"937","steering-traffic","64.08389","True","True","80.99733","1.1499436","0.9992803","862.26025"
"938","steering-traffic","64.07995","True","True","80.99757","1.1499499","0.99933916","862.26025"
"939","steering-traffic","64.25067","True","True","80.99778","1.1499554","0.9993931","862.26025"
"940","steering-traffic","64.344215","True","True","80.99797","1.1499603","0.99944264","862.26025"
"941","steering-traffic","64.51977","True","True","80.998146","1.1499647","0.9994882","862.26025"
"942","steering-traffic","63.982914","True","True","80.99831","1.1499686","0.9995299","862.26025"
"943","steering-traffic","64.0364","True","True","80.99845","1.149972","0.99956816","862.26025"
"944","steering-traffic","64.11111","True","True","80.99859","1.1499751","0.9996034","862.26025"
"945","steering-traffic","64.173035","True","True","80.99871","1.1499778","0.9996357","862.26025"
"946","steering-traffic","64.2295","True","True","80.99882","1.1499803","0.9996653","862.26025"
"947","steering-traffic","64.30396","True","True","80.99892","1.1499825","0.9996926","862.26025"
"948","steering-traffic","64.3639","True","True","80.999016","1.1499844","0.99971753","862.26025"
"949","steering-traffic","64.15764","True","True","80.9991","1.1499861","0.9997405","862.26025"
"950","steering-traffic","64.29962","True","True","80.999176","1.1499877","0.9997616","862.26025"
"951","steering-traffic","64.43929","True","True","80.999245","1.149989","0.9997809","862.26025"
"952","steering-traffic","64.504776","True","True","80.999306","1.1499902","0.9997987","862.26025"
"953","steering-traffic","64.5411","True","True","80.99937","1.1499914","0.99981505","862.26025"
"954","steering-traffic","64.57788","True","True","80.99942","1.1499923","0.99983","862.26025"
"955","steering-traffic","64.60541","True","True","80.999466","1.1499932","0.9998438","862.26025"
"956","steering-traffic","64.628525","True","True","80.99951","1.1499939","0.9998565","862.26025"
"957","steering-traffic","64.64882","True","True","80.99956","1.1499946","0.99986804","862.26025"
"958","steering-traffic","64.66654","True","True","80.999596","1.1499952","0.9998787","862.26025"
"959","steering-traffic","64.68227","True","True","80.999626","1.1499957","0.99988854","862.26025"
"960","steering-traffic","64.696175","True","True","80.99966","1.1499962","0.9998976","862.26025"
"961","steering-traffic","64.58077","False","True","80.26305","1.0848322","0.9500455","862.26025"
"962","steering-traffic","64.313805","False","True","79.56818","1.0233607","0.90301734","862.26025"
"963","steering-traffic","64.04224","False","True","78.912674","0.96537244","0.85865325","862.26025"
"964","steering-traffic","63.72794","False","True","78.29432","0.91067004","0.8168023","862.26025"
"965","steering-traffic","63.447727","False","True","77.711","0.8590673","0.7773223","862.26025"
"966","steering-traffic","61.45648","False","True","77.160736","0.8103887","0.74007887","830.94696"
"967","steering-traffic","61.40648","False","True","76.64165","0.7644684","0.7049454","830.94696"
"968","steering-traffic","61.35648","False","True","76.15198","0.7211501","0.6718023","830.94696"
"969","steering-traffic","61.205406","False","True","75.690056","0.68028647","0.64053696","830.94696"
"970","steering-traffic","60.972218","False","False","75.2543","0.64173836","0.6110429","830.94696"
"971","steering-traffic","60.73811","False","False","74.84325","0.6053746","0.58321995","830.94696"
"972","steering-traffic","60.502583","False","False","74.455475","0.57107127","0.5569733","830.94696"
"973","steering-traffic","60.267956","False","False","74.08968","0.5387118","0.5322137","830.94696"
"974","steering-traffic","60.033966","False","False","73.74461","0.508186","0.50885695","830.94696"
"975","steering-traffic","59.800766","False","False","73.41909","0.47938988","0.48682156","830.94696"
"976","steering-traffic","59.568245","False","False","73.11197","0.45222545","0.46602777","830.94696"
"977","steering-traffic","59.336506","False","False","72.82217","0.4266003","0.44640145","830.94696"
"978","steering-traffic","59.105427","False","False","72.548676","0.40242723","0.42787334","830.94696"
"979","steering-traffic","59.055428","False","False","72.290665","0.37962386","0.41039455","830.94696"
"980","steering-traffic","58.8219","False","False","72.04713","0.35811266","0.3938895","830.94696"
"981","steering-traffic","58.592464","False","False","71.81722","0.33782035","0.3783017","830.94696"
"982","steering-traffic","58.36375","False","False","71.60014","0.31867793","0.36357808","830.94696"
"983","steering-traffic","58.13577","False","False","71.395134","0.30062023","0.34966877","830.94696"
"984","steering-traffic","57.90848","False","False","71.2015","0.28358573","0.33652702","830.94696"
"985","steering-traffic","57.681828","False","False","71.01856","0.26751646","0.32410896","830.94696"
"986","steering-traffic","57.63183","False","False","70.845955","0.25235775","0.31240007","830.94696"
"987","steering-traffic","57.396465","False","False","70.68281","0.23805802","0.30133155","830.94696"
"988","steering-traffic","57.17148","False","False","70.52858","0.22456858","0.29086864","830.94696"
"989","steering-traffic","56.947155","False","False","70.382744","0.2118435","0.28097698","830.94696"
"990","steering-traffic","56.723526","False","False","70.244804","0.19983949","0.27162427","830.94696"
"991","steering-traffic","56.503765","False","False","70.1143","0.18851568","0.26278067","830.94696"
"992","steering-traffic","56.281494","False","False","69.99079","0.17783351","0.2544168","830.94696"
"993","steering-traffic","56.059948","False","False","69.873856","0.16775666","0.24650556","830.94696"
"994","steering-traffic","55.839","False","False","69.76311","0.15825081","0.23902139","830.94696"
"995","steering-traffic","55.61882","False","False","69.65817","0.14928362","0.23194018","830.94696"
"996","steering-traffic","55.568825","False","False","69.55914","0.14082453","0.22527196","830.94696"
"997","steering-traffic","55.51882","False","False","69.465675","0.13284476","0.2189916","830.94696"
"998","steering-traffic","55.468826","False","False","69.37746","0.12531717","0.21307556","830.94696"
"999","steering-traffic","55.418827","False","False","69.294174","0.118216135","0.20750184","830.94696"
"1000","steering-traffic","55.368824","False","False","69.21555","0.111517474","0.20224983","830.94696"
"1001","steering-traffic","30.300104","False","True","68.98587","0.10519839","0.18691055","730.94696"
"1002","steering-traffic","30.209341","False","False","68.77225","0.099237375","0.17310694","730.94696"
"1003","steering-traffic","30.118849","False","False","68.573494","0.09361414","0.16066991","730.94696"
"1004","steering-traffic","30.028627","False","False","68.38852","0.088309534","0.14945026","730.94696"
"1005","steering-traffic","30.028627","False","False","68.216934","0.083305515","0.13935477","730.94696"
"1006","steering-traffic","30.028627","False","False","68.057755","0.07858505","0.13026132","730.94696"
"1007","steering-traffic","30.028627","False","False","67.91006","0.07413206","0.12206192","730.94696"
"1008","steering-traffic","30.028627","False","False","67.772995","0.0699314","0.114661016","730.94696"
"1009","steering-traffic","30.028627","False","False","67.64579","0.065968774","0.10797396","730.94696"
"1010","steering-traffic","30.028627","False","False","67.52771","0.062230684","0.101925805","730.94696"
"1011","steering-traffic","30.028627","False","False","67.41808","0.05870441","0.09644997","730.94696"
"1012","steering-traffic","30.028627","False","False","67.3163","0.055377953","0.09148739","730.94696"
"1013","steering-traffic","30.028627","False","False","67.22177","0.052239984","0.08698557","730.94696"
"1014","steering-traffic","30.028627","False","False","67.13398","0.04927983","0.08289779","730.94696"
"1015","steering-traffic","30.028627","False","False","67.05243","0.046487417","0.07918247","730.94696"
"1016","steering-traffic","30.028627","False","False","66.97666","0.043853227","0.07580252","730.94696"
"1017","steering-traffic","30.028627","False","False","66.90626","0.041368302","0.07272491","730.94696"
"1018","steering-traffic","30.028627","False","False","66.840836","0.03902419","0.06992007","730.94696"
"1019","steering-traffic","30.028627","False","False","66.78002","0.036812905","0.06736162","730.94696"
"1020","steering-traffic","30.028627","False","False","66.72349","0.034726918","0.06502594","730.94696"
"1021","steering-traffic","30.028627","False","False","66.67092","0.032759134","0.06289186","730.94696"
"1022","steering-traffic","30.028627","False","False","66.62205","0.030902853","0.060940426","730.94696"
"1023","steering-traffic","30.028627","False","False","66.576584","0.029151756","0.05915459","730.94696"
"1024","steering-traffic","30.028627","False","False","66.5343","0.027499886","0.057519063","730.94696"
"1025","steering-traffic","30.028627","False","False","66.494965","0.025941618","0.056020085","730.94696"
"1026","steering-traffic","30.028627","False","False","66.45836","0.024471648","0.054645274","730.94696"
"1027","steering-traffic","30.028627","False","False","66.42429","0.023084974","0.053383462","730.94696"
"1028","steering-traffic","30.028627","False","False","66.392586","0.021776874","0.052224588","730.94696"
"1029","steering-traffic","30.028627","False","False","66.363075","0.020542897","0.051159557","730.94696"
"1030","steering-traffic","30.028627","False","False","66.335594","0.019378843","0.050180152","730.94696"
"1031","steering-traffic","30.028627","False","False","66.310005","0.01828075","0.049278937","730.94696"
"1032","steering-traffic","30.028627","False","False","66.28617","0.017244881","0.04844918","730.94696"
"1033","steering-traffic","30.028627","False","False","66.26397","0.016267708","0.047684778","730.94696"
"1034","steering-traffic","30.028627","False","False","66.24329","0.015345906","0.04698019","730.94696"
"1035","steering-traffic","30.028627","False","False","66.22402","0.0144763375","0.046330396","730.94696"
"1036","steering-traffic","30.028627","False","False","66.20606","0.0136560425","0.04573082","730.94696"
"1037","steering-traffic","30.028627","False","False","66.18932","0.012882229","0.045177314","730.94696"
"1038","steering-traffic","30.028627","False","False","66.17371","0.012152264","0.04466608","730.94696"
"1039","steering-traffic","30.028627","False","False","66.159164","0.011463662","0.04419368","730.94696"
"1040","steering-traffic","30.028627","False","False","66.1456","0.010814079","0.043756966","730.94696"
"1041","steering-traffic","30.028627","False","False","66.13295","0.010201304","0.04335306","730.94696"
"1042","steering-traffic","30.028627","False","False","66.12115","0.009623252","0.04297934","730.94696"
"1043","steering-traffic","30.028627","False","False","66.11013","0.009077954","0.042633418","730.94696"
"1044","steering-traffic","30.028627","False","False","66.09986","0.008563556","0.042313103","730.94696"
"1045","steering-traffic","30.028627","False","False","66.09027","0.008078306","0.042016372","730.94696"
"1046","steering-traffic","30.028627","False","False","66.08132","0.007620553","0.041741397","730.94696"
"1047","steering-traffic","30.028627","False","False","66.07297","0.0071887374","0.041486487","730.94696"
"1048","steering-traffic","30.028627","False","False","66.06516","0.0067813913","0.041250095","730.94696"
"1049","steering-traffic","30.028627","False","False","66.057884","0.006397127","0.041030813","730.94696"
"1050","steering-traffic","30.028627","False","False","66.05108","0.006034637","0.040827326","730.94696"
"1051","steering-traffic","30.028627","False","False","66.04472","0.0056926874","0.04063844","730.94696"
"1052","steering-traffic","30.028627","False","False","66.03879","0.005370114","0.040463056","730.94696"
"1053","steering-traffic","30.028627","False","False","66.03324","0.0050658192","0.040300153","730.94696"
"1054","steering-traffic","30.028627","False","False","66.02806","0.004778767","0.040148802","730.94696"
"1055","steering-traffic","30.028627","False","False","66.02322","0.0045079803","0.040008146","730.94696"
"1056","steering-traffic","30.028627","False","False","66.018684","0.0042525376","0.039877392","730.94696"
"1057","steering-traffic","30.028627","False","False","66.01445","0.0040115695","0.039755814","730.94696"
"1058","steering-traffic","30.028627","False","False","66.0105","0.003784256","0.039642733","730.94696"
"1059","steering-traffic","30.028627","False","False","66.00679","0.0035698228","0.03953753","730.94696"
"1060","steering-traffic","30.028627","False","False","66.003334","0.0033675404","0.039439633","730.94696"
"1061","steering-traffic","30.028627","False","False","66.00009","0.0031767203","0.039348513","730.94696"
"1062","steering-traffic","30.028627","False","False","65.99706","0.0029967132","0.03926368","730.94696"
"1063","steering-traffic","30.028627","False","False","65.994225","0.0028269056","0.03918468","730.94696"
"1064","steering-traffic","30.028627","False","False","65.99158","0.0026667204","0.039111096","730.94696"
"1065","steering-traffic","30.028627","False","False","65.98909","0.002515612","0.039042544","730.94696"
"1066","steering-traffic","30.028627","False","False","65.98676","0.0023730658","0.03897866","730.94696"
"1067","steering-traffic","30.028627","False","False","65.98459","0.0022385973","0.03891912","730.94696"
"1068","steering-traffic","30.028627","False","False","65.98255","0.002111748","0.038863618","730.94696"
"1069","steering-traffic","30.028627","False","False","65.980644","0.001992087","0.03881186","730.94696"
"1070","steering-traffic","30.028627","False","False","65.97886","0.0018792064","0.038763594","730.94696"
"1071","steering-traffic","30.028627","False","False","65.97718","0.001772722","0.03871857","730.94696"
"1072","steering-traffic","30.028627","False","False","65.97562","0.0016722715","0.038676564","730.94696"
"1073","steering-traffic","30.028627","False","False","65.974144","0.0015775131","0.038637366","730.94696"
"1074","steering-traffic","30.028627","False","False","65.97277","0.001488124","0.03860078","730.94696"
"1075","steering-traffic","30.028627","False","False","65.97148","0.0014038001","0.038566627","730.94696"
"1076","steering-traffic","30.028627","False","False","65.97027","0.0013242544","0.038534738","730.94696"
"1077","steering-traffic","30.028627","False","False","65.96914","0.0012492161","0.03850496","730.94696"
"1078","steering-traffic","30.028627","False","False","65.96808","0.00117843","0.03847714","730.94696"
"1079","steering-traffic","30.028627","False","False","65.96708","0.0011116548","0.038451158","730.94696"
"1080","steering-traffic","30.028627","False","False","65.96615","0.0010486634","0.038426884","730.94696"
"1081","high-speed-no-boost","58","False","False","65","0","0","1000"
"1082","high-speed-no-boost","58","False","True","65.238655","0","0.009546084","1000"
"1083","high-speed-no-boost","58.000282","False","True","65.45822","0","0.018328922","1000"
"1084","high-speed-no-boost","58.000557","False","True","65.66024","0","0.026409533","1000"
"1085","high-speed-no-boost","58.00076","False","True","65.8461","0","0.033844065","1000"
"1086","high-speed-no-boost","58.000954","False","True","66.017105","0","0.040684175","1000"
"1087","high-speed-no-boost","58.00108","False","True","66.17444","0","0.046977386","1000"
"1088","high-speed-no-boost","58.00115","False","True","66.31918","0","0.05276742","1000"
"1089","high-speed-no-boost","58.00118","False","True","66.45236","0","0.058094513","1000"
"1090","high-speed-no-boost","58.001186","False","True","66.57489","0","0.062995665","1000"
"1091","high-speed-no-boost","58.001194","False","True","66.68762","0","0.06750496","1000"
"1092","high-speed-no-boost","58.001194","False","True","66.79134","0","0.0716537","1000"
"1093","high-speed-no-boost","58.001194","False","True","66.886765","0","0.07547073","1000"
"1094","high-speed-no-boost","58.001194","False","True","66.97456","0","0.07898256","1000"
"1095","high-speed-no-boost","58.001194","False","True","67.05534","0","0.08221361","1000"
"1096","high-speed-no-boost","58.001194","False","True","67.129654","0","0.08518631","1000"
"1097","high-speed-no-boost","58.001194","False","True","67.19804","0","0.08792134","1000"
"1098","high-speed-no-boost","58.001194","False","True","67.26094","0","0.09043768","1000"
"1099","high-speed-no-boost","58.001194","False","True","67.31882","0","0.09275282","1000"
"1100","high-speed-no-boost","58.001194","False","True","67.37207","0","0.09488286","1000"
"1101","high-speed-no-boost","58.001194","False","True","67.42107","0","0.096842594","1000"
"1102","high-speed-no-boost","58.001194","False","True","67.46614","0","0.09864563","1000"
"1103","high-speed-no-boost","58.001194","False","True","67.507614","0","0.1003045","1000"
"1104","high-speed-no-boost","58.001194","False","True","67.54577","0","0.10183074","1000"
"1105","high-speed-no-boost","58.001194","False","True","67.58087","0","0.10323495","1000"
"1106","high-speed-no-boost","58.001194","False","True","67.613174","0","0.10452688","1000"
"1107","high-speed-no-boost","58.001194","False","True","67.64289","0","0.10571551","1000"
"1108","high-speed-no-boost","58.001194","False","True","67.67023","0","0.10680911","1000"
"1109","high-speed-no-boost","58.001194","False","True","67.69538","0","0.107815266","1000"
"1110","high-speed-no-boost","58.001194","False","True","67.71852","0","0.10874098","1000"
"1111","high-speed-no-boost","58.001194","False","True","67.739815","0","0.109592676","1000"
"1112","high-speed-no-boost","58.001194","False","True","67.75941","0","0.110376276","1000"
"1113","high-speed-no-boost","58.001194","False","True","67.77743","0","0.11109722","1000"
"1114","high-speed-no-boost","58.001194","False","True","67.794014","0","0.11176052","1000"
"1115","high-speed-no-boost","58.001194","False","True","67.80927","0","0.11237078","1000"
"1116","high-speed-no-boost","58.001194","False","True","67.8233","0","0.11293225","1000"
"1117","high-speed-no-boost","58.001194","False","True","67.83622","0","0.11344883","1000"
"1118","high-speed-no-boost","58.001194","False","True","67.8481","0","0.1139241","1000"
"1119","high-speed-no-boost","58.001194","False","True","67.85903","0","0.11436137","1000"
"1120","high-speed-no-boost","58.001194","False","True","67.869095","0","0.114763685","1000"
"1121","high-speed-no-boost","58.001194","False","True","67.87835","0","0.11513383","1000"
"1122","high-speed-no-boost","58.001194","False","True","67.886856","0","0.11547437","1000"
"1123","high-speed-no-boost","58.001194","False","True","67.89469","0","0.1157877","1000"
"1124","high-speed-no-boost","58.001194","False","True","67.9019","0","0.11607597","1000"
"1125","high-speed-no-boost","58.001194","False","True","67.90853","0","0.116341196","1000"
"1126","high-speed-no-boost","58.001194","False","True","67.91463","0","0.11658521","1000"
"1127","high-speed-no-boost","58.001194","False","True","67.92024","0","0.11680971","1000"
"1128","high-speed-no-boost","58.001194","False","True","67.92541","0","0.11701626","1000"
"1129","high-speed-no-boost","58.001194","False","True","67.93016","0","0.1172063","1000"
"1130","high-speed-no-boost","58.001194","False","True","67.93453","0","0.11738115","1000"
"1131","high-speed-no-boost","58.001194","False","True","67.93855","0","0.11754201","1000"
"1132","high-speed-no-boost","58.001194","False","True","67.94225","0","0.11769001","1000"
"1133","high-speed-no-boost","58.001194","False","True","67.945656","0","0.117826186","1000"
"1134","high-speed-no-boost","58.001194","False","True","67.948784","0","0.11795147","1000"
"1135","high-speed-no-boost","58.001194","False","True","67.95167","0","0.118066736","1000"
"1136","high-speed-no-boost","58.001194","False","True","67.95432","0","0.11817279","1000"
"1137","high-speed-no-boost","58.001194","False","True","67.95676","0","0.11827035","1000"
"1138","high-speed-no-boost","58.001194","False","True","67.959","0","0.11836012","1000"
"1139","high-speed-no-boost","58.001194","False","True","67.96107","0","0.11844271","1000"
"1140","high-speed-no-boost","58.001194","False","True","67.96297","0","0.118518695","1000"
"1141","high-speed-no-boost","58.001194","False","True","67.964714","0","0.118588604","1000"
"1142","high-speed-no-boost","58.001194","False","True","67.966324","0","0.118652925","1000"
"1143","high-speed-no-boost","58.001194","False","True","67.967804","0","0.118712105","1000"
"1144","high-speed-no-boost","58.001194","False","True","67.96916","0","0.11876655","1000"
"1145","high-speed-no-boost","58.001194","False","True","67.97041","0","0.11881665","1000"
"1146","high-speed-no-boost","58.001194","False","True","67.971565","0","0.11886274","1000"
"1147","high-speed-no-boost","58.001194","False","True","67.972626","0","0.11890514","1000"
"1148","high-speed-no-boost","58.001194","False","True","67.9736","0","0.11894415","1000"
"1149","high-speed-no-boost","58.001194","False","True","67.9745","0","0.11898004","1000"
"1150","high-speed-no-boost","58.001194","False","True","67.97533","0","0.11901306","1000"
"1151","high-speed-no-boost","58.001194","False","True","67.97609","0","0.11904345","1000"
"1152","high-speed-no-boost","58.001194","False","True","67.97678","0","0.1190714","1000"
"1153","high-speed-no-boost","58.001194","False","True","67.977425","0","0.11909712","1000"
"1154","high-speed-no-boost","58.001194","False","True","67.97802","0","0.119120784","1000"
"1155","high-speed-no-boost","58.001194","False","True","67.97856","0","0.119142555","1000"
"1156","high-speed-no-boost","58.001194","False","True","67.979065","0","0.11916258","1000"
"1157","high-speed-no-boost","58.001194","False","True","67.97952","0","0.119181015","1000"
"1158","high-speed-no-boost","58.001194","False","True","67.97995","0","0.11919797","1000"
"1159","high-speed-no-boost","58.001194","False","True","67.98034","0","0.11921357","1000"
"1160","high-speed-no-boost","58.001194","False","True","67.9807","0","0.11922793","1000"
"1161","high-speed-no-boost","58.001194","False","True","67.981026","0","0.11924113","1000"
"1162","high-speed-no-boost","58.001194","False","True","67.98133","0","0.11925328","1000"
"1163","high-speed-no-boost","58.001194","False","True","67.98161","0","0.11926445","1000"
"1164","high-speed-no-boost","58.001194","False","True","67.98187","0","0.11927474","1000"
"1165","high-speed-no-boost","58.001194","False","True","67.9821","0","0.119284205","1000"
"1166","high-speed-no-boost","58.001194","False","True","67.98232","0","0.11929291","1000"
"1167","high-speed-no-boost","58.001194","False","True","67.98252","0","0.119300924","1000"
"1168","high-speed-no-boost","58.001194","False","True","67.982704","0","0.119308285","1000"
"1169","high-speed-no-boost","58.001194","False","True","67.98288","0","0.119315065","1000"
"1170","high-speed-no-boost","58.001194","False","True","67.98303","0","0.11932131","1000"
"1171","high-speed-no-boost","58.001194","False","True","67.98318","0","0.11932704","1000"
"1172","high-speed-no-boost","58.001194","False","True","67.98331","0","0.11933232","1000"
"1173","high-speed-no-boost","58.001194","False","True","67.98343","0","0.11933718","1000"
"1174","high-speed-no-boost","58.001194","False","True","67.98354","0","0.11934165","1000"
"1175","high-speed-no-boost","58.001194","False","True","67.98364","0","0.11934576","1000"
"1176","high-speed-no-boost","58.001194","False","True","67.98374","0","0.11934955","1000"
"1177","high-speed-no-boost","58.001186","False","True","67.983826","0","0.11935302","1000"
"1178","high-speed-no-boost","58.001152","False","True","67.9839","0","0.119356215","1000"
"1179","high-speed-no-boost","58.00107","False","True","67.98398","0","0.11935916","1000"
"1180","high-speed-no-boost","58.00092","False","True","67.98405","0","0.119361855","1000"
"1181","high-speed-no-boost","58.000763","False","True","67.98411","0","0.11936433","1000"
"1182","high-speed-no-boost","58.000492","False","True","67.98416","0","0.11936659","1000"
"1183","high-speed-no-boost","58.000046","False","True","67.984215","0","0.11936866","1000"
"1184","high-speed-no-boost","57.99935","False","True","67.98426","0","0.11937052","1000"
"1185","high-speed-no-boost","57.998543","False","True","67.98431","0","0.1193722","1000"
"1186","high-speed-no-boost","57.9977","False","True","67.984344","0","0.1193737","1000"
"1187","high-speed-no-boost","57.996563","False","True","67.984375","0","0.11937503","1000"
"1188","high-speed-no-boost","57.995026","False","True","67.984406","0","0.119376175","1000"
"1189","high-speed-no-boost","57.99291","False","True","67.98443","0","0.11937712","1000"
"1190","high-speed-no-boost","57.990658","False","True","67.98445","0","0.119377896","1000"
"1191","high-speed-no-boost","57.988422","False","True","67.98446","0","0.1193785","1000"
"1192","high-speed-no-boost","57.985703","False","True","67.984474","0","0.11937892","1000"
"1193","high-speed-no-boost","57.98221","False","True","67.98448","0","0.11937914","1000"
"1194","high-speed-no-boost","57.97772","False","True","67.98448","0","0.119379126","1000"
"1195","high-speed-no-boost","57.973507","False","True","67.984474","0","0.1193789","1000"
"1196","high-speed-no-boost","57.969543","False","True","67.98447","0","0.119378515","1000"
"1197","high-speed-no-boost","57.964474","False","True","67.98445","0","0.1193779","1000"
"1198","high-speed-no-boost","57.958187","False","True","67.98443","0","0.11937704","1000"
"1199","high-speed-no-boost","57.95036","False","True","67.9844","0","0.119375855","1000"
"1200","high-speed-no-boost","57.941605","False","True","67.98436","0","0.11937434","1000"
"1201","high-speed-no-boost","57.93528","False","True","67.984314","0","0.11937263","1000"
"1202","high-speed-no-boost","57.927338","False","True","67.98427","0","0.11937067","1000"
"1203","high-speed-no-boost","57.9185","False","True","67.98421","0","0.11936843","1000"
"1204","high-speed-no-boost","57.907818","False","True","67.984146","0","0.11936583","1000"
"1205","high-speed-no-boost","57.89487","False","True","67.98407","0","0.119362794","1000"
"1206","high-speed-no-boost","57.882812","False","True","67.983986","0","0.11935939","1000"
"1207","high-speed-no-boost","57.871845","False","True","67.983894","0","0.11935569","1000"
"1208","high-speed-no-boost","57.85989","False","True","67.983795","0","0.11935169","1000"
"1209","high-speed-no-boost","57.845543","False","True","67.98368","0","0.11934727","1000"
"1210","high-speed-no-boost","57.828373","False","True","67.98356","0","0.11934232","1000"
"1211","high-speed-no-boost","57.812805","False","True","67.98342","0","0.119336955","1000"
"1212","high-speed-no-boost","57.798904","False","True","67.983284","0","0.11933129","1000"
"1213","high-speed-no-boost","57.784","False","True","67.98313","0","0.119325295","1000"
"1214","high-speed-no-boost","57.766155","False","True","67.98297","0","0.119318835","1000"
"1215","high-speed-no-boost","57.74492","False","True","67.982796","0","0.11931176","1000"
"1216","high-speed-no-boost","57.726116","False","True","67.982605","0","0.11930423","1000"
"1217","high-speed-no-boost","57.70999","False","True","67.982414","0","0.11929643","1000"
"1218","high-speed-no-boost","57.692787","False","True","67.98221","0","0.11928831","1000"
"1219","high-speed-no-boost","57.671886","False","True","67.981995","0","0.11927969","1000"
"1220","high-speed-no-boost","57.647053","False","True","67.98176","0","0.11927038","1000"
"1221","high-speed-no-boost","57.6288","False","True","67.98152","0","0.11926079","1000"
"1222","high-speed-no-boost","57.611073","False","True","67.98128","0","0.11925096","1000"
"1223","high-speed-no-boost","57.59216","False","True","67.98102","0","0.11924084","1000"
"1224","high-speed-no-boost","57.568672","False","True","67.98075","0","0.11923018","1000"
"1225","high-speed-no-boost","57.54086","False","True","67.98047","0","0.11921876","1000"
"1226","high-speed-no-boost","57.52216","False","True","67.98018","0","0.11920716","1000"
"1227","high-speed-no-boost","57.5039","False","True","67.97989","0","0.11919541","1000"
"1228","high-speed-no-boost","57.484535","False","True","67.97958","0","0.11918344","1000"
"1229","high-speed-no-boost","57.45939","False","True","67.97927","0","0.11917094","1000"
"1230","high-speed-no-boost","57.429207","False","True","67.97894","0","0.11915761","1000"
"1231","high-speed-no-boost","57.41086","False","True","67.97861","0","0.11914423","1000"
"1232","high-speed-no-boost","57.39903","False","True","67.97828","0","0.11913119","1000"
"1233","high-speed-no-boost","57.378544","False","True","67.97795","0","0.11911793","1000"
"1234","high-speed-no-boost","57.351658","False","True","67.9776","0","0.11910405","1000"
"1235","high-speed-no-boost","57.319473","False","True","67.977234","0","0.11908927","1000"
"1236","high-speed-no-boost","57.301308","False","True","67.97686","0","0.119074516","1000"
"1237","high-speed-no-boost","57.290413","False","True","67.97651","0","0.11906024","1000"
"1238","high-speed-no-boost","57.27004","False","True","67.97614","0","0.1190458","1000"
"1239","high-speed-no-boost","57.24267","False","True","67.97577","0","0.119030744","1000"
"1240","high-speed-no-boost","57.20972","False","True","67.97537","0","0.11901475","1000"
"1241","high-speed-no-boost","57.192764","False","True","67.974976","0","0.11899891","1000"
"1242","high-speed-no-boost","57.175823","False","True","67.97458","0","0.11898322","1000"
"1243","high-speed-no-boost","57.15888","False","True","67.97419","0","0.11896765","1000"
"1244","high-speed-no-boost","57.13486","False","True","67.97379","0","0.118951716","1000"
"1245","high-speed-no-boost","57.111523","False","True","67.97339","0","0.11893548","1000"
"1246","high-speed-no-boost","57.096058","False","True","67.972984","0","0.1189195","1000"
"1247","high-speed-no-boost","57.071487","False","True","67.97258","0","0.1189031","1000"
"1248","high-speed-no-boost","57.044907","False","True","67.97215","0","0.11888619","1000"
"1249","high-speed-no-boost","57.016644","False","True","67.97172","0","0.11886866","1000"
"1250","high-speed-no-boost","56.992924","False","True","67.97127","0","0.11885086","1000"
"1251","high-speed-no-boost","56.95935","False","True","67.9708","0","0.11883211","1000"
"1252","high-speed-no-boost","56.923134","False","True","67.97031","0","0.11881227","1000"
"1253","high-speed-no-boost","56.884476","False","True","67.96978","0","0.11879122","1000"
"1254","high-speed-no-boost","56.83905","False","True","67.969215","0","0.11876853","1000"
"1255","high-speed-no-boost","56.792942","False","True","67.968605","0","0.11874422","1000"
"1256","high-speed-no-boost","56.744682","False","True","67.96796","0","0.118718214","1000"
"1257","high-speed-no-boost","56.70105","False","True","67.96728","0","0.11869097","1000"
"1258","high-speed-no-boost","56.65559","False","True","67.96656","0","0.11866238","1000"
"1259","high-speed-no-boost","56.606792","False","True","67.965805","0","0.11863227","1000"
"1260","high-speed-no-boost","56.542736","False","True","67.96499","0","0.118599474","1000"
"1261","high-speed-no-boost","56.478123","False","True","67.9641","0","0.11856408","1000"
"1262","high-speed-no-boost","56.41131","False","True","67.96315","0","0.11852601","1000"
"1263","high-speed-no-boost","56.35834","False","True","67.962166","0","0.11848657","1000"
"1264","high-speed-no-boost","56.246784","False","True","67.96102","0","0.11844076","1000"
"1265","high-speed-no-boost","56.17195","False","True","67.9598","0","0.11839209","1000"
"1266","high-speed-no-boost","56.09446","False","True","67.95851","0","0.118340425","1000"
"1267","high-speed-no-boost","54.918705","False","True","67.95433","0","0.11817332","1000"
"1268","high-speed-no-boost","54.706654","False","True","67.949875","0","0.11799505","1000"
"1269","high-speed-no-boost","54.46275","False","True","67.945045","0","0.11780177","1000"
"1270","high-speed-no-boost","54.214695","False","True","67.93983","0","0.11759299","1000"
"1271","high-speed-no-boost","53.98261","False","True","67.93427","0","0.11737089","1000"
"1272","high-speed-no-boost","53.74145","False","True","67.92836","0","0.11713429","1000"
"1273","high-speed-no-boost","53.51322","False","True","67.92213","0","0.116885096","1000"
"1274","high-speed-no-boost","53.2537","False","True","67.915474","0","0.116618834","1000"
"1275","high-speed-no-boost","52.97014","False","True","67.9083","0","0.11633207","1000"
"1276","high-speed-no-boost","52.687428","False","True","67.90063","0","0.116025135","1000"
"1277","high-speed-no-boost","52.42433","False","True","67.89253","0","0.1157014","1000"
"1278","high-speed-no-boost","52.17536","False","True","67.88409","0","0.11536334","1000"
"1279","high-speed-no-boost","51.8768","False","True","67.87507","0","0.1150027","1000"
"1280","high-speed-no-boost","51.58694","False","True","67.86553","0","0.114621334","1000"
"1281","high-speed-no-boost","51.314144","False","True","67.85556","0","0.114222564","1000"
"1282","high-speed-no-boost","51.03616","False","True","67.84514","0","0.11380565","1000"
"1283","high-speed-no-boost","50.774624","False","True","67.83435","0","0.113373905","1000"
"1284","high-speed-no-boost","50.468548","False","True","67.822975","0","0.11291897","1000"
"1285","high-speed-no-boost","50.167454","False","True","67.81106","0","0.11244227","1000"
"1286","high-speed-no-boost","49.882877","False","True","67.79869","0","0.11194749","1000"
"1287","high-speed-no-boost","49.621","False","True","67.78599","0","0.11143954","1000"
"1288","high-speed-no-boost","49.34941","False","True","67.77291","0","0.11091648","1000"
"1289","high-speed-no-boost","49.033916","False","True","67.75923","0","0.11036922","1000"
"1290","high-speed-no-boost","48.735394","False","True","67.74505","0","0.109802015","1000"
"1291","high-speed-no-boost","48.457172","False","True","67.73049","0","0.10921972","1000"
"1292","high-speed-no-boost","48.17193","False","True","67.71552","0","0.10862097","1000"
"1293","high-speed-no-boost","47.848442","False","True","67.699936","0","0.107997395","1000"
"1294","high-speed-no-boost","47.539368","False","True","67.68382","0","0.10735301","1000"
"1295","high-speed-no-boost","47.230507","False","True","67.667206","0","0.10668838","1000"
"1296","high-speed-no-boost","46.908363","False","True","67.650024","0","0.106000856","1000"
"1297","high-speed-no-boost","46.598995","False","True","67.632355","0","0.10529416","1000"
"1298","high-speed-no-boost","46.33905","False","True","67.614525","0","0.104580864","1000"
"1299","high-speed-no-boost","46.064774","False","True","67.59643","0","0.10385722","1000"
"1300","high-speed-no-boost","45.776196","False","True","67.577995","0","0.1031197","1000"
"1301","high-speed-no-boost","45.510254","False","True","67.55936","0","0.10237428","1000"
"1302","high-speed-no-boost","45.28098","False","True","67.54076","0","0.101630256","1000"
"1303","high-speed-no-boost","45.005905","False","True","67.52188","0","0.10087522","1000"
"1304","high-speed-no-boost","44.756752","False","True","67.5029","0","0.100116074","1000"
"1305","high-speed-no-boost","44.54189","False","True","67.48404","0","0.099361576","1000"
"1306","high-speed-no-boost","44.282124","False","True","67.46497","0","0.09859908","1000"
"1307","high-speed-no-boost","44.046383","False","True","67.44588","0","0.09783505","1000"
"1308","high-speed-no-boost","43.842625","False","True","67.42694","0","0.09707771","1000"
"1309","high-speed-no-boost","43.607006","False","True","67.40794","0","0.0963176","1000"
"1310","high-speed-no-boost","43.379784","False","True","67.388916","0","0.09555677","1000"
"1311","high-speed-no-boost","43.183407","False","True","67.37009","0","0.09480331","1000"
"1312","high-speed-no-boost","42.957058","False","True","67.351204","0","0.09404812","1000"
"1313","high-speed-no-boost","42.737785","False","True","67.33232","0","0.09329293","1000"
"1314","high-speed-no-boost","42.546646","False","True","67.31363","0","0.09254519","1000"
"1315","high-speed-no-boost","42.31786","False","True","67.29484","0","0.091793574","1000"
"1316","high-speed-no-boost","42.111706","False","True","67.27611","0","0.09104438","1000"
"1317","high-speed-no-boost","41.917397","False","True","67.257515","0","0.09030049","1000"
"1318","high-speed-no-boost","41.699314","False","True","67.23886","0","0.089554526","1000"
"1319","high-speed-no-boost","41.498432","False","True","67.22028","0","0.08881124","1000"
"1320","high-speed-no-boost","41.43133","False","True","67.202705","0","0.088108316","1000"
"1321","high-speed-no-boost","41.354515","False","True","67.18599","0","0.08743972","1000"
"1322","high-speed-no-boost","41.293003","False","True","67.17017","0","0.08680705","1000"
"1323","high-speed-no-boost","41.21838","False","True","67.15509","0","0.086203665","1000"
"1324","high-speed-no-boost","41.145824","False","True","67.14069","0","0.08562778","1000"
"1325","high-speed-no-boost","41.076","False","True","67.126945","0","0.08507796","1000"
"1326","high-speed-no-boost","40.99098","False","True","67.11369","0","0.08454773","1000"
"1327","high-speed-no-boost","40.922688","False","True","67.101006","0","0.084040284","1000"
"1328","high-speed-no-boost","40.558884","False","True","67.086716","0","0.0834686","1000"
"1329","high-speed-no-boost","40.367146","False","True","67.072174","0","0.08288711","1000"
"1330","high-speed-no-boost","40.18581","False","True","67.05749","0","0.082299486","1000"
"1331","high-speed-no-boost","39.99352","False","True","67.04257","0","0.08170285","1000"
"1332","high-speed-no-boost","39.80431","False","True","67.027466","0","0.0810987","1000"
"1333","high-speed-no-boost","39.61254","False","True","67.01217","0","0.080486715","1000"
"1334","high-speed-no-boost","39.41736","False","True","66.99666","0","0.0798664","1000"
"1335","high-speed-no-boost","39.229965","False","True","66.98102","0","0.079240575","1000"
"1336","high-speed-no-boost","39.03727","False","True","66.9652","0","0.078608","1000"
"1337","high-speed-no-boost","38.80611","False","True","66.948944","0","0.07795772","1000"
"1338","high-speed-no-boost","38.585224","False","True","66.93235","0","0.07729404","1000"
"1339","high-speed-no-boost","38.36128","False","True","66.91543","0","0.07661699","1000"
"1340","high-speed-no-boost","38.154488","False","True","66.898315","0","0.07593262","1000"
"1341","high-speed-no-boost","37.94744","False","True","66.881035","0","0.07524135","1000"
"1342","high-speed-no-boost","37.746086","False","True","66.86363","0","0.074545324","1000"
"1343","high-speed-no-boost","37.541615","False","True","66.8461","0","0.07384394","1000"
"1344","high-speed-no-boost","37.34897","False","True","66.82853","0","0.073141076","1000"
"1345","high-speed-no-boost","37.15605","False","True","66.81092","0","0.07243673","1000"
"1346","high-speed-no-boost","36.965553","False","True","66.79329","0","0.071731694","1000"
"1347","high-speed-no-boost","36.78378","False","True","66.77572","0","0.0710286","1000"
"1348","high-speed-no-boost","36.59384","False","True","66.75812","0","0.070324816","1000"
"1349","high-speed-no-boost","36.41841","False","True","66.740616","0","0.06962473","1000"
"1350","high-speed-no-boost","36.24056","False","True","66.72318","0","0.0689273","1000"
"1351","high-speed-no-boost","36.073727","False","True","66.70589","0","0.06823563","1000"
"1352","high-speed-no-boost","35.904858","False","True","66.68871","0","0.06754862","1000"
"1353","high-speed-no-boost","35.73333","False","True","66.67163","0","0.06686511","1000"
"1354","high-speed-no-boost","35.579193","False","True","66.654755","0","0.06619004","1000"
"1355","high-speed-no-boost","35.41379","False","True","66.637985","0","0.065519385","1000"
"1356","high-speed-no-boost","35.373363","False","True","66.62225","0","0.064890236","1000"
"1357","high-speed-no-boost","35.213932","False","True","66.60659","0","0.064263634","1000"
"1358","high-speed-no-boost","35.073666","False","True","66.591125","0","0.06364512","1000"
"1359","high-speed-no-boost","34.926968","False","True","66.575806","0","0.06303215","1000"
"1360","high-speed-no-boost","34.898636","False","True","66.56149","0","0.06245972","1000"
"1361","high-speed-no-boost","34.876137","False","True","66.54816","0","0.061926324","1000"
"1362","high-speed-no-boost","34.859417","False","True","66.53577","0","0.061430573","1000"
"1363","high-speed-no-boost","34.848484","False","True","66.52428","0","0.060971193","1000"
"1364","high-speed-no-boost","34.65218","False","True","66.512245","0","0.06048985","1000"
"1365","high-speed-no-boost","34.53776","False","True","66.50032","0","0.060012795","1000"
"1366","high-speed-no-boost","34.53304","False","True","66.48931","0","0.059572477","1000"
"1367","high-speed-no-boost","34.535515","False","True","66.4792","0","0.059168104","1000"
"1368","high-speed-no-boost","34.54421","False","True","66.46996","0","0.05879866","1000"
"1369","high-speed-no-boost","34.558933","False","True","66.46158","0","0.05846315","1000"
"1370","high-speed-no-boost","34.579678","False","True","66.45402","0","0.05816067","1000"
"1371","high-speed-no-boost","34.36633","False","True","66.445465","0","0.057818662","1000"
"1372","high-speed-no-boost","34.281105","False","True","66.436966","0","0.057478573","1000"
"1373","high-speed-no-boost","34.305855","False","True","66.42933","0","0.05717306","1000"
"1374","high-speed-no-boost","34.336716","False","True","66.42253","0","0.05690118","1000"
"1375","high-speed-no-boost","34.374496","False","True","66.41656","0","0.05666231","1000"
"1376","high-speed-no-boost","34.418114","False","True","66.41139","0","0.056455564","1000"
"1377","high-speed-no-boost","34.46832","False","True","66.407005","0","0.056280337","1000"
"1378","high-speed-no-boost","34.368317","False","True","66.40223","0","0.056089263","1000"
"1379","high-speed-no-boost","34.311577","False","True","66.397415","0","0.055896536","1000"
"1380","high-speed-no-boost","34.26482","False","True","66.39263","0","0.055705275","1000"
"1381","high-speed-no-boost","34.3273","False","True","66.3887","0","0.05554794","1000"
"1382","high-speed-no-boost","34.397327","False","True","66.385605","0","0.05542409","1000"
"1383","high-speed-no-boost","34.47273","False","True","66.383316","0","0.05533265","1000"
"1384","high-speed-no-boost","34.559174","False","True","66.38186","0","0.055274345","1000"
"1385","high-speed-no-boost","34.65236","False","True","66.38121","0","0.055248544","1000"
"1386","high-speed-no-boost","34.560413","False","True","66.37994","0","0.055197332","1000"
"1387","high-speed-no-boost","34.542347","False","True","66.378624","0","0.055144817","1000"
"1388","high-speed-no-boost","34.63531","False","True","66.378105","0","0.05512428","1000"
"1389","high-speed-no-boost","34.738297","False","True","66.3784","0","0.055136167","1000"
"1390","high-speed-no-boost","34.85694","False","True","66.37956","0","0.05518259","1000"
"1391","high-speed-no-boost","34.98419","False","True","66.381584","0","0.055263378","1000"
"1392","high-speed-no-boost","35.116444","False","True","66.38443","0","0.055377297","1000"
"1393","high-speed-no-boost","35.24989","False","True","66.388054","0","0.055522073","1000"
"1394","high-speed-no-boost","35.3829","False","True","66.39238","0","0.05569512","1000"
"1395","high-speed-no-boost","35.335266","False","True","66.396","0","0.05584006","1000"
"1396","high-speed-no-boost","35.34461","False","True","66.39941","0","0.05597621","1000"
"1397","high-speed-no-boost","35.348557","False","True","66.402565","0","0.056102656","1000"
"1398","high-speed-no-boost","35.358868","False","True","66.405556","0","0.05622208","1000"
"1399","high-speed-no-boost","35.364555","False","True","66.40834","0","0.056333665","1000"
"1400","high-speed-no-boost","35.37666","False","True","66.410995","0","0.05643995","1000"
"1401","high-speed-no-boost","35.386703","False","True","66.41352","0","0.05654075","1000"
"1402","high-speed-no-boost","35.399544","False","True","66.41593","0","0.05663734","1000"
"1403","high-speed-no-boost","35.4135","False","True","66.41826","0","0.056730386","1000"
"1404","high-speed-no-boost","35.42948","False","True","66.42052","0","0.05682078","1000"
"1405","high-speed-no-boost","35.536587","False","True","66.4234","0","0.056936048","1000"
"1406","high-speed-no-boost","35.6427","False","True","66.42685","0","0.057073906","1000"
"1407","high-speed-no-boost","35.7545","False","True","66.430855","0","0.057234254","1000"
"1408","high-speed-no-boost","35.869686","False","True","66.43541","0","0.05741632","1000"
"1409","high-speed-no-boost","35.987526","False","True","66.440475","0","0.05761916","1000"
"1410","high-speed-no-boost","36.10733","False","True","66.446045","0","0.057841703","1000"
"1411","high-speed-no-boost","36.2283","False","True","66.452065","0","0.05808272","1000"
"1412","high-speed-no-boost","36.137688","False","True","66.45693","0","0.058277298","1000"
"1413","high-speed-no-boost","36.1151","False","True","66.461235","0","0.058449548","1000"
"1414","high-speed-no-boost","36.08723","False","True","66.46499","0","0.05859967","1000"
"1415","high-speed-no-boost","36.069984","False","True","66.468315","0","0.058732618","1000"
"1416","high-speed-no-boost","36.04647","False","True","66.4712","0","0.058847886","1000"
"1417","high-speed-no-boost","36.039543","False","True","66.47379","0","0.05895186","1000"
"1418","high-speed-no-boost","36.149963","False","True","66.47701","0","0.059080627","1000"
"1419","high-speed-no-boost","36.26027","False","True","66.480804","0","0.05923217","1000"
"1420","high-speed-no-boost","36.37039","False","True","66.485115","0","0.05940461","1000"
"1421","high-speed-no-boost","36.473022","False","True","66.48985","0","0.059594028","1000"
"1422","high-speed-no-boost","36.39709","False","True","66.49364","0","0.059745535","1000"
"1423","high-speed-no-boost","36.497116","False","True","66.49787","0","0.059914913","1000"
"1424","high-speed-no-boost","36.598618","False","True","66.50253","0","0.060101163","1000"
"1425","high-speed-no-boost","36.70349","False","True","66.5076","0","0.060303945","1000"
"1426","high-speed-no-boost","36.808617","False","True","66.513054","0","0.060522005","1000"
"1427","high-speed-no-boost","36.72755","False","True","66.517456","0","0.060698345","1000"
"1428","high-speed-no-boost","36.70112","False","True","66.52132","0","0.06085267","1000"
"1429","high-speed-no-boost","36.68554","False","True","66.52475","0","0.060989983","1000"
"1430","high-speed-no-boost","36.660076","False","True","66.52772","0","0.061108693","1000"
"1431","high-speed-no-boost","36.646927","False","True","66.53035","0","0.061213974","1000"
"1432","high-speed-no-boost","36.62299","False","True","66.53259","0","0.06130366","1000"
"1433","high-speed-no-boost","36.612682","False","True","66.53458","0","0.061383087","1000"
"1434","high-speed-no-boost","36.584023","False","True","66.53619","0","0.061447576","1000"
"1435","high-speed-no-boost","36.57116","False","True","66.537575","0","0.061503053","1000"
"1436","high-speed-no-boost","36.680676","False","True","66.53967","0","0.06158691","1000"
"1437","high-speed-no-boost","36.79138","False","True","66.54243","0","0.061697222","1000"
"1438","high-speed-no-boost","36.902733","False","True","66.5458","0","0.061832063","1000"
"1439","high-speed-no-boost","37.01418","False","True","66.549736","0","0.061989482","1000"
"1440","high-speed-no-boost","36.949177","False","True","66.55287","0","0.06211486","1000"
"1441","airborne-boost","24","False","False","65","0","0","1000"
"1442","airborne-boost","24","False","False","65.037476","0","0.0014991671","1000"
"1443","airborne-boost","24","False","False","65.07196","0","0.0028784673","1000"
"1444","airborne-boost","24","False","False","65.10368","0","0.0041474844","1000"
"1445","airborne-boost","24","False","False","65.13287","0","0.005315037","1000"
"1446","airborne-boost","24","False","False","65.15973","0","0.006389237","1000"
"1447","airborne-boost","24","False","False","65.18444","0","0.007377549","1000"
"1448","airborne-boost","24","False","False","65.20717","0","0.00828684","1000"
"1449","airborne-boost","24","False","False","65.22809","0","0.009123429","1000"
"1450","airborne-boost","24","False","False","65.24733","0","0.009893127","1000"
"1451","airborne-boost","24","False","False","65.26503","0","0.010601283","1000"
"1452","airborne-boost","24","False","False","65.28132","0","0.011252819","1000"
"1453","airborne-boost","24","False","False","65.2963","0","0.011852261","1000"
"1454","airborne-boost","24","False","False","65.3101","0","0.012403773","1000"
"1455","airborne-boost","24","False","False","65.32278","0","0.012911189","1000"
"1456","airborne-boost","24","False","False","65.33445","0","0.013378035","1000"
"1457","airborne-boost","24","False","False","65.34519","0","0.013807553","1000"
"1458","airborne-boost","24","False","False","65.35507","0","0.014202729","1000"
"1459","airborne-boost","24","False","False","65.36416","0","0.014566309","1000"
"1460","airborne-boost","24","False","False","65.37252","0","0.014900818","1000"
"1461","airborne-boost","24","False","False","65.38021","0","0.0152085805","1000"
"1462","airborne-boost","24","False","False","65.38729","0","0.015491736","1000"
"1463","airborne-boost","24","False","False","65.39381","0","0.015752252","1000"
"1464","airborne-boost","24","False","False","65.399796","0","0.015991937","1000"
"1465","airborne-boost","24","False","False","65.40531","0","0.01621246","1000"
"1466","airborne-boost","24","False","False","65.410385","0","0.016415352","1000"
"1467","airborne-boost","24","False","False","65.41505","0","0.016602019","1000"
"1468","airborne-boost","24","False","False","65.41934","0","0.016773762","1000"
"1469","airborne-boost","24","False","False","65.423294","0","0.016931772","1000"
"1470","airborne-boost","24","False","False","65.426926","0","0.01707715","1000"
"1471","airborne-boost","24","True","False","66.19749","0.06786895","0.024659568","1000"
"1472","airborne-boost","24.333334","True","False","66.891396","0.12881342","0.03171019","1000"
"1473","airborne-boost","24.666668","True","False","67.51728","0.18360572","0.038357116","1000"
"1474","airborne-boost","25.000002","True","False","68.082825","0.23293284","0.044703756","1000"
"1475","airborne-boost","25.333336","True","False","68.59485","0.27740583","0.05083354","1000"
"1476","airborne-boost","25.66667","True","False","69.059425","0.31756815","0.056813817","1000"
"1477","airborne-boost","26.000004","True","False","69.48194","0.35390323","0.06269893","1000"
"1478","airborne-boost","26.333338","True","False","69.86719","0.38684085","0.06853275","1000"
"1479","airborne-boost","26.666672","True","False","70.21943","0.41676325","0.07435073","1000"
"1480","airborne-boost","27.000006","True","False","70.542435","0.44401032","0.08018155","1000"
"1481","airborne-boost","27.33334","True","False","70.839584","0.46888423","0.08604842","1000"
"1482","airborne-boost","27.666674","True","False","71.113846","0.4916536","0.09197018","1000"
"1483","airborne-boost","28.000008","True","False","71.367874","0.5125571","0.097962156","1000"
"1484","airborne-boost","28.333342","True","False","71.60403","0.53180695","0.10403682","1000"
"1485","airborne-boost","28.666676","True","False","71.824394","0.5495917","0.110204406","1000"
"1486","airborne-boost","29.00001","True","False","72.030815","0.5660789","0.11647326","1000"
"1487","airborne-boost","29.333344","True","False","72.224945","0.5814172","0.12285025","1000"
"1488","airborne-boost","29.666677","True","False","72.40824","0.59573877","0.12934107","1000"
"1489","airborne-boost","30.000011","True","False","72.58199","0.6091609","0.13595039","1000"
"1490","airborne-boost","30.333345","True","False","72.74734","0.62178767","0.14268208","1000"
"1491","airborne-boost","30.66668","True","False","72.905304","0.6337114","0.14953935","1000"
"1492","airborne-boost","31.000013","True","False","73.05677","0.645014","0.15652482","1000"
"1493","airborne-boost","31.333347","True","False","73.202545","0.65576804","0.16364065","1000"
"1494","airborne-boost","31.666681","True","False","73.343315","0.66603786","0.17088857","1000"
"1495","airborne-boost","32.000015","True","False","73.479706","0.67588043","0.17826995","1000"
"1496","airborne-boost","32.333347","True","False","73.61227","0.6853462","0.18578587","1000"
"1497","airborne-boost","32.66668","True","False","73.74147","0.69447964","0.19343704","1000"
"1498","airborne-boost","33.00001","True","False","73.867744","0.7033202","0.20122395","1000"
"1499","airborne-boost","33.333344","True","False","73.991455","0.7119027","0.20914687","1000"
"1500","airborne-boost","33.666676","True","False","74.11293","0.72025764","0.21720576","1000"
"1501","airborne-boost","34.000008","True","False","74.23247","0.7284122","0.2254004","1000"
"1502","airborne-boost","34.33334","True","False","74.350296","0.73639005","0.23373033","1000"
"1503","airborne-boost","34.66667","True","False","74.466644","0.7442121","0.24219489","1000"
"1504","airborne-boost","35.000004","True","False","74.581696","0.7518966","0.25079316","1000"
"1505","airborne-boost","35.333336","True","False","74.69562","0.7594595","0.25952408","1000"
"1506","airborne-boost","35.666668","True","False","74.80854","0.7669147","0.26838633","1000"
"1507","airborne-boost","36","True","False","74.92059","0.7742745","0.27737844","1000"
"1508","airborne-boost","36.333332","True","False","75.03188","0.78154933","0.28649867","1000"
"1509","airborne-boost","36.666664","True","False","75.14249","0.7887482","0.29574513","1000"
"1510","airborne-boost","36.999996","True","False","75.25248","0.795879","0.30511576","1000"
"1511","airborne-boost","37.33333","True","False","75.361916","0.80294836","0.31460822","1000"
"1512","airborne-boost","37.66666","True","False","75.470856","0.8099619","0.32421997","1000"
"1513","airborne-boost","37.999992","True","False","75.57933","0.8169244","0.33394837","1000"
"1514","airborne-boost","38.333324","True","False","75.68737","0.8238398","0.3437906","1000"
"1515","airborne-boost","38.666656","True","False","75.795","0.8307113","0.35374346","1000"
"1516","airborne-boost","38.99999","True","False","75.90223","0.8375416","0.36380377","1000"
"1517","airborne-boost","39.33332","True","False","76.00907","0.8443326","0.37396803","1000"
"1518","airborne-boost","39.666653","True","False","76.115524","0.85108584","0.38423258","1000"
"1519","airborne-boost","39.999985","True","False","76.22159","0.8578024","0.39459363","1000"
"1520","airborne-boost","40.333317","True","False","76.32726","0.864483","0.4050472","1000"
"1521","airborne-boost","40.66665","True","False","76.43253","0.8711279","0.415589","1000"
"1522","airborne-boost","40.99998","True","False","76.53739","0.8777372","0.4262147","1000"
"1523","airborne-boost","41.333313","True","False","76.641815","0.88431054","0.43691972","1000"
"1524","airborne-boost","41.666645","True","False","76.74578","0.8908475","0.44769943","1000"
"1525","airborne-boost","41.999977","True","False","76.84927","0.8973473","0.45854884","1000"
"1526","airborne-boost","42.33331","True","False","76.95227","0.90380883","0.46946284","1000"
"1527","airborne-boost","42.66664","True","False","77.05475","0.9102312","0.48043627","1000"
"1528","airborne-boost","42.999973","True","False","77.15667","0.91661304","0.4914637","1000"
"1529","airborne-boost","43.333305","True","False","77.25801","0.92295295","0.5025395","1000"
"1530","airborne-boost","43.666637","True","False","77.35875","0.9292493","0.513658","1000"
"1531","airborne-boost","43.99997","True","False","77.45884","0.93550056","0.5248133","1000"
"1532","airborne-boost","44.3333","True","False","77.55826","0.9417049","0.5359993","1000"
"1533","airborne-boost","44.666634","True","False","77.65697","0.9478606","0.5472099","1000"
"1534","airborne-boost","44.999966","True","False","77.754944","0.95396566","0.5584387","1000"
"1535","airborne-boost","45.333298","True","False","77.852135","0.96001804","0.5696792","1000"
"1536","airborne-boost","45.66663","True","False","77.94852","0.9660159","0.58092475","1000"
"1537","airborne-boost","45.99996","True","False","78.04405","0.9719569","0.5921686","1000"
"1538","airborne-boost","46.333294","True","False","78.13871","0.97783905","0.6034039","1000"
"1539","airborne-boost","46.666626","True","False","78.23244","0.98366004","0.61462355","1000"
"1540","airborne-boost","46.999958","True","False","78.32521","0.9894178","0.6258204","1000"
"1541","airborne-boost","47.33329","True","False","78.41698","0.9951099","0.6369871","1000"
"1542","airborne-boost","47.666622","True","False","78.50772","1.0007341","0.64811623","1000"
"1543","airborne-boost","47.999954","True","False","78.59738","1.0062882","0.6592003","1000"
"1544","airborne-boost","48.333286","True","False","78.685936","1.0117697","0.67023176","1000"
"1545","airborne-boost","48.66662","True","False","78.77333","1.0171763","0.6812027","1000"
"1546","airborne-boost","48.99995","True","False","78.85954","1.0225055","0.69210535","1000"
"1547","airborne-boost","49.333282","True","False","78.94452","1.027755","0.70293176","1000"
"1548","airborne-boost","49.666615","True","False","79.02823","1.0329225","0.7136739","1000"
"1549","airborne-boost","49.999947","True","False","79.11063","1.0380054","0.7243236","1000"
"1550","airborne-boost","50.33328","True","False","79.19167","1.0430013","0.7348726","1000"
"1551","airborne-boost","50.66661","True","False","79.27133","1.0479077","0.74531263","1000"
"1552","airborne-boost","50.999943","True","False","79.34956","1.0527221","0.7556354","1000"
"1553","airborne-boost","51.333275","True","False","79.42632","1.0574422","0.76583236","1000"
"1554","airborne-boost","51.666607","True","False","79.50157","1.0620655","0.77589506","1000"
"1555","airborne-boost","51.99994","True","False","79.57527","1.0665894","0.7858149","1000"
"1556","airborne-boost","52.33327","True","False","79.64738","1.0710113","0.79558337","1000"
"1557","airborne-boost","52.666603","True","False","79.71786","1.0753291","0.8051917","1000"
"1558","airborne-boost","52.999935","True","False","79.78667","1.0795398","0.8146312","1000"
"1559","airborne-boost","53.333267","True","False","79.85376","1.0836413","0.8238933","1000"
"1560","airborne-boost","53.6666","True","False","79.919106","1.0876307","0.8329691","1000"
"1561","airborne-boost","53.99993","True","False","79.98265","1.0915059","0.84184986","1000"
"1562","airborne-boost","54.333263","True","False","80.04437","1.0952642","0.8505268","1000"
"1563","airborne-boost","54.666595","True","False","80.10422","1.098903","0.8589911","1000"
"1564","airborne-boost","54.999928","True","False","80.16214","1.1024199","0.86723393","1000"
"1565","airborne-boost","55.33326","True","True","80.21812","1.1058122","0.8752466","1000"
"1566","airborne-boost","55.408974","True","True","80.2693","1.1088885","0.88267815","1000"
"1567","airborne-boost","55.484333","True","True","80.316185","1.1116823","0.88957536","1000"
"1568","airborne-boost","55.55934","True","True","80.35918","1.1142237","0.89598167","1000"
"1569","airborne-boost","54.47473","True","True","80.38491","1.1156071","0.9002343","1000"
"1570","airborne-boost","53.790653","True","True","80.3987","1.1161993","0.9029556","1000"
"1571","airborne-boost","53.807293","True","True","80.411415","1.1167426","0.9054783","1000"
"1572","airborne-boost","53.889935","True","True","80.42412","1.1173065","0.90793645","1000"
"1573","airborne-boost","53.972157","True","True","80.43678","1.1178873","0.91033256","1000"
"1574","airborne-boost","54.053978","True","True","80.44939","1.1184819","0.91266894","1000"
"1575","airborne-boost","54.13541","True","True","80.4619","1.1190876","0.9149478","1000"
"1576","airborne-boost","54.21645","True","True","80.47432","1.1197017","0.91717124","1000"
"1577","airborne-boost","54.297085","True","True","80.486626","1.1203222","0.91934127","1000"
"1578","airborne-boost","54.37731","True","True","80.49881","1.120947","0.9214598","1000"
"1579","airborne-boost","54.457108","True","True","80.51086","1.1215745","0.92352855","1000"
"1580","airborne-boost","54.53648","True","True","80.522766","1.122203","0.92554915","1000"
"1581","airborne-boost","54.615486","True","True","80.53452","1.1228312","0.9275232","1000"
"1582","airborne-boost","54.69416","True","True","80.54613","1.123458","0.9294525","1000"
"1583","airborne-boost","54.772514","True","True","80.55757","1.1240824","0.9313385","1000"
"1584","airborne-boost","54.850555","True","True","80.56885","1.1247036","0.93318254","1000"
"1585","airborne-boost","54.928272","True","True","80.57997","1.1253208","0.93498623","1000"
"1586","airborne-boost","55.005653","True","True","80.59092","1.1259332","0.9367506","1000"
"1587","airborne-boost","55.082714","True","True","80.6017","1.1265403","0.93847704","1000"
"1588","airborne-boost","55.1594","True","True","80.61231","1.1271415","0.9401665","1000"
"1589","airborne-boost","55.23568","True","True","80.62276","1.1277363","0.94181985","1000"
"1590","airborne-boost","55.311493","True","True","80.63302","1.1283243","0.94343805","1000"
"1591","airborne-boost","55.386875","True","True","80.64311","1.1289048","0.94502187","1000"
"1592","airborne-boost","55.461903","True","True","80.65303","1.1294777","0.9465722","1000"
"1593","airborne-boost","55.536396","True","True","80.66277","1.1300428","0.94808954","1000"
"1594","airborne-boost","55.61026","True","True","80.67234","1.1305994","0.9495745","1000"
"1595","airborne-boost","55.683628","True","True","80.68173","1.1311474","0.9510277","1000"
"1596","airborne-boost","55.756718","True","True","80.69094","1.1316867","0.95244986","1000"
"1597","airborne-boost","55.829018","True","True","80.699974","1.1322169","0.9538413","1000"
"1598","airborne-boost","55.90044","True","True","80.70883","1.1327379","0.95520216","1000"
"1599","airborne-boost","55.97086","True","True","80.7175","1.1332489","0.95653236","1000"
"1600","airborne-boost","56.04107","True","True","80.72598","1.1337502","0.9578328","1000"
"1601","airborne-boost","56.111176","True","True","80.7343","1.1342422","0.95910466","1000"
"1602","airborne-boost","56.180107","True","True","80.74244","1.1347243","0.9603477","1000"
"1603","airborne-boost","56.247906","True","True","80.75039","1.1351962","0.9615616","1000"
"1604","airborne-boost","56.31486","True","True","80.75816","1.1356578","0.9627468","1000"
"1605","airborne-boost","56.382347","True","True","80.76576","1.1361098","0.9639051","1000"
"1606","airborne-boost","56.448406","True","True","80.773186","1.136552","0.9650359","1000"
"1607","airborne-boost","56.513493","True","True","80.78044","1.1369838","0.9661393","1000"
"1608","airborne-boost","56.577053","True","True","80.787506","1.137405","0.9672149","1000"
"1609","airborne-boost","56.640446","True","True","80.794395","1.1378162","0.96826375","1000"
"1610","airborne-boost","56.704155","True","True","80.801125","1.1382178","0.96928734","1000"
"1611","airborne-boost","56.766018","True","True","80.807686","1.1386093","0.97028476","1000"
"1612","airborne-boost","56.82678","True","True","80.81407","1.1389908","0.97125626","1000"
"1613","airborne-boost","56.88555","True","True","80.82028","1.1393614","0.97220093","1000"
"1614","airborne-boost","56.944492","True","True","80.82632","1.1397221","0.97312033","1000"
"1615","airborne-boost","57.00421","True","True","80.83221","1.1400739","0.97401637","1000"
"1616","airborne-boost","57.061565","True","True","80.83793","1.1404158","0.97488797","1000"
"1617","airborne-boost","57.117744","True","True","80.84349","1.140748","0.975735","1000"
"1618","airborne-boost","57.171417","True","True","80.84888","1.1410698","0.97655654","1000"
"1619","airborne-boost","57.225796","True","True","80.85411","1.1413821","0.97735465","1000"
"1620","airborne-boost","57.28165","True","True","80.8592","1.1416862","0.9781317","1000"
"1621","airborne-boost","57.33447","False","True","80.12949","1.0769931","0.9299055","1000"
"1622","airborne-boost","57.002903","False","True","79.440544","1.0159658","0.8841871","1000"
"1623","airborne-boost","56.670216","False","True","78.79","0.95839655","0.84085214","1000"
"1624","airborne-boost","56.340775","False","True","78.175644","0.90408945","0.79978436","1000"
"1625","airborne-boost","56.015522","False","True","77.5954","0.8528596","0.76087373","1000"
"1626","airborne-boost","55.68836","False","True","77.04729","0.80453277","0.7240115","1000"
"1627","airborne-boost","55.362007","False","True","76.52945","0.7589443","0.68909556","1000"
"1628","airborne-boost","55.03999","False","True","76.04014","0.7159391","0.65603083","1000"
"1629","airborne-boost","54.72282","False","True","75.57772","0.67537075","0.6247266","1000"
"1630","airborne-boost","54.402542","False","True","75.14063","0.6371012","0.5950912","1000"
"1631","airborne-boost","54.080013","False","True","74.7274","0.60100013","0.5670381","1000"
"1632","airborne-boost","53.755733","False","True","74.336624","0.5669447","0.5404848","1000"
"1633","airborne-boost","53.444813","False","True","73.96704","0.53481907","0.5153623","1000"
"1634","airborne-boost","53.129936","False","True","73.617424","0.5045138","0.4915934","1000"
"1635","airborne-boost","52.8122","False","True","73.28659","0.47592577","0.46910542","1000"
"1636","airborne-boost","52.500343","False","True","72.973465","0.44895768","0.44783455","1000"
"1637","airborne-boost","52.194477","False","True","72.67705","0.4235177","0.42771977","1000"
"1638","airborne-boost","51.88434","False","True","72.39635","0.39951926","0.40869653","1000"
"1639","airborne-boost","51.571037","False","True","72.13043","0.37688068","0.39070433","1000"
"1640","airborne-boost","51.259754","False","True","71.87845","0.3555249","0.37368882","1000"
"1641","airborne-boost","50.960445","False","True","71.63963","0.33537924","0.357604","1000"
"1642","airborne-boost","50.65149","False","True","71.41318","0.31637517","0.34239295","1000"
"1643","airborne-boost","50.34001","False","True","71.19833","0.2984479","0.32800645","1000"
"1644","airborne-boost","50.046616","False","True","70.99452","0.28153652","0.31440914","1000"
"1645","airborne-boost","49.74761","False","True","70.80107","0.26558337","0.3015534","1000"
"1646","airborne-boost","49.444542","False","True","70.61733","0.2505342","0.28939545","1000"
"1647","airborne-boost","49.15503","False","True","70.442825","0.23633781","0.27790323","1000"
"1648","airborne-boost","48.859806","False","True","70.27697","0.22294582","0.26703554","1000"
"1649","airborne-boost","48.560616","False","True","70.11924","0.21031271","0.25675476","1000"
"1650","airborne-boost","48.26918","False","True","69.969185","0.19839545","0.2470312","1000"
"1651","airborne-boost","47.9792","False","True","69.82638","0.18715346","0.23783337","1000"
"1652","airborne-boost","47.68501","False","True","69.69036","0.1765485","0.22912861","1000"
"1653","airborne-boost","47.398605","False","True","69.560776","0.16654445","0.22089198","1000"
"1654","airborne-boost","47.11353","False","True","69.43725","0.1571073","0.21309656","1000"
"1655","airborne-boost","46.824596","False","True","69.319405","0.14820488","0.2057144","1000"
"1656","airborne-boost","46.554165","False","True","69.20701","0.13980691","0.19872957","1000"
"1657","airborne-boost","46.271576","False","True","69.09967","0.13188483","0.19211246","1000"
"1658","airborne-boost","45.985733","False","True","68.99707","0.124411635","0.18583953","1000"
"1659","airborne-boost","45.705994","False","True","68.89896","0.11736191","0.17989296","1000"
"1660","airborne-boost","45.427742","False","True","68.805084","0.11071165","0.17425361","1000"
"1661","airborne-boost","45.1488","False","True","68.71519","0.10443822","0.16890253","1000"
"1662","airborne-boost","44.870346","False","True","68.62903","0.09852029","0.16382237","1000"
"1663","airborne-boost","44.595943","False","True","68.54642","0.09293768","0.15899824","1000"
"1664","airborne-boost","44.36638","False","True","68.46744","0.08767141","0.15443279","1000"
"1665","airborne-boost","44.136536","False","True","68.39187","0.08270355","0.15010878","1000"
"1666","airborne-boost","43.906384","False","True","68.319496","0.07801719","0.14601019","1000"
"1667","airborne-boost","43.676918","False","True","68.250145","0.07359639","0.14212245","1000"
"1668","airborne-boost","43.447243","False","True","68.18362","0.06942608","0.13843164","1000"
"1669","airborne-boost","43.217358","False","True","68.11975","0.065492086","0.13492475","1000"
"1670","airborne-boost","42.988125","False","True","68.05839","0.061781008","0.13159005","1000"
"1671","airborne-boost","42.758747","False","True","67.999374","0.05828022","0.1284162","1000"
"1672","airborne-boost","42.529163","False","True","67.94257","0.054977797","0.12539262","1000"
"1673","airborne-boost","42.295803","False","True","67.88782","0.051862504","0.12250811","1000"
"1674","airborne-boost","42.06719","False","True","67.835014","0.04892374","0.11975545","1000"
"1675","airborne-boost","41.83466","False","True","67.78403","0.0461515","0.11712459","1000"
"1676","airborne-boost","41.602314","False","True","67.73475","0.043536346","0.1146077","1000"
"1677","airborne-boost","41.3701","False","True","67.687065","0.041069377","0.11219746","1000"
"1678","airborne-boost","41.13904","False","True","67.6409","0.0387422","0.109887384","1000"
"1679","airborne-boost","40.90804","False","True","67.59615","0.03654689","0.107670955","1000"
"1680","airborne-boost","40.672142","False","True","67.55271","0.034475975","0.10554039","1000"
"1681","airborne-boost","40.438126","False","True","67.510506","0.03252241","0.103490815","1000"
"1682","airborne-boost","40.20411","False","True","67.46947","0.030679543","0.10151699","1000"
"1683","airborne-boost","39.97306","False","True","67.42954","0.0289411","0.09961506","1000"
"1684","airborne-boost","39.7469","False","True","67.39069","0.027301166","0.09778201","1000"
"1685","airborne-boost","39.51025","False","True","67.35279","0.025754157","0.096009694","1000"
"1686","airborne-boost","39.28065","False","True","67.31583","0.02429481","0.094296634","1000"
"1687","airborne-boost","39.050728","False","True","67.27974","0.022918155","0.092638835","1000"
"1688","airborne-boost","38.82373","False","True","67.24449","0.021619508","0.091033645","1000"
"1689","airborne-boost","38.596153","False","True","67.210045","0.02039445","0.089477435","1000"
"1690","airborne-boost","38.358803","False","True","67.17627","0.019238807","0.08796371","1000"
"1691","airborne-boost","38.133633","False","True","67.14321","0.01814865","0.08649382","1000"
"1692","airborne-boost","37.899666","False","True","67.11077","0.017120264","0.085061945","1000"
"1693","airborne-boost","37.678585","False","True","67.07901","0.016150152","0.08366989","1000"
"1694","airborne-boost","37.440483","False","True","67.047745","0.015235012","0.082309425","1000"
"1695","airborne-boost","37.21506","False","True","67.01707","0.014371728","0.080982715","1000"
"1696","airborne-boost","36.98109","False","True","66.986855","0.013557361","0.07968475","1000"
"1697","airborne-boost","36.753086","False","True","66.957146","0.0127891395","0.07841564","1000"
"1698","airborne-boost","36.51687","False","True","66.92783","0.012064449","0.07717089","1000"
"1699","airborne-boost","35.336308","False","True","66.89183","0.011380822","0.07564535","1000"
"1700","airborne-boost","34.950005","False","True","66.85563","0.010735935","0.07411986","1000"
"1701","airborne-boost","34.526875","False","True","66.81899","0.010127588","0.07258349","1000"
"1702","airborne-boost","34.137974","False","True","66.78223","0.009553713","0.07104896","1000"
"1703","airborne-boost","33.742416","False","True","66.7453","0.009012356","0.06951485","1000"
"1704","airborne-boost","33.364586","False","True","66.70839","0.008501675","0.067987524","1000"
"1705","airborne-boost","32.998714","False","True","66.671585","0.008019932","0.066470966","1000"
"1706","airborne-boost","32.624615","False","True","66.63484","0.0075654862","0.06496253","1000"
"1707","airborne-boost","32.263676","False","True","66.598274","0.0071367915","0.06346641","1000"
"1708","airborne-boost","31.892805","False","True","66.561806","0.0067323884","0.061979376","1000"
"1709","airborne-boost","31.516354","False","True","66.52542","0.006350901","0.060499873","1000"
"1710","airborne-boost","31.145597","False","True","66.48917","0.00599103","0.059029903","1000"
"1711","airborne-boost","30.791584","False","True","66.453186","0.005651551","0.05757458","1000"
"1712","airborne-boost","30.453413","False","True","66.41758","0.0053313086","0.05613821","1000"
"1713","airborne-boost","30.08215","False","True","66.38211","0.0050292127","0.054710448","1000"
"1714","airborne-boost","29.749422","False","True","66.34707","0.004744235","0.053302705","1000"
"1715","airborne-boost","29.388697","False","True","66.31224","0.0044754054","0.051906213","1000"
"1716","airborne-boost","29.086933","False","True","66.278046","0.0042218086","0.05053772","1000"
"1717","airborne-boost","28.723625","False","True","66.24403","0.003982582","0.04917848","1000"
"1718","airborne-boost","28.398752","False","True","66.21047","0.003756911","0.047839474","1000"
"1719","airborne-boost","28.063862","False","True","66.17729","0.0035440272","0.046517234","1000"
"1720","airborne-boost","27.723576","False","True","66.14445","0.0033432066","0.04520995","1000"
"1721","airborne-boost","27.4059","False","True","66.11209","0.0031537656","0.043923512","1000"
"1722","airborne-boost","27.059359","False","True","66.08002","0.002975059","0.042649586","1000"
"1723","airborne-boost","26.76972","False","True","66.04861","0.0028064786","0.041403122","1000"
"1724","airborne-boost","26.443417","False","True","66.017586","0.0026474507","0.040173326","1000"
"1725","airborne-boost","26.129532","False","True","65.98704","0.0024974342","0.038963098","1000"
"1726","airborne-boost","25.816698","False","True","65.95696","0.0023559183","0.037772164","1000"
"1727","airborne-boost","25.47938","False","True","65.92719","0.0022224213","0.036594022","1000"
"1728","airborne-boost","25.193447","False","True","65.89804","0.0020964888","0.035441354","1000"
"1729","airborne-boost","24.87488","False","True","65.86931","0.0019776924","0.034305263","1000"
"1730","airborne-boost","24.556072","False","True","65.84097","0.0018656275","0.033185553","1000"
"1731","airborne-boost","24.276348","False","True","65.81327","0.0017599126","0.032091152","1000"
"1732","airborne-boost","24.025928","False","True","65.78633","0.001660188","0.031027652","1000"
"1733","airborne-boost","23.732567","False","True","65.75989","0.0015661141","0.029983727","1000"
"1734","airborne-boost","23.416933","False","True","65.733795","0.0014773711","0.028954022","1000"
"1735","airborne-boost","23.100168","False","True","65.70806","0.0013936566","0.027938472","1000"
"1736","airborne-boost","22.812796","False","True","65.682846","0.0013146857","0.026943501","1000"
"1737","airborne-boost","22.510391","False","True","65.658066","0.0012401897","0.025965486","1000"
"1738","airborne-boost","22.215555","False","True","65.63374","0.0011699148","0.02500589","1000"
"1739","airborne-boost","21.934835","False","True","65.609955","0.0011036223","0.024067288","1000"
"1740","airborne-boost","21.63944","False","True","65.58661","0.0010410859","0.023146307","1000"
"1741","airborne-boost","21.350744","False","True","65.56374","0.0009820934","0.022244109","1000"
"1742","airborne-boost","21.075314","False","True","65.54141","0.0009264435","0.021362914","1000"
"1743","airborne-boost","20.784966","False","True","65.51952","0.000873947","0.020499526","1000"
"1744","airborne-boost","20.491323","False","True","65.498085","0.0008244252","0.019653277","1000"
"1745","airborne-boost","20.223093","False","True","65.47718","0.00077770953","0.018828532","1000"
"1746","airborne-boost","19.940117","False","True","65.45675","0.000733641","0.018022291","1000"
"1747","airborne-boost","19.653196","False","True","65.436775","0.0006920696","0.017233778","1000"
"1748","airborne-boost","19.391499","False","True","65.41734","0.0006528538","0.016466921","1000"
"1749","airborne-boost","19.144749","False","True","65.39851","0.00061586016","0.01572345","1000"
"1750","airborne-boost","18.852613","False","True","65.38008","0.00058096275","0.01499585","1000"
"1751","airborne-boost","18.58384","False","True","65.362144","0.00054804276","0.014287698","1000"
"1752","airborne-boost","18.32631","False","True","65.344734","0.00051698816","0.013600294","1000"
"1753","airborne-boost","18.063944","False","True","65.32783","0.00048769327","0.012932549","1000"
"1754","airborne-boost","17.784355","False","True","65.311356","0.00046005836","0.0122819785","1000"
"1755","airborne-boost","17.53186","False","True","65.2954","0.00043398936","0.011652002","1000"
"1756","airborne-boost","17.279657","False","True","65.27997","0.00040939756","0.011042231","1000"
"1757","airborne-boost","17.013073","False","True","65.26499","0.00038619924","0.010450666","1000"
"1758","airborne-boost","16.753683","False","True","65.250496","0.00036431543","0.009878023","1000"
"1759","airborne-boost","16.552023","False","True","65.236626","0.00034367168","0.009330059","1000"
"1760","airborne-boost","16.359911","False","True","65.22337","0.00032419767","0.008806564","1000"
"1761","airborne-boost","16.158836","False","True","65.21069","0.00030582715","0.008305478","1000"
"1762","airborne-boost","15.944225","False","True","65.19852","0.0002884976","0.00782461","1000"
"1763","airborne-boost","15.733544","False","True","65.18685","0.00027215","0.0073636416","1000"
"1764","airborne-boost","15.533475","False","True","65.17569","0.00025672876","0.006922782","1000"
"1765","airborne-boost","15.327845","False","True","65.16501","0.00024218137","0.0065008407","1000"
"1766","airborne-boost","15.11119","False","True","65.15477","0.00022845827","0.0060964096","1000"
"1767","airborne-boost","14.898336","False","True","65.14497","0.00021551279","0.005709365","1000"
"1768","airborne-boost","14.646831","False","True","65.135544","0.00020330086","0.0053368756","1000"
"1769","airborne-boost","14.412029","False","True","65.12652","0.00019178091","0.0049801366","1000"
"1770","airborne-boost","14.164005","False","True","65.117874","0.00018091373","0.004638441","1000"
"1771","airborne-boost","13.907702","False","True","65.109604","0.00017066233","0.0043116026","1000"
"1772","airborne-boost","13.656849","False","True","65.10172","0.00016099184","0.004000162","1000"
"1773","airborne-boost","13.423835","False","True","65.09425","0.00015186932","0.0037049633","1000"
"1774","airborne-boost","13.17162","False","True","65.08717","0.00014326371","0.0034254293","1000"
"1775","airborne-boost","12.919503","False","True","65.080505","0.00013514575","0.003161821","1000"
"1776","airborne-boost","12.672149","False","True","65.07424","0.00012748777","0.00291447","1000"
"1777","airborne-boost","12.429413","False","True","65.0684","0.000120263736","0.0026836102","1000"
"1778","airborne-boost","12.202336","False","True","65.06297","0.000113449045","0.0024694437","1000"
"1779","airborne-boost","11.95832","False","True","65.05797","0.00010702051","0.0022719048","1000"
"1780","airborne-boost","11.723333","False","True","65.05336","0.00010095625","0.0020901724","1000"
"1781","airborne-boost","11.481499","False","True","65.049126","9.5235606E-05","0.0019229815","1000"
"1782","airborne-boost","11.243897","False","True","65.04522","8.983913E-05","0.0017691676","1000"
"1783","airborne-boost","11.01444","False","True","65.041626","8.474844E-05","0.0016276599","1000"
"1784","airborne-boost","10.793461","False","True","65.03832","7.994621E-05","0.0014974737","1000"
"1785","airborne-boost","10.557374","False","True","65.03528","7.541609E-05","0.0013777026","1000"
"1786","airborne-boost","10.333781","False","True","65.03248","7.114268E-05","0.001267513","1000"
"1787","airborne-boost","10.098546","False","True","65.0299","6.711141E-05","0.0011661383","1000"
"1788","airborne-boost","9.867074","False","True","65.02753","6.330857E-05","0.001072873","1000"
"1789","airborne-boost","9.63914","False","True","65.025345","5.9721224E-05","0.0009870684","1000"
"1790","airborne-boost","9.423011","False","True","65.02333","5.633715E-05","0.0009081271","1000"
"1791","airborne-boost","9.223784","False","True","65.021484","5.314483E-05","0.00083550025","1000"
"1792","airborne-boost","9.026351","False","True","65.019775","5.0133407E-05","0.0007686826","1000"
"1793","airborne-boost","8.832665","False","True","65.01821","4.729262E-05","0.00070720934","1000"
"1794","airborne-boost","8.633748","False","True","65.01677","4.4612803E-05","0.0006506529","1000"
"1795","airborne-boost","8.412648","False","True","65.015434","4.2084837E-05","0.0005986199","1000"
"1796","airborne-boost","8.193267","False","True","65.01421","3.9700124E-05","0.00055074855","1000"
"1797","airborne-boost","7.9826717","False","True","65.013084","3.7450536E-05","0.00050670584","1000"
"1798","airborne-boost","7.767112","False","True","65.012054","3.532842E-05","0.0004661856","1000"
"1799","airborne-boost","7.548161","False","True","65.0111","3.3326553E-05","0.000428906","1000"
"1800","airborne-boost","7.331178","False","True","65.010216","3.1438118E-05","0.0003946078","1000"
