Godot Engine v4.7.2.stable.mono.official.ed1daf0bf - https://godotengine.org
OpenGL API 3.3.0 NVIDIA 591.86 - Compatibility - Using Device: NVIDIA - NVIDIA GeForce RTX 4070 Ti

Three UDP peers initialized
Host tuning applied
AIM_AT requested=(0, 2.25, 0) firstTargetDrift=(0, -1.1920929E-07, 0) requestedScreen=(640, 396.57715)
AIM_GEOMETRY forward: lens=(0, 4.205002, 44.205) rotation=(-0.050968073, 0, 0) targetDisplayed=(0, 1.65, 0) targetNative=(0, 1.65, 0) targetScreen=(640, 391.4941) center=(640, 400) bounds=(617.3684, 384.82693), (45.263184, 32.19809)
Machine Gun forward accepted ready
MG_GEOMETRY forward: aim=WeaponAimSolution { Vehicle = 3, Life = 1, Token = 1, Tick = 367, Yaw = 0, Pitch = -0.027269702, Origin = <0, 2.9550014, 36.845>, Direction = <0, -0.027266325, -0.99962825>, Clear = True, Ready = True } target=<0, 1.65, 0> cameraDesired=<0, -0.027266324, -0.99962825>
Camera shooter submits ordinary held-use request
Machine Gun forward: native hit/damage, 29 rounds, 29 target hits
AIM_REMOTE firing-forward: acceptedYaw=0 renderedYaw=0 acceptedPitch=-0.027269702 renderedPitch=-0.027269702
Remote mount yaw and payload pitch settle to accepted firing-forward aim on actual presentation nodes
forward: fixed rack, full payload scale and shared pivot origin align on observer
AIM_AT requested=(20, 2.25, 35) firstTargetDrift=(0, 0, 0) requestedScreen=(640.2086, 394.88278)
AIM_GEOMETRY side: lens=(-7.29027, 4.4150577, 37.517536) rotation=(-0.08970019, -1.4788059, 0) targetDisplayed=(20, 1.65, 35) targetNative=(20, 1.65, 35) targetScreen=(640.0003, 386.34006) center=(640, 400) bounds=(574.59717, 375.20892), (125.28461, 52.721405)
Machine Gun side accepted ready
MG_GEOMETRY side: aim=WeaponAimSolution { Vehicle = 3, Life = 1, Token = 1, Tick = 612, Yaw = -1.4788066, Pitch = -0.049995907, Origin = <0, 2.9550014, 36.845>, Direction = <0.9945277, -0.049975082, -0.09174524>, Clear = True, Ready = True } target=<20, 1.65, 35> cameraDesired=<0.9945277, -0.049975082, -0.09174524>
Camera shooter submits ordinary held-use request
Machine Gun side: native hit/damage, 25 rounds, 25 target hits
AIM_REMOTE firing-side: acceptedYaw=-1.4788066 renderedYaw=-1.4788066 acceptedPitch=-0.049995907 renderedPitch=-0.049995907
Remote mount yaw and payload pitch settle to accepted firing-side aim on actual presentation nodes
side: fixed rack, full payload scale and shared pivot origin align on observer
AIM_AT requested=(0, 2.2432132, 45) firstTargetDrift=(0, -0.0012364388, 0) requestedScreen=(640, 377.45605)
AIM_GEOMETRY rear: lens=(6.1779264E-07, 5.3619714, 29.778276) rotation=(-0.2211366, 3.1415925, 0) targetDisplayed=(0, 1.6432133, 45) targetNative=(0, 1.65, 45) targetScreen=(640, 376.1099) center=(640, 400) bounds=(566.67816, 345.71677), (146.64362, 127.203064)
Machine Gun rear accepted ready
MG_GEOMETRY rear: aim=WeaponAimSolution { Vehicle = 3, Life = 1, Token = 1, Tick = 857, Yaw = -3.1415927, Pitch = -0.1235882, Origin = <0, 2.9550014, 36.845>, Direction = <-8.6755975E-08, -0.12327382, 0.9923727>, Clear = True, Ready = True } target=<0, 1.65, 45> cameraDesired=<0, -0.12312564, 0.99239105>
Camera shooter submits ordinary held-use request
Machine Gun rear: native hit/damage, 28 rounds, 28 target hits
AIM_REMOTE firing-rear: acceptedYaw=-3.1415927 renderedYaw=-3.1415927 acceptedPitch=-0.1235882 renderedPitch=-0.12357356
Remote mount yaw and payload pitch settle to accepted firing-rear aim on actual presentation nodes
rear: fixed rack, full payload scale and shared pivot origin align on observer
AIM_AT requested=(0, 14.25, 0) firstTargetDrift=(0, 0, 0) requestedScreen=(640, 396.7332)
AIM_GEOMETRY airborne: lens=(0, 4.2050014, 44.205) rotation=(0.21697973, 0, 0) targetDisplayed=(0, 13.649999, 0) targetNative=(0, 13.65, 0) targetScreen=(640, 391.89597) center=(640, 400) bounds=(617.846, 377.53775), (44.307983, 42.73108)
Machine Gun airborne accepted ready
MG_GEOMETRY airborne: aim=WeaponAimSolution { Vehicle = 3, Life = 1, Token = 1, Tick = 1102, Yaw = 0, Pitch = 0.28999949, Origin = <0, 2.9550014, 36.845>, Direction = <0, 0.28595173, -0.958244>, Clear = True, Ready = True } target=<0, 13.65, 0> cameraDesired=<0, 0.28595167, -0.95824397>
Camera shooter submits ordinary held-use request
Machine Gun airborne: native hit/damage, 30 rounds, 30 target hits
AIM_REMOTE firing-airborne: acceptedYaw=0 renderedYaw=-6.2831855 acceptedPitch=0.28999949 renderedPitch=0.28999949
Remote mount yaw and payload pitch settle to accepted firing-airborne aim on actual presentation nodes
airborne: fixed rack, full payload scale and shared pivot origin align on observer
AIM_AT requested=(-4.5, 2.2133331, 35) firstTargetDrift=(0, 0.0030555725, 0) requestedScreen=(609.23346, 402.48984)
AIM_GEOMETRY close-side: lens=(6.1243525, 6.3845577, 39.387157) rotation=(-0.37016758, 1.1773497, 0) targetDisplayed=(-4.5, 1.6133332, 35) targetNative=(-4.5, 1.65, 35) targetScreen=(638.90393, 371.5316) center=(640, 400) bounds=(487.407, 321.07297), (312.4221, 187.06802)
Machine Gun close-side accepted ready
MG_GEOMETRY close-side: aim=WeaponAimSolution { Vehicle = 3, Life = 1, Token = 1, Tick = 1347, Yaw = 1.1816989, Pitch = -0.2103905, Origin = <0, 2.9550014, 36.845>, Direction = <-0.9048495, -0.2088418, -0.3709885>, Clear = True, Ready = True } target=<-4.5, 1.65, 35> cameraDesired=<-0.9047332, -0.20942928, -0.37094083>
Camera shooter submits ordinary held-use request
Machine Gun close-side: native hit/damage, 28 rounds, 28 target hits
AIM_REMOTE firing-close-side: acceptedYaw=1.1816989 renderedYaw=-5.1014867 acceptedPitch=-0.21219237 renderedPitch=-0.21200398
Remote mount yaw and payload pitch settle to accepted firing-close-side aim on actual presentation nodes
close-side: fixed rack, full payload scale and shared pivot origin align on observer
Self-blocked camera direction is not firing-ready
Self-blocked held fire spends no rounds
AIM_AT requested=(0, 14.65, 0) firstTargetDrift=(0, 0, 0) requestedScreen=(640, 392.392)
Second shooter receives a fresh selected Machine Gun
Both shooters submit sustained activation
Two simultaneous shooters sustain default spread and cadence through real UDP (320 rounds)
Observer receives identical ordered firing endpoints/tracers (460 rounds)
Release stops actual firing on both peers
Aim expiry stops held fire without stale-forward fallback
Fresh camera intent resumes held fire after aim expiry
Suppression clears camera aiming and firing presentation
Switch retires Machine Gun capability
Switch back does not replay earlier sustained activation
Machine Gun camera firing verified: 576 native rays, 333 target hits; fixed rack uses existing yaw/pitch payload
Centered camera cursor appears alongside remote accepted aim
AIM_AT requested=(0, 2.1495152, 0) firstTargetDrift=(0, -0.004187584, 0) requestedScreen=(640, 391.4987)
Center-ray car intersection replaces square with disconnected brackets
Camera intent stays at viewport center while car brackets are shown
AIM_AT requested=(2.8, 1.4953046, 0) firstTargetDrift=(0, -0.00028312206, 0) requestedScreen=(640.0178, 399.99985)
A near-axis miss returns to the small square without a target lock
Small square is centered when aiming beside a rival
AIM_AT requested=(0, 2.14502, 0) firstTargetDrift=(0, -1.847744E-05, 0) requestedScreen=(640, 391.54938)
Intervening native cover prevents car brackets
Covered car leaves the small square at camera center
Removing cover restores brackets on the directly intersected car
AIM_FORWARD clear=True ready=True yaw=0 pitch=-0.040959563
Square remains centered immediately after mouse yaw and upward tilt under network impairment
Looking away from a car removes its brackets immediately
Cursor follows the new viewport center after resizing
Side mouse aim reaches authority with the original camera orbit limits
Deployed rack remains fixed on all peers
Observer receives accepted articulated aim
AIM_REMOTE side: acceptedYaw=-1.5600001 renderedYaw=-1.5600001 acceptedPitch=0.18735507 renderedPitch=0.18735507
Remote mount yaw and payload pitch settle to accepted side aim on actual presentation nodes
Rear aim accepted
AIM_REMOTE rear: acceptedYaw=-3.1200001 renderedYaw=-3.1200001 acceptedPitch=0.18735507 renderedPitch=0.18735507
Remote mount yaw and payload pitch settle to accepted rear aim on actual presentation nodes
Downward tilt and weapon self-clearance limits cannot displace the camera cursor
Downward articulation cannot enter owner envelope
Fine controller camera rotation retains a centered cursor
Native stick fine/full turn separation: fine=0.021, full=2.200 rad
Ordinary camera recentering retains a centered cursor
Neutral stick restores the original chase view with a weapon selected
AIM_AT requested=(0, 2.0866494, 25) firstTargetDrift=(0, -0.3463874, 0) requestedScreen=(640, 394.20514)
AIM_GEOMETRY close: lens=(0, 5.150028, 43.98215) rotation=(-0.19049498, 0, 0) targetDisplayed=(0, 1.152873, 25) targetNative=(0, 1.1538136, 25) targetScreen=(640, 381.93817) center=(640, 400) bounds=(583.25244, 358.39407), (113.49512, 97.46884)
Directly intersected close car receives brackets instead of a distance-based square fallback
AIM_AT requested=(-3.7, 2.0706716, 35) firstTargetDrift=(0, -0.17964995, 0) requestedScreen=(621.3889, 398.53555)
Directly intersected side-by-side car receives onscreen corner brackets
Alongside camera cursor stays centered while the accepted weapon ray remains chassis-safe
A camera ray blocked by the owner cannot mark the weapon ready
AIM_AT requested=(0, 12.65, 0) firstTargetDrift=(0, 0, 0) requestedScreen=(640, 392.2407)
AIM_AT requested=(0, 12.65, 0) firstTargetDrift=(0, 0, 0) requestedScreen=(640, 391.7994)
Elevated rivals can be aimed at above the horizon
Upward aiming does not lower the grounded chase camera relative to the car
Upward aiming retains the centered shared aiming cue
The upward camera ray actually intersects the elevated rival
Upward desired aim reaches authority and observer
AIM_AT requested=(0, 2.65, 5) firstTargetDrift=(-7.735528, -10.436056, 4.9189286) requestedScreen=(640, 399.66895)
Fast crossing attraction stays bounded rather than following unlimited target travel
Crossing-car brackets identify the car receiving assistance under interpolation (29 bracket frames, 0 invalid identities)
AIM_AT requested=(0, 1.95, 0) firstTargetDrift=(0, 0, 0) requestedScreen=(640, 399.99976)
Sticky acquisition requires a cursor-intersected living rival car
Camera attraction follows a displaced car without input/recentering: 0.02762 -> 0.00000 rad
Attraction improves retention alignment over disabled pull (0.04515 rad unassisted)
Moving target retained through 90 frames of small mouse errors
Framed car uses its world-space body centre through ordinary desired aim
STICKY_BREAK mouse yaw=-0.12710781->0.08289219 held=True target=0 bounds=
Deliberate mouse breakaway promptly restores free aim
Unframed cursor-directed free fire produces actual rounds (40)
AIM_AT requested=(5.56, 1.95, 0) firstTargetDrift=(0, 0, 0) requestedScreen=(640, 400)
Small controller corrections retain the same framed car
Full controller aim-away releases without trapping input
AIM_AT requested=(5.56, 1.95, 0) firstTargetDrift=(0, 0, 0) requestedScreen=(640, 400)
Crossing rear car does not cause target switching or bracket flicker
Intervening car breaks retention of the covered car
AIM_AT requested=(5.56, 1.95, 0) firstTargetDrift=(0, 0, 0) requestedScreen=(640, 400)
Solid non-vehicle cover releases assistance and never acquires brackets
AIM_AT requested=(5.56, 1.95, 0) firstTargetDrift=(0, 0, 0) requestedScreen=(640, 400)
Production missile presentation under cursor never becomes an assisted target
Production mine presentation under cursor never becomes an assisted target
Production rock artwork never becomes an assisted target
Production pickup presentation never becomes an assisted target
Non-vehicle objects retain the centred ordinary cursor
Suppression retires acquired identity and HUD
Observer has accepted aim before packet blackout
A bounded real UDP blackout expires accepted aim on shooter and observer
Fresh accepted aim resumes after packet delivery recovers (not authenticated reconnect)
Camera-intent cursor remains centered after transient packet recovery
CAMERA_AIM_SAMPLE CameraDistance=1.15 air=False up=False expected=<0.0044672964, -0.21319091, -0.9770003> actual=<0.0044672964, -0.21319091, -0.9770003> lens=(-0.03172219, 5.817322, 43.78266) target=(0.06398311, 0, 22.851858) pitch=-0.27108654
Final centered rendered ray and pivot-relative intent agree: CameraDistance=1.15 air=False up=False
Camera settings retain centered HUD: CameraDistance=1.15 air=False up=False
Authoritative articulation follows camera intent within network/pose tolerance: CameraDistance=1.15 air=False up=False
Shared body clearance remains safe: CameraDistance=1.15 air=False up=False
AIM_REMOTE CameraDistance=1.15 air=False up=False: acceptedYaw=-0.0045724316 renderedYaw=-0.004572429 acceptedPitch=-0.11474661 renderedPitch=-0.11474661
Remote mount yaw and payload pitch settle to accepted CameraDistance=1.15 air=False up=False aim on actual presentation nodes
Local preference leaves host tuning and peer camera unchanged: CameraDistance=1.15 air=False up=False
CAMERA_AIM_SAMPLE CameraDistance=1.15 air=False up=True expected=<0.004511382, 0.15624987, -0.9877073> actual=<0.004511382, 0.15624987, -0.9877073> lens=(-0.033616666, 4.312654, 44.204926) target=(1.3214631, 48.82177, -252.47183) pitch=0.14891347
Final centered rendered ray and pivot-relative intent agree: CameraDistance=1.15 air=False up=True
Camera settings retain centered HUD: CameraDistance=1.15 air=False up=True
Authoritative articulation follows camera intent within network/pose tolerance: CameraDistance=1.15 air=False up=True
Shared body clearance remains safe: CameraDistance=1.15 air=False up=True
AIM_REMOTE CameraDistance=1.15 air=False up=True: acceptedYaw=-0.0045674974 renderedYaw=-0.0045674965 acceptedPitch=0.15690602 renderedPitch=0.15690847
Remote mount yaw and payload pitch settle to accepted CameraDistance=1.15 air=False up=True aim on actual presentation nodes
Local preference leaves host tuning and peer camera unchanged: CameraDistance=1.15 air=False up=True
CAMERA_AIM_SAMPLE CameraDistance=1.15 air=True up=False expected=<0.00440853, -0.26172978, -0.9651311> actual=<0.00440853, -0.26172978, -0.9651311> lens=(-0.035770204, 37.600357, 44.675945) target=(0.58219224, 7.6293945E-06, -90.61061) pitch=-0.27108654
Final centered rendered ray and pivot-relative intent agree: CameraDistance=1.15 air=True up=False
Camera settings retain centered HUD: CameraDistance=1.15 air=True up=False
Authoritative articulation follows camera intent within network/pose tolerance: CameraDistance=1.15 air=True up=False
Shared body clearance remains safe: CameraDistance=1.15 air=True up=False
AIM_REMOTE CameraDistance=1.15 air=True up=False: acceptedYaw=-0.004567771 renderedYaw=-0.0045677694 acceptedPitch=-0.114746585 renderedPitch=-0.11474655
Remote mount yaw and payload pitch settle to accepted CameraDistance=1.15 air=True up=False aim on actual presentation nodes
Local preference leaves host tuning and peer camera unchanged: CameraDistance=1.15 air=True up=False
CAMERA_AIM_SAMPLE CameraDistance=1.15 air=True up=True expected=<0.0045098346, 0.15828265, -0.9873835> actual=<0.0045098346, 0.15828265, -0.9873835> lens=(-0.048756547, 35.902622, 47.51976) target=(1.3063027, 80.41174, -249.157) pitch=0.14891347
Final centered rendered ray and pivot-relative intent agree: CameraDistance=1.15 air=True up=True
Camera settings retain centered HUD: CameraDistance=1.15 air=True up=True
Authoritative articulation follows camera intent within network/pose tolerance: CameraDistance=1.15 air=True up=True
Shared body clearance remains safe: CameraDistance=1.15 air=True up=True
AIM_REMOTE CameraDistance=1.15 air=True up=True: acceptedYaw=-0.0045674285 renderedYaw=-0.0045674248 acceptedPitch=0.15875761 renderedPitch=0.15874873
Remote mount yaw and payload pitch settle to accepted CameraDistance=1.15 air=True up=True aim on actual presentation nodes
Local preference leaves host tuning and peer camera unchanged: CameraDistance=1.15 air=True up=True
CAMERA_AIM_SAMPLE CameraDistance=1.3 air=False up=False expected=<0.004456996, -0.21631917, -0.9763126> actual=<0.004456996, -0.21631917, -0.9763126> lens=(-0.035975583, 6.0204306, 44.725517) target=(0.06291243, 4.7683716E-07, 23.063927) pitch=-0.2710865
Final centered rendered ray and pivot-relative intent agree: CameraDistance=1.3 air=False up=False
Camera settings retain centered HUD: CameraDistance=1.3 air=False up=False
Authoritative articulation follows camera intent within network/pose tolerance: CameraDistance=1.3 air=False up=False
Shared body clearance remains safe: CameraDistance=1.3 air=False up=False
AIM_REMOTE CameraDistance=1.3 air=False up=False: acceptedYaw=-0.0045651007 renderedYaw=-0.0045650997 acceptedPitch=-0.114746705 renderedPitch=-0.1147467
Remote mount yaw and payload pitch settle to accepted CameraDistance=1.3 air=False up=False aim on actual presentation nodes
Local preference leaves host tuning and peer camera unchanged: CameraDistance=1.3 air=False up=False
CAMERA_AIM_SAMPLE CameraDistance=1.3 air=False up=True expected=<0.0045109466, 0.15675731, -0.98762685> actual=<0.0045109466, 0.15675731, -0.98762685> lens=(-0.03800087, 4.3126626, 45.164913) target=(1.3170584, 48.82178, -251.51184) pitch=0.14891347
Final centered rendered ray and pivot-relative intent agree: CameraDistance=1.3 air=False up=True
Camera settings retain centered HUD: CameraDistance=1.3 air=False up=True
Authoritative articulation follows camera intent within network/pose tolerance: CameraDistance=1.3 air=False up=True
Shared body clearance remains safe: CameraDistance=1.3 air=False up=True
AIM_REMOTE CameraDistance=1.3 air=False up=True: acceptedYaw=-0.004567429 renderedYaw=-0.0045674266 acceptedPitch=0.15742315 renderedPitch=0.15742414
Remote mount yaw and payload pitch settle to accepted CameraDistance=1.3 air=False up=True aim on actual presentation nodes
Local preference leaves host tuning and peer camera unchanged: CameraDistance=1.3 air=False up=True
CAMERA_AIM_SAMPLE CameraDistance=1.3 air=True up=False expected=<0.0044068936, -0.26214254, -0.9650191> actual=<0.0044068936, -0.26214254, -0.9650191> lens=(-0.04004868, 37.801414, 45.614838) target=(0.5810599, 3.8146973E-06, -90.39516) pitch=-0.27108654
Final centered rendered ray and pivot-relative intent agree: CameraDistance=1.3 air=True up=False
Camera settings retain centered HUD: CameraDistance=1.3 air=True up=False
Authoritative articulation follows camera intent within network/pose tolerance: CameraDistance=1.3 air=True up=False
Shared body clearance remains safe: CameraDistance=1.3 air=True up=False
AIM_REMOTE CameraDistance=1.3 air=True up=False: acceptedYaw=-0.004566607 renderedYaw=-0.0045666057 acceptedPitch=-0.11474654 renderedPitch=-0.11474652
Remote mount yaw and payload pitch settle to accepted CameraDistance=1.3 air=True up=False aim on actual presentation nodes
Local preference leaves host tuning and peer camera unchanged: CameraDistance=1.3 air=True up=False
CAMERA_AIM_SAMPLE CameraDistance=1.3 air=True up=True expected=<0.004509859, 0.15880345, -0.9872999> actual=<0.004509859, 0.15880345, -0.9872999> lens=(-0.053146005, 35.90296, 48.479744) target=(1.3020352, 80.41208, -248.19702) pitch=0.14891347
Final centered rendered ray and pivot-relative intent agree: CameraDistance=1.3 air=True up=True
Camera settings retain centered HUD: CameraDistance=1.3 air=True up=True
Authoritative articulation follows camera intent within network/pose tolerance: CameraDistance=1.3 air=True up=True
Shared body clearance remains safe: CameraDistance=1.3 air=True up=True
AIM_REMOTE CameraDistance=1.3 air=True up=True: acceptedYaw=-0.0045678397 renderedYaw=-0.004567839 acceptedPitch=0.159326 renderedPitch=0.15931216
Remote mount yaw and payload pitch settle to accepted CameraDistance=1.3 air=True up=True aim on actual presentation nodes
Local preference leaves host tuning and peer camera unchanged: CameraDistance=1.3 air=True up=True
CAMERA_AIM_SAMPLE CameraDistance=1.5 air=False up=False expected=<0.0044549145, -0.22077258, -0.9753151> actual=<0.0044549145, -0.22077258, -0.9753151> lens=(-0.041713648, 6.287266, 45.97738) target=(0.061614603, -9.536743E-07, 23.355707) pitch=-0.27108654
Final centered rendered ray and pivot-relative intent agree: CameraDistance=1.5 air=False up=False
Camera settings retain centered HUD: CameraDistance=1.5 air=False up=False
Authoritative articulation follows camera intent within network/pose tolerance: CameraDistance=1.5 air=False up=False
Shared body clearance remains safe: CameraDistance=1.5 air=False up=False
AIM_REMOTE CameraDistance=1.5 air=False up=False: acceptedYaw=-0.004567635 renderedYaw=-0.0045676343 acceptedPitch=-0.114746615 renderedPitch=-0.1147466
Remote mount yaw and payload pitch settle to accepted CameraDistance=1.5 air=False up=False aim on actual presentation nodes
Local preference leaves host tuning and peer camera unchanged: CameraDistance=1.5 air=False up=False
CAMERA_AIM_SAMPLE CameraDistance=1.5 air=False up=True expected=<0.0045104506, 0.15743896, -0.98751837> actual=<0.0045104506, 0.15743896, -0.98751837> lens=(-0.043847162, 4.312667, 46.4449) target=(1.3112121, 48.821785, -250.23186) pitch=0.14891347
Final centered rendered ray and pivot-relative intent agree: CameraDistance=1.5 air=False up=True
Camera settings retain centered HUD: CameraDistance=1.5 air=False up=True
Authoritative articulation follows camera intent within network/pose tolerance: CameraDistance=1.5 air=False up=True
Shared body clearance remains safe: CameraDistance=1.5 air=False up=True
AIM_REMOTE CameraDistance=1.5 air=False up=True: acceptedYaw=-0.0045674285 renderedYaw=-0.004567428 acceptedPitch=0.15810712 renderedPitch=0.15810898
Remote mount yaw and payload pitch settle to accepted CameraDistance=1.5 air=False up=True aim on actual presentation nodes
Local preference leaves host tuning and peer camera unchanged: CameraDistance=1.5 air=False up=True
CAMERA_AIM_SAMPLE CameraDistance=1.5 air=True up=False expected=<0.0044071856, -0.26270634, -0.9648658> actual=<0.0044071856, -0.26270634, -0.9648658> lens=(-0.04577585, 38.067852, 46.866714) target=(0.5798512, 3.8146973E-06, -90.10191) pitch=-0.27108654
Final centered rendered ray and pivot-relative intent agree: CameraDistance=1.5 air=True up=False
Camera settings retain centered HUD: CameraDistance=1.5 air=True up=False
Authoritative articulation follows camera intent within network/pose tolerance: CameraDistance=1.5 air=True up=False
Shared body clearance remains safe: CameraDistance=1.5 air=True up=False
AIM_REMOTE CameraDistance=1.5 air=True up=False: acceptedYaw=-0.004567635 renderedYaw=-0.004567634 acceptedPitch=-0.114746585 renderedPitch=-0.114746556
Remote mount yaw and payload pitch settle to accepted CameraDistance=1.5 air=True up=False aim on actual presentation nodes
Local preference leaves host tuning and peer camera unchanged: CameraDistance=1.5 air=True up=False
CAMERA_AIM_SAMPLE CameraDistance=1.5 air=True up=True expected=<0.004509006, 0.15950246, -0.98718727> actual=<0.004509006, 0.15950246, -0.98718727> lens=(-0.05898842, 35.903214, 49.759735) target=(1.2960912, 80.41233, -246.91702) pitch=0.14891347
Final centered rendered ray and pivot-relative intent agree: CameraDistance=1.5 air=True up=True
Camera settings retain centered HUD: CameraDistance=1.5 air=True up=True
Authoritative articulation follows camera intent within network/pose tolerance: CameraDistance=1.5 air=True up=True
Shared body clearance remains safe: CameraDistance=1.5 air=True up=True
AIM_REMOTE CameraDistance=1.5 air=True up=True: acceptedYaw=-0.004567497 renderedYaw=-0.0045674955 acceptedPitch=0.16010502 renderedPitch=0.16005675
Remote mount yaw and payload pitch settle to accepted CameraDistance=1.5 air=True up=True aim on actual presentation nodes
Local preference leaves host tuning and peer camera unchanged: CameraDistance=1.5 air=True up=True
CAMERA_AIM_SAMPLE CameraInertia=0 air=False up=False expected=<0.004466727, -0.21356122, -0.9769195> actual=<0.004466727, -0.21356122, -0.9769195> lens=(-0.03176392, 5.81288, 43.7921) target=(0.06386402, 0, 22.877277) pitch=-0.27108654
Final centered rendered ray and pivot-relative intent agree: CameraInertia=0 air=False up=False
Camera settings retain centered HUD: CameraInertia=0 air=False up=False
Authoritative articulation follows camera intent within network/pose tolerance: CameraInertia=0 air=False up=False
Shared body clearance remains safe: CameraInertia=0 air=False up=False
AIM_REMOTE CameraInertia=0 air=False up=False: acceptedYaw=-0.0045722257 renderedYaw=-0.0045722243 acceptedPitch=-0.114746705 renderedPitch=-0.11474665
Remote mount yaw and payload pitch settle to accepted CameraInertia=0 air=False up=False aim on actual presentation nodes
Local preference leaves host tuning and peer camera unchanged: CameraInertia=0 air=False up=False
CAMERA_AIM_SAMPLE CameraInertia=0 air=False up=True expected=<0.0045197257, 0.15622126, -0.9877117> actual=<0.0045197257, 0.15622126, -0.9877117> lens=(-0.033678684, 4.304066, 44.204926) target=(1.3239012, 48.813187, -252.47183) pitch=0.14891349
Final centered rendered ray and pivot-relative intent agree: CameraInertia=0 air=False up=True
Camera settings retain centered HUD: CameraInertia=0 air=False up=True
Authoritative articulation follows camera intent within network/pose tolerance: CameraInertia=0 air=False up=True
Shared body clearance remains safe: CameraInertia=0 air=False up=True
AIM_REMOTE CameraInertia=0 air=False up=True: acceptedYaw=-0.004575924 renderedYaw=-0.0045759236 acceptedPitch=0.1568645 renderedPitch=0.15686461
Remote mount yaw and payload pitch settle to accepted CameraInertia=0 air=False up=True aim on actual presentation nodes
Local preference leaves host tuning and peer camera unchanged: CameraInertia=0 air=False up=True
CAMERA_AIM_SAMPLE CameraInertia=0 air=True up=False expected=<0.0044077286, -0.26216245, -0.9650137> actual=<0.0044077286, -0.26216245, -0.9650137> lens=(-0.035768043, 37.537586, 44.67594) target=(0.5811258, 3.8146973E-06, -90.38479) pitch=-0.27108654
Final centered rendered ray and pivot-relative intent agree: CameraInertia=0 air=True up=False
Camera settings retain centered HUD: CameraInertia=0 air=True up=False
Authoritative articulation follows camera intent within network/pose tolerance: CameraInertia=0 air=True up=False
Shared body clearance remains safe: CameraInertia=0 air=True up=False
AIM_REMOTE CameraInertia=0 air=True up=False: acceptedYaw=-0.0045674974 renderedYaw=-0.0045674955 acceptedPitch=-0.1147466 renderedPitch=-0.11474659
Remote mount yaw and payload pitch settle to accepted CameraInertia=0 air=True up=False aim on actual presentation nodes
Local preference leaves host tuning and peer camera unchanged: CameraInertia=0 air=True up=False
CAMERA_AIM_SAMPLE CameraInertia=0 air=True up=True expected=<0.004509853, 0.15807332, -0.9874171> actual=<0.004509853, 0.15807332, -0.9874171> lens=(-0.048755042, 35.840435, 47.519753) target=(1.3062637, 80.34955, -249.15701) pitch=0.14891347
Final centered rendered ray and pivot-relative intent agree: CameraInertia=0 air=True up=True
Camera settings retain centered HUD: CameraInertia=0 air=True up=True
Authoritative articulation follows camera intent within network/pose tolerance: CameraInertia=0 air=True up=True
Shared body clearance remains safe: CameraInertia=0 air=True up=True
AIM_REMOTE CameraInertia=0 air=True up=True: acceptedYaw=-0.0045672916 renderedYaw=-0.0045672916 acceptedPitch=0.15852717 renderedPitch=0.15850206
Remote mount yaw and payload pitch settle to accepted CameraInertia=0 air=True up=True aim on actual presentation nodes
Local preference leaves host tuning and peer camera unchanged: CameraInertia=0 air=True up=True
CAMERA_AIM_SAMPLE CameraInertia=0.5 air=False up=False expected=<0.0044623753, -0.21309203, -0.97702193> actual=<0.0044623753, -0.21309203, -0.97702193> lens=(-0.03170457, 5.8203106, 43.78661) target=(0.06394228, 0, 22.845055) pitch=-0.27108654
Final centered rendered ray and pivot-relative intent agree: CameraInertia=0.5 air=False up=False
Camera settings retain centered HUD: CameraInertia=0.5 air=False up=False
Authoritative articulation follows camera intent within network/pose tolerance: CameraInertia=0.5 air=False up=False
Shared body clearance remains safe: CameraInertia=0.5 air=False up=False
AIM_REMOTE CameraInertia=0.5 air=False up=False: acceptedYaw=-0.0045672925 renderedYaw=-0.004567292 acceptedPitch=-0.11474654 renderedPitch=-0.11474654
Remote mount yaw and payload pitch settle to accepted CameraInertia=0.5 air=False up=False aim on actual presentation nodes
Local preference leaves host tuning and peer camera unchanged: CameraInertia=0.5 air=False up=False
CAMERA_AIM_SAMPLE CameraInertia=0.5 air=False up=True expected=<0.0045113135, 0.15624996, -0.98770726> actual=<0.0045113135, 0.15624996, -0.98770726> lens=(-0.03361616, 4.3126845, 44.204926) target=(1.3214431, 48.8218, -252.47183) pitch=0.14891347
Final centered rendered ray and pivot-relative intent agree: CameraInertia=0.5 air=False up=True
Camera settings retain centered HUD: CameraInertia=0.5 air=False up=True
Authoritative articulation follows camera intent within network/pose tolerance: CameraInertia=0.5 air=False up=True
Shared body clearance remains safe: CameraInertia=0.5 air=False up=True
AIM_REMOTE CameraInertia=0.5 air=False up=True: acceptedYaw=-0.004567428 renderedYaw=-0.0045674276 acceptedPitch=0.15690629 renderedPitch=0.15690763
Remote mount yaw and payload pitch settle to accepted CameraInertia=0.5 air=False up=True aim on actual presentation nodes
Local preference leaves host tuning and peer camera unchanged: CameraInertia=0.5 air=False up=True
CAMERA_AIM_SAMPLE CameraInertia=0.5 air=True up=False expected=<0.0044081467, -0.26171762, -0.9651344> actual=<0.0044081467, -0.26171762, -0.9651344> lens=(-0.035767, 37.602123, 44.67595) target=(0.5821688, 0, -90.61699) pitch=-0.27108654
Final centered rendered ray and pivot-relative intent agree: CameraInertia=0.5 air=True up=False
Camera settings retain centered HUD: CameraInertia=0.5 air=True up=False
Authoritative articulation follows camera intent within network/pose tolerance: CameraInertia=0.5 air=True up=False
Shared body clearance remains safe: CameraInertia=0.5 air=True up=False
AIM_REMOTE CameraInertia=0.5 air=True up=False: acceptedYaw=-0.0045673596 renderedYaw=-0.004567356 acceptedPitch=-0.114746496 renderedPitch=-0.11474644
Remote mount yaw and payload pitch settle to accepted CameraInertia=0.5 air=True up=False aim on actual presentation nodes
Local preference leaves host tuning and peer camera unchanged: CameraInertia=0.5 air=True up=False
CAMERA_AIM_SAMPLE CameraInertia=0.5 air=True up=True expected=<0.0045099, 0.1582866, -0.987383> actual=<0.0045099, 0.1582866, -0.987383> lens=(-0.04875725, 35.903793, 47.519756) target=(1.3063225, 80.41291, -249.157) pitch=0.14891347
Final centered rendered ray and pivot-relative intent agree: CameraInertia=0.5 air=True up=True
Camera settings retain centered HUD: CameraInertia=0.5 air=True up=True
Authoritative articulation follows camera intent within network/pose tolerance: CameraInertia=0.5 air=True up=True
Shared body clearance remains safe: CameraInertia=0.5 air=True up=True
AIM_REMOTE CameraInertia=0.5 air=True up=True: acceptedYaw=-0.004567497 renderedYaw=-0.004567496 acceptedPitch=0.15880308 renderedPitch=0.158766
Remote mount yaw and payload pitch settle to accepted CameraInertia=0.5 air=True up=True aim on actual presentation nodes
Local preference leaves host tuning and peer camera unchanged: CameraInertia=0.5 air=True up=True
CAMERA_AIM_SAMPLE CameraInertia=1 air=False up=False expected=<0.004462511, -0.21309064, -0.97702223> actual=<0.004462511, -0.21309064, -0.97702223> lens=(-0.031705536, 5.820338, 43.786613) target=(0.063944645, 0, 22.84496) pitch=-0.27108654
Final centered rendered ray and pivot-relative intent agree: CameraInertia=1 air=False up=False
Camera settings retain centered HUD: CameraInertia=1 air=False up=False
Authoritative articulation follows camera intent within network/pose tolerance: CameraInertia=1 air=False up=False
Shared body clearance remains safe: CameraInertia=1 air=False up=False
AIM_REMOTE CameraInertia=1 air=False up=False: acceptedYaw=-0.0045674294 renderedYaw=-0.004567428 acceptedPitch=-0.114746645 renderedPitch=-0.114746615
Remote mount yaw and payload pitch settle to accepted CameraInertia=1 air=False up=False aim on actual presentation nodes
Local preference leaves host tuning and peer camera unchanged: CameraInertia=1 air=False up=False
CAMERA_AIM_SAMPLE CameraInertia=1 air=False up=True expected=<0.0045113135, 0.15624997, -0.98770726> actual=<0.0045113135, 0.15624997, -0.98770726> lens=(-0.03361616, 4.312689, 44.204926) target=(1.3214431, 48.821808, -252.47183) pitch=0.14891347
Final centered rendered ray and pivot-relative intent agree: CameraInertia=1 air=False up=True
Camera settings retain centered HUD: CameraInertia=1 air=False up=True
Authoritative articulation follows camera intent within network/pose tolerance: CameraInertia=1 air=False up=True
Shared body clearance remains safe: CameraInertia=1 air=False up=True
AIM_REMOTE CameraInertia=1 air=False up=True: acceptedYaw=-0.004567428 renderedYaw=-0.0045674276 acceptedPitch=0.15690902 renderedPitch=0.15691115
Remote mount yaw and payload pitch settle to accepted CameraInertia=1 air=False up=True aim on actual presentation nodes
Local preference leaves host tuning and peer camera unchanged: CameraInertia=1 air=False up=True
CAMERA_AIM_SAMPLE CameraInertia=1 air=True up=False expected=<0.0044086184, -0.26128283, -0.96525216> actual=<0.0044086184, -0.26128283, -0.96525216> lens=(-0.03576641, 37.665394, 44.675938) target=(0.5831999, 3.8146973E-06, -90.84465) pitch=-0.27108654
Final centered rendered ray and pivot-relative intent agree: CameraInertia=1 air=True up=False
Camera settings retain centered HUD: CameraInertia=1 air=True up=False
Authoritative articulation follows camera intent within network/pose tolerance: CameraInertia=1 air=True up=False
Shared body clearance remains safe: CameraInertia=1 air=True up=False
AIM_REMOTE CameraInertia=1 air=True up=False: acceptedYaw=-0.0045672916 renderedYaw=-0.0045672907 acceptedPitch=-0.114746556 renderedPitch=-0.11474656
Remote mount yaw and payload pitch settle to accepted CameraInertia=1 air=True up=False aim on actual presentation nodes
Local preference leaves host tuning and peer camera unchanged: CameraInertia=1 air=True up=False
CAMERA_AIM_SAMPLE CameraInertia=1 air=True up=True expected=<0.004509676, 0.15849984, -0.9873487> actual=<0.004509676, 0.15849984, -0.9873487> lens=(-0.048756503, 35.96715, 47.519753) target=(1.3063028, 80.47627, -249.15701) pitch=0.14891347
Final centered rendered ray and pivot-relative intent agree: CameraInertia=1 air=True up=True
Camera settings retain centered HUD: CameraInertia=1 air=True up=True
Authoritative articulation follows camera intent within network/pose tolerance: CameraInertia=1 air=True up=True
Shared body clearance remains safe: CameraInertia=1 air=True up=True
AIM_REMOTE CameraInertia=1 air=True up=True: acceptedYaw=-0.0045674285 renderedYaw=-0.004567428 acceptedPitch=0.1590322 renderedPitch=0.1590019
Remote mount yaw and payload pitch settle to accepted CameraInertia=1 air=True up=True aim on actual presentation nodes
Local preference leaves host tuning and peer camera unchanged: CameraInertia=1 air=True up=True
CAMERA_AIM_SAMPLE CameraAerialPullback=0 air=False up=False expected=<0.004462658, -0.21307684, -0.9770253> actual=<0.004462658, -0.21307684, -0.9770253> lens=(-0.031688437, 5.819504, 43.78266) target=(0.0639509, -4.7683716E-07, 22.844007) pitch=-0.27108654
Final centered rendered ray and pivot-relative intent agree: CameraAerialPullback=0 air=False up=False
Camera settings retain centered HUD: CameraAerialPullback=0 air=False up=False
Authoritative articulation follows camera intent within network/pose tolerance: CameraAerialPullback=0 air=False up=False
Shared body clearance remains safe: CameraAerialPullback=0 air=False up=False
AIM_REMOTE CameraAerialPullback=0 air=False up=False: acceptedYaw=-0.0045675663 renderedYaw=-0.004567565 acceptedPitch=-0.11474672 renderedPitch=-0.11474669
Remote mount yaw and payload pitch settle to accepted CameraAerialPullback=0 air=False up=False aim on actual presentation nodes
Local preference leaves host tuning and peer camera unchanged: CameraAerialPullback=0 air=False up=False
CAMERA_AIM_SAMPLE CameraAerialPullback=0 air=False up=True expected=<0.0045109745, 0.15625, -0.98770726> actual=<0.0045109745, 0.15625, -0.98770726> lens=(-0.033613637, 4.3126984, 44.204926) target=(1.3213439, 48.821815, -252.47183) pitch=0.14891347
Final centered rendered ray and pivot-relative intent agree: CameraAerialPullback=0 air=False up=True
Camera settings retain centered HUD: CameraAerialPullback=0 air=False up=True
Authoritative articulation follows camera intent within network/pose tolerance: CameraAerialPullback=0 air=False up=True
Shared body clearance remains safe: CameraAerialPullback=0 air=False up=True
AIM_REMOTE CameraAerialPullback=0 air=False up=True: acceptedYaw=-0.0045670853 renderedYaw=-0.0045670853 acceptedPitch=0.15690623 renderedPitch=0.15690717
Remote mount yaw and payload pitch settle to accepted CameraAerialPullback=0 air=False up=True aim on actual presentation nodes
Local preference leaves host tuning and peer camera unchanged: CameraAerialPullback=0 air=False up=True
CAMERA_AIM_SAMPLE CameraAerialPullback=0 air=True up=False expected=<0.0044087046, -0.26132077, -0.96524197> actual=<0.0044087046, -0.26132077, -0.96524197> lens=(-0.03168749, 37.411602, 43.78266) target=(0.58312666, 3.8146973E-06, -90.824776) pitch=-0.27108654
Final centered rendered ray and pivot-relative intent agree: CameraAerialPullback=0 air=True up=False
Camera settings retain centered HUD: CameraAerialPullback=0 air=True up=False
Authoritative articulation follows camera intent within network/pose tolerance: CameraAerialPullback=0 air=True up=False
Shared body clearance remains safe: CameraAerialPullback=0 air=True up=False
AIM_REMOTE CameraAerialPullback=0 air=True up=False: acceptedYaw=-0.0045674285 renderedYaw=-0.004567427 acceptedPitch=-0.11474657 renderedPitch=-0.11474652
Remote mount yaw and payload pitch settle to accepted CameraAerialPullback=0 air=True up=False aim on actual presentation nodes
Local preference leaves host tuning and peer camera unchanged: CameraAerialPullback=0 air=True up=False
CAMERA_AIM_SAMPLE CameraAerialPullback=0 air=True up=True expected=<0.0045111864, 0.15651958, -0.9876645> actual=<0.0045111864, 0.15651958, -0.9876645> lens=(-0.033616662, 35.904346, 44.204926) target=(1.321463, 80.41347, -252.47183) pitch=0.14891347
Final centered rendered ray and pivot-relative intent agree: CameraAerialPullback=0 air=True up=True
Camera settings retain centered HUD: CameraAerialPullback=0 air=True up=True
Authoritative articulation follows camera intent within network/pose tolerance: CameraAerialPullback=0 air=True up=True
Shared body clearance remains safe: CameraAerialPullback=0 air=True up=True
AIM_REMOTE CameraAerialPullback=0 air=True up=True: acceptedYaw=-0.0045674974 renderedYaw=-0.004567497 acceptedPitch=0.15716153 renderedPitch=0.1571619
Remote mount yaw and payload pitch settle to accepted CameraAerialPullback=0 air=True up=True aim on actual presentation nodes
Local preference leaves host tuning and peer camera unchanged: CameraAerialPullback=0 air=True up=True
CAMERA_AIM_SAMPLE CameraAerialPullback=1 air=False up=False expected=<0.004462646, -0.21308987, -0.9770224> actual=<0.004462646, -0.21308987, -0.9770224> lens=(-0.031706482, 5.820353, 43.786613) target=(0.06394681, 0, 22.844906) pitch=-0.27108654
Final centered rendered ray and pivot-relative intent agree: CameraAerialPullback=1 air=False up=False
Camera settings retain centered HUD: CameraAerialPullback=1 air=False up=False
Authoritative articulation follows camera intent within network/pose tolerance: CameraAerialPullback=1 air=False up=False
Shared body clearance remains safe: CameraAerialPullback=1 air=False up=False
AIM_REMOTE CameraAerialPullback=1 air=False up=False: acceptedYaw=-0.0045675654 renderedYaw=-0.004567565 acceptedPitch=-0.114746734 renderedPitch=-0.11474666
Remote mount yaw and payload pitch settle to accepted CameraAerialPullback=1 air=False up=False aim on actual presentation nodes
Local preference leaves host tuning and peer camera unchanged: CameraAerialPullback=1 air=False up=False
CAMERA_AIM_SAMPLE CameraAerialPullback=1 air=False up=True expected=<0.0045113135, 0.15625003, -0.98770726> actual=<0.0045113135, 0.15625003, -0.98770726> lens=(-0.03361616, 4.312704, 44.204926) target=(1.3214431, 48.821823, -252.47183) pitch=0.14891347
Final centered rendered ray and pivot-relative intent agree: CameraAerialPullback=1 air=False up=True
Camera settings retain centered HUD: CameraAerialPullback=1 air=False up=True
Authoritative articulation follows camera intent within network/pose tolerance: CameraAerialPullback=1 air=False up=True
Shared body clearance remains safe: CameraAerialPullback=1 air=False up=True
AIM_REMOTE CameraAerialPullback=1 air=False up=True: acceptedYaw=-0.004567428 renderedYaw=-0.0045674266 acceptedPitch=0.1569062 renderedPitch=0.15690729
Remote mount yaw and payload pitch settle to accepted CameraAerialPullback=1 air=False up=True aim on actual presentation nodes
Local preference leaves host tuning and peer camera unchanged: CameraAerialPullback=1 air=False up=True
CAMERA_AIM_SAMPLE CameraAerialPullback=1 air=True up=False expected=<0.0044081532, -0.261712, -0.96513593> actual=<0.0044081532, -0.261712, -0.96513593> lens=(-0.035767056, 37.60294, 44.67596) target=(0.58218217, 0, -90.61992) pitch=-0.27108654
Final centered rendered ray and pivot-relative intent agree: CameraAerialPullback=1 air=True up=False
Camera settings retain centered HUD: CameraAerialPullback=1 air=True up=False
Authoritative articulation follows camera intent within network/pose tolerance: CameraAerialPullback=1 air=True up=False
Shared body clearance remains safe: CameraAerialPullback=1 air=True up=False
AIM_REMOTE CameraAerialPullback=1 air=True up=False: acceptedYaw=-0.0045673605 renderedYaw=-0.004567357 acceptedPitch=-0.114746585 renderedPitch=-0.11474653
Remote mount yaw and payload pitch settle to accepted CameraAerialPullback=1 air=True up=False aim on actual presentation nodes
Local preference leaves host tuning and peer camera unchanged: CameraAerialPullback=1 air=True up=False
CAMERA_AIM_SAMPLE CameraAerialPullback=1 air=True up=True expected=<0.004509965, 0.15828939, -0.9873825> actual=<0.004509965, 0.15828939, -0.9873825> lens=(-0.048757978, 35.90463, 47.519756) target=(1.3063419, 80.41374, -249.157) pitch=0.14891347
Final centered rendered ray and pivot-relative intent agree: CameraAerialPullback=1 air=True up=True
Camera settings retain centered HUD: CameraAerialPullback=1 air=True up=True
Authoritative articulation follows camera intent within network/pose tolerance: CameraAerialPullback=1 air=True up=True
Shared body clearance remains safe: CameraAerialPullback=1 air=True up=True
AIM_REMOTE CameraAerialPullback=1 air=True up=True: acceptedYaw=-0.004567565 renderedYaw=-0.0045675645 acceptedPitch=0.15884313 renderedPitch=0.1587906
Remote mount yaw and payload pitch settle to accepted CameraAerialPullback=1 air=True up=True aim on actual presentation nodes
Local preference leaves host tuning and peer camera unchanged: CameraAerialPullback=1 air=True up=True
CAMERA_AIM_SAMPLE CameraAerialPullback=1.5 air=False up=False expected=<0.004462333, -0.21333587, -0.9769687> actual=<0.004462333, -0.21333587, -0.9769687> lens=(-0.03150009, 5.8031225, 43.74153) target=(0.0638686, 0, 22.861818) pitch=-0.27108654
Final centered rendered ray and pivot-relative intent agree: CameraAerialPullback=1.5 air=False up=False
Camera settings retain centered HUD: CameraAerialPullback=1.5 air=False up=False
Authoritative articulation follows camera intent within network/pose tolerance: CameraAerialPullback=1.5 air=False up=False
Shared body clearance remains safe: CameraAerialPullback=1.5 air=False up=False
AIM_REMOTE CameraAerialPullback=1.5 air=False up=False: acceptedYaw=-0.004567497 renderedYaw=-0.004567494 acceptedPitch=-0.11474667 renderedPitch=-0.11474662
Remote mount yaw and payload pitch settle to accepted CameraAerialPullback=1.5 air=False up=False aim on actual presentation nodes
Local preference leaves host tuning and peer camera unchanged: CameraAerialPullback=1.5 air=False up=False
CAMERA_AIM_SAMPLE CameraAerialPullback=1.5 air=False up=True expected=<0.0045111105, 0.15625004, -0.98770726> actual=<0.0045111105, 0.15625004, -0.98770726> lens=(-0.033614647, 4.3127112, 44.204926) target=(1.3213837, 48.821827, -252.47183) pitch=0.14891347
Final centered rendered ray and pivot-relative intent agree: CameraAerialPullback=1.5 air=False up=True
Camera settings retain centered HUD: CameraAerialPullback=1.5 air=False up=True
Authoritative articulation follows camera intent within network/pose tolerance: CameraAerialPullback=1.5 air=False up=True
Shared body clearance remains safe: CameraAerialPullback=1.5 air=False up=True
AIM_REMOTE CameraAerialPullback=1.5 air=False up=True: acceptedYaw=-0.004567223 renderedYaw=-0.0045672227 acceptedPitch=0.15690912 renderedPitch=0.15690915
Remote mount yaw and payload pitch settle to accepted CameraAerialPullback=1.5 air=False up=True aim on actual presentation nodes
Local preference leaves host tuning and peer camera unchanged: CameraAerialPullback=1.5 air=False up=True
CAMERA_AIM_SAMPLE CameraAerialPullback=1.5 air=True up=False expected=<0.0044081695, -0.2619136, -0.96508133> actual=<0.0044081695, -0.2619136, -0.96508133> lens=(-0.037809256, 37.697796, 45.12259) target=(0.5817361, 3.8146973E-06, -90.51459) pitch=-0.27108654
Final centered rendered ray and pivot-relative intent agree: CameraAerialPullback=1.5 air=True up=False
Camera settings retain centered HUD: CameraAerialPullback=1.5 air=True up=False
Authoritative articulation follows camera intent within network/pose tolerance: CameraAerialPullback=1.5 air=True up=False
Shared body clearance remains safe: CameraAerialPullback=1.5 air=True up=False
AIM_REMOTE CameraAerialPullback=1.5 air=True up=False: acceptedYaw=-0.004567635 renderedYaw=-0.0045676297 acceptedPitch=-0.11474654 renderedPitch=-0.11474655
Remote mount yaw and payload pitch settle to accepted CameraAerialPullback=1.5 air=True up=False aim on actual presentation nodes
Local preference leaves host tuning and peer camera unchanged: CameraAerialPullback=1.5 air=True up=False
CAMERA_AIM_SAMPLE CameraAerialPullback=1.5 air=True up=True expected=<0.0045086956, 0.15918964, -0.98723775> actual=<0.0045086956, 0.15918964, -0.98723775> lens=(-0.05632079, 35.904892, 49.177174) target=(1.2985963, 80.41401, -247.49959) pitch=0.14891347
Final centered rendered ray and pivot-relative intent agree: CameraAerialPullback=1.5 air=True up=True
Camera settings retain centered HUD: CameraAerialPullback=1.5 air=True up=True
Authoritative articulation follows camera intent within network/pose tolerance: CameraAerialPullback=1.5 air=True up=True
Shared body clearance remains safe: CameraAerialPullback=1.5 air=True up=True
AIM_REMOTE CameraAerialPullback=1.5 air=True up=True: acceptedYaw=-0.004566949 renderedYaw=-0.004566949 acceptedPitch=0.15964071 renderedPitch=0.15959336
Remote mount yaw and payload pitch settle to accepted CameraAerialPullback=1.5 air=True up=True aim on actual presentation nodes
Local preference leaves host tuning and peer camera unchanged: CameraAerialPullback=1.5 air=True up=True
CAMERA_AIM_SAMPLE CameraShakeIntensity=0 air=False up=False expected=<0.004462627, -0.21310763, -0.97701854> actual=<0.004462627, -0.21310763, -0.97701854> lens=(-0.031731553, 5.8215375, 43.7921) target=(0.063941196, 9.536743E-07, 22.846132) pitch=-0.27108654
Final centered rendered ray and pivot-relative intent agree: CameraShakeIntensity=0 air=False up=False
Camera settings retain centered HUD: CameraShakeIntensity=0 air=False up=False
Authoritative articulation follows camera intent within network/pose tolerance: CameraShakeIntensity=0 air=False up=False
Shared body clearance remains safe: CameraShakeIntensity=0 air=False up=False
AIM_REMOTE CameraShakeIntensity=0 air=False up=False: acceptedYaw=-0.0045675663 renderedYaw=-0.0045675626 acceptedPitch=-0.114746675 renderedPitch=-0.114746615
Remote mount yaw and payload pitch settle to accepted CameraShakeIntensity=0 air=False up=False aim on actual presentation nodes
Local preference leaves host tuning and peer camera unchanged: CameraShakeIntensity=0 air=False up=False
CAMERA_AIM_SAMPLE CameraShakeIntensity=0 air=False up=True expected=<0.0045112455, 0.15625007, -0.98770726> actual=<0.0045112455, 0.15625007, -0.98770726> lens=(-0.03361565, 4.3127203, 44.204926) target=(1.3214233, 48.82184, -252.47183) pitch=0.14891347
Final centered rendered ray and pivot-relative intent agree: CameraShakeIntensity=0 air=False up=True
Camera settings retain centered HUD: CameraShakeIntensity=0 air=False up=True
Authoritative articulation follows camera intent within network/pose tolerance: CameraShakeIntensity=0 air=False up=True
Shared body clearance remains safe: CameraShakeIntensity=0 air=False up=True
AIM_REMOTE CameraShakeIntensity=0 air=False up=True: acceptedYaw=-0.0045673596 renderedYaw=-0.004567359 acceptedPitch=0.15690634 renderedPitch=0.1569087
Remote mount yaw and payload pitch settle to accepted CameraShakeIntensity=0 air=False up=True aim on actual presentation nodes
Local preference leaves host tuning and peer camera unchanged: CameraShakeIntensity=0 air=False up=True
CAMERA_AIM_SAMPLE CameraShakeIntensity=0 air=True up=False expected=<0.004408215, -0.26171634, -0.9651348> actual=<0.004408215, -0.26171634, -0.9651348> lens=(-0.035767563, 37.602306, 44.675953) target=(0.5821806, 3.8146973E-06, -90.617645) pitch=-0.27108654
Final centered rendered ray and pivot-relative intent agree: CameraShakeIntensity=0 air=True up=False
Camera settings retain centered HUD: CameraShakeIntensity=0 air=True up=False
Authoritative articulation follows camera intent within network/pose tolerance: CameraShakeIntensity=0 air=True up=False
Shared body clearance remains safe: CameraShakeIntensity=0 air=True up=False
AIM_REMOTE CameraShakeIntensity=0 air=True up=False: acceptedYaw=-0.0045674294 renderedYaw=-0.0045674266 acceptedPitch=-0.11474654 renderedPitch=-0.11474654
Remote mount yaw and payload pitch settle to accepted CameraShakeIntensity=0 air=True up=False aim on actual presentation nodes
Local preference leaves host tuning and peer camera unchanged: CameraShakeIntensity=0 air=True up=False
CAMERA_AIM_SAMPLE CameraShakeIntensity=0 air=True up=True expected=<0.0045096255, 0.15829127, -0.9873822> actual=<0.0045096255, 0.15829127, -0.9873822> lens=(-0.04875433, 35.90518, 47.519756) target=(1.306244, 80.4143, -249.157) pitch=0.14891347
Final centered rendered ray and pivot-relative intent agree: CameraShakeIntensity=0 air=True up=True
Camera settings retain centered HUD: CameraShakeIntensity=0 air=True up=True
Authoritative articulation follows camera intent within network/pose tolerance: CameraShakeIntensity=0 air=True up=True
Shared body clearance remains safe: CameraShakeIntensity=0 air=True up=True
AIM_REMOTE CameraShakeIntensity=0 air=True up=True: acceptedYaw=-0.004567223 renderedYaw=-0.0045672194 acceptedPitch=0.15876414 renderedPitch=0.15874133
Remote mount yaw and payload pitch settle to accepted CameraShakeIntensity=0 air=True up=True aim on actual presentation nodes
Local preference leaves host tuning and peer camera unchanged: CameraShakeIntensity=0 air=True up=True
CAMERA_AIM_SAMPLE CameraShakeIntensity=0.5 air=False up=False expected=<0.004531154, -0.21298033, -0.97704595> actual=<0.004531154, -0.21298033, -0.97704595> lens=(-0.030723417, 5.8223, 43.786083) target=(0.06496187, 4.7683716E-07, 22.83737) pitch=-0.27108654
Final centered rendered ray and pivot-relative intent agree: CameraShakeIntensity=0.5 air=False up=False
Camera settings retain centered HUD: CameraShakeIntensity=0.5 air=False up=False
Authoritative articulation follows camera intent within network/pose tolerance: CameraShakeIntensity=0.5 air=False up=False
Shared body clearance remains safe: CameraShakeIntensity=0.5 air=False up=False
AIM_REMOTE CameraShakeIntensity=0.5 air=False up=False: acceptedYaw=-0.004619182 renderedYaw=-0.0045588235 acceptedPitch=-0.11474654 renderedPitch=-0.11474659
Remote mount yaw and payload pitch settle to accepted CameraShakeIntensity=0.5 air=False up=False aim on actual presentation nodes
Local preference leaves host tuning and peer camera unchanged: CameraShakeIntensity=0.5 air=False up=False
CAMERA_AIM_SAMPLE CameraShakeIntensity=0.5 air=False up=True expected=<0.0045147915, 0.15625684, -0.98770607> actual=<0.0045147915, 0.15625684, -0.98770607> lens=(-0.032637827, 4.314705, 44.205227) target=(1.3224621, 48.823822, -252.47153) pitch=0.14891347
Final centered rendered ray and pivot-relative intent agree: CameraShakeIntensity=0.5 air=False up=True
Camera settings retain centered HUD: CameraShakeIntensity=0.5 air=False up=True
Authoritative articulation follows camera intent within network/pose tolerance: CameraShakeIntensity=0.5 air=False up=True
Shared body clearance remains safe: CameraShakeIntensity=0.5 air=False up=True
AIM_REMOTE CameraShakeIntensity=0.5 air=False up=True: acceptedYaw=-0.004580874 renderedYaw=-0.0045755683 acceptedPitch=0.15692823 renderedPitch=0.15692335
Remote mount yaw and payload pitch settle to accepted CameraShakeIntensity=0.5 air=False up=True aim on actual presentation nodes
Local preference leaves host tuning and peer camera unchanged: CameraShakeIntensity=0.5 air=False up=True
CAMERA_AIM_SAMPLE CameraShakeIntensity=0.5 air=True up=False expected=<0.0044158697, -0.26169178, -0.9651415> actual=<0.0044158697, -0.26169178, -0.9651415> lens=(-0.034786012, 37.60573, 44.675423) target=(0.58324623, 3.8146973E-06, -90.630486) pitch=-0.27108654
Final centered rendered ray and pivot-relative intent agree: CameraShakeIntensity=0.5 air=True up=False
Camera settings retain centered HUD: CameraShakeIntensity=0.5 air=True up=False
Authoritative articulation follows camera intent within network/pose tolerance: CameraShakeIntensity=0.5 air=True up=False
Shared body clearance remains safe: CameraShakeIntensity=0.5 air=True up=False
AIM_REMOTE CameraShakeIntensity=0.5 air=True up=False: acceptedYaw=-0.0045998115 renderedYaw=-0.004588549 acceptedPitch=-0.114746585 renderedPitch=-0.11474658
Remote mount yaw and payload pitch settle to accepted CameraShakeIntensity=0.5 air=True up=False aim on actual presentation nodes
Local preference leaves host tuning and peer camera unchanged: CameraShakeIntensity=0.5 air=True up=False
CAMERA_AIM_SAMPLE CameraShakeIntensity=0.5 air=True up=True expected=<0.0045133433, 0.158299, -0.98738086> actual=<0.0045133433, 0.158299, -0.98738086> lens=(-0.04777875, 35.90743, 47.52006) target=(1.3073212, 80.41655, -249.1567) pitch=0.14891347
Final centered rendered ray and pivot-relative intent agree: CameraShakeIntensity=0.5 air=True up=True
Camera settings retain centered HUD: CameraShakeIntensity=0.5 air=True up=True
Authoritative articulation follows camera intent within network/pose tolerance: CameraShakeIntensity=0.5 air=True up=True
Shared body clearance remains safe: CameraShakeIntensity=0.5 air=True up=True
AIM_REMOTE CameraShakeIntensity=0.5 air=True up=True: acceptedYaw=-0.0045634536 renderedYaw=-0.004562495 acceptedPitch=0.15867619 renderedPitch=0.15867424
Remote mount yaw and payload pitch settle to accepted CameraShakeIntensity=0.5 air=True up=True aim on actual presentation nodes
Local preference leaves host tuning and peer camera unchanged: CameraShakeIntensity=0.5 air=True up=True
CAMERA_AIM_SAMPLE CameraShakeIntensity=1 air=False up=False expected=<0.0045997915, -0.21287166, -0.9770693> actual=<0.0045997915, -0.21287166, -0.9770693> lens=(-0.029741779, 5.8242326, 43.78555) target=(0.06597958, 4.7683716E-07, 22.829884) pitch=-0.27108654
Final centered rendered ray and pivot-relative intent agree: CameraShakeIntensity=1 air=False up=False
Camera settings retain centered HUD: CameraShakeIntensity=1 air=False up=False
Authoritative articulation follows camera intent within network/pose tolerance: CameraShakeIntensity=1 air=False up=False
Shared body clearance remains safe: CameraShakeIntensity=1 air=False up=False
AIM_REMOTE CameraShakeIntensity=1 air=False up=False: acceptedYaw=-0.004275533 renderedYaw=-0.0043885866 acceptedPitch=-0.114746764 renderedPitch=-0.11474671
Remote mount yaw and payload pitch settle to accepted CameraShakeIntensity=1 air=False up=False aim on actual presentation nodes
Local preference leaves host tuning and peer camera unchanged: CameraShakeIntensity=1 air=False up=False
CAMERA_AIM_SAMPLE CameraShakeIntensity=1 air=False up=True expected=<0.0045180684, 0.15626249, -0.98770523> actual=<0.0045180684, 0.15626249, -0.98770523> lens=(-0.03165803, 4.3128214, 44.205524) target=(1.3234216, 48.821938, -252.47124) pitch=0.14891347
Final centered rendered ray and pivot-relative intent agree: CameraShakeIntensity=1 air=False up=True
Camera settings retain centered HUD: CameraShakeIntensity=1 air=False up=True
Authoritative articulation follows camera intent within network/pose tolerance: CameraShakeIntensity=1 air=False up=True
Shared body clearance remains safe: CameraShakeIntensity=1 air=False up=True
AIM_REMOTE CameraShakeIntensity=1 air=False up=True: acceptedYaw=-0.0045971884 renderedYaw=-0.0045858095 acceptedPitch=0.15689388 renderedPitch=0.15691152
Remote mount yaw and payload pitch settle to accepted CameraShakeIntensity=1 air=False up=True aim on actual presentation nodes
Local preference leaves host tuning and peer camera unchanged: CameraShakeIntensity=1 air=False up=True
CAMERA_AIM_SAMPLE CameraShakeIntensity=1 air=True up=False expected=<0.004423309, -0.26167774, -0.9651452> actual=<0.004423309, -0.26167774, -0.9651452> lens=(-0.03409641, 37.46575, 44.739216) target=(0.581626, 7.6293945E-06, -90.06305) pitch=-0.27108654
Final centered rendered ray and pivot-relative intent agree: CameraShakeIntensity=1 air=True up=False
Camera settings retain centered HUD: CameraShakeIntensity=1 air=True up=False
Authoritative articulation follows camera intent within network/pose tolerance: CameraShakeIntensity=1 air=True up=False
Shared body clearance remains safe: CameraShakeIntensity=1 air=True up=False
AIM_REMOTE CameraShakeIntensity=1 air=True up=False: acceptedYaw=-0.0046258317 renderedYaw=-0.0045616454 acceptedPitch=-0.114746526 renderedPitch=-0.114746556
Remote mount yaw and payload pitch settle to accepted CameraShakeIntensity=1 air=True up=False aim on actual presentation nodes
Local preference leaves host tuning and peer camera unchanged: CameraShakeIntensity=1 air=True up=False
CAMERA_AIM_SAMPLE CameraShakeIntensity=1 air=True up=True expected=<0.0045166514, 0.15831468, -0.9873784> actual=<0.0045166514, 0.15831468, -0.9873784> lens=(-0.04684951, 35.75442, 47.531494) target=(1.3082303, 80.263535, -249.14526) pitch=0.14891347
Final centered rendered ray and pivot-relative intent agree: CameraShakeIntensity=1 air=True up=True
Camera settings retain centered HUD: CameraShakeIntensity=1 air=True up=True
Authoritative articulation follows camera intent within network/pose tolerance: CameraShakeIntensity=1 air=True up=True
Shared body clearance remains safe: CameraShakeIntensity=1 air=True up=True
AIM_REMOTE CameraShakeIntensity=1 air=True up=True: acceptedYaw=-0.0045974953 renderedYaw=-0.0045858417 acceptedPitch=0.15876725 renderedPitch=0.15875383
Remote mount yaw and payload pitch settle to accepted CameraShakeIntensity=1 air=True up=True aim on actual presentation nodes
Local preference leaves host tuning and peer camera unchanged: CameraShakeIntensity=1 air=True up=True
CAMERA_AIM_SAMPLE HorizontalLookSensitivity=0.25 air=False up=False expected=<0.0011155851, -0.21307452, -0.97703534> actual=<0.0011155851, -0.21307452, -0.97703534> lens=(-0.007932735, 5.8177705, 43.792534) target=(0.015968263, -4.7683716E-07, 22.859911) pitch=-0.27108654
Final centered rendered ray and pivot-relative intent agree: HorizontalLookSensitivity=0.25 air=False up=False
Camera settings retain centered HUD: HorizontalLookSensitivity=0.25 air=False up=False
Authoritative articulation follows camera intent within network/pose tolerance: HorizontalLookSensitivity=0.25 air=False up=False
Shared body clearance remains safe: HorizontalLookSensitivity=0.25 air=False up=False
AIM_REMOTE HorizontalLookSensitivity=0.25 air=False up=False: acceptedYaw=-0.0011418057 renderedYaw=-0.0011418047 acceptedPitch=-0.11474766 renderedPitch=-0.11474762
Remote mount yaw and payload pitch settle to accepted HorizontalLookSensitivity=0.25 air=False up=False aim on actual presentation nodes
Local preference leaves host tuning and peer camera unchanged: HorizontalLookSensitivity=0.25 air=False up=False
CAMERA_AIM_SAMPLE HorizontalLookSensitivity=0.25 air=False up=True expected=<0.0011278659, 0.15624903, -0.98771703> actual=<0.0011278659, 0.15624903, -0.98771703> lens=(-0.008404319, 4.308876, 44.204998) target=(0.33037177, 48.818, -252.47469) pitch=0.1489135
Final centered rendered ray and pivot-relative intent agree: HorizontalLookSensitivity=0.25 air=False up=True
Camera settings retain centered HUD: HorizontalLookSensitivity=0.25 air=False up=True
Authoritative articulation follows camera intent within network/pose tolerance: HorizontalLookSensitivity=0.25 air=False up=True
Shared body clearance remains safe: HorizontalLookSensitivity=0.25 air=False up=True
AIM_REMOTE HorizontalLookSensitivity=0.25 air=False up=True: acceptedYaw=-0.0011418912 renderedYaw=-0.0011418911 acceptedPitch=0.15690488 renderedPitch=0.15690577
Remote mount yaw and payload pitch settle to accepted HorizontalLookSensitivity=0.25 air=False up=True aim on actual presentation nodes
Local preference leaves host tuning and peer camera unchanged: HorizontalLookSensitivity=0.25 air=False up=True
CAMERA_AIM_SAMPLE HorizontalLookSensitivity=0.25 air=True up=False expected=<0.0011020777, -0.26170474, -0.9651474> actual=<0.0011020777, -0.26170474, -0.9651474> lens=(-0.009015522, 37.46215, 44.740368) target=(0.14489852, 3.8146973E-06, -90.05026) pitch=-0.27108654
Final centered rendered ray and pivot-relative intent agree: HorizontalLookSensitivity=0.25 air=True up=False
Camera settings retain centered HUD: HorizontalLookSensitivity=0.25 air=True up=False
Authoritative articulation follows camera intent within network/pose tolerance: HorizontalLookSensitivity=0.25 air=True up=False
Shared body clearance remains safe: HorizontalLookSensitivity=0.25 air=True up=False
AIM_REMOTE HorizontalLookSensitivity=0.25 air=True up=False: acceptedYaw=-0.0011418744 renderedYaw=-0.0011418742 acceptedPitch=-0.11474761 renderedPitch=-0.114747606
Remote mount yaw and payload pitch settle to accepted HorizontalLookSensitivity=0.25 air=True up=False aim on actual presentation nodes
Local preference leaves host tuning and peer camera unchanged: HorizontalLookSensitivity=0.25 air=True up=False
CAMERA_AIM_SAMPLE HorizontalLookSensitivity=0.25 air=True up=True expected=<0.0011274422, 0.15830207, -0.9873901> actual=<0.0011274422, 0.15830207, -0.9873901> lens=(-0.012201708, 35.750767, 47.531) target=(0.32655922, 80.25989, -249.14868) pitch=0.1489135
Final centered rendered ray and pivot-relative intent agree: HorizontalLookSensitivity=0.25 air=True up=True
Camera settings retain centered HUD: HorizontalLookSensitivity=0.25 air=True up=True
Authoritative articulation follows camera intent within network/pose tolerance: HorizontalLookSensitivity=0.25 air=True up=True
Shared body clearance remains safe: HorizontalLookSensitivity=0.25 air=True up=True
AIM_REMOTE HorizontalLookSensitivity=0.25 air=True up=True: acceptedYaw=-0.0011418401 renderedYaw=-0.0011418398 acceptedPitch=0.15878184 renderedPitch=0.15876
Remote mount yaw and payload pitch settle to accepted HorizontalLookSensitivity=0.25 air=True up=True aim on actual presentation nodes
Local preference leaves host tuning and peer camera unchanged: HorizontalLookSensitivity=0.25 air=True up=True
CAMERA_AIM_SAMPLE HorizontalLookSensitivity=1 air=False up=False expected=<0.004462481, -0.21305488, -0.97703004> actual=<0.004462481, -0.21305488, -0.97703004> lens=(-0.031705797, 5.8165636, 43.786774) target=(0.06388094, 0, 22.8587) pitch=-0.27108654
Final centered rendered ray and pivot-relative intent agree: HorizontalLookSensitivity=1 air=False up=False
Camera settings retain centered HUD: HorizontalLookSensitivity=1 air=False up=False
Authoritative articulation follows camera intent within network/pose tolerance: HorizontalLookSensitivity=1 air=False up=False
Shared body clearance remains safe: HorizontalLookSensitivity=1 air=False up=False
AIM_REMOTE HorizontalLookSensitivity=1 air=False up=False: acceptedYaw=-0.004567361 renderedYaw=-0.00456736 acceptedPitch=-0.11474671 renderedPitch=-0.11474669
Remote mount yaw and payload pitch settle to accepted HorizontalLookSensitivity=1 air=False up=False aim on actual presentation nodes
Local preference leaves host tuning and peer camera unchanged: HorizontalLookSensitivity=1 air=False up=False
CAMERA_AIM_SAMPLE HorizontalLookSensitivity=1 air=False up=True expected=<0.004511247, 0.15624908, -0.98770744> actual=<0.004511247, 0.15624908, -0.98770744> lens=(-0.033615652, 4.308884, 44.204926) target=(1.3214233, 48.818, -252.47183) pitch=0.14891347
Final centered rendered ray and pivot-relative intent agree: HorizontalLookSensitivity=1 air=False up=True
Camera settings retain centered HUD: HorizontalLookSensitivity=1 air=False up=True
Authoritative articulation follows camera intent within network/pose tolerance: HorizontalLookSensitivity=1 air=False up=True
Shared body clearance remains safe: HorizontalLookSensitivity=1 air=False up=True
AIM_REMOTE HorizontalLookSensitivity=1 air=False up=True: acceptedYaw=-0.00456736 renderedYaw=-0.004567358 acceptedPitch=0.15690501 renderedPitch=0.15690738
Remote mount yaw and payload pitch settle to accepted HorizontalLookSensitivity=1 air=False up=True aim on actual presentation nodes
Local preference leaves host tuning and peer camera unchanged: HorizontalLookSensitivity=1 air=False up=True
CAMERA_AIM_SAMPLE HorizontalLookSensitivity=1 air=True up=False expected=<0.004408431, -0.2617025, -0.96513855> actual=<0.004408431, -0.2617025, -0.96513855> lens=(-0.036063, 37.46247, 44.74028) target=(0.5796148, 3.8146973E-06, -90.05017) pitch=-0.27108654
Final centered rendered ray and pivot-relative intent agree: HorizontalLookSensitivity=1 air=True up=False
Camera settings retain centered HUD: HorizontalLookSensitivity=1 air=True up=False
Authoritative articulation follows camera intent within network/pose tolerance: HorizontalLookSensitivity=1 air=True up=False
Shared body clearance remains safe: HorizontalLookSensitivity=1 air=True up=False
AIM_REMOTE HorizontalLookSensitivity=1 air=True up=False: acceptedYaw=-0.004567635 renderedYaw=-0.0045676334 acceptedPitch=-0.114746705 renderedPitch=-0.11474666
Remote mount yaw and payload pitch settle to accepted HorizontalLookSensitivity=1 air=True up=False aim on actual presentation nodes
Local preference leaves host tuning and peer camera unchanged: HorizontalLookSensitivity=1 air=True up=False
CAMERA_AIM_SAMPLE HorizontalLookSensitivity=1 air=True up=True expected=<0.004509891, 0.1582994, -0.9873808> actual=<0.004509891, 0.1582994, -0.9873808> lens=(-0.048808716, 35.749954, 47.53102) target=(1.3062711, 80.25907, -249.14574) pitch=0.14891347
Final centered rendered ray and pivot-relative intent agree: HorizontalLookSensitivity=1 air=True up=True
Camera settings retain centered HUD: HorizontalLookSensitivity=1 air=True up=True
Authoritative articulation follows camera intent within network/pose tolerance: HorizontalLookSensitivity=1 air=True up=True
Shared body clearance remains safe: HorizontalLookSensitivity=1 air=True up=True
AIM_REMOTE HorizontalLookSensitivity=1 air=True up=True: acceptedYaw=-0.004567498 renderedYaw=-0.004567497 acceptedPitch=0.15882365 renderedPitch=0.15880811
Remote mount yaw and payload pitch settle to accepted HorizontalLookSensitivity=1 air=True up=True aim on actual presentation nodes
Local preference leaves host tuning and peer camera unchanged: HorizontalLookSensitivity=1 air=True up=True
CAMERA_AIM_SAMPLE HorizontalLookSensitivity=3 air=False up=False expected=<0.013387469, -0.21305442, -0.9769486> actual=<0.013387469, -0.21305442, -0.9769486> lens=(-0.09511759, 5.816571, 43.786194) target=(0.19164363, 0, 22.859835) pitch=-0.2710865
Final centered rendered ray and pivot-relative intent agree: HorizontalLookSensitivity=3 air=False up=False
Camera settings retain centered HUD: HorizontalLookSensitivity=3 air=False up=False
Authoritative articulation follows camera intent within network/pose tolerance: HorizontalLookSensitivity=3 air=False up=False
Shared body clearance remains safe: HorizontalLookSensitivity=3 air=False up=False
AIM_REMOTE HorizontalLookSensitivity=3 air=False up=False: acceptedYaw=-0.013702492 renderedYaw=-0.013702486 acceptedPitch=-0.11473723 renderedPitch=-0.11473717
Remote mount yaw and payload pitch settle to accepted HorizontalLookSensitivity=3 air=False up=False aim on actual presentation nodes
Local preference leaves host tuning and peer camera unchanged: HorizontalLookSensitivity=3 air=False up=False
CAMERA_AIM_SAMPLE HorizontalLookSensitivity=3 air=False up=True expected=<0.013530523, 0.15624909, -0.98762494> actual=<0.013530523, 0.15624909, -0.98762494> lens=(-0.100822985, 4.3088865, 44.20431) target=(3.963328, 48.818012, -252.4477) pitch=0.1489135
Final centered rendered ray and pivot-relative intent agree: HorizontalLookSensitivity=3 air=False up=True
Camera settings retain centered HUD: HorizontalLookSensitivity=3 air=False up=True
Authoritative articulation follows camera intent within network/pose tolerance: HorizontalLookSensitivity=3 air=False up=True
Shared body clearance remains safe: HorizontalLookSensitivity=3 air=False up=True
AIM_REMOTE HorizontalLookSensitivity=3 air=False up=True: acceptedYaw=-0.013699205 renderedYaw=-0.013699201 acceptedPitch=0.15690771 renderedPitch=0.15690777
Remote mount yaw and payload pitch settle to accepted HorizontalLookSensitivity=3 air=False up=True aim on actual presentation nodes
Local preference leaves host tuning and peer camera unchanged: HorizontalLookSensitivity=3 air=False up=True
CAMERA_AIM_SAMPLE HorizontalLookSensitivity=3 air=True up=False expected=<0.013224136, -0.26170048, -0.9650585> actual=<0.013224136, -0.26170048, -0.9650585> lens=(-0.10817937, 37.46275, 44.739613) target=(1.7387059, 3.8146973E-06, -90.040634) pitch=-0.2710865
Final centered rendered ray and pivot-relative intent agree: HorizontalLookSensitivity=3 air=True up=False
Camera settings retain centered HUD: HorizontalLookSensitivity=3 air=True up=False
Authoritative articulation follows camera intent within network/pose tolerance: HorizontalLookSensitivity=3 air=True up=False
Shared body clearance remains safe: HorizontalLookSensitivity=3 air=True up=False
AIM_REMOTE HorizontalLookSensitivity=3 air=True up=False: acceptedYaw=-0.013702079 renderedYaw=-0.013702075 acceptedPitch=-0.11473724 renderedPitch=-0.1147372
Remote mount yaw and payload pitch settle to accepted HorizontalLookSensitivity=3 air=True up=False aim on actual presentation nodes
Local preference leaves host tuning and peer camera unchanged: HorizontalLookSensitivity=3 air=True up=False
CAMERA_AIM_SAMPLE HorizontalLookSensitivity=3 air=True up=True expected=<0.013520154, 0.15830393, -0.98729795> actual=<0.013520154, 0.15830393, -0.98729795> lens=(-0.14632152, 35.751312, 47.530006) target=(3.9160607, 80.26044, -249.12204) pitch=0.14891349
Final centered rendered ray and pivot-relative intent agree: HorizontalLookSensitivity=3 air=True up=True
Camera settings retain centered HUD: HorizontalLookSensitivity=3 air=True up=True
Authoritative articulation follows camera intent within network/pose tolerance: HorizontalLookSensitivity=3 air=True up=True
Shared body clearance remains safe: HorizontalLookSensitivity=3 air=True up=True
AIM_REMOTE HorizontalLookSensitivity=3 air=True up=True: acceptedYaw=-0.013693242 renderedYaw=-0.013693235 acceptedPitch=0.1587833 renderedPitch=0.15877974
Remote mount yaw and payload pitch settle to accepted HorizontalLookSensitivity=3 air=True up=True aim on actual presentation nodes
Local preference leaves host tuning and peer camera unchanged: HorizontalLookSensitivity=3 air=True up=True
CAMERA_AIM_SAMPLE VerticalLookSensitivity=0.25 air=False up=False expected=<0.004462595, -0.21307391, -0.97702587> actual=<0.004462595, -0.21307391, -0.97702587> lens=(-0.03173273, 5.8177814, 43.792465) target=(0.063876875, 0, 22.860008) pitch=-0.27108654
Final centered rendered ray and pivot-relative intent agree: VerticalLookSensitivity=0.25 air=False up=False
Camera settings retain centered HUD: VerticalLookSensitivity=0.25 air=False up=False
Authoritative articulation follows camera intent within network/pose tolerance: VerticalLookSensitivity=0.25 air=False up=False
Shared body clearance remains safe: VerticalLookSensitivity=0.25 air=False up=False
AIM_REMOTE VerticalLookSensitivity=0.25 air=False up=False: acceptedYaw=-0.0045674983 renderedYaw=-0.004567497 acceptedPitch=-0.1147466 renderedPitch=-0.11474658
Remote mount yaw and payload pitch settle to accepted VerticalLookSensitivity=0.25 air=False up=False aim on actual presentation nodes
Local preference leaves host tuning and peer camera unchanged: VerticalLookSensitivity=0.25 air=False up=False
CAMERA_AIM_SAMPLE VerticalLookSensitivity=0.25 air=False up=True expected=<0.004511382, 0.1562491, -0.9877073> actual=<0.004511382, 0.1562491, -0.9877073> lens=(-0.033616662, 4.308898, 44.204926) target=(1.321463, 48.818016, -252.47183) pitch=0.14891347
Final centered rendered ray and pivot-relative intent agree: VerticalLookSensitivity=0.25 air=False up=True
Camera settings retain centered HUD: VerticalLookSensitivity=0.25 air=False up=True
Authoritative articulation follows camera intent within network/pose tolerance: VerticalLookSensitivity=0.25 air=False up=True
Shared body clearance remains safe: VerticalLookSensitivity=0.25 air=False up=True
AIM_REMOTE VerticalLookSensitivity=0.25 air=False up=True: acceptedYaw=-0.004567497 renderedYaw=-0.004567496 acceptedPitch=0.15690202 renderedPitch=0.15690528
Remote mount yaw and payload pitch settle to accepted VerticalLookSensitivity=0.25 air=False up=True aim on actual presentation nodes
Local preference leaves host tuning and peer camera unchanged: VerticalLookSensitivity=0.25 air=False up=True
CAMERA_AIM_SAMPLE VerticalLookSensitivity=0.25 air=True up=False expected=<0.0044069206, -0.26169395, -0.9651408> actual=<0.0044069206, -0.26169395, -0.9651408> lens=(-0.036050502, 37.463696, 44.74027) target=(0.5794353, 0, -90.05464) pitch=-0.2710865
Final centered rendered ray and pivot-relative intent agree: VerticalLookSensitivity=0.25 air=True up=False
Camera settings retain centered HUD: VerticalLookSensitivity=0.25 air=True up=False
Authoritative articulation follows camera intent within network/pose tolerance: VerticalLookSensitivity=0.25 air=True up=False
Shared body clearance remains safe: VerticalLookSensitivity=0.25 air=True up=False
AIM_REMOTE VerticalLookSensitivity=0.25 air=True up=False: acceptedYaw=-0.0045660594 renderedYaw=-0.004566058 acceptedPitch=-0.11474656 renderedPitch=-0.11474653
Remote mount yaw and payload pitch settle to accepted VerticalLookSensitivity=0.25 air=True up=False aim on actual presentation nodes
Local preference leaves host tuning and peer camera unchanged: VerticalLookSensitivity=0.25 air=True up=False
CAMERA_AIM_SAMPLE VerticalLookSensitivity=0.25 air=True up=True expected=<0.0045100222, 0.15830496, -0.98738> actual=<0.0045100222, 0.15830496, -0.98738> lens=(-0.048809603, 35.751625, 47.530895) target=(1.3063107, 80.26074, -249.14586) pitch=0.14891347
Final centered rendered ray and pivot-relative intent agree: VerticalLookSensitivity=0.25 air=True up=True
Camera settings retain centered HUD: VerticalLookSensitivity=0.25 air=True up=True
Authoritative articulation follows camera intent within network/pose tolerance: VerticalLookSensitivity=0.25 air=True up=True
Shared body clearance remains safe: VerticalLookSensitivity=0.25 air=True up=True
AIM_REMOTE VerticalLookSensitivity=0.25 air=True up=True: acceptedYaw=-0.004567634 renderedYaw=-0.0045676325 acceptedPitch=0.15878406 renderedPitch=0.15876217
Remote mount yaw and payload pitch settle to accepted VerticalLookSensitivity=0.25 air=True up=True aim on actual presentation nodes
Local preference leaves host tuning and peer camera unchanged: VerticalLookSensitivity=0.25 air=True up=True
CAMERA_AIM_SAMPLE VerticalLookSensitivity=1 air=False up=False expected=<0.0044624135, -0.21305369, -0.97703034> actual=<0.0044624135, -0.21305369, -0.97703034> lens=(-0.03170532, 5.8165865, 43.786774) target=(0.06388034, 0, 22.858618) pitch=-0.27108654
Final centered rendered ray and pivot-relative intent agree: VerticalLookSensitivity=1 air=False up=False
Camera settings retain centered HUD: VerticalLookSensitivity=1 air=False up=False
Authoritative articulation follows camera intent within network/pose tolerance: VerticalLookSensitivity=1 air=False up=False
Shared body clearance remains safe: VerticalLookSensitivity=1 air=False up=False
AIM_REMOTE VerticalLookSensitivity=1 air=False up=False: acceptedYaw=-0.0045672916 renderedYaw=-0.004567291 acceptedPitch=-0.11474665 renderedPitch=-0.11474664
Remote mount yaw and payload pitch settle to accepted VerticalLookSensitivity=1 air=False up=False aim on actual presentation nodes
Local preference leaves host tuning and peer camera unchanged: VerticalLookSensitivity=1 air=False up=False
CAMERA_AIM_SAMPLE VerticalLookSensitivity=1 air=False up=True expected=<0.0045112465, 0.15624912, -0.9877073> actual=<0.0045112465, 0.15624912, -0.9877073> lens=(-0.033615656, 4.308904, 44.204926) target=(1.3214234, 48.81802, -252.47183) pitch=0.14891347
Final centered rendered ray and pivot-relative intent agree: VerticalLookSensitivity=1 air=False up=True
Camera settings retain centered HUD: VerticalLookSensitivity=1 air=False up=True
Authoritative articulation follows camera intent within network/pose tolerance: VerticalLookSensitivity=1 air=False up=True
Shared body clearance remains safe: VerticalLookSensitivity=1 air=False up=True
AIM_REMOTE VerticalLookSensitivity=1 air=False up=True: acceptedYaw=-0.00456736 renderedYaw=-0.004567358 acceptedPitch=0.15689935 renderedPitch=0.15690333
Remote mount yaw and payload pitch settle to accepted VerticalLookSensitivity=1 air=False up=True aim on actual presentation nodes
Local preference leaves host tuning and peer camera unchanged: VerticalLookSensitivity=1 air=False up=True
CAMERA_AIM_SAMPLE VerticalLookSensitivity=1 air=True up=False expected=<0.00440798, -0.26169202, -0.9651413> actual=<0.00440798, -0.26169202, -0.9651413> lens=(-0.03605886, 37.463963, 44.740204) target=(0.5795788, 3.8146973E-06, -90.05563) pitch=-0.27108654
Final centered rendered ray and pivot-relative intent agree: VerticalLookSensitivity=1 air=True up=False
Camera settings retain centered HUD: VerticalLookSensitivity=1 air=True up=False
Authoritative articulation follows camera intent within network/pose tolerance: VerticalLookSensitivity=1 air=True up=False
Shared body clearance remains safe: VerticalLookSensitivity=1 air=True up=False
AIM_REMOTE VerticalLookSensitivity=1 air=True up=False: acceptedYaw=-0.0045671538 renderedYaw=-0.0045671533 acceptedPitch=-0.114746675 renderedPitch=-0.114746585
Remote mount yaw and payload pitch settle to accepted VerticalLookSensitivity=1 air=True up=False aim on actual presentation nodes
Local preference leaves host tuning and peer camera unchanged: VerticalLookSensitivity=1 air=True up=False
CAMERA_AIM_SAMPLE VerticalLookSensitivity=1 air=True up=True expected=<0.004509818, 0.15830597, -0.9873798> actual=<0.004509818, 0.15830597, -0.9873798> lens=(-0.048807357, 35.751934, 47.530888) target=(1.3062519, 80.26105, -249.14587) pitch=0.14891347
Final centered rendered ray and pivot-relative intent agree: VerticalLookSensitivity=1 air=True up=True
Camera settings retain centered HUD: VerticalLookSensitivity=1 air=True up=True
Authoritative articulation follows camera intent within network/pose tolerance: VerticalLookSensitivity=1 air=True up=True
Shared body clearance remains safe: VerticalLookSensitivity=1 air=True up=True
AIM_REMOTE VerticalLookSensitivity=1 air=True up=True: acceptedYaw=-0.004567428 renderedYaw=-0.0045674276 acceptedPitch=0.15882605 renderedPitch=0.15880781
Remote mount yaw and payload pitch settle to accepted VerticalLookSensitivity=1 air=True up=True aim on actual presentation nodes
Local preference leaves host tuning and peer camera unchanged: VerticalLookSensitivity=1 air=True up=True
CAMERA_AIM_SAMPLE VerticalLookSensitivity=3 air=False up=False expected=<0.0044624773, -0.21305586, -0.97702986> actual=<0.0044624773, -0.21305586, -0.97702986> lens=(-0.03170577, 5.8165436, 43.78677) target=(0.06388059, 4.7683716E-07, 22.858768) pitch=-0.27108654
Final centered rendered ray and pivot-relative intent agree: VerticalLookSensitivity=3 air=False up=False
Camera settings retain centered HUD: VerticalLookSensitivity=3 air=False up=False
Authoritative articulation follows camera intent within network/pose tolerance: VerticalLookSensitivity=3 air=False up=False
Shared body clearance remains safe: VerticalLookSensitivity=3 air=False up=False
AIM_REMOTE VerticalLookSensitivity=3 air=False up=False: acceptedYaw=-0.0045673596 renderedYaw=-0.004567358 acceptedPitch=-0.11474672 renderedPitch=-0.11474665
Remote mount yaw and payload pitch settle to accepted VerticalLookSensitivity=3 air=False up=False aim on actual presentation nodes
Local preference leaves host tuning and peer camera unchanged: VerticalLookSensitivity=3 air=False up=False
CAMERA_AIM_SAMPLE VerticalLookSensitivity=3 air=False up=True expected=<0.0045112465, 0.15624915, -0.9877073> actual=<0.0045112465, 0.15624915, -0.9877073> lens=(-0.033615656, 4.3089113, 44.204926) target=(1.3214234, 48.818027, -252.47183) pitch=0.14891347
Final centered rendered ray and pivot-relative intent agree: VerticalLookSensitivity=3 air=False up=True
Camera settings retain centered HUD: VerticalLookSensitivity=3 air=False up=True
Authoritative articulation follows camera intent within network/pose tolerance: VerticalLookSensitivity=3 air=False up=True
Shared body clearance remains safe: VerticalLookSensitivity=3 air=False up=True
AIM_REMOTE VerticalLookSensitivity=3 air=False up=True: acceptedYaw=-0.0045673605 renderedYaw=-0.004567359 acceptedPitch=0.15690212 renderedPitch=0.15690456
Remote mount yaw and payload pitch settle to accepted VerticalLookSensitivity=3 air=False up=True aim on actual presentation nodes
Local preference leaves host tuning and peer camera unchanged: VerticalLookSensitivity=3 air=False up=True
CAMERA_AIM_SAMPLE VerticalLookSensitivity=3 air=True up=False expected=<0.0044084406, -0.26169455, -0.96514064> actual=<0.0044084406, -0.26169455, -0.96514064> lens=(-0.03606301, 37.46362, 44.740284) target=(0.5796337, 3.8146973E-06, -90.054306) pitch=-0.27108654
Final centered rendered ray and pivot-relative intent agree: VerticalLookSensitivity=3 air=True up=False
Camera settings retain centered HUD: VerticalLookSensitivity=3 air=True up=False
Authoritative articulation follows camera intent within network/pose tolerance: VerticalLookSensitivity=3 air=True up=False
Shared body clearance remains safe: VerticalLookSensitivity=3 air=True up=False
AIM_REMOTE VerticalLookSensitivity=3 air=True up=False: acceptedYaw=-0.004567635 renderedYaw=-0.0045676334 acceptedPitch=-0.114746675 renderedPitch=-0.114746645
Remote mount yaw and payload pitch settle to accepted VerticalLookSensitivity=3 air=True up=False aim on actual presentation nodes
Local preference leaves host tuning and peer camera unchanged: VerticalLookSensitivity=3 air=True up=False
CAMERA_AIM_SAMPLE VerticalLookSensitivity=3 air=True up=True expected=<0.004509953, 0.1583069, -0.98737967> actual=<0.004509953, 0.1583069, -0.98737967> lens=(-0.04880885, 35.7522, 47.53089) target=(1.3062911, 80.26132, -249.14587) pitch=0.14891347
Final centered rendered ray and pivot-relative intent agree: VerticalLookSensitivity=3 air=True up=True
Camera settings retain centered HUD: VerticalLookSensitivity=3 air=True up=True
Authoritative articulation follows camera intent within network/pose tolerance: VerticalLookSensitivity=3 air=True up=True
Shared body clearance remains safe: VerticalLookSensitivity=3 air=True up=True
AIM_REMOTE VerticalLookSensitivity=3 air=True up=True: acceptedYaw=-0.004567565 renderedYaw=-0.004567563 acceptedPitch=0.15882686 renderedPitch=0.15879478
Remote mount yaw and payload pitch settle to accepted VerticalLookSensitivity=3 air=True up=True aim on actual presentation nodes
Local preference leaves host tuning and peer camera unchanged: VerticalLookSensitivity=3 air=True up=True
CAMERA_AIM_SAMPLE StickAimSensitivity=0.25 air=False up=False expected=<0.0011156524, -0.21307229, -0.97703576> actual=<0.0011156524, -0.21307229, -0.97703576> lens=(-0.0079332115, 5.817813, 43.792534) target=(0.015969392, 0, 22.85976) pitch=-0.27108654
Final centered rendered ray and pivot-relative intent agree: StickAimSensitivity=0.25 air=False up=False
Camera settings retain centered HUD: StickAimSensitivity=0.25 air=False up=False
Authoritative articulation follows camera intent within network/pose tolerance: StickAimSensitivity=0.25 air=False up=False
Shared body clearance remains safe: StickAimSensitivity=0.25 air=False up=False
AIM_REMOTE StickAimSensitivity=0.25 air=False up=False: acceptedYaw=-0.0011418741 renderedYaw=-0.0011418732 acceptedPitch=-0.1147477 renderedPitch=-0.11474765
Remote mount yaw and payload pitch settle to accepted StickAimSensitivity=0.25 air=False up=False aim on actual presentation nodes
Local preference leaves host tuning and peer camera unchanged: StickAimSensitivity=0.25 air=False up=False
CAMERA_AIM_SAMPLE StickAimSensitivity=0.25 air=False up=True expected=<0.0011278153, 0.15624918, -0.98771703> actual=<0.0011278153, 0.15624918, -0.98771703> lens=(-0.008403941, 4.308919, 44.204998) target=(0.33035696, 48.818043, -252.47469) pitch=0.1489135
Final centered rendered ray and pivot-relative intent agree: StickAimSensitivity=0.25 air=False up=True
Camera settings retain centered HUD: StickAimSensitivity=0.25 air=False up=True
Authoritative articulation follows camera intent within network/pose tolerance: StickAimSensitivity=0.25 air=False up=True
Shared body clearance remains safe: StickAimSensitivity=0.25 air=False up=True
AIM_REMOTE StickAimSensitivity=0.25 air=False up=True: acceptedYaw=-0.0011418401 renderedYaw=-0.0011418399 acceptedPitch=0.15690507 renderedPitch=0.156906
Remote mount yaw and payload pitch settle to accepted StickAimSensitivity=0.25 air=False up=True aim on actual presentation nodes
Local preference leaves host tuning and peer camera unchanged: StickAimSensitivity=0.25 air=False up=True
CAMERA_AIM_SAMPLE StickAimSensitivity=0.25 air=True up=False expected=<0.0011020976, -0.2616926, -0.9651506> actual=<0.0011020976, -0.2616926, -0.9651506> lens=(-0.009015651, 37.463898, 44.740364) target=(0.14490783, 7.6293945E-06, -90.05654) pitch=-0.27108654
Final centered rendered ray and pivot-relative intent agree: StickAimSensitivity=0.25 air=True up=False
Camera settings retain centered HUD: StickAimSensitivity=0.25 air=True up=False
Authoritative articulation follows camera intent within network/pose tolerance: StickAimSensitivity=0.25 air=True up=False
Shared body clearance remains safe: StickAimSensitivity=0.25 air=True up=False
AIM_REMOTE StickAimSensitivity=0.25 air=True up=False: acceptedYaw=-0.0011418915 renderedYaw=-0.0011418911 acceptedPitch=-0.1147477 renderedPitch=-0.11474767
Remote mount yaw and payload pitch settle to accepted StickAimSensitivity=0.25 air=True up=False aim on actual presentation nodes
Local preference leaves host tuning and peer camera unchanged: StickAimSensitivity=0.25 air=True up=False
CAMERA_AIM_SAMPLE StickAimSensitivity=0.25 air=True up=True expected=<0.001127441, 0.15830782, -0.98738915> actual=<0.001127441, 0.15830782, -0.98738915> lens=(-0.012201707, 35.75247, 47.531002) target=(0.3265592, 80.2616, -249.14868) pitch=0.1489135
Final centered rendered ray and pivot-relative intent agree: StickAimSensitivity=0.25 air=True up=True
Camera settings retain centered HUD: StickAimSensitivity=0.25 air=True up=True
Authoritative articulation follows camera intent within network/pose tolerance: StickAimSensitivity=0.25 air=True up=True
Shared body clearance remains safe: StickAimSensitivity=0.25 air=True up=True
AIM_REMOTE StickAimSensitivity=0.25 air=True up=True: acceptedYaw=-0.00114184 renderedYaw=-0.0011418397 acceptedPitch=0.15878637 renderedPitch=0.1587779
Remote mount yaw and payload pitch settle to accepted StickAimSensitivity=0.25 air=True up=True aim on actual presentation nodes
Local preference leaves host tuning and peer camera unchanged: StickAimSensitivity=0.25 air=True up=True
CAMERA_AIM_SAMPLE StickAimSensitivity=1 air=False up=False expected=<0.004463687, -0.21305265, -0.9770306> actual=<0.004463687, -0.21305265, -0.9770306> lens=(-0.03171435, 5.8166065, 43.786774) target=(0.06389888, 4.7683716E-07, 22.858547) pitch=-0.27108654
Final centered rendered ray and pivot-relative intent agree: StickAimSensitivity=1 air=False up=False
Camera settings retain centered HUD: StickAimSensitivity=1 air=False up=False
Authoritative articulation follows camera intent within network/pose tolerance: StickAimSensitivity=1 air=False up=False
Shared body clearance remains safe: StickAimSensitivity=1 air=False up=False
AIM_REMOTE StickAimSensitivity=1 air=False up=False: acceptedYaw=-0.004568594 renderedYaw=-0.0045685926 acceptedPitch=-0.11474671 renderedPitch=-0.114746675
Remote mount yaw and payload pitch settle to accepted StickAimSensitivity=1 air=False up=False aim on actual presentation nodes
Local preference leaves host tuning and peer camera unchanged: StickAimSensitivity=1 air=False up=False
CAMERA_AIM_SAMPLE StickAimSensitivity=1 air=False up=True expected=<0.004511314, 0.1562492, -0.9877073> actual=<0.004511314, 0.1562492, -0.9877073> lens=(-0.03361616, 4.3089266, 44.204926) target=(1.3214431, 48.818043, -252.47183) pitch=0.14891347
Final centered rendered ray and pivot-relative intent agree: StickAimSensitivity=1 air=False up=True
Camera settings retain centered HUD: StickAimSensitivity=1 air=False up=True
Authoritative articulation follows camera intent within network/pose tolerance: StickAimSensitivity=1 air=False up=True
Shared body clearance remains safe: StickAimSensitivity=1 air=False up=True
AIM_REMOTE StickAimSensitivity=1 air=False up=True: acceptedYaw=-0.004567428 renderedYaw=-0.0045674266 acceptedPitch=0.15690523 renderedPitch=0.15690733
Remote mount yaw and payload pitch settle to accepted StickAimSensitivity=1 air=False up=True aim on actual presentation nodes
Local preference leaves host tuning and peer camera unchanged: StickAimSensitivity=1 air=False up=True
CAMERA_AIM_SAMPLE StickAimSensitivity=1 air=True up=False expected=<0.0044081197, -0.26168612, -0.9651429> actual=<0.0044081197, -0.26168612, -0.9651429> lens=(-0.036060307, 37.46484, 44.740284) target=(0.5796102, 3.8146973E-06, -90.0587) pitch=-0.27108654
Final centered rendered ray and pivot-relative intent agree: StickAimSensitivity=1 air=True up=False
Camera settings retain centered HUD: StickAimSensitivity=1 air=True up=False
Authoritative articulation follows camera intent within network/pose tolerance: StickAimSensitivity=1 air=True up=False
Shared body clearance remains safe: StickAimSensitivity=1 air=True up=False
AIM_REMOTE StickAimSensitivity=1 air=True up=False: acceptedYaw=-0.004567292 renderedYaw=-0.0045672883 acceptedPitch=-0.114746585 renderedPitch=-0.11474652
Remote mount yaw and payload pitch settle to accepted StickAimSensitivity=1 air=True up=False aim on actual presentation nodes
Local preference leaves host tuning and peer camera unchanged: StickAimSensitivity=1 air=True up=False
CAMERA_AIM_SAMPLE StickAimSensitivity=1 air=True up=True expected=<0.004510019, 0.15830882, -0.9873794> actual=<0.004510019, 0.15830882, -0.9873794> lens=(-0.048809603, 35.752773, 47.530895) target=(1.3063107, 80.26189, -249.14586) pitch=0.14891347
Final centered rendered ray and pivot-relative intent agree: StickAimSensitivity=1 air=True up=True
Camera settings retain centered HUD: StickAimSensitivity=1 air=True up=True
Authoritative articulation follows camera intent within network/pose tolerance: StickAimSensitivity=1 air=True up=True
Shared body clearance remains safe: StickAimSensitivity=1 air=True up=True
AIM_REMOTE StickAimSensitivity=1 air=True up=True: acceptedYaw=-0.0045676343 renderedYaw=-0.0045676334 acceptedPitch=0.15882838 renderedPitch=0.15881279
Remote mount yaw and payload pitch settle to accepted StickAimSensitivity=1 air=True up=True aim on actual presentation nodes
Local preference leaves host tuning and peer camera unchanged: StickAimSensitivity=1 air=True up=True
CAMERA_AIM_SAMPLE StickAimSensitivity=3 air=False up=False expected=<0.013387475, -0.21305215, -0.9769491> actual=<0.013387475, -0.21305215, -0.9769491> lens=(-0.095117584, 5.816614, 43.786194) target=(0.19164573, 4.7683716E-07, 22.859682) pitch=-0.2710865
Final centered rendered ray and pivot-relative intent agree: StickAimSensitivity=3 air=False up=False
Camera settings retain centered HUD: StickAimSensitivity=3 air=False up=False
Authoritative articulation follows camera intent within network/pose tolerance: StickAimSensitivity=3 air=False up=False
Shared body clearance remains safe: StickAimSensitivity=3 air=False up=False
AIM_REMOTE StickAimSensitivity=3 air=False up=False: acceptedYaw=-0.013702493 renderedYaw=-0.013702486 acceptedPitch=-0.11473723 renderedPitch=-0.11473719
Remote mount yaw and payload pitch settle to accepted StickAimSensitivity=3 air=False up=False aim on actual presentation nodes
Local preference leaves host tuning and peer camera unchanged: StickAimSensitivity=3 air=False up=False
CAMERA_AIM_SAMPLE StickAimSensitivity=3 air=False up=True expected=<0.013532349, 0.15624924, -0.98762494> actual=<0.013532349, 0.15624924, -0.98762494> lens=(-0.10083659, 4.3089314, 44.20431) target=(3.9638627, 48.818054, -252.4477) pitch=0.14891349
Final centered rendered ray and pivot-relative intent agree: StickAimSensitivity=3 air=False up=True
Camera settings retain centered HUD: StickAimSensitivity=3 air=False up=True
Authoritative articulation follows camera intent within network/pose tolerance: StickAimSensitivity=3 air=False up=True
Shared body clearance remains safe: StickAimSensitivity=3 air=False up=True
AIM_REMOTE StickAimSensitivity=3 air=False up=True: acceptedYaw=-0.013701053 renderedYaw=-0.01370105 acceptedPitch=0.15690789 renderedPitch=0.15690859
Remote mount yaw and payload pitch settle to accepted StickAimSensitivity=3 air=False up=True aim on actual presentation nodes
Local preference leaves host tuning and peer camera unchanged: StickAimSensitivity=3 air=False up=True
CAMERA_AIM_SAMPLE StickAimSensitivity=3 air=True up=False expected=<0.013224975, -0.26168862, -0.96506166> actual=<0.013224975, -0.26168862, -0.96506166> lens=(-0.10818606, 37.46447, 44.739628) target=(1.7388949, 3.8146973E-06, -90.0468) pitch=-0.2710865
Final centered rendered ray and pivot-relative intent agree: StickAimSensitivity=3 air=True up=False
Camera settings retain centered HUD: StickAimSensitivity=3 air=True up=False
Authoritative articulation follows camera intent within network/pose tolerance: StickAimSensitivity=3 air=True up=False
Shared body clearance remains safe: StickAimSensitivity=3 air=True up=False
AIM_REMOTE StickAimSensitivity=3 air=True up=False: acceptedYaw=-0.013702903 renderedYaw=-0.013702901 acceptedPitch=-0.114737034 renderedPitch=-0.11473705
Remote mount yaw and payload pitch settle to accepted StickAimSensitivity=3 air=True up=False aim on actual presentation nodes
Local preference leaves host tuning and peer camera unchanged: StickAimSensitivity=3 air=True up=False
CAMERA_AIM_SAMPLE StickAimSensitivity=3 air=True up=True expected=<0.013528866, 0.15830988, -0.98729676> actual=<0.013528866, 0.15830988, -0.98729676> lens=(-0.14641589, 35.75308, 47.530003) target=(3.918588, 80.26221, -249.12201) pitch=0.1489135
Final centered rendered ray and pivot-relative intent agree: StickAimSensitivity=3 air=True up=True
Camera settings retain centered HUD: StickAimSensitivity=3 air=True up=True
Authoritative articulation follows camera intent within network/pose tolerance: StickAimSensitivity=3 air=True up=True
Shared body clearance remains safe: StickAimSensitivity=3 air=True up=True
AIM_REMOTE StickAimSensitivity=3 air=True up=True: acceptedYaw=-0.013702081 renderedYaw=-0.013702074 acceptedPitch=0.15882933 renderedPitch=0.15879714
Remote mount yaw and payload pitch settle to accepted StickAimSensitivity=3 air=True up=True aim on actual presentation nodes
Local preference leaves host tuning and peer camera unchanged: StickAimSensitivity=3 air=True up=True
CAMERA_AIM_SAMPLE CameraRecenterSpeed=0.25 air=False up=False expected=<0.0044625304, -0.21307114, -0.9770265> actual=<0.0044625304, -0.21307114, -0.9770265> lens=(-0.03173227, 5.817835, 43.792465) target=(0.06387678, 0, 22.859818) pitch=-0.27108654
Final centered rendered ray and pivot-relative intent agree: CameraRecenterSpeed=0.25 air=False up=False
Camera settings retain centered HUD: CameraRecenterSpeed=0.25 air=False up=False
Authoritative articulation follows camera intent within network/pose tolerance: CameraRecenterSpeed=0.25 air=False up=False
Shared body clearance remains safe: CameraRecenterSpeed=0.25 air=False up=False
AIM_REMOTE CameraRecenterSpeed=0.25 air=False up=False: acceptedYaw=-0.0045674294 renderedYaw=-0.0045674285 acceptedPitch=-0.11474658 renderedPitch=-0.11474655
Remote mount yaw and payload pitch settle to accepted CameraRecenterSpeed=0.25 air=False up=False aim on actual presentation nodes
Local preference leaves host tuning and peer camera unchanged: CameraRecenterSpeed=0.25 air=False up=False
CAMERA_AIM_SAMPLE CameraRecenterSpeed=0.25 air=False up=True expected=<0.0045111105, 0.15624923, -0.9877073> actual=<0.0045111105, 0.15624923, -0.9877073> lens=(-0.033614643, 4.3089347, 44.204926) target=(1.3213836, 48.81805, -252.47183) pitch=0.14891347
Final centered rendered ray and pivot-relative intent agree: CameraRecenterSpeed=0.25 air=False up=True
Camera settings retain centered HUD: CameraRecenterSpeed=0.25 air=False up=True
Authoritative articulation follows camera intent within network/pose tolerance: CameraRecenterSpeed=0.25 air=False up=True
Shared body clearance remains safe: CameraRecenterSpeed=0.25 air=False up=True
AIM_REMOTE CameraRecenterSpeed=0.25 air=False up=True: acceptedYaw=-0.0045672227 renderedYaw=-0.004567222 acceptedPitch=0.15690471 renderedPitch=0.15690629
Remote mount yaw and payload pitch settle to accepted CameraRecenterSpeed=0.25 air=False up=True aim on actual presentation nodes
Local preference leaves host tuning and peer camera unchanged: CameraRecenterSpeed=0.25 air=False up=True
CAMERA_AIM_SAMPLE CameraRecenterSpeed=0.25 air=True up=False expected=<0.0044099716, -0.26168656, -0.96514285> actual=<0.0044099716, -0.26168656, -0.96514285> lens=(-0.036075417, 37.464775, 44.740276) target=(0.5798527, 3.8146973E-06, -90.05847) pitch=-0.27108654
Final centered rendered ray and pivot-relative intent agree: CameraRecenterSpeed=0.25 air=True up=False
Camera settings retain centered HUD: CameraRecenterSpeed=0.25 air=True up=False
Authoritative articulation follows camera intent within network/pose tolerance: CameraRecenterSpeed=0.25 air=True up=False
Shared body clearance remains safe: CameraRecenterSpeed=0.25 air=True up=False
AIM_REMOTE CameraRecenterSpeed=0.25 air=True up=False: acceptedYaw=-0.00456921 renderedYaw=-0.0045692082 acceptedPitch=-0.114746645 renderedPitch=-0.114746585
Remote mount yaw and payload pitch settle to accepted CameraRecenterSpeed=0.25 air=True up=False aim on actual presentation nodes
Local preference leaves host tuning and peer camera unchanged: CameraRecenterSpeed=0.25 air=True up=False
CAMERA_AIM_SAMPLE CameraRecenterSpeed=0.25 air=True up=True expected=<0.0045098145, 0.1583108, -0.98737895> actual=<0.0045098145, 0.1583108, -0.98737895> lens=(-0.048807394, 35.753365, 47.530895) target=(1.3062519, 80.26248, -249.14586) pitch=0.14891347
Final centered rendered ray and pivot-relative intent agree: CameraRecenterSpeed=0.25 air=True up=True
Camera settings retain centered HUD: CameraRecenterSpeed=0.25 air=True up=True
Authoritative articulation follows camera intent within network/pose tolerance: CameraRecenterSpeed=0.25 air=True up=True
Shared body clearance remains safe: CameraRecenterSpeed=0.25 air=True up=True
AIM_REMOTE CameraRecenterSpeed=0.25 air=True up=True: acceptedYaw=-0.0045674276 renderedYaw=-0.004567427 acceptedPitch=0.15878856 renderedPitch=0.15877914
Remote mount yaw and payload pitch settle to accepted CameraRecenterSpeed=0.25 air=True up=True aim on actual presentation nodes
Local preference leaves host tuning and peer camera unchanged: CameraRecenterSpeed=0.25 air=True up=True
CAMERA_AIM_SAMPLE CameraRecenterSpeed=1 air=False up=False expected=<0.00446255, -0.21305159, -0.97703075> actual=<0.00446255, -0.21305159, -0.97703075> lens=(-0.031706266, 5.8166265, 43.786774) target=(0.06388293, -4.7683716E-07, 22.85847) pitch=-0.27108654
Final centered rendered ray and pivot-relative intent agree: CameraRecenterSpeed=1 air=False up=False
Camera settings retain centered HUD: CameraRecenterSpeed=1 air=False up=False
Authoritative articulation follows camera intent within network/pose tolerance: CameraRecenterSpeed=1 air=False up=False
Shared body clearance remains safe: CameraRecenterSpeed=1 air=False up=False
AIM_REMOTE CameraRecenterSpeed=1 air=False up=False: acceptedYaw=-0.004567429 renderedYaw=-0.004567428 acceptedPitch=-0.11474659 renderedPitch=-0.11474658
Remote mount yaw and payload pitch settle to accepted CameraRecenterSpeed=1 air=False up=False aim on actual presentation nodes
Local preference leaves host tuning and peer camera unchanged: CameraRecenterSpeed=1 air=False up=False
CAMERA_AIM_SAMPLE CameraRecenterSpeed=1 air=False up=True expected=<0.0045112465, 0.15624927, -0.9877073> actual=<0.0045112465, 0.15624927, -0.9877073> lens=(-0.03361565, 4.308947, 44.204926) target=(1.3214233, 48.818066, -252.47183) pitch=0.14891347
Final centered rendered ray and pivot-relative intent agree: CameraRecenterSpeed=1 air=False up=True
Camera settings retain centered HUD: CameraRecenterSpeed=1 air=False up=True
Authoritative articulation follows camera intent within network/pose tolerance: CameraRecenterSpeed=1 air=False up=True
Shared body clearance remains safe: CameraRecenterSpeed=1 air=False up=True
AIM_REMOTE CameraRecenterSpeed=1 air=False up=True: acceptedYaw=-0.0045673596 renderedYaw=-0.0045673572 acceptedPitch=0.15690532 renderedPitch=0.15690733
Remote mount yaw and payload pitch settle to accepted CameraRecenterSpeed=1 air=False up=True aim on actual presentation nodes
Local preference leaves host tuning and peer camera unchanged: CameraRecenterSpeed=1 air=False up=True
CAMERA_AIM_SAMPLE CameraRecenterSpeed=1 air=True up=False expected=<0.00440826, -0.2616802, -0.9651446> actual=<0.00440826, -0.2616802, -0.9651446> lens=(-0.036061414, 37.4657, 44.740288) target=(0.57964176, 3.8146973E-06, -90.06179) pitch=-0.27108654
Final centered rendered ray and pivot-relative intent agree: CameraRecenterSpeed=1 air=True up=False
Camera settings retain centered HUD: CameraRecenterSpeed=1 air=True up=False
Authoritative articulation follows camera intent within network/pose tolerance: CameraRecenterSpeed=1 air=True up=False
Shared body clearance remains safe: CameraRecenterSpeed=1 air=True up=False
AIM_REMOTE CameraRecenterSpeed=1 air=True up=False: acceptedYaw=-0.0045674294 renderedYaw=-0.0045674257 acceptedPitch=-0.114746675 renderedPitch=-0.11474661
Remote mount yaw and payload pitch settle to accepted CameraRecenterSpeed=1 air=True up=False aim on actual presentation nodes
Local preference leaves host tuning and peer camera unchanged: CameraRecenterSpeed=1 air=True up=False
CAMERA_AIM_SAMPLE CameraRecenterSpeed=1 air=True up=True expected=<0.004509881, 0.15831177, -0.98737884> actual=<0.004509881, 0.15831177, -0.98737884> lens=(-0.04880812, 35.75365, 47.53089) target=(1.3062716, 80.26277, -249.14587) pitch=0.14891347
Final centered rendered ray and pivot-relative intent agree: CameraRecenterSpeed=1 air=True up=True
Camera settings retain centered HUD: CameraRecenterSpeed=1 air=True up=True
Authoritative articulation follows camera intent within network/pose tolerance: CameraRecenterSpeed=1 air=True up=True
Shared body clearance remains safe: CameraRecenterSpeed=1 air=True up=True
AIM_REMOTE CameraRecenterSpeed=1 air=True up=True: acceptedYaw=-0.004567497 renderedYaw=-0.0045674965 acceptedPitch=0.1588308 renderedPitch=0.15881506
Remote mount yaw and payload pitch settle to accepted CameraRecenterSpeed=1 air=True up=True aim on actual presentation nodes
Local preference leaves host tuning and peer camera unchanged: CameraRecenterSpeed=1 air=True up=True
CAMERA_AIM_SAMPLE CameraRecenterSpeed=3 air=False up=False expected=<0.0044626174, -0.21305114, -0.9770309> actual=<0.0044626174, -0.21305114, -0.9770309> lens=(-0.031706743, 5.816635, 43.786774) target=(0.06388401, 4.7683716E-07, 22.858444) pitch=-0.27108654
Final centered rendered ray and pivot-relative intent agree: CameraRecenterSpeed=3 air=False up=False
Camera settings retain centered HUD: CameraRecenterSpeed=3 air=False up=False
Authoritative articulation follows camera intent within network/pose tolerance: CameraRecenterSpeed=3 air=False up=False
Shared body clearance remains safe: CameraRecenterSpeed=3 air=False up=False
AIM_REMOTE CameraRecenterSpeed=3 air=False up=False: acceptedYaw=-0.004567498 renderedYaw=-0.0045674955 acceptedPitch=-0.114746734 renderedPitch=-0.114746675
Remote mount yaw and payload pitch settle to accepted CameraRecenterSpeed=3 air=False up=False aim on actual presentation nodes
Local preference leaves host tuning and peer camera unchanged: CameraRecenterSpeed=3 air=False up=False
CAMERA_AIM_SAMPLE CameraRecenterSpeed=3 air=False up=True expected=<0.0045100963, 0.15624928, -0.9877073> actual=<0.0045100963, 0.15624928, -0.9877073> lens=(-0.03360708, 4.3089523, 44.204926) target=(1.3210864, 48.81807, -252.47183) pitch=0.14891347
Final centered rendered ray and pivot-relative intent agree: CameraRecenterSpeed=3 air=False up=True
Camera settings retain centered HUD: CameraRecenterSpeed=3 air=False up=True
Authoritative articulation follows camera intent within network/pose tolerance: CameraRecenterSpeed=3 air=False up=True
Shared body clearance remains safe: CameraRecenterSpeed=3 air=False up=True
AIM_REMOTE CameraRecenterSpeed=3 air=False up=True: acceptedYaw=-0.0045661954 renderedYaw=-0.004566194 acceptedPitch=0.15690826 renderedPitch=0.15690854
Remote mount yaw and payload pitch settle to accepted CameraRecenterSpeed=3 air=False up=True aim on actual presentation nodes
Local preference leaves host tuning and peer camera unchanged: CameraRecenterSpeed=3 air=False up=True
CAMERA_AIM_SAMPLE CameraRecenterSpeed=3 air=True up=False expected=<0.0044081896, -0.26168275, -0.9651438> actual=<0.0044081896, -0.26168275, -0.9651438> lens=(-0.036060844, 37.46533, 44.740284) target=(0.57962686, 3.8146973E-06, -90.060455) pitch=-0.27108654
Final centered rendered ray and pivot-relative intent agree: CameraRecenterSpeed=3 air=True up=False
Camera settings retain centered HUD: CameraRecenterSpeed=3 air=True up=False
Authoritative articulation follows camera intent within network/pose tolerance: CameraRecenterSpeed=3 air=True up=False
Shared body clearance remains safe: CameraRecenterSpeed=3 air=True up=False
AIM_REMOTE CameraRecenterSpeed=3 air=True up=False: acceptedYaw=-0.004567359 renderedYaw=-0.0045673586 acceptedPitch=-0.11474651 renderedPitch=-0.11474656
Remote mount yaw and payload pitch settle to accepted CameraRecenterSpeed=3 air=True up=False aim on actual presentation nodes
Local preference leaves host tuning and peer camera unchanged: CameraRecenterSpeed=3 air=True up=False
CAMERA_AIM_SAMPLE CameraRecenterSpeed=3 air=True up=True expected=<0.00450961, 0.15831272, -0.9873788> actual=<0.00450961, 0.15831272, -0.9873788> lens=(-0.0488052, 35.75393, 47.530895) target=(1.306193, 80.26305, -249.14586) pitch=0.14891347
Final centered rendered ray and pivot-relative intent agree: CameraRecenterSpeed=3 air=True up=True
Camera settings retain centered HUD: CameraRecenterSpeed=3 air=True up=True
Authoritative articulation follows camera intent within network/pose tolerance: CameraRecenterSpeed=3 air=True up=True
Shared body clearance remains safe: CameraRecenterSpeed=3 air=True up=True
AIM_REMOTE CameraRecenterSpeed=3 air=True up=True: acceptedYaw=-0.004567222 renderedYaw=-0.00456722 acceptedPitch=0.15878987 renderedPitch=0.15877475
Remote mount yaw and payload pitch settle to accepted CameraRecenterSpeed=3 air=True up=True aim on actual presentation nodes
Local preference leaves host tuning and peer camera unchanged: CameraRecenterSpeed=3 air=True up=True
CAMERA_AIM_SAMPLE CameraFov=50 air=False up=False expected=<0.004462551, -0.21305084, -0.977031> actual=<0.004462551, -0.21305084, -0.977031> lens=(-0.03170627, 5.816641, 43.786774) target=(0.063883156, 0, 22.858421) pitch=-0.27108654
Final centered rendered ray and pivot-relative intent agree: CameraFov=50 air=False up=False
Camera settings retain centered HUD: CameraFov=50 air=False up=False
Authoritative articulation follows camera intent within network/pose tolerance: CameraFov=50 air=False up=False
Shared body clearance remains safe: CameraFov=50 air=False up=False
AIM_REMOTE CameraFov=50 air=False up=False: acceptedYaw=-0.004567429 renderedYaw=-0.0045674276 acceptedPitch=-0.1147467 renderedPitch=-0.11474665
Remote mount yaw and payload pitch settle to accepted CameraFov=50 air=False up=False aim on actual presentation nodes
Local preference leaves host tuning and peer camera unchanged: CameraFov=50 air=False up=False
CAMERA_AIM_SAMPLE CameraFov=50 air=False up=True expected=<0.0012304801, -0.048271097, -0.99883354> actual=<0.0012304801, -0.048271097, -0.99883354> lens=(-0.009066902, 4.30577, 44.204994) target=(0.077658415, 4.7683716E-07, -26.193665) pitch=-0.061086524
Final centered rendered ray and pivot-relative intent agree: CameraFov=50 air=False up=True
Camera settings retain centered HUD: CameraFov=50 air=False up=True
Authoritative articulation follows camera intent within network/pose tolerance: CameraFov=50 air=False up=True
Shared body clearance remains safe: CameraFov=50 air=False up=True
AIM_REMOTE CameraFov=50 air=False up=True: acceptedYaw=-0.0012319167 renderedYaw=-0.0012319178 acceptedPitch=-0.04843654 renderedPitch=-0.0484414
Remote mount yaw and payload pitch settle to accepted CameraFov=50 air=False up=True aim on actual presentation nodes
Local preference leaves host tuning and peer camera unchanged: CameraFov=50 air=False up=True
CAMERA_AIM_SAMPLE CameraFov=50 air=True up=False expected=<0.0012623153, -0.05820576, -0.99830383> actual=<0.0012623153, -0.05820576, -0.99830383> lens=(-0.010631383, 35.595444, 45.252846) target=(0.3679988, 17.280882, -254.18738) pitch=-0.061086524
Final centered rendered ray and pivot-relative intent agree: CameraFov=50 air=True up=False
Camera settings retain centered HUD: CameraFov=50 air=True up=False
Authoritative articulation follows camera intent within network/pose tolerance: CameraFov=50 air=True up=False
Shared body clearance remains safe: CameraFov=50 air=True up=False
AIM_REMOTE CameraFov=50 air=True up=False: acceptedYaw=-0.0012644595 renderedYaw=-0.0012644595 acceptedPitch=-0.058114577 renderedPitch=-0.058100466
Remote mount yaw and payload pitch settle to accepted CameraFov=50 air=True up=False aim on actual presentation nodes
Local preference leaves host tuning and peer camera unchanged: CameraFov=50 air=True up=False
CAMERA_AIM_SAMPLE CameraFov=50 air=True up=True expected=<0.0010747033, -0.05824431, -0.99830174> actual=<0.0010747033, -0.05824431, -0.99830174> lens=(-0.011447228, 35.714016, 47.478436) target=(0.31090966, 17.399454, -251.96184) pitch=-0.061086524
Final centered rendered ray and pivot-relative intent agree: CameraFov=50 air=True up=True
Camera settings retain centered HUD: CameraFov=50 air=True up=True
Authoritative articulation follows camera intent within network/pose tolerance: CameraFov=50 air=True up=True
Shared body clearance remains safe: CameraFov=50 air=True up=True
AIM_REMOTE CameraFov=50 air=True up=True: acceptedYaw=-0.001076531 renderedYaw=-0.0010765303 acceptedPitch=-0.05828593 renderedPitch=-0.05828368
Remote mount yaw and payload pitch settle to accepted CameraFov=50 air=True up=True aim on actual presentation nodes
Local preference leaves host tuning and peer camera unchanged: CameraFov=50 air=True up=True
CAMERA_AIM_SAMPLE CameraFov=65 air=False up=False expected=<0.0011088678, -0.048423007, -0.9988263> actual=<0.0011088678, -0.048423007, -0.9988263> lens=(-0.008077747, 4.2885175, 44.12113) target=(0.069763646, 0, -25.99546) pitch=-0.061086524
Final centered rendered ray and pivot-relative intent agree: CameraFov=65 air=False up=False
Camera settings retain centered HUD: CameraFov=65 air=False up=False
Authoritative articulation follows camera intent within network/pose tolerance: CameraFov=65 air=False up=False
Shared body clearance remains safe: CameraFov=65 air=False up=False
AIM_REMOTE CameraFov=65 air=False up=False: acceptedYaw=-0.0011101703 renderedYaw=-0.0011101703 acceptedPitch=-0.04870957 renderedPitch=-0.048739944
Remote mount yaw and payload pitch settle to accepted CameraFov=65 air=False up=False aim on actual presentation nodes
Local preference leaves host tuning and peer camera unchanged: CameraFov=65 air=False up=False
CAMERA_AIM_SAMPLE CameraFov=65 air=False up=True expected=<0.0013502373, -0.04825521, -0.99883413> actual=<0.0013502373, -0.04825521, -0.99883413> lens=(-0.009949337, 4.307043, 44.204994) target=(0.08524463, 0, -26.21447) pitch=-0.061086524
Final centered rendered ray and pivot-relative intent agree: CameraFov=65 air=False up=True
Camera settings retain centered HUD: CameraFov=65 air=False up=True
Authoritative articulation follows camera intent within network/pose tolerance: CameraFov=65 air=False up=True
Shared body clearance remains safe: CameraFov=65 air=False up=True
AIM_REMOTE CameraFov=65 air=False up=True: acceptedYaw=-0.0013518125 renderedYaw=-0.0013518123 acceptedPitch=-0.048384383 renderedPitch=-0.048402693
Remote mount yaw and payload pitch settle to accepted CameraFov=65 air=False up=True aim on actual presentation nodes
Local preference leaves host tuning and peer camera unchanged: CameraFov=65 air=False up=True
CAMERA_AIM_SAMPLE CameraFov=65 air=True up=False expected=<0.0019679903, -0.057904582, -0.99832016> actual=<0.0019679903, -0.057904582, -0.99832016> lens=(-0.016572012, 35.68347, 45.251637) target=(0.5737144, 17.368908, -254.18825) pitch=-0.061086528
Final centered rendered ray and pivot-relative intent agree: CameraFov=65 air=True up=False
Camera settings retain centered HUD: CameraFov=65 air=True up=False
Authoritative articulation follows camera intent within network/pose tolerance: CameraFov=65 air=True up=False
Shared body clearance remains safe: CameraFov=65 air=True up=False
AIM_REMOTE CameraFov=65 air=True up=False: acceptedYaw=-0.001971299 renderedYaw=-0.0019712986 acceptedPitch=-0.057859186 renderedPitch=-0.057857305
Remote mount yaw and payload pitch settle to accepted CameraFov=65 air=True up=False aim on actual presentation nodes
Local preference leaves host tuning and peer camera unchanged: CameraFov=65 air=True up=False
CAMERA_AIM_SAMPLE CameraFov=65 air=True up=True expected=<0.0010906159, -0.058611926, -0.9982803> actual=<0.0010906159, -0.058611926, -0.9982803> lens=(-0.01161309, 35.607094, 47.474884) target=(0.3155238, 17.29253, -251.9654) pitch=-0.061086528
Final centered rendered ray and pivot-relative intent agree: CameraFov=65 air=True up=True
Camera settings retain centered HUD: CameraFov=65 air=True up=True
Authoritative articulation follows camera intent within network/pose tolerance: CameraFov=65 air=True up=True
Shared body clearance remains safe: CameraFov=65 air=True up=True
AIM_REMOTE CameraFov=65 air=True up=True: acceptedYaw=-0.0010924943 renderedYaw=-0.0010924946 acceptedPitch=-0.058587812 renderedPitch=-0.058568675
Remote mount yaw and payload pitch settle to accepted CameraFov=65 air=True up=True aim on actual presentation nodes
Local preference leaves host tuning and peer camera unchanged: CameraFov=65 air=True up=True
CAMERA_AIM_SAMPLE CameraFov=90 air=False up=False expected=<0.0012679767, -0.048334997, -0.9988304> actual=<0.0012679767, -0.048334997, -0.9988304> lens=(-0.009301419, 4.2986465, 44.17206) target=(0.079919115, 4.7683716E-07, -26.11013) pitch=-0.06108652
Final centered rendered ray and pivot-relative intent agree: CameraFov=90 air=False up=False
Camera settings retain centered HUD: CameraFov=90 air=False up=False
Authoritative articulation follows camera intent within network/pose tolerance: CameraFov=90 air=False up=False
Shared body clearance remains safe: CameraFov=90 air=False up=False
AIM_REMOTE CameraFov=90 air=False up=False: acceptedYaw=-0.0012694607 renderedYaw=-0.0012694607 acceptedPitch=-0.048513424 renderedPitch=-0.048539188
Remote mount yaw and payload pitch settle to accepted CameraFov=90 air=False up=False aim on actual presentation nodes
Local preference leaves host tuning and peer camera unchanged: CameraFov=90 air=False up=False
CAMERA_AIM_SAMPLE CameraFov=90 air=False up=True expected=<0.001194074, -0.04826598, -0.99883384> actual=<0.001194074, -0.04826598, -0.99883384> lens=(-0.008798642, 4.30618, 44.204994) target=(0.07536875, 0, -26.200378) pitch=-0.061086524
Final centered rendered ray and pivot-relative intent agree: CameraFov=90 air=False up=True
Camera settings retain centered HUD: CameraFov=90 air=False up=True
Authoritative articulation follows camera intent within network/pose tolerance: CameraFov=90 air=False up=True
Shared body clearance remains safe: CameraFov=90 air=False up=True
AIM_REMOTE CameraFov=90 air=False up=True: acceptedYaw=-0.0011954679 renderedYaw=-0.0011954671 acceptedPitch=-0.048394363 renderedPitch=-0.0484016
Remote mount yaw and payload pitch settle to accepted CameraFov=90 air=False up=True aim on actual presentation nodes
Local preference leaves host tuning and peer camera unchanged: CameraFov=90 air=False up=True
CAMERA_AIM_SAMPLE CameraFov=90 air=True up=False expected=<0.0012466639, -0.058053583, -0.9983127> actual=<0.0012466639, -0.058053583, -0.9983127> lens=(-0.010479937, 35.79794, 45.2372) target=(0.36345232, 17.483376, -254.20302) pitch=-0.061086528
Final centered rendered ray and pivot-relative intent agree: CameraFov=90 air=True up=False
Camera settings retain centered HUD: CameraFov=90 air=True up=False
Authoritative articulation follows camera intent within network/pose tolerance: CameraFov=90 air=True up=False
Shared body clearance remains safe: CameraFov=90 air=True up=False
AIM_REMOTE CameraFov=90 air=True up=False: acceptedYaw=-0.0012487703 renderedYaw=-0.0012487703 acceptedPitch=-0.058345534 renderedPitch=-0.058037587
Remote mount yaw and payload pitch settle to accepted CameraFov=90 air=True up=False aim on actual presentation nodes
Local preference leaves host tuning and peer camera unchanged: CameraFov=90 air=True up=False
CAMERA_AIM_SAMPLE CameraFov=90 air=True up=True expected=<0, -0.05840463, -0.998293> actual=<0, -0.05840463, -0.998293> lens=(0, 35.667553, 47.479706) target=(0, 17.35299, -251.96075) pitch=-0.061086524
Final centered rendered ray and pivot-relative intent agree: CameraFov=90 air=True up=True
Camera settings retain centered HUD: CameraFov=90 air=True up=True
Authoritative articulation follows camera intent within network/pose tolerance: CameraFov=90 air=True up=True
Shared body clearance remains safe: CameraFov=90 air=True up=True
AIM_REMOTE CameraFov=90 air=True up=True: acceptedYaw=0 renderedYaw=-3.821165E-10 acceptedPitch=-0.05842202 renderedPitch=-0.058412623
Remote mount yaw and payload pitch settle to accepted CameraFov=90 air=True up=True aim on actual presentation nodes
Local preference leaves host tuning and peer camera unchanged: CameraFov=90 air=True up=True
CAMERA_AIM_SAMPLE CameraHeight=0.5 air=False up=False expected=<0.0011995427, -0.05992625, -0.9982021> actual=<0.0011995427, -0.05992625, -0.9982021> lens=(-0.008745814, 3.5488985, 44.122852) target=(0.060981728, 0, -13.901081) pitch=-0.061086524
Final centered rendered ray and pivot-relative intent agree: CameraHeight=0.5 air=False up=False
Camera settings retain centered HUD: CameraHeight=0.5 air=False up=False
Authoritative articulation follows camera intent within network/pose tolerance: CameraHeight=0.5 air=False up=False
Shared body clearance remains safe: CameraHeight=0.5 air=False up=False
AIM_REMOTE CameraHeight=0.5 air=False up=False: acceptedYaw=-0.0012017026 renderedYaw=-0.0012017016 acceptedPitch=-0.059938032 renderedPitch=-0.059937853
Remote mount yaw and payload pitch settle to accepted CameraHeight=0.5 air=False up=False aim on actual presentation nodes
Local preference leaves host tuning and peer camera unchanged: CameraHeight=0.5 air=False up=False
CAMERA_AIM_SAMPLE CameraHeight=0.5 air=False up=True expected=<0.0015520263, -0.059847254, -0.9982064> actual=<0.0015520263, -0.059847254, -0.9982064> lens=(-0.011443426, 3.558034, 44.204994) target=(0.07900526, 0, -13.968281) pitch=-0.061086524
Final centered rendered ray and pivot-relative intent agree: CameraHeight=0.5 air=False up=True
Camera settings retain centered HUD: CameraHeight=0.5 air=False up=True
Authoritative articulation follows camera intent within network/pose tolerance: CameraHeight=0.5 air=False up=True
Shared body clearance remains safe: CameraHeight=0.5 air=False up=True
AIM_REMOTE CameraHeight=0.5 air=False up=True: acceptedYaw=-0.0015548138 renderedYaw=-0.0015548138 acceptedPitch=-0.059811685 renderedPitch=-0.059814706
Remote mount yaw and payload pitch settle to accepted CameraHeight=0.5 air=False up=True aim on actual presentation nodes
Local preference leaves host tuning and peer camera unchanged: CameraHeight=0.5 air=False up=True
CAMERA_AIM_SAMPLE CameraHeight=0.5 air=True up=False expected=<0, -0.06058681, -0.99816287> actual=<0, -0.06058681, -0.99816287> lens=(0, 34.898743, 45.251938) target=(0, 16.584179, -254.18852) pitch=-0.061086524
Final centered rendered ray and pivot-relative intent agree: CameraHeight=0.5 air=True up=False
Camera settings retain centered HUD: CameraHeight=0.5 air=True up=False
Authoritative articulation follows camera intent within network/pose tolerance: CameraHeight=0.5 air=True up=False
Shared body clearance remains safe: CameraHeight=0.5 air=True up=False
AIM_REMOTE CameraHeight=0.5 air=True up=False: acceptedYaw=0 renderedYaw=-1.2925103E-09 acceptedPitch=-0.06051176 renderedPitch=-0.060509436
Remote mount yaw and payload pitch settle to accepted CameraHeight=0.5 air=True up=False aim on actual presentation nodes
Local preference leaves host tuning and peer camera unchanged: CameraHeight=0.5 air=True up=False
CAMERA_AIM_SAMPLE CameraHeight=0.5 air=True up=True expected=<0.0011731269, -0.061131448, -0.99812895> actual=<0.0011731269, -0.061131448, -0.99812895> lens=(-0.012497332, 34.87569, 47.47808) target=(0.33944255, 16.561129, -251.96216) pitch=-0.061086524
Final centered rendered ray and pivot-relative intent agree: CameraHeight=0.5 air=True up=True
Camera settings retain centered HUD: CameraHeight=0.5 air=True up=True
Authoritative articulation follows camera intent within network/pose tolerance: CameraHeight=0.5 air=True up=True
Shared body clearance remains safe: CameraHeight=0.5 air=True up=True
AIM_REMOTE CameraHeight=0.5 air=True up=True: acceptedYaw=-0.0011753254 renderedYaw=-0.0011753244 acceptedPitch=-0.061103594 renderedPitch=-0.061099283
Remote mount yaw and payload pitch settle to accepted CameraHeight=0.5 air=True up=True aim on actual presentation nodes
Local preference leaves host tuning and peer camera unchanged: CameraHeight=0.5 air=True up=True
CAMERA_AIM_SAMPLE CameraHeight=1.25 air=False up=False expected=<0.0014845592, -0.048405968, -0.9988267> actual=<0.0014845592, -0.048405968, -0.9988267> lens=(-0.010813964, 4.28985, 44.120747) target=(0.09343288, 0, -26.017605) pitch=-0.06108652
Final centered rendered ray and pivot-relative intent agree: CameraHeight=1.25 air=False up=False
Camera settings retain centered HUD: CameraHeight=1.25 air=False up=False
Authoritative articulation follows camera intent within network/pose tolerance: CameraHeight=1.25 air=False up=False
Shared body clearance remains safe: CameraHeight=1.25 air=False up=False
AIM_REMOTE CameraHeight=1.25 air=False up=False: acceptedYaw=-0.0014863019 renderedYaw=-0.0014863018 acceptedPitch=-0.04868456 renderedPitch=-0.048716925
Remote mount yaw and payload pitch settle to accepted CameraHeight=1.25 air=False up=False aim on actual presentation nodes
Local preference leaves host tuning and peer camera unchanged: CameraHeight=1.25 air=False up=False
CAMERA_AIM_SAMPLE CameraHeight=1.25 air=False up=True expected=<0.0012445092, -0.04826076, -0.998834> actual=<0.0012445092, -0.04826076, -0.998834> lens=(-0.009170272, 4.3065977, 44.204994) target=(0.07856066, 0, -26.207207) pitch=-0.061086524
Final centered rendered ray and pivot-relative intent agree: CameraHeight=1.25 air=False up=True
Camera settings retain centered HUD: CameraHeight=1.25 air=False up=True
Authoritative articulation follows camera intent within network/pose tolerance: CameraHeight=1.25 air=False up=True
Shared body clearance remains safe: CameraHeight=1.25 air=False up=True
AIM_REMOTE CameraHeight=1.25 air=False up=True: acceptedYaw=-0.0012459614 renderedYaw=-0.0012459616 acceptedPitch=-0.04838672 renderedPitch=-0.048401795
Remote mount yaw and payload pitch settle to accepted CameraHeight=1.25 air=False up=True aim on actual presentation nodes
Local preference leaves host tuning and peer camera unchanged: CameraHeight=1.25 air=False up=True
CAMERA_AIM_SAMPLE CameraHeight=1.25 air=True up=False expected=<0.00121247, -0.05799102, -0.99831635> actual=<0.00121247, -0.05799102, -0.99831635> lens=(-0.010128217, 35.813168, 45.18431) target=(0.35354635, 17.498606, -254.2559) pitch=-0.061086524
Final centered rendered ray and pivot-relative intent agree: CameraHeight=1.25 air=True up=False
Camera settings retain centered HUD: CameraHeight=1.25 air=True up=False
Authoritative articulation follows camera intent within network/pose tolerance: CameraHeight=1.25 air=True up=False
Shared body clearance remains safe: CameraHeight=1.25 air=True up=False
AIM_REMOTE CameraHeight=1.25 air=True up=False: acceptedYaw=-0.0012145141 renderedYaw=-0.0012145139 acceptedPitch=-0.057929795 renderedPitch=-0.05792789
Remote mount yaw and payload pitch settle to accepted CameraHeight=1.25 air=True up=False aim on actual presentation nodes
Local preference leaves host tuning and peer camera unchanged: CameraHeight=1.25 air=True up=False
CAMERA_AIM_SAMPLE CameraHeight=1.25 air=True up=True expected=<0.0011311697, -0.05866879, -0.9982768> actual=<0.0011311697, -0.05866879, -0.9982768> lens=(-0.012045996, 35.590637, 47.4758) target=(0.32725644, 17.276075, -251.96445) pitch=-0.061086524
Final centered rendered ray and pivot-relative intent agree: CameraHeight=1.25 air=True up=True
Camera settings retain centered HUD: CameraHeight=1.25 air=True up=True
Authoritative articulation follows camera intent within network/pose tolerance: CameraHeight=1.25 air=True up=True
Shared body clearance remains safe: CameraHeight=1.25 air=True up=True
AIM_REMOTE CameraHeight=1.25 air=True up=True: acceptedYaw=-0.001133122 renderedYaw=-0.001133122 acceptedPitch=-0.058652885 renderedPitch=-0.058615126
Remote mount yaw and payload pitch settle to accepted CameraHeight=1.25 air=True up=True aim on actual presentation nodes
Local preference leaves host tuning and peer camera unchanged: CameraHeight=1.25 air=True up=True
CAMERA_AIM_SAMPLE CameraHeight=3 air=False up=False expected=<0.001141946, -0.03321523, -0.9994476> actual=<0.001141946, -0.03321523, -0.9994476> lens=(-0.00842022, 6.057476, 44.2145) target=(0.104739234, 4.7683716E-07, -54.824287) pitch=-0.061086524
Final centered rendered ray and pivot-relative intent agree: CameraHeight=3 air=False up=False
Camera settings retain centered HUD: CameraHeight=3 air=False up=False
Authoritative articulation follows camera intent within network/pose tolerance: CameraHeight=3 air=False up=False
Shared body clearance remains safe: CameraHeight=3 air=False up=False
AIM_REMOTE CameraHeight=3 air=False up=False: acceptedYaw=-0.0011425766 renderedYaw=-0.0011425766 acceptedPitch=-0.03339822 renderedPitch=-0.033418182
Remote mount yaw and payload pitch settle to accepted CameraHeight=3 air=False up=False aim on actual presentation nodes
Local preference leaves host tuning and peer camera unchanged: CameraHeight=3 air=False up=False
CAMERA_AIM_SAMPLE CameraHeight=3 air=False up=True expected=<0.0012448615, -0.033240158, -0.99944663> actual=<0.0012448615, -0.033240158, -0.99944663> lens=(-0.009167247, 6.0589495, 44.204994) target=(0.1142206, 0, -54.85788) pitch=-0.061086524
Final centered rendered ray and pivot-relative intent agree: CameraHeight=3 air=False up=True
Camera settings retain centered HUD: CameraHeight=3 air=False up=True
Authoritative articulation follows camera intent within network/pose tolerance: CameraHeight=3 air=False up=True
Shared body clearance remains safe: CameraHeight=3 air=False up=True
AIM_REMOTE CameraHeight=3 air=False up=True: acceptedYaw=-0.0012455502 renderedYaw=-0.00124555 acceptedPitch=-0.033480532 renderedPitch=-0.033491287
Remote mount yaw and payload pitch settle to accepted CameraHeight=3 air=False up=True aim on actual presentation nodes
Local preference leaves host tuning and peer camera unchanged: CameraHeight=3 air=False up=True
CAMERA_AIM_SAMPLE CameraHeight=3 air=True up=False expected=<0.0011810403, -0.052255202, -0.99863315> actual=<0.0011810403, -0.052255202, -0.99863315> lens=(-0.0099954875, 37.33751, 45.296722) target=(0.34413958, 19.022947, -254.14352) pitch=-0.061086524
Final centered rendered ray and pivot-relative intent agree: CameraHeight=3 air=True up=False
Camera settings retain centered HUD: CameraHeight=3 air=True up=False
Authoritative articulation follows camera intent within network/pose tolerance: CameraHeight=3 air=True up=False
Shared body clearance remains safe: CameraHeight=3 air=True up=False
AIM_REMOTE CameraHeight=3 air=True up=False: acceptedYaw=-0.0011826563 renderedYaw=-0.0011826563 acceptedPitch=-0.05266762 renderedPitch=-0.052222084
Remote mount yaw and payload pitch settle to accepted CameraHeight=3 air=True up=False aim on actual presentation nodes
Local preference leaves host tuning and peer camera unchanged: CameraHeight=3 air=True up=False
CAMERA_AIM_SAMPLE CameraHeight=3 air=True up=True expected=<0.0011090662, -0.05221475, -0.99863523> actual=<0.0011090662, -0.05221475, -0.99863523> lens=(-0.0118150525, 37.463673, 47.483616) target=(0.32073787, 19.14911, -251.95663) pitch=-0.061086524
Final centered rendered ray and pivot-relative intent agree: CameraHeight=3 air=True up=True
Camera settings retain centered HUD: CameraHeight=3 air=True up=True
Authoritative articulation follows camera intent within network/pose tolerance: CameraHeight=3 air=True up=True
Shared body clearance remains safe: CameraHeight=3 air=True up=True
AIM_REMOTE CameraHeight=3 air=True up=True: acceptedYaw=-0.0011105814 renderedYaw=-0.0011105814 acceptedPitch=-0.052256323 renderedPitch=-0.05225411
Remote mount yaw and payload pitch settle to accepted CameraHeight=3 air=True up=True aim on actual presentation nodes
Local preference leaves host tuning and peer camera unchanged: CameraHeight=3 air=True up=True
CAMERA_AIM_SAMPLE InvertY=0 air=False up=False expected=<0.0011221446, -0.048404776, -0.99882716> actual=<0.0011221446, -0.048404776, -0.99882716> lens=(-0.0081740385, 4.2899456, 44.12076) target=(0.070625536, 0, -26.019184) pitch=-0.061086524
Final centered rendered ray and pivot-relative intent agree: InvertY=0 air=False up=False
Camera settings retain centered HUD: InvertY=0 air=False up=False
Authoritative articulation follows camera intent within network/pose tolerance: InvertY=0 air=False up=False
Shared body clearance remains safe: InvertY=0 air=False up=False
AIM_REMOTE InvertY=0 air=False up=False: acceptedYaw=-0.0011234618 renderedYaw=-0.0011234615 acceptedPitch=-0.04861605 renderedPitch=-0.048684657
Remote mount yaw and payload pitch settle to accepted InvertY=0 air=False up=False aim on actual presentation nodes
Local preference leaves host tuning and peer camera unchanged: InvertY=0 air=False up=False
CAMERA_AIM_SAMPLE InvertY=0 air=False up=True expected=<0.0045114486, 0.15625063, -0.98770714> actual=<0.0045114486, 0.15625063, -0.98770714> lens=(-0.033617165, 4.305947, 44.204926) target=(1.3214828, 48.815063, -252.47183) pitch=0.14891347
Final centered rendered ray and pivot-relative intent agree: InvertY=0 air=False up=True
Camera settings retain centered HUD: InvertY=0 air=False up=True
Authoritative articulation follows camera intent within network/pose tolerance: InvertY=0 air=False up=True
Shared body clearance remains safe: InvertY=0 air=False up=True
AIM_REMOTE InvertY=0 air=False up=True: acceptedYaw=-0.0045675654 renderedYaw=-0.0045675645 acceptedPitch=0.1569072 renderedPitch=0.15690966
Remote mount yaw and payload pitch settle to accepted InvertY=0 air=False up=True aim on actual presentation nodes
Local preference leaves host tuning and peer camera unchanged: InvertY=0 air=False up=True
CAMERA_AIM_SAMPLE InvertY=0 air=True up=False expected=<0.0044085872, -0.261469, -0.96520174> actual=<0.0044085872, -0.261469, -0.96520174> lens=(-0.03636273, 37.351562, 44.80614) target=(0.57747394, 7.6293945E-06, -89.585266) pitch=-0.27108654
Final centered rendered ray and pivot-relative intent agree: InvertY=0 air=True up=False
Camera settings retain centered HUD: InvertY=0 air=True up=False
Authoritative articulation follows camera intent within network/pose tolerance: InvertY=0 air=True up=False
Shared body clearance remains safe: InvertY=0 air=True up=False
AIM_REMOTE InvertY=0 air=True up=False: acceptedYaw=-0.0045674974 renderedYaw=-0.004567495 acceptedPitch=-0.11474651 renderedPitch=-0.114746556
Remote mount yaw and payload pitch settle to accepted InvertY=0 air=True up=False aim on actual presentation nodes
Local preference leaves host tuning and peer camera unchanged: InvertY=0 air=True up=False
CAMERA_AIM_SAMPLE InvertY=0 air=True up=True expected=<0.0045095957, 0.15842463, -0.9873607> actual=<0.0045095957, 0.15842463, -0.9873607> lens=(-0.048852175, 35.626675, 47.54102) target=(1.3061665, 80.13579, -249.13574) pitch=0.14891347
Final centered rendered ray and pivot-relative intent agree: InvertY=0 air=True up=True
Camera settings retain centered HUD: InvertY=0 air=True up=True
Authoritative articulation follows camera intent within network/pose tolerance: InvertY=0 air=True up=True
Shared body clearance remains safe: InvertY=0 air=True up=True
AIM_REMOTE InvertY=0 air=True up=True: acceptedYaw=-0.0045672916 renderedYaw=-0.004567288 acceptedPitch=0.15888579 renderedPitch=0.15887588
Remote mount yaw and payload pitch settle to accepted InvertY=0 air=True up=True aim on actual presentation nodes
Local preference leaves host tuning and peer camera unchanged: InvertY=0 air=True up=True
CAMERA_AIM_SAMPLE InvertY=1 air=False up=False expected=<0.004462886, -0.21298142, -0.9770461> actual=<0.004462886, -0.21298142, -0.9770461> lens=(-0.031708892, 5.8136683, 43.78693) target=(0.06383741, 0, 22.869272) pitch=-0.27108654
Final centered rendered ray and pivot-relative intent agree: InvertY=1 air=False up=False
Camera settings retain centered HUD: InvertY=1 air=False up=False
Authoritative articulation follows camera intent within network/pose tolerance: InvertY=1 air=False up=False
Shared body clearance remains safe: InvertY=1 air=False up=False
AIM_REMOTE InvertY=1 air=False up=False: acceptedYaw=-0.004567702 renderedYaw=-0.0045677014 acceptedPitch=-0.1147466 renderedPitch=-0.11474663
Remote mount yaw and payload pitch settle to accepted InvertY=1 air=False up=False aim on actual presentation nodes
Local preference leaves host tuning and peer camera unchanged: InvertY=1 air=False up=False
CAMERA_AIM_SAMPLE InvertY=1 air=False up=True expected=<0.0045115165, 0.15625064, -0.98770714> actual=<0.0045115165, 0.15625064, -0.98770714> lens=(-0.03361767, 4.3059535, 44.204926) target=(1.3215027, 48.81507, -252.47183) pitch=0.14891347
Final centered rendered ray and pivot-relative intent agree: InvertY=1 air=False up=True
Camera settings retain centered HUD: InvertY=1 air=False up=True
Authoritative articulation follows camera intent within network/pose tolerance: InvertY=1 air=False up=True
Shared body clearance remains safe: InvertY=1 air=False up=True
AIM_REMOTE InvertY=1 air=False up=True: acceptedYaw=-0.004567634 renderedYaw=-0.004567632 acceptedPitch=0.15691052 renderedPitch=0.15691148
Remote mount yaw and payload pitch settle to accepted InvertY=1 air=False up=True aim on actual presentation nodes
Local preference leaves host tuning and peer camera unchanged: InvertY=1 air=False up=True
CAMERA_AIM_SAMPLE InvertY=1 air=True up=False expected=<0.0044082706, -0.26145825, -0.9652047> actual=<0.0044082706, -0.26145825, -0.9652047> lens=(-0.036359936, 37.353115, 44.806126) target=(0.57745636, 0, -89.59088) pitch=-0.27108654
Final centered rendered ray and pivot-relative intent agree: InvertY=1 air=True up=False
Camera settings retain centered HUD: InvertY=1 air=True up=False
Authoritative articulation follows camera intent within network/pose tolerance: InvertY=1 air=True up=False
Shared body clearance remains safe: InvertY=1 air=True up=False
AIM_REMOTE InvertY=1 air=True up=False: acceptedYaw=-0.0045671556 renderedYaw=-0.004567152 acceptedPitch=-0.11474654 renderedPitch=-0.114746474
Remote mount yaw and payload pitch settle to accepted InvertY=1 air=True up=False aim on actual presentation nodes
Local preference leaves host tuning and peer camera unchanged: InvertY=1 air=True up=False
CAMERA_AIM_SAMPLE InvertY=1 air=True up=True expected=<0.0045095272, 0.15842569, -0.98736066> actual=<0.0045095272, 0.15842569, -0.98736066> lens=(-0.048851416, 35.626984, 47.541016) target=(1.3061469, 80.1361, -249.13574) pitch=0.14891347
Final centered rendered ray and pivot-relative intent agree: InvertY=1 air=True up=True
Camera settings retain centered HUD: InvertY=1 air=True up=True
Authoritative articulation follows camera intent within network/pose tolerance: InvertY=1 air=True up=True
Shared body clearance remains safe: InvertY=1 air=True up=True
AIM_REMOTE InvertY=1 air=True up=True: acceptedYaw=-0.004567222 renderedYaw=-0.0045672217 acceptedPitch=0.15893067 renderedPitch=0.15889257
Remote mount yaw and payload pitch settle to accepted InvertY=1 air=True up=True aim on actual presentation nodes
Local preference leaves host tuning and peer camera unchanged: InvertY=1 air=True up=True
CAMERA_AIM_SAMPLE MouseAimSensitivity=0.25 air=False up=False expected=<0.0044626878, -0.21298115, -0.97704613> actual=<0.0044626878, -0.21298115, -0.97704613> lens=(-0.03170747, 5.813675, 43.786934) target=(0.06383465, 0, 22.869253) pitch=-0.27108654
Final centered rendered ray and pivot-relative intent agree: MouseAimSensitivity=0.25 air=False up=False
Camera settings retain centered HUD: MouseAimSensitivity=0.25 air=False up=False
Authoritative articulation follows camera intent within network/pose tolerance: MouseAimSensitivity=0.25 air=False up=False
Shared body clearance remains safe: MouseAimSensitivity=0.25 air=False up=False
AIM_REMOTE MouseAimSensitivity=0.25 air=False up=False: acceptedYaw=-0.004567498 renderedYaw=-0.004567495 acceptedPitch=-0.11474657 renderedPitch=-0.11474655
Remote mount yaw and payload pitch settle to accepted MouseAimSensitivity=0.25 air=False up=False aim on actual presentation nodes
Local preference leaves host tuning and peer camera unchanged: MouseAimSensitivity=0.25 air=False up=False
CAMERA_AIM_SAMPLE MouseAimSensitivity=0.25 air=False up=True expected=<0.0045110425, 0.15625067, -0.98770714> actual=<0.0045110425, 0.15625067, -0.98770714> lens=(-0.033614144, 4.3059607, 44.204926) target=(1.3213639, 48.81508, -252.47183) pitch=0.14891347
Final centered rendered ray and pivot-relative intent agree: MouseAimSensitivity=0.25 air=False up=True
Camera settings retain centered HUD: MouseAimSensitivity=0.25 air=False up=True
Authoritative articulation follows camera intent within network/pose tolerance: MouseAimSensitivity=0.25 air=False up=True
Shared body clearance remains safe: MouseAimSensitivity=0.25 air=False up=True
AIM_REMOTE MouseAimSensitivity=0.25 air=False up=True: acceptedYaw=-0.0045671547 renderedYaw=-0.004567151 acceptedPitch=0.15691057 renderedPitch=0.15691158
Remote mount yaw and payload pitch settle to accepted MouseAimSensitivity=0.25 air=False up=True aim on actual presentation nodes
Local preference leaves host tuning and peer camera unchanged: MouseAimSensitivity=0.25 air=False up=True
CAMERA_AIM_SAMPLE MouseAimSensitivity=0.25 air=True up=False expected=<0.004408399, -0.261461, -0.965204> actual=<0.004408399, -0.261461, -0.965204> lens=(-0.036361013, 37.35272, 44.80612) target=(0.577467, 3.8146973E-06, -89.58945) pitch=-0.27108654
Final centered rendered ray and pivot-relative intent agree: MouseAimSensitivity=0.25 air=True up=False
Camera settings retain centered HUD: MouseAimSensitivity=0.25 air=True up=False
Authoritative articulation follows camera intent within network/pose tolerance: MouseAimSensitivity=0.25 air=True up=False
Shared body clearance remains safe: MouseAimSensitivity=0.25 air=True up=False
AIM_REMOTE MouseAimSensitivity=0.25 air=True up=False: acceptedYaw=-0.004567292 renderedYaw=-0.0045672916 acceptedPitch=-0.114746645 renderedPitch=-0.11474664
Remote mount yaw and payload pitch settle to accepted MouseAimSensitivity=0.25 air=True up=False aim on actual presentation nodes
Local preference leaves host tuning and peer camera unchanged: MouseAimSensitivity=0.25 air=True up=False
CAMERA_AIM_SAMPLE MouseAimSensitivity=0.25 air=True up=True expected=<0.0045094592, 0.15842669, -0.9873604> actual=<0.0045094592, 0.15842669, -0.9873604> lens=(-0.04885065, 35.627285, 47.541008) target=(1.3061274, 80.1364, -249.13574) pitch=0.14891347
Final centered rendered ray and pivot-relative intent agree: MouseAimSensitivity=0.25 air=True up=True
Camera settings retain centered HUD: MouseAimSensitivity=0.25 air=True up=True
Authoritative articulation follows camera intent within network/pose tolerance: MouseAimSensitivity=0.25 air=True up=True
Shared body clearance remains safe: MouseAimSensitivity=0.25 air=True up=True
AIM_REMOTE MouseAimSensitivity=0.25 air=True up=True: acceptedYaw=-0.004567155 renderedYaw=-0.004567153 acceptedPitch=0.1588873 renderedPitch=0.15887168
Remote mount yaw and payload pitch settle to accepted MouseAimSensitivity=0.25 air=True up=True aim on actual presentation nodes
Local preference leaves host tuning and peer camera unchanged: MouseAimSensitivity=0.25 air=True up=True
CAMERA_AIM_SAMPLE MouseAimSensitivity=1 air=False up=False expected=<0.0044621523, -0.21298076, -0.97704625> actual=<0.0044621523, -0.21298076, -0.97704625> lens=(-0.031703666, 5.8136826, 43.786934) target=(0.06382711, -4.7683716E-07, 22.869225) pitch=-0.27108654
Final centered rendered ray and pivot-relative intent agree: MouseAimSensitivity=1 air=False up=False
Camera settings retain centered HUD: MouseAimSensitivity=1 air=False up=False
Authoritative articulation follows camera intent within network/pose tolerance: MouseAimSensitivity=1 air=False up=False
Shared body clearance remains safe: MouseAimSensitivity=1 air=False up=False
AIM_REMOTE MouseAimSensitivity=1 air=False up=False: acceptedYaw=-0.00456695 renderedYaw=-0.004566946 acceptedPitch=-0.11474669 renderedPitch=-0.11474664
Remote mount yaw and payload pitch settle to accepted MouseAimSensitivity=1 air=False up=False aim on actual presentation nodes
Local preference leaves host tuning and peer camera unchanged: MouseAimSensitivity=1 air=False up=False
CAMERA_AIM_SAMPLE MouseAimSensitivity=1 air=False up=True expected=<0.0045114486, 0.15625069, -0.98770714> actual=<0.0045114486, 0.15625069, -0.98770714> lens=(-0.033617165, 4.3059664, 44.204926) target=(1.3214828, 48.815083, -252.47183) pitch=0.14891347
Final centered rendered ray and pivot-relative intent agree: MouseAimSensitivity=1 air=False up=True
Camera settings retain centered HUD: MouseAimSensitivity=1 air=False up=True
Authoritative articulation follows camera intent within network/pose tolerance: MouseAimSensitivity=1 air=False up=True
Shared body clearance remains safe: MouseAimSensitivity=1 air=False up=True
AIM_REMOTE MouseAimSensitivity=1 air=False up=True: acceptedYaw=-0.0045675654 renderedYaw=-0.004567565 acceptedPitch=0.1569073 renderedPitch=0.15690827
Remote mount yaw and payload pitch settle to accepted MouseAimSensitivity=1 air=False up=True aim on actual presentation nodes
Local preference leaves host tuning and peer camera unchanged: MouseAimSensitivity=1 air=False up=True
CAMERA_AIM_SAMPLE MouseAimSensitivity=1 air=True up=False expected=<0.0044081304, -0.26146346, -0.96520334> actual=<0.0044081304, -0.26146346, -0.96520334> lens=(-0.03635905, 37.35237, 44.80617) target=(0.57742643, 3.8146973E-06, -89.588165) pitch=-0.27108654
Final centered rendered ray and pivot-relative intent agree: MouseAimSensitivity=1 air=True up=False
Camera settings retain centered HUD: MouseAimSensitivity=1 air=True up=False
Authoritative articulation follows camera intent within network/pose tolerance: MouseAimSensitivity=1 air=True up=False
Shared body clearance remains safe: MouseAimSensitivity=1 air=True up=False
AIM_REMOTE MouseAimSensitivity=1 air=True up=False: acceptedYaw=-0.004567018 renderedYaw=-0.004567016 acceptedPitch=-0.11474651 renderedPitch=-0.11474651
Remote mount yaw and payload pitch settle to accepted MouseAimSensitivity=1 air=True up=False aim on actual presentation nodes
Local preference leaves host tuning and peer camera unchanged: MouseAimSensitivity=1 air=True up=False
CAMERA_AIM_SAMPLE MouseAimSensitivity=1 air=True up=True expected=<0.004509661, 0.1584278, -0.9873603> actual=<0.004509661, 0.1584278, -0.9873603> lens=(-0.048852872, 35.62761, 47.54101) target=(1.306186, 80.13673, -249.13574) pitch=0.14891347
Final centered rendered ray and pivot-relative intent agree: MouseAimSensitivity=1 air=True up=True
Camera settings retain centered HUD: MouseAimSensitivity=1 air=True up=True
Authoritative articulation follows camera intent within network/pose tolerance: MouseAimSensitivity=1 air=True up=True
Shared body clearance remains safe: MouseAimSensitivity=1 air=True up=True
AIM_REMOTE MouseAimSensitivity=1 air=True up=True: acceptedYaw=-0.004567359 renderedYaw=-0.0045673554 acceptedPitch=0.15888803 renderedPitch=0.15886492
Remote mount yaw and payload pitch settle to accepted MouseAimSensitivity=1 air=True up=True aim on actual presentation nodes
Local preference leaves host tuning and peer camera unchanged: MouseAimSensitivity=1 air=True up=True
CAMERA_AIM_SAMPLE MouseAimSensitivity=3 air=False up=False expected=<0.004462822, -0.21298039, -0.9770463> actual=<0.004462822, -0.21298039, -0.9770463> lens=(-0.031708423, 5.8136888, 43.786934) target=(0.0638368, 0, 22.869202) pitch=-0.2710865
Final centered rendered ray and pivot-relative intent agree: MouseAimSensitivity=3 air=False up=False
Camera settings retain centered HUD: MouseAimSensitivity=3 air=False up=False
Authoritative articulation follows camera intent within network/pose tolerance: MouseAimSensitivity=3 air=False up=False
Shared body clearance remains safe: MouseAimSensitivity=3 air=False up=False
AIM_REMOTE MouseAimSensitivity=3 air=False up=False: acceptedYaw=-0.004567635 renderedYaw=-0.0045676343 acceptedPitch=-0.114746556 renderedPitch=-0.11474657
Remote mount yaw and payload pitch settle to accepted MouseAimSensitivity=3 air=False up=False aim on actual presentation nodes
Local preference leaves host tuning and peer camera unchanged: MouseAimSensitivity=3 air=False up=False
CAMERA_AIM_SAMPLE MouseAimSensitivity=3 air=False up=True expected=<0.004511178, 0.1562507, -0.98770714> actual=<0.004511178, 0.1562507, -0.98770714> lens=(-0.03361515, 4.305974, 44.204926) target=(1.3214036, 48.815086, -252.47183) pitch=0.14891346
Final centered rendered ray and pivot-relative intent agree: MouseAimSensitivity=3 air=False up=True
Camera settings retain centered HUD: MouseAimSensitivity=3 air=False up=True
Authoritative articulation follows camera intent within network/pose tolerance: MouseAimSensitivity=3 air=False up=True
Shared body clearance remains safe: MouseAimSensitivity=3 air=False up=True
AIM_REMOTE MouseAimSensitivity=3 air=False up=True: acceptedYaw=-0.0045672916 renderedYaw=-0.004567291 acceptedPitch=0.15690738 renderedPitch=0.15690944
Remote mount yaw and payload pitch settle to accepted MouseAimSensitivity=3 air=False up=True aim on actual presentation nodes
Local preference leaves host tuning and peer camera unchanged: MouseAimSensitivity=3 air=False up=True
CAMERA_AIM_SAMPLE MouseAimSensitivity=3 air=True up=False expected=<0.004408146, -0.26145226, -0.9652064> actual=<0.004408146, -0.26145226, -0.9652064> lens=(-0.036358856, 37.35398, 44.80613) target=(0.5774533, -3.8146973E-06, -89.59402) pitch=-0.2710865
Final centered rendered ray and pivot-relative intent agree: MouseAimSensitivity=3 air=True up=False
Camera settings retain centered HUD: MouseAimSensitivity=3 air=True up=False
Authoritative articulation follows camera intent within network/pose tolerance: MouseAimSensitivity=3 air=True up=False
Shared body clearance remains safe: MouseAimSensitivity=3 air=True up=False
AIM_REMOTE MouseAimSensitivity=3 air=True up=False: acceptedYaw=-0.0045670173 renderedYaw=-0.004567016 acceptedPitch=-0.11474657 renderedPitch=-0.11474655
Remote mount yaw and payload pitch settle to accepted MouseAimSensitivity=3 air=True up=False aim on actual presentation nodes
Local preference leaves host tuning and peer camera unchanged: MouseAimSensitivity=3 air=True up=False
CAMERA_AIM_SAMPLE MouseAimSensitivity=3 air=True up=True expected=<0.004509931, 0.15842874, -0.9873601> actual=<0.004509931, 0.15842874, -0.9873601> lens=(-0.048855796, 35.6279, 47.54101) target=(1.3062644, 80.13701, -249.13574) pitch=0.14891346
Final centered rendered ray and pivot-relative intent agree: MouseAimSensitivity=3 air=True up=True
Camera settings retain centered HUD: MouseAimSensitivity=3 air=True up=True
Authoritative articulation follows camera intent within network/pose tolerance: MouseAimSensitivity=3 air=True up=True
Shared body clearance remains safe: MouseAimSensitivity=3 air=True up=True
AIM_REMOTE MouseAimSensitivity=3 air=True up=True: acceptedYaw=-0.0045676334 renderedYaw=-0.004567632 acceptedPitch=0.15893309 renderedPitch=0.15891643
Remote mount yaw and payload pitch settle to accepted MouseAimSensitivity=3 air=True up=True aim on actual presentation nodes
Local preference leaves host tuning and peer camera unchanged: MouseAimSensitivity=3 air=True up=True
CAMERA_AIM_SAMPLE StickAimCurve=1 air=False up=False expected=<0.02528659, -0.21298, -0.97672933> actual=<0.02528659, -0.21298, -0.97672933> lens=(-0.17966162, 5.813696, 43.78468) target=(0.3617034, 0, 22.87371) pitch=-0.2710865
Final centered rendered ray and pivot-relative intent agree: StickAimCurve=1 air=False up=False
Camera settings retain centered HUD: StickAimCurve=1 air=False up=False
Authoritative articulation follows camera intent within network/pose tolerance: StickAimCurve=1 air=False up=False
Shared body clearance remains safe: StickAimCurve=1 air=False up=False
AIM_REMOTE StickAimCurve=1 air=False up=False: acceptedYaw=-0.025883265 renderedYaw=-0.025883252 acceptedPitch=-0.114709735 renderedPitch=-0.11470971
Remote mount yaw and payload pitch settle to accepted StickAimCurve=1 air=False up=False aim on actual presentation nodes
Local preference leaves host tuning and peer camera unchanged: StickAimCurve=1 air=False up=False
CAMERA_AIM_SAMPLE StickAimCurve=1 air=False up=True expected=<0.025559425, 0.15625075, -0.98738664> actual=<0.025559425, 0.15625075, -0.98738664> lens=(-0.19045667, 4.305979, 44.202538) target=(7.4868064, 48.8151, -252.37796) pitch=0.14891349
Final centered rendered ray and pivot-relative intent agree: StickAimCurve=1 air=False up=True
Camera settings retain centered HUD: StickAimCurve=1 air=False up=True
Authoritative articulation follows camera intent within network/pose tolerance: StickAimCurve=1 air=False up=True
Shared body clearance remains safe: StickAimCurve=1 air=False up=True
AIM_REMOTE StickAimCurve=1 air=False up=True: acceptedYaw=-0.025880154 renderedYaw=-0.025880147 acceptedPitch=0.15691033 renderedPitch=0.15691037
Remote mount yaw and payload pitch settle to accepted StickAimCurve=1 air=False up=True aim on actual presentation nodes
Local preference leaves host tuning and peer camera unchanged: StickAimCurve=1 air=False up=True
CAMERA_AIM_SAMPLE StickAimCurve=1 air=True up=False expected=<0.024980886, -0.26145488, -0.9648923> actual=<0.024980886, -0.26145488, -0.9648923> lens=(-0.20604537, 37.353603, 44.80355) target=(3.2723846, 0, -89.5516) pitch=-0.27108654
Final centered rendered ray and pivot-relative intent agree: StickAimCurve=1 air=True up=False
Camera settings retain centered HUD: StickAimCurve=1 air=True up=False
Authoritative articulation follows camera intent within network/pose tolerance: StickAimCurve=1 air=True up=False
Shared body clearance remains safe: StickAimCurve=1 air=True up=False
AIM_REMOTE StickAimCurve=1 air=True up=False: acceptedYaw=-0.025884032 renderedYaw=-0.025884029 acceptedPitch=-0.114709675 renderedPitch=-0.11470965
Remote mount yaw and payload pitch settle to accepted StickAimCurve=1 air=True up=False aim on actual presentation nodes
Local preference leaves host tuning and peer camera unchanged: StickAimCurve=1 air=True up=False
CAMERA_AIM_SAMPLE StickAimCurve=1 air=True up=True expected=<0.025549678, 0.15842977, -0.9870397> actual=<0.025549678, 0.15842977, -0.9870397> lens=(-0.27677807, 35.628185, 47.53754) target=(7.4002557, 80.137314, -249.043) pitch=0.1489135
Final centered rendered ray and pivot-relative intent agree: StickAimCurve=1 air=True up=True
Camera settings retain centered HUD: StickAimCurve=1 air=True up=True
Authoritative articulation follows camera intent within network/pose tolerance: StickAimCurve=1 air=True up=True
Shared body clearance remains safe: StickAimCurve=1 air=True up=True
AIM_REMOTE StickAimCurve=1 air=True up=True: acceptedYaw=-0.025879377 renderedYaw=-0.025879374 acceptedPitch=0.15893404 renderedPitch=0.15890127
Remote mount yaw and payload pitch settle to accepted StickAimCurve=1 air=True up=True aim on actual presentation nodes
Local preference leaves host tuning and peer camera unchanged: StickAimCurve=1 air=True up=True
CAMERA_AIM_SAMPLE StickAimCurve=2 air=False up=False expected=<0.0044624005, -0.21299961, -0.9770421> actual=<0.0044624005, -0.21299961, -0.9770421> lens=(-0.03173248, 5.8149586, 43.792824) target=(0.063825, 4.7683716E-07, 22.870525) pitch=-0.27108654
Final centered rendered ray and pivot-relative intent agree: StickAimCurve=2 air=False up=False
Camera settings retain centered HUD: StickAimCurve=2 air=False up=False
Authoritative articulation follows camera intent within network/pose tolerance: StickAimCurve=2 air=False up=False
Shared body clearance remains safe: StickAimCurve=2 air=False up=False
AIM_REMOTE StickAimCurve=2 air=False up=False: acceptedYaw=-0.004567224 renderedYaw=-0.004567224 acceptedPitch=-0.1147466 renderedPitch=-0.114746615
Remote mount yaw and payload pitch settle to accepted StickAimCurve=2 air=False up=False aim on actual presentation nodes
Local preference leaves host tuning and peer camera unchanged: StickAimCurve=2 air=False up=False
CAMERA_AIM_SAMPLE StickAimCurve=2 air=False up=True expected=<0.004511584, 0.15625076, -0.98770714> actual=<0.004511584, 0.15625076, -0.98770714> lens=(-0.03361818, 4.3059883, 44.204926) target=(1.3215225, 48.815105, -252.47183) pitch=0.14891347
Final centered rendered ray and pivot-relative intent agree: StickAimCurve=2 air=False up=True
Camera settings retain centered HUD: StickAimCurve=2 air=False up=True
Authoritative articulation follows camera intent within network/pose tolerance: StickAimCurve=2 air=False up=True
Shared body clearance remains safe: StickAimCurve=2 air=False up=True
AIM_REMOTE StickAimCurve=2 air=False up=True: acceptedYaw=-0.0045677023 renderedYaw=-0.0045677014 acceptedPitch=0.15690434 renderedPitch=0.15690644
Remote mount yaw and payload pitch settle to accepted StickAimCurve=2 air=False up=True aim on actual presentation nodes
Local preference leaves host tuning and peer camera unchanged: StickAimCurve=2 air=False up=True
CAMERA_AIM_SAMPLE StickAimCurve=2 air=True up=False expected=<0.004408277, -0.26145285, -0.96520627> actual=<0.004408277, -0.26145285, -0.96520627> lens=(-0.036359925, 37.35389, 44.80612) target=(0.57746905, 3.8146973E-06, -89.59367) pitch=-0.27108654
Final centered rendered ray and pivot-relative intent agree: StickAimCurve=2 air=True up=False
Camera settings retain centered HUD: StickAimCurve=2 air=True up=False
Authoritative articulation follows camera intent within network/pose tolerance: StickAimCurve=2 air=True up=False
Shared body clearance remains safe: StickAimCurve=2 air=True up=False
AIM_REMOTE StickAimCurve=2 air=True up=False: acceptedYaw=-0.0045671556 renderedYaw=-0.0045671538 acceptedPitch=-0.11474654 renderedPitch=-0.114746526
Remote mount yaw and payload pitch settle to accepted StickAimCurve=2 air=True up=False aim on actual presentation nodes
Local preference leaves host tuning and peer camera unchanged: StickAimCurve=2 air=True up=False
CAMERA_AIM_SAMPLE StickAimCurve=2 air=True up=True expected=<0.004509659, 0.1584307, -0.9873598> actual=<0.004509659, 0.1584307, -0.9873598> lens=(-0.048852876, 35.628475, 47.54101) target=(1.3061861, 80.13759, -249.13574) pitch=0.14891347
Final centered rendered ray and pivot-relative intent agree: StickAimCurve=2 air=True up=True
Camera settings retain centered HUD: StickAimCurve=2 air=True up=True
Authoritative articulation follows camera intent within network/pose tolerance: StickAimCurve=2 air=True up=True
Shared body clearance remains safe: StickAimCurve=2 air=True up=True
AIM_REMOTE StickAimCurve=2 air=True up=True: acceptedYaw=-0.0045673596 renderedYaw=-0.004567356 acceptedPitch=0.1588903 renderedPitch=0.15886624
Remote mount yaw and payload pitch settle to accepted StickAimCurve=2 air=True up=True aim on actual presentation nodes
Local preference leaves host tuning and peer camera unchanged: StickAimCurve=2 air=True up=True
CAMERA_AIM_SAMPLE StickAimCurve=3 air=False up=False expected=<0.0007875361, -0.21297926, -0.9770564> actual=<0.0007875361, -0.21297926, -0.9770564> lens=(-0.0055954554, 5.81371, 43.787003) target=(0.01126508, 0, 22.868982) pitch=-0.27108654
Final centered rendered ray and pivot-relative intent agree: StickAimCurve=3 air=False up=False
Camera settings retain centered HUD: StickAimCurve=3 air=False up=False
Authoritative articulation follows camera intent within network/pose tolerance: StickAimCurve=3 air=False up=False
Shared body clearance remains safe: StickAimCurve=3 air=False up=False
AIM_REMOTE StickAimCurve=3 air=False up=False: acceptedYaw=-0.00080602913 renderedYaw=-0.000806029 acceptedPitch=-0.11474775 renderedPitch=-0.11474776
Remote mount yaw and payload pitch settle to accepted StickAimCurve=3 air=False up=False aim on actual presentation nodes
Local preference leaves host tuning and peer camera unchanged: StickAimCurve=3 air=False up=False
CAMERA_AIM_SAMPLE StickAimCurve=3 air=False up=True expected=<0.0007961288, 0.1562508, -0.98771715> actual=<0.0007961288, 0.1562508, -0.98771715> lens=(-0.005932373, 4.305995, 44.204998) target=(0.23320016, 48.815117, -252.47478) pitch=0.14891349
Final centered rendered ray and pivot-relative intent agree: StickAimCurve=3 air=False up=True
Camera settings retain centered HUD: StickAimCurve=3 air=False up=True
Authoritative articulation follows camera intent within network/pose tolerance: StickAimCurve=3 air=False up=True
Shared body clearance remains safe: StickAimCurve=3 air=False up=True
AIM_REMOTE StickAimCurve=3 air=False up=True: acceptedYaw=-0.00080602895 renderedYaw=-0.0008060287 acceptedPitch=0.15690145 renderedPitch=0.1569053
Remote mount yaw and payload pitch settle to accepted StickAimCurve=3 air=False up=True aim on actual presentation nodes
Local preference leaves host tuning and peer camera unchanged: StickAimCurve=3 air=False up=True
CAMERA_AIM_SAMPLE StickAimCurve=3 air=True up=False expected=<0.0007779585, -0.26144645, -0.96521765> actual=<0.0007779585, -0.26144645, -0.96521765> lens=(-0.006416687, 37.35482, 44.80622) target=(0.10191236, 7.6293945E-06, -89.59826) pitch=-0.27108654
Final centered rendered ray and pivot-relative intent agree: StickAimCurve=3 air=True up=False
Camera settings retain centered HUD: StickAimCurve=3 air=True up=False
Authoritative articulation follows camera intent within network/pose tolerance: StickAimCurve=3 air=True up=False
Shared body clearance remains safe: StickAimCurve=3 air=True up=False
AIM_REMOTE StickAimCurve=3 air=True up=False: acceptedYaw=-0.0008059926 renderedYaw=-0.00080599234 acceptedPitch=-0.11474769 renderedPitch=-0.114747666
Remote mount yaw and payload pitch settle to accepted StickAimCurve=3 air=True up=False aim on actual presentation nodes
Local preference leaves host tuning and peer camera unchanged: StickAimCurve=3 air=True up=False
CAMERA_AIM_SAMPLE StickAimCurve=3 air=True up=True expected=<0.00079595594, 0.15843166, -0.9873696> actual=<0.00079595594, 0.15843166, -0.9873696> lens=(-0.008622547, 35.628757, 47.541122) target=(0.23054223, 80.13788, -249.13866) pitch=0.14891349
Final centered rendered ray and pivot-relative intent agree: StickAimCurve=3 air=True up=True
Camera settings retain centered HUD: StickAimCurve=3 air=True up=True
Authoritative articulation follows camera intent within network/pose tolerance: StickAimCurve=3 air=True up=True
Shared body clearance remains safe: StickAimCurve=3 air=True up=True
AIM_REMOTE StickAimCurve=3 air=True up=True: acceptedYaw=-0.00080613757 renderedYaw=-0.0008061374 acceptedPitch=0.15893544 renderedPitch=0.1589189
Remote mount yaw and payload pitch settle to accepted StickAimCurve=3 air=True up=True aim on actual presentation nodes
Local preference leaves host tuning and peer camera unchanged: StickAimCurve=3 air=True up=True
Camera preference aiming matrix passed: 152 low/default/high ground/air upward/downward cases through three real UDP peers.
Vehicle drives while aiming (peak 21.36 m/s, travel 23.27 m)
Airborne shooter opens wider camera framing
Airborne shooter can aim above the horizon
Airborne camera input retains the centered shared aiming cursor
Aerial pullback cannot drift held camera aim
Airborne desired aim reaches authority and the observer
Aiming survives landing and smooth chase recovery
Landing retains camera-relative aiming presentation
Menu suppression clears marker immediately
ERROR: System.InvalidOperationException: Item switch selects shared Missile foundation
   at Trackstorm.Client.Verification.WeaponAimChecks.Require(Boolean condition, String message) in C:\Users\j_gen\OneDrive\Documents\Game_Projects\Trackstorm\code\Client\Verification\WeaponAimChecks.cs:line 512
   at Trackstorm.Client.Verification.WeaponAimChecks.Run() in C:\Users\j_gen\OneDrive\Documents\Game_Projects\Trackstorm\code\Client\Verification\WeaponAimChecks.cs:line 259
   at: void Trackstorm.Client.Verification.WeaponAimChecks+<Run>d__18.MoveNext() (res://code/Client/Verification/WeaponAimChecks.cs:259)
   C# backtrace (most recent call first):
       [0] void Godot.GD.PushError(string) (/root/godot/modules/mono/glue/GodotSharp/GodotSharp/Core/GD.cs:366)
       [1] void Trackstorm.Client.Verification.WeaponAimChecks+<Run>d__18.MoveNext() (C:\Users\j_gen\OneDrive\Documents\Game_Projects\Trackstorm\code\Client\Verification\WeaponAimChecks.cs:259)
       [2] void System.Threading.ExecutionContext.RunInternal(System.Threading.ExecutionContext, System.Threading.ContextCallback, object)
       [3] void System.Threading.Tasks.AwaitTaskContinuation.RunCallback(System.Threading.ContextCallback, object, System.Threading.Tasks.Task&)
       [4] void System.Threading.Tasks.Task.RunContinuations(object)
       [5] void System.Runtime.CompilerServices.AsyncTaskMethodBuilder.SetResult()
       [6] void Trackstorm.Client.Verification.WeaponAimChecks+<Frames>d__30.MoveNext() (C:\Users\j_gen\OneDrive\Documents\Game_Projects\Trackstorm\code\Client\Verification\WeaponAimChecks.cs:465)
       [7] void System.Threading.ExecutionContext.RunInternal(System.Threading.ExecutionContext, System.Threading.ContextCallback, object)
       [8] void System.Runtime.CompilerServices.AsyncTaskMethodBuilder`1+AsyncStateMachineBox`1.MoveNext()
       [9] void Godot.SignalAwaiter.SignalCallback(nint, Godot.NativeInterop.godot_variant**, int, Godot.NativeInterop.godot_bool*) (/root/godot/modules/mono/glue/GodotSharp/GodotSharp/Core/SignalAwaiter.cs:65)
